Column1,Column2
"[[1], [2, 3, 4]]",0.9674539686214552
"[[1], [2, 3, 4]]",0.9674901018560733
"[[1], [2, 3, 4]]",0.9675141464357104
"[[1], [2, 3, 4]]",0.9675069330796784
"[[1], [2, 3, 4]]",0.9675025032681036
"[[1], [2, 3, 4]]",0.9674889338574405
"[[1], [2, 3, 4]]",0.9674653814412164
"[[1], [2, 3, 4]]",0.9674595663083774
"[[1], [2, 3, 4]]",0.9674687260890983
"[[1], [2, 3, 4]]",0.9674697539470594
"[[1], [2, 3, 4]]",0.9678384272776464
"[[1], [2, 3, 4]]",0.9675237282496386
"[[1], [2, 3, 4]]",0.9668713961803963
"[[1], [2, 3, 4]]",0.966828861531503
"[[1], [2, 3, 4]]",0.9668082022535973
"[[1], [2, 3, 4]]",0.9656548979827557
"[[1], [2, 3, 4]]",0.9656564818039625
"[[1], [2, 3, 4]]",0.9653832477673122
"[[1], [2, 3, 4]]",0.9657481778731121
"[[1], [2, 3, 4]]",0.9657698112163058
"[[1], [2, 3, 4]]",0.9658700721825102
"[[1], [2, 3, 4]]",0.9660260334128414
"[[1], [2, 3, 4]]",0.9661570901939696
"[[1], [2, 3, 4]]",0.9662442193480556
"[[1], [2, 3, 4]]",0.9662642137019788
"[[1], [2, 3, 4]]",0.9663143079892802
"[[1], [2, 3, 4]]",0.9664791591916194
"[[1], [2, 3, 4]]",0.9667705911246602
"[[1], [2, 3, 4]]",0.9673043582695176
"[[1], [2, 3, 4]]",0.9677898406545816
"[[1], [2, 3, 4]]",0.9680816341323645
"[[1], [2, 3, 4]]",0.9682921023617573
"[[1], [2, 3, 4]]",0.9684032795718052
"[[1], [2, 3, 4]]",0.9683984275265718
"[[1], [2, 3, 4]]",0.9686041294605134
"[[1], [2, 3, 4]]",0.9686040666750022
"[[1], [2, 3, 4]]",0.9688591254166268
"[[1], [2, 3, 4]]",0.9691284379984426
"[[1], [2, 3, 4]]",0.9695807318760729
"[[1], [2, 3, 4]]",0.9702586980415554
"[[1], [2, 3, 4]]",0.9702473188523181
"[[1], [2, 3, 4]]",0.9702885037329243
"[[1], [2, 3, 4]]",0.970099708748189
"[[1], [2, 3, 4]]",0.9699130737803205
"[[1], [2, 3, 4]]",0.9697665055264806
"[[1], [2, 3, 4]]",0.9696651199401005
"[[1], [2, 3, 4]]",0.9696303043550001
"[[1], [2, 3, 4]]",0.9696341428822679
"[[1], [2, 3, 4]]",0.9696466963975707
"[[1], [2, 3, 4]]",0.9696426001500213
"[[1], [2, 3, 4]]",0.969757770066549
"[[1], [2, 3, 4]]",0.9699705638233127
"[[1], [2, 3, 4]]",0.9702457849042803
"[[1], [2, 3, 4]]",0.9704698733091761
"[[1], [2, 3, 4]]",0.9706677603443206
"[[1], [2, 3, 4]]",0.9707311767586071
"[[1], [2, 3, 4]]",0.9637272172477429
"[[1], [2, 3, 4]]",0.9588838745352438
"[[1], [2, 3, 4]]",0.95907738936963
"[[1], [2, 3, 4]]",0.9605241095155952
"[[1], [2, 3, 4]]",0.9655993953557911
"[[1], [2, 3, 4]]",0.9705399174315724
"[[1], [2, 3, 4]]",0.9754745741683919
"[[4], [1, 2, 3]]",0.9804068766655354
"[[4], [1, 2, 3]]",0.9814734027622071
"[[4], [1, 2, 3]]",0.9813676188594675
"[[1], [2, 3, 4]]",0.9739021926464919
"[[1], [2, 3, 4]]",0.9692972510886331
"[[1], [2, 3, 4]]",0.9656145720684893
"[[1], [2, 3, 4]]",0.9635366345767871
"[[1], [2, 3, 4]]",0.9635100240362166
"[[1], [2, 3, 4]]",0.9631464013855613
"[[1], [2, 3, 4]]",0.9632548599985942
"[[1], [2, 3, 4]]",0.9633606043486649
"[[1], [2, 3, 4]]",0.9636127070169946
"[[1], [2, 3, 4]]",0.9638868964719727
"[[1], [2, 3, 4]]",0.9640146973996437
"[[1], [2, 3, 4]]",0.9640784443720926
"[[1], [2, 3, 4]]",0.9641837829077972
"[[1], [2, 3, 4]]",0.9645704491862233
"[[1], [2, 3, 4]]",0.9608538296609894
"[[1], [2, 3, 4]]",0.954096891639693
"[[1], [2, 3, 4]]",0.9470464992075909
"[[1], [2, 3, 4]]",0.9493082339959564
"[[1], [2, 3, 4]]",0.951147004816908
"[[1], [2, 3, 4]]",0.9527571486550981
"[[1], [2, 3, 4]]",0.9546100845355835
"[[1], [2, 3, 4]]",0.9561537010201562
"[[1], [2, 3, 4]]",0.9579223686059793
"[[1], [2, 3, 4]]",0.9587096105521062
"[[1], [2, 3, 4]]",0.955603074767464
"[[1], [2, 3, 4]]",0.9531616107750311
"[[1], [2, 3, 4]]",0.9519943222493149
"[[1], [2, 3, 4]]",0.9521762675578822
"[[1], [2, 3, 4]]",0.95321074769861
"[[1], [2, 3, 4]]",0.9533819296662198
"[[1], [2, 3, 4]]",0.9540062829609912
"[[1], [2, 3, 4]]",0.9545713675956549
"[[1], [2, 3, 4]]",0.9549949501041991
"[[1], [2, 3, 4]]",0.9554854873362316
"[[1], [2, 3, 4]]",0.9559710317560115
"[[1], [2, 3, 4]]",0.956619942109745
"[[1], [2, 3, 4]]",0.9571275344555371
"[[1], [2, 3, 4]]",0.9572596914212101
"[[1], [2, 3, 4]]",0.9571672839096226
"[[1], [2, 3, 4]]",0.9569076129260258
"[[1], [2, 3, 4]]",0.9573788911500682
"[[1], [2, 3, 4]]",0.9566207474217872
"[[1], [2, 3, 4]]",0.9559355038833633
"[[1], [2, 3, 4]]",0.9549328986857792
"[[1], [2, 3, 4]]",0.9537955451054076
"[[1], [2, 3, 4]]",0.9528222652282041
"[[1], [2, 3, 4]]",0.9520344599552613
"[[1], [2, 3, 4]]",0.9517183047623133
"[[1], [2, 3, 4]]",0.950553272295958
"[[1], [2, 3, 4]]",0.9494374728750663
"[[1], [2, 3, 4]]",0.9495165625566742
"[[1], [2, 3, 4]]",0.9494791863681804
"[[1], [2, 3, 4]]",0.9495844645463645
"[[1], [2, 3, 4]]",0.9494520221069229
"[[1], [2, 3, 4]]",0.950023850650457
"[[1], [2, 3, 4]]",0.9498706463224407
"[[1], [2, 3, 4]]",0.9498426428115252
"[[1], [2, 3, 4]]",0.9499102309305856
"[[1], [2, 3, 4]]",0.9502458075765574
"[[1], [2, 3, 4]]",0.9504239444051197
"[[1], [2, 3, 4]]",0.9506648141286779
"[[1], [2, 3, 4]]",0.9505736677458773
"[[1], [2, 3, 4]]",0.9505224340481979
"[[1], [2, 3, 4]]",0.9523850257295753
"[[1], [2, 3, 4]]",0.9560963381728489
"[[1], [2, 3, 4]]",0.9544867031347427
"[[1], [2, 3, 4]]",0.9525862658973797
"[[1], [2, 3, 4]]",0.9512997733051505
"[[1], [2, 3, 4]]",0.9497363250110975
"[[1], [2, 3, 4]]",0.9481116538096739
"[[1], [2, 3, 4]]",0.9466655026278057
"[[1], [2, 3, 4]]",0.945774228789936
"[[1], [2, 3, 4]]",0.9493587416093007
"[[1], [2, 3, 4]]",0.9538074159117995
"[[1], [2, 3, 4]]",0.9578567717134944
"[[1], [2, 3, 4]]",0.960315903015852
"[[1], [2, 3, 4]]",0.9604016735625458
"[[1], [2, 3, 4]]",0.9603567362037098
"[[1], [2, 3, 4]]",0.9601247299264746
"[[1], [2, 3, 4]]",0.9600384330221865
"[[1], [2, 3, 4]]",0.960018376331937
"[[1], [2, 3, 4]]",0.9599657159665811
"[[1], [2, 3, 4]]",0.9599221880401922
"[[1], [2, 3, 4]]",0.9597664795077618
"[[1], [2, 3, 4]]",0.9595014954409411
"[[1], [2, 3, 4]]",0.9593121747625981
"[[1], [2, 3, 4]]",0.9589184761800309
"[[1], [2, 3, 4]]",0.9583908180520855
"[[1], [2, 3, 4]]",0.957911059537025
"[[1], [2, 3, 4]]",0.9579773582375325
"[[1], [2, 3, 4]]",0.9574746063355102
"[[1], [2, 3, 4]]",0.9574612145097888
"[[1], [2, 3, 4]]",0.9574718491058988
"[[1], [2, 3, 4]]",0.9572689914585297
"[[1], [2, 3, 4]]",0.9569674441125199
"[[1], [2, 3, 4]]",0.9562974461087077
"[[1], [2, 3, 4]]",0.9636174088581777
"[[1], [2, 3, 4]]",0.9723875070516745
"[[1], [2, 3, 4]]",0.9767739940215168
"[[4], [1, 2, 3]]",0.9775964383773019
"[[4], [1, 2, 3]]",0.9801607091803979
"[[4], [1, 2, 3]]",0.9858666510148215
"[[4], [1, 2, 3]]",0.9861233194065561
"[[4], [1, 2, 3]]",0.9861005580425382
"[[4], [1, 2, 3]]",0.9860505289241541
"[[4], [1, 2, 3]]",0.9861037118421268
"[[4], [1, 2, 3]]",0.9864767755260082
"[[4], [1, 2, 3]]",0.9865349319710929
"[[4], [1, 2, 3]]",0.9866283497548294
"[[4], [1, 2, 3]]",0.986831578942955
"[[4], [1, 2, 3]]",0.9868819433014926
"[[4], [1, 2, 3]]",0.9866400202970884
"[[4], [1, 2, 3]]",0.9866240756058695
"[[4], [1, 2, 3]]",0.9860437129616957
"[[4], [1, 2, 3]]",0.9860258010899474
"[[4], [1, 2, 3]]",0.985068718574613
"[[4], [1, 2, 3]]",0.9843873520781272
"[[4], [1, 2, 3]]",0.9843622216034398
"[[4], [1, 2, 3]]",0.9839337252590858
"[[4], [1, 2, 3]]",0.9839172192818958
"[[4], [1, 2, 3]]",0.9843748618599195
"[[4], [1, 2, 3]]",0.9846175190060229
"[[4], [1, 2, 3]]",0.9846454965732827
"[[4], [1, 2, 3]]",0.9846782305880986
"[[4], [1, 2, 3]]",0.9846815535860376
"[[4], [1, 2, 3]]",0.9846257763685861
"[[4], [1, 2, 3]]",0.9846301716908805
"[[4], [1, 2, 3]]",0.9846862361974058
"[[4], [1, 2, 3]]",0.9848064379841273
"[[4], [1, 2, 3]]",0.9849585654447472
"[[4], [1, 2, 3]]",0.9851702758404559
"[[4], [1, 2, 3]]",0.9853663846866426
"[[4], [1, 2, 3]]",0.985356137526416
"[[4], [1, 2, 3]]",0.985384322336277
"[[4], [1, 2, 3]]",0.9849679777347212
"[[1], [2, 3, 4]]",0.9763341968633213
"[[1], [2, 3, 4]]",0.9364334510870205
"[[1], [2, 3, 4]]",0.9271403939929441
"[[1], [2, 3, 4]]",0.9288349199561169
"[[1], [2, 3, 4]]",0.9309206338870168
"[[1], [2, 3, 4]]",0.9331280846897918
"[[1], [2, 3, 4]]",0.9352128923689658
"[[1], [2, 3, 4]]",0.9368320589424141
"[[1], [2, 3, 4]]",0.9343738519786078
"[[1], [2, 3, 4]]",0.9308288688398072
"[[1], [2, 3, 4]]",0.9284284664310419
"[[1], [2, 3, 4]]",0.9291370888270095
"[[1], [2, 3, 4]]",0.9297895215883039
"[[1], [2, 3, 4]]",0.9305157863902191
"[[1], [2, 3, 4]]",0.9300965699163635
"[[1], [2, 3, 4]]",0.9299400586918656
"[[1], [2, 3, 4]]",0.929716259274342
"[[1], [2, 3, 4]]",0.9295826598235486
"[[1], [2, 3, 4]]",0.9291413276284801
"[[1], [2, 3, 4]]",0.9286975854252044
"[[1], [2, 3, 4]]",0.928512090437298
"[[1], [2, 3, 4]]",0.9281905821080287
"[[1], [2, 3, 4]]",0.9281063317635028
"[[1], [2, 3, 4]]",0.9281453520912285
"[[1], [2, 3, 4]]",0.9283536125358388
"[[1], [2, 3, 4]]",0.9293018331917041
"[[1], [2, 3, 4]]",0.9311021605930423
"[[1], [2, 3, 4]]",0.9328843639768769
"[[1], [2, 3, 4]]",0.9349985111268009
"[[1], [2, 3, 4]]",0.9370219998606955
"[[1], [2, 3, 4]]",0.9384906508468467
"[[1], [2, 3, 4]]",0.9399844905786898
"[[1], [2, 3, 4]]",0.9404972014290233
"[[1], [2, 3, 4]]",0.9412476639797884
"[[1], [2, 3, 4]]",0.9417657319308061
"[[1], [2, 3, 4]]",0.9422933011129275
"[[1], [2, 3, 4]]",0.9428842411304612
"[[1], [2, 3, 4]]",0.9429051699183785
"[[1], [2, 3, 4]]",0.9428708055384033
"[[1], [2, 3, 4]]",0.9431463700823294
"[[1], [2, 3, 4]]",0.9428500452129974
"[[1], [2, 3, 4]]",0.9428671953758031
"[[1], [2, 3, 4]]",0.9431518742906981
"[[1], [2, 3, 4]]",0.9433239497366002
"[[1], [2, 3, 4]]",0.9439288062410027
"[[1], [2, 3, 4]]",0.9445413478660558
"[[1], [2, 3, 4]]",0.9449004014174531
"[[1], [2, 3, 4]]",0.9451483135415455
"[[1], [2, 3, 4]]",0.9455664919036642
"[[1], [2, 3, 4]]",0.9594109483780204
"[[1], [2, 3, 4]]",0.965861319576661
"[[1], [2, 3, 4]]",0.9655931011348917
"[[1], [2, 3, 4]]",0.9649556595564364
"[[1], [2, 3, 4]]",0.9642867543906035
"[[1], [2, 3, 4]]",0.9639340493845354
"[[1], [2, 3, 4]]",0.9637736341029772
"[[1], [2, 3, 4]]",0.9681652861085515
"[[1], [2, 3, 4]]",0.9692600232149908
"[[1], [2, 3, 4]]",0.969369517160716
"[[1], [2, 3, 4]]",0.9688169369133949
"[[1], [2, 3, 4]]",0.9685311947086882
"[[1], [2, 3, 4]]",0.9682298090902637
"[[1], [2, 3, 4]]",0.9685405701394458
"[[1], [2, 3, 4]]",0.9690942496471959
"[[1], [2, 3, 4]]",0.9696410184013632
"[[1], [2, 3, 4]]",0.9701311277845214
"[[1], [2, 3, 4]]",0.970698972047727
"[[1], [2, 3, 4]]",0.9712184388092435
"[[1], [2, 3, 4]]",0.971576864505543
"[[1], [2, 3, 4]]",0.9720827316385146
"[[1], [2, 3, 4]]",0.9722391715133674
"[[1], [2, 3, 4]]",0.9724571756621355
"[[1], [2, 3, 4]]",0.9724089495742028
"[[1], [2, 3, 4]]",0.9724301082794113
"[[1], [2, 3, 4]]",0.9724297376951123
"[[1], [2, 3, 4]]",0.9722035688583468
"[[1], [2, 3, 4]]",0.9722273498781173
"[[1], [2, 3, 4]]",0.972067809197287
"[[1], [2, 3, 4]]",0.9718656100077208
"[[1], [2, 3, 4]]",0.9719975676235653
"[[1], [2, 3, 4]]",0.9722581419913379
"[[1], [2, 3, 4]]",0.9671628545674933
"[[1], [2, 3, 4]]",0.9625329967326434
"[[1], [2, 3, 4]]",0.9611069911200666
"[[1], [2, 3, 4]]",0.9608124811818541
"[[1], [2, 3, 4]]",0.9613379840475372
"[[1], [2, 3, 4]]",0.9618194691796925
"[[1], [2, 3, 4]]",0.9623807306459808
"[[1], [2, 3, 4]]",0.9633875588010805
"[[1], [2, 3, 4]]",0.9640448675564417
"[[1], [2, 3, 4]]",0.9646878856750962
"[[1], [2, 3, 4]]",0.965414230132008
"[[1], [2, 3, 4]]",0.9658095212144666
"[[1], [2, 3, 4]]",0.9661741983167753
"[[1], [2, 3, 4]]",0.9666572093426267
"[[1], [2, 3, 4]]",0.9664338863846039
"[[1], [2, 3, 4]]",0.9664594294598265
"[[1], [2, 3, 4]]",0.9665175279037755
"[[1], [2, 3, 4]]",0.9661033706822952
"[[1], [2, 3, 4]]",0.9657606556760223
"[[1], [2, 3, 4]]",0.9647549483510075
"[[1], [2, 3, 4]]",0.9636335339069622
"[[1], [2, 3, 4]]",0.9623260335235002
"[[1], [2, 3, 4]]",0.9616412474919532
"[[1], [2, 3, 4]]",0.9606230808594614
"[[1], [2, 3, 4]]",0.9639419270415253
"[[1], [2, 3, 4]]",0.9678213957730115
"[[1], [2, 3, 4]]",0.9685330480540333
"[[1], [2, 3, 4]]",0.9686488989769277
"[[1], [2, 3, 4]]",0.9687473025509261
"[[1], [2, 3, 4]]",0.968791008333173
"[[1], [2, 3, 4]]",0.9688436962358462
"[[1], [2, 3, 4]]",0.9686724595753665
"[[1], [2, 3, 4]]",0.9686559467063597
"[[1], [2, 3, 4]]",0.9687808253647789
"[[1], [2, 3, 4]]",0.96887976561236
"[[1], [2, 3, 4]]",0.9690170867582389
"[[1], [2, 3, 4]]",0.9691801092972958
"[[1], [2, 3, 4]]",0.9691202394913213
"[[1], [2, 3, 4]]",0.9688420553293708
"[[1], [2, 3, 4]]",0.9688742641875564
"[[1], [2, 3, 4]]",0.967846614796287
"[[1], [2, 3, 4]]",0.96681730600933
"[[1], [2, 3, 4]]",0.9651072409770076
"[[1], [2, 3, 4]]",0.9638890600375764
"[[1], [2, 3, 4]]",0.9626836848534591
"[[1], [2, 3, 4]]",0.9617950963673729
"[[1], [2, 3, 4]]",0.9605177946631336
"[[1], [2, 3, 4]]",0.9597022358233992
"[[1], [2, 3, 4]]",0.9655004685626174
"[[1], [2, 3, 4]]",0.9730109049647551
"[[1], [2, 3, 4]]",0.9768460509564432
"[[4], [1, 2, 3]]",0.9788469286139125
"[[4], [1, 2, 3]]",0.9793971686143691
"[[4], [1, 2, 3]]",0.9806512133571403
"[[4], [1, 2, 3]]",0.9805054396617189
"[[4], [1, 2, 3]]",0.980169060411384
"[[4], [1, 2, 3]]",0.9799116026848218
"[[4], [1, 2, 3]]",0.9798237122701405
"[[4], [1, 2, 3]]",0.9799110969974187
"[[4], [1, 2, 3]]",0.9800165169085715
"[[4], [1, 2, 3]]",0.9801000366885814
"[[4], [1, 2, 3]]",0.9803931819759857
"[[4], [1, 2, 3]]",0.9802815742586197
"[[4], [1, 2, 3]]",0.9806295743396471
"[[4], [1, 2, 3]]",0.9810639120586775
"[[4], [1, 2, 3]]",0.9810772364973959
"[[4], [1, 2, 3]]",0.9811262958127875
"[[4], [1, 2, 3]]",0.9816716539027317
"[[4], [1, 2, 3]]",0.9822479775201716
"[[4], [1, 2, 3]]",0.9828500725835128
"[[4], [1, 2, 3]]",0.9828620365145291
"[[4], [1, 2, 3]]",0.9830544324092636
"[[1], [2, 3, 4]]",0.9689007272519636
"[[1], [2, 3, 4]]",0.9590817909320233
"[[1], [2, 3, 4]]",0.95247589657299
"[[1], [2, 3, 4]]",0.9512844094852918
"[[1], [2, 3, 4]]",0.9512759455005196
"[[1], [2, 3, 4]]",0.9513167219436787
"[[1], [2, 3, 4]]",0.951317474565777
"[[1], [2, 3, 4]]",0.9517555598638654
"[[1], [2, 3, 4]]",0.9519308176139034
"[[1], [2, 3, 4]]",0.9518965286975781
"[[1], [2, 3, 4]]",0.9518351735764645
"[[1], [2, 3, 4]]",0.9515309147111508
"[[1], [2, 3, 4]]",0.9513607631301098
"[[1], [2, 3, 4]]",0.9516320114694832
"[[1], [2, 3, 4]]",0.9511455361011218
"[[1], [2, 3, 4]]",0.9506436435504824
"[[1], [2, 3, 4]]",0.9510632483038111
"[[1], [2, 3, 4]]",0.952530191239442
"[[1], [2, 3, 4]]",0.9547748962425833
"[[1], [2, 3, 4]]",0.9551389638084027
"[[1], [2, 3, 4]]",0.9558692561483837
"[[1], [2, 3, 4]]",0.9558849469327595
"[[1], [2, 3, 4]]",0.9571435133092114
"[[1], [2, 3, 4]]",0.9580089988580083
"[[1], [2, 3, 4]]",0.9478555458100546
"[[1], [2, 3, 4]]",0.936917437407188
"[[1], [2, 3, 4]]",0.9346918061773001
"[[1], [2, 3, 4]]",0.9355982672272811
"[[1], [2, 3, 4]]",0.9367411139008579
"[[1], [2, 3, 4]]",0.9376647258677745
"[[1], [2, 3, 4]]",0.9387256558232051
"[[1], [2, 3, 4]]",0.9397118362340064
"[[1], [2, 3, 4]]",0.9405626758538026
"[[1], [2, 3, 4]]",0.9413117056372022
"[[1], [2, 3, 4]]",0.9418796664055658
"[[1], [2, 3, 4]]",0.9424561286925273
"[[1], [2, 3, 4]]",0.9429667886509803
"[[1], [2, 3, 4]]",0.9437173188884582
"[[1], [2, 3, 4]]",0.9441295964178245
"[[1], [2, 3, 4]]",0.9446922890888287
"[[1], [2, 3, 4]]",0.9452599697836018
"[[1], [2, 3, 4]]",0.9453145322107556
"[[1], [2, 3, 4]]",0.9454459301153593
"[[1], [2, 3, 4]]",0.9454830521180146
"[[1], [2, 3, 4]]",0.945714312775456
"[[1], [2, 3, 4]]",0.9459288950743105
"[[1], [2, 3, 4]]",0.9466374670431963
"[[1], [2, 3, 4]]",0.9473551986354825
"[[1], [2, 3, 4]]",0.942235940866712
"[[1], [2, 3, 4]]",0.9373519788592648
"[[1], [2, 3, 4]]",0.9374075330319283
"[[1], [2, 3, 4]]",0.9374241184710997
"[[1], [2, 3, 4]]",0.9379811889287133
"[[1], [2, 3, 4]]",0.938538716510115
"[[1], [2, 3, 4]]",0.939065033046538
"[[1], [2, 3, 4]]",0.9390707335579564
"[[1], [2, 3, 4]]",0.9394458294415937
"[[1], [2, 3, 4]]",0.9401038447886083
"[[1], [2, 3, 4]]",0.9407951108499899
"[[1], [2, 3, 4]]",0.9417642758152296
"[[1], [2, 3, 4]]",0.942528022493601
"[[1], [2, 3, 4]]",0.942944428076341
"[[1], [2, 3, 4]]",0.9426815455582624
"[[1], [2, 3, 4]]",0.9426241590760753
"[[1], [2, 3, 4]]",0.9427344684819634
"[[1], [2, 3, 4]]",0.9423264637228508
"[[1], [2, 3, 4]]",0.9421404950390424
"[[1], [2, 3, 4]]",0.942891840546658
"[[1], [2, 3, 4]]",0.9434893839426168
"[[1], [2, 3, 4]]",0.945045143785642
"[[1], [2, 3, 4]]",0.9454809925113452
"[[1], [2, 3, 4]]",0.9455051597018247
"[[1], [2, 3, 4]]",0.943413282061554
"[[1], [2, 3, 4]]",0.9429591157124468
"[[1], [2, 3, 4]]",0.9428715271195054
"[[1], [2, 3, 4]]",0.9428656447141242
"[[1], [2, 3, 4]]",0.942863306916323
"[[1], [2, 3, 4]]",0.943248705199093
"[[1], [2, 3, 4]]",0.9432995889745076
"[[1], [2, 3, 4]]",0.943669447970616
"[[1], [2, 3, 4]]",0.9440552996598981
"[[1], [2, 3, 4]]",0.9443637944308249
"[[1], [2, 3, 4]]",0.9446119705933965
"[[1], [2, 3, 4]]",0.9450622751435704
"[[1], [2, 3, 4]]",0.9454947604114528
"[[1], [2, 3, 4]]",0.9457686961258824
"[[1], [2, 3, 4]]",0.9455515679895277
"[[1], [2, 3, 4]]",0.9453340057069006
"[[1], [2, 3, 4]]",0.9423733369081535
"[[1], [2, 3, 4]]",0.942750683955758
"[[1], [2, 3, 4]]",0.9434789945526489
"[[1], [2, 3, 4]]",0.9437210623406715
"[[1], [2, 3, 4]]",0.9444158528609186
"[[1], [2, 3, 4]]",0.9446177654780294
"[[1], [2, 3, 4]]",0.9447007344743541
"[[1], [2, 3, 4]]",0.9450927184170258
"[[1], [2, 3, 4]]",0.945031727886719
"[[1], [2, 3, 4]]",0.9449646691072005
"[[1], [2, 3, 4]]",0.9421283828806597
"[[1], [2, 3, 4]]",0.9420802891999066
"[[1], [2, 3, 4]]",0.9420217878540024
"[[1], [2, 3, 4]]",0.9422294095025355
"[[1], [2, 3, 4]]",0.9423760168856056
"[[1], [2, 3, 4]]",0.9426290774770869
"[[1], [2, 3, 4]]",0.9429118464112402
"[[1], [2, 3, 4]]",0.9428763829032313
"[[1], [2, 3, 4]]",0.9427423760457593
"[[1], [2, 3, 4]]",0.9425541702776403
"[[1], [2, 3, 4]]",0.9423589859540649
"[[1], [2, 3, 4]]",0.941816224135378
"[[1], [2, 3, 4]]",0.940297649356271
"[[1], [2, 3, 4]]",0.9401228487735227
"[[1], [2, 3, 4]]",0.9388809306401935
"[[1], [2, 3, 4]]",0.9382527946336683
"[[1], [2, 3, 4]]",0.9375000249673164
"[[1], [2, 3, 4]]",0.9367111697865946
"[[1], [2, 3, 4]]",0.9357367189517829
"[[1], [2, 3, 4]]",0.9345406700648373
"[[1], [2, 3, 4]]",0.9336339861110354
"[[1], [2, 3, 4]]",0.9322333307980057
"[[1], [2, 3, 4]]",0.9342697423275563
"[[1], [2, 3, 4]]",0.9368853932401612
"[[1], [2, 3, 4]]",0.9369793258374735
"[[1], [2, 3, 4]]",0.9362216715435112
"[[1], [2, 3, 4]]",0.9354847009162658
"[[1], [2, 3, 4]]",0.9345746006226916
"[[1], [2, 3, 4]]",0.9343323565653148
"[[1], [2, 3, 4]]",0.9342154666967515
"[[1], [2, 3, 4]]",0.9339296822739606
"[[1], [2, 3, 4]]",0.9336485837459202
"[[1], [2, 3, 4]]",0.9333554978901917
"[[1], [2, 3, 4]]",0.9329136962267034
"[[1], [2, 3, 4]]",0.9323289738267078
"[[1], [2, 3, 4]]",0.9315102626165801
"[[1], [2, 3, 4]]",0.9307507368406345
"[[1], [2, 3, 4]]",0.9297334477653361
"[[1], [2, 3, 4]]",0.9350787250745769
"[[1], [2, 3, 4]]",0.9345441365281895
"[[1], [2, 3, 4]]",0.9339176133313617
"[[1], [2, 3, 4]]",0.9339180602587018
"[[1], [2, 3, 4]]",0.9327333668936686
"[[1], [2, 3, 4]]",0.9319646392843848
"[[1], [2, 3, 4]]",0.9312955300561792
"[[1], [2, 3, 4]]",0.9297842914772445
"[[1], [2, 3, 4]]",0.9390223740206498
"[[1], [2, 3, 4]]",0.9527727020103125
"[[1], [2, 3, 4]]",0.9725467731627313
"[[4], [1, 2, 3]]",0.9795288789939987
"[[4], [1, 2, 3]]",0.9828012921661419
"[[4], [1, 2, 3]]",0.9863570859061246
"[[4], [1, 2, 3]]",0.9866151780141376
"[[4], [1, 2, 3]]",0.9866576130132817
"[[4], [1, 2, 3]]",0.986518547071285
"[[4], [1, 2, 3]]",0.9864568927579503
"[[4], [1, 2, 3]]",0.986347411018323
"[[4], [1, 2, 3]]",0.9861509481906925
"[[4], [1, 2, 3]]",0.98609388176942
"[[4], [1, 2, 3]]",0.9861085043674722
"[[4], [1, 2, 3]]",0.9857663649662214
"[[4], [1, 2, 3]]",0.9885083857604953
"[[4], [1, 2, 3]]",0.9885615328861445
"[[4], [1, 2, 3]]",0.9885798093560434
"[[4], [1, 2, 3]]",0.9885912850820191
"[[4], [1, 2, 3]]",0.9891883948008924
"[[4], [1, 2, 3]]",0.9899495012462747
"[[4], [1, 2, 3]]",0.9902921743465909
"[[4], [1, 2, 3]]",0.9903054630834195
"[[4], [1, 2, 3]]",0.990389710738734
"[[4], [1, 2, 3]]",0.9825169814556303
"[[1], [2, 3, 4]]",0.9740696937822377
"[[1], [2, 3, 4]]",0.9715377657456323
"[[1], [2, 3, 4]]",0.9709466546880614
"[[1], [2, 3, 4]]",0.970801873415174
"[[1], [2, 3, 4]]",0.9706249190245035
"[[1], [2, 3, 4]]",0.9706402163884649
"[[1], [2, 3, 4]]",0.9705110345676484
"[[1], [2, 3, 4]]",0.9702959934963712
"[[1], [2, 3, 4]]",0.9703036543316041
"[[1], [2, 3, 4]]",0.9702547524580365
"[[1], [2, 3, 4]]",0.9702496964471581
"[[1], [2, 3, 4]]",0.9702937852359805
"[[1], [2, 3, 4]]",0.9703377147833696
"[[1], [2, 3, 4]]",0.9641759031546764
"[[1], [2, 3, 4]]",0.9639199361520612
"[[1], [2, 3, 4]]",0.9639717384619089
"[[1], [2, 3, 4]]",0.9639798372560604
"[[1], [2, 3, 4]]",0.9637137195803704
"[[1], [2, 3, 4]]",0.9632772833775463
"[[1], [2, 3, 4]]",0.9636812830165508
"[[1], [2, 3, 4]]",0.9640317502820449
"[[1], [2, 3, 4]]",0.9641561759860768
"[[1], [2, 3, 4]]",0.9647070066925488
"[[1], [2, 3, 4]]",0.9607110486621038
"[[1], [2, 3, 4]]",0.9473718863134338
"[[1], [2, 3, 4]]",0.9440620071561928
"[[1], [2, 3, 4]]",0.942599181357659
"[[1], [2, 3, 4]]",0.9430655654983184
"[[1], [2, 3, 4]]",0.9432695622094851
"[[1], [2, 3, 4]]",0.9437021777483203
"[[1], [2, 3, 4]]",0.9439746062714163
"[[1], [2, 3, 4]]",0.9443888796903013
"[[1], [2, 3, 4]]",0.9448693245390469
"[[1], [2, 3, 4]]",0.9453215158700932
"[[1], [2, 3, 4]]",0.9461209872773362
"[[1], [2, 3, 4]]",0.9467202541970021
"[[1], [2, 3, 4]]",0.9469185459027186
"[[1], [2, 3, 4]]",0.9471085771022539
"[[1], [2, 3, 4]]",0.9472203985378399
"[[1], [2, 3, 4]]",0.9474745170713068
"[[1], [2, 3, 4]]",0.9469779608768105
"[[1], [2, 3, 4]]",0.9469551288837642
"[[1], [2, 3, 4]]",0.9467392131854555
"[[1], [2, 3, 4]]",0.9467037334639168
"[[1], [2, 3, 4]]",0.9467007128548794
"[[1], [2, 3, 4]]",0.947407769525787
"[[1], [2, 3, 4]]",0.9473467652669285
"[[1], [2, 3, 4]]",0.9482852321534847
"[[1], [2, 3, 4]]",0.9500701981631559
"[[1], [2, 3, 4]]",0.95029405520491
"[[1], [2, 3, 4]]",0.950179682330241
"[[1], [2, 3, 4]]",0.9499973446133394
"[[1], [2, 3, 4]]",0.9495704400576239
"[[1], [2, 3, 4]]",0.9493155879559587
"[[1], [2, 3, 4]]",0.948782785189961
"[[1], [2, 3, 4]]",0.9487342157002756
"[[1], [2, 3, 4]]",0.9483886062753741
"[[1], [2, 3, 4]]",0.9483552160170559
"[[1], [2, 3, 4]]",0.9481271227301487
"[[1], [2, 3, 4]]",0.9476531479195772
"[[1], [2, 3, 4]]",0.9469786172100683
"[[1], [2, 3, 4]]",0.94972692545537
"[[1], [2, 3, 4]]",0.9498903576401252
"[[1], [2, 3, 4]]",0.9495321850465743
"[[1], [2, 3, 4]]",0.9489355862611513
"[[1], [2, 3, 4]]",0.9489499167985582
"[[1], [2, 3, 4]]",0.9487850501454588
"[[1], [2, 3, 4]]",0.9483772733006517
"[[1], [2, 3, 4]]",0.9481008470802227
"[[1], [2, 3, 4]]",0.9478007401474005
"[[1], [2, 3, 4]]",0.9474446439460698
"[[1], [2, 3, 4]]",0.9508421503013096
"[[1], [2, 3, 4]]",0.9682545000772893
"[[1], [2, 3, 4]]",0.977187804237457
"[[4], [1, 2, 3]]",0.9845933516409511
"[[4], [1, 2, 3]]",0.9850326127467217
"[[4], [1, 2, 3]]",0.985057838488455
"[[4], [1, 2, 3]]",0.9850360026762045
"[[4], [1, 2, 3]]",0.9849260326080664
"[[4], [1, 2, 3]]",0.9849839430980001
"[[4], [1, 2, 3]]",0.9850647704833333
"[[4], [1, 2, 3]]",0.9851204820912518
"[[4], [1, 2, 3]]",0.9851152030314001
"[[4], [1, 2, 3]]",0.9851024432637145
"[[4], [1, 2, 3]]",0.9850747221634772
"[[4], [1, 2, 3]]",0.9854160438917499
"[[4], [1, 2, 3]]",0.9855833240209946
"[[4], [1, 2, 3]]",0.9854851058938816
"[[4], [1, 2, 3]]",0.985789795788633
"[[4], [1, 2, 3]]",0.9858967300429131
"[[4], [1, 2, 3]]",0.9860165554358417
"[[4], [1, 2, 3]]",0.9860538937846375
"[[4], [1, 2, 3]]",0.9860631629244769
"[[4], [1, 2, 3]]",0.9855961463109884
"[[4], [1, 2, 3]]",0.9855312423160085
"[[4], [1, 2, 3]]",0.9856191333020334
"[[4], [1, 2, 3]]",0.985695001514707
"[[4], [1, 2, 3]]",0.9858781934014895
"[[4], [1, 2, 3]]",0.9861259239061688
"[[4], [1, 2, 3]]",0.9862373225273988
"[[4], [1, 2, 3]]",0.9862386451775853
"[[4], [1, 2, 3]]",0.9862420295197539
"[[4], [1, 2, 3]]",0.9864082741004072
"[[4], [1, 2, 3]]",0.9864225175319428
"[[4], [1, 2, 3]]",0.9864272914856542
"[[4], [1, 2, 3]]",0.9863699835106479
"[[4], [1, 2, 3]]",0.9863214358759939
"[[4], [1, 2, 3]]",0.986264905576623
"[[4], [1, 2, 3]]",0.9862047950780859
"[[4], [1, 2, 3]]",0.9865491131371388
"[[4], [1, 2, 3]]",0.9866850528071685
"[[4], [1, 2, 3]]",0.9864754095565818
"[[4], [1, 2, 3]]",0.986383281035162
"[[4], [1, 2, 3]]",0.9852735279041873
"[[4], [1, 2, 3]]",0.984550626869762
"[[4], [1, 2, 3]]",0.983661289296864
"[[4], [1, 2, 3]]",0.9827425149255837
"[[4], [1, 2, 3]]",0.9823887139803927
"[[4], [1, 2, 3]]",0.9819786075276999
"[[4], [1, 2, 3]]",0.9823336889439829
"[[4], [1, 2, 3]]",0.9840333521390693
"[[4], [1, 2, 3]]",0.9844704163331114
"[[4], [1, 2, 3]]",0.9847914753532143
"[[4], [1, 2, 3]]",0.9848122542228874
"[[4], [1, 2, 3]]",0.9848121463363013
"[[4], [1, 2, 3]]",0.9846774726785952
"[[4], [1, 2, 3]]",0.9846106881904668
"[[4], [1, 2, 3]]",0.9845441652969321
"[[4], [1, 2, 3]]",0.9844704738680141
"[[4], [1, 2, 3]]",0.9844278229054173
"[[4], [1, 2, 3]]",0.9844164633641446
"[[4], [1, 2, 3]]",0.9843612574410994
"[[4], [1, 2, 3]]",0.9842742761092176
"[[4], [1, 2, 3]]",0.9851773752745492
"[[4], [1, 2, 3]]",0.9857330016994046
"[[4], [1, 2, 3]]",0.9863221064292682
"[[4], [1, 2, 3]]",0.9859435540715482
"[[4], [1, 2, 3]]",0.9851624927457324
"[[4], [1, 2, 3]]",0.9842870613555014
"[[4], [1, 2, 3]]",0.9832145226560256
"[[4], [1, 2, 3]]",0.9825157718879
"[[4], [1, 2, 3]]",0.9823374295087453
"[[4], [1, 2, 3]]",0.9822213764305945
"[[4], [1, 2, 3]]",0.9838143727919986
"[[4], [1, 2, 3]]",0.9858254787170815
"[[4], [1, 2, 3]]",0.9866086009004937
"[[4], [1, 2, 3]]",0.9872412060195469
"[[4], [1, 2, 3]]",0.9873915645946857
"[[4], [1, 2, 3]]",0.98779723692507
"[[4], [1, 2, 3]]",0.9880235882017403
"[[4], [1, 2, 3]]",0.9879122803604936
"[[4], [1, 2, 3]]",0.9878562138598834
"[[4], [1, 2, 3]]",0.9878390717584435
"[[4], [1, 2, 3]]",0.9878501634421244
"[[4], [1, 2, 3]]",0.9878286558284027
"[[4], [1, 2, 3]]",0.9878622391121779
"[[4], [1, 2, 3]]",0.9878885577641447
"[[4], [1, 2, 3]]",0.9878894800303822
"[[4], [1, 2, 3]]",0.9878816221469814
"[[4], [1, 2, 3]]",0.9878797190715833
"[[4], [1, 2, 3]]",0.9877779926958951
"[[4], [1, 2, 3]]",0.9877152024788243
"[[4], [1, 2, 3]]",0.9876042931783963
"[[4], [1, 2, 3]]",0.9875835167338025
"[[4], [1, 2, 3]]",0.9875693162384334
"[[4], [1, 2, 3]]",0.987211411014183
"[[4], [1, 2, 3]]",0.9872802102463408
"[[4], [1, 2, 3]]",0.9853808968346497
"[[4], [1, 2, 3]]",0.9837561470715698
"[[4], [1, 2, 3]]",0.9835178424337294
"[[4], [1, 2, 3]]",0.9827258865892707
"[[4], [1, 2, 3]]",0.9827241264626343
"[[4], [1, 2, 3]]",0.982663576944657
"[[4], [1, 2, 3]]",0.9826926059191379
"[[4], [1, 2, 3]]",0.9826861241145446
"[[4], [1, 2, 3]]",0.9826945586028772
"[[4], [1, 2, 3]]",0.9826934658568081
"[[4], [1, 2, 3]]",0.9826893745435397
"[[4], [1, 2, 3]]",0.9827055427729611
"[[4], [1, 2, 3]]",0.9827211852170229
"[[4], [1, 2, 3]]",0.9827146824926818
"[[4], [1, 2, 3]]",0.9825323453999661
"[[4], [1, 2, 3]]",0.982601904814683
"[[4], [1, 2, 3]]",0.9812430154410876
"[[4], [1, 2, 3]]",0.9816082935394854
"[[4], [1, 2, 3]]",0.9822429814394501
"[[4], [1, 2, 3]]",0.9831407473744094
"[[4], [1, 2, 3]]",0.984051043541359
"[[4], [1, 2, 3]]",0.9846670773714974
"[[4], [1, 2, 3]]",0.9848856735924807
"[[4], [1, 2, 3]]",0.9849871971179517
"[[4], [1, 2, 3]]",0.9834509049327762
"[[4], [1, 2, 3]]",0.9821559110681051
"[[4], [1, 2, 3]]",0.9813162253363195
"[[4], [1, 2, 3]]",0.9804729456635434
"[[4], [1, 2, 3]]",0.9804712346902766
"[[4], [1, 2, 3]]",0.9804987770988932
"[[4], [1, 2, 3]]",0.9805122728625433
"[[4], [1, 2, 3]]",0.9807245079425368
"[[4], [1, 2, 3]]",0.9809113106768823
"[[4], [1, 2, 3]]",0.9810789700156122
"[[4], [1, 2, 3]]",0.9812437806089952
"[[4], [1, 2, 3]]",0.9814314635325967
"[[4], [1, 2, 3]]",0.9814760140781029
"[[4], [1, 2, 3]]",0.981520261759139
"[[4], [1, 2, 3]]",0.9813023629473472
"[[4], [1, 2, 3]]",0.981344279347591
"[[4], [1, 2, 3]]",0.9814661846178792
"[[4], [1, 2, 3]]",0.9815327705072154
"[[4], [1, 2, 3]]",0.9825035263921346
"[[4], [1, 2, 3]]",0.9827857750805098
"[[4], [1, 2, 3]]",0.9834832525450177
"[[4], [1, 2, 3]]",0.9843871019267076
"[[4], [1, 2, 3]]",0.9850142379769895
"[[4], [1, 2, 3]]",0.9850236358954931
"[[4], [1, 2, 3]]",0.9852128584154415
"[[4], [1, 2, 3]]",0.9851043579443179
"[[4], [1, 2, 3]]",0.9846191617772864
"[[4], [1, 2, 3]]",0.9842037736474487
"[[4], [1, 2, 3]]",0.9840905700988325
"[[4], [1, 2, 3]]",0.9840675105778403
"[[4], [1, 2, 3]]",0.9840091600111491
"[[4], [1, 2, 3]]",0.9840233677228012
"[[4], [1, 2, 3]]",0.9839611508665782
"[[4], [1, 2, 3]]",0.9838928142757688
"[[4], [1, 2, 3]]",0.983848846181754
"[[4], [1, 2, 3]]",0.9838357947372176
"[[4], [1, 2, 3]]",0.9838316291209435
"[[4], [1, 2, 3]]",0.9838457193270247
"[[4], [1, 2, 3]]",0.9828341508629682
"[[4], [1, 2, 3]]",0.9827822655330265
"[[4], [1, 2, 3]]",0.9834307719382329
"[[4], [1, 2, 3]]",0.983303992002466
"[[4], [1, 2, 3]]",0.983461224193879
"[[4], [1, 2, 3]]",0.9834869290777795
"[[4], [1, 2, 3]]",0.9835548411714838
"[[4], [1, 2, 3]]",0.9836665742238693
"[[4], [1, 2, 3]]",0.9836645100775177
"[[4], [1, 2, 3]]",0.9837463270698545
"[[4], [1, 2, 3]]",0.9839063742789217
"[[4], [1, 2, 3]]",0.984260524624802
"[[4], [1, 2, 3]]",0.9847633551398429
"[[4], [1, 2, 3]]",0.9854378691880604
"[[4], [1, 2, 3]]",0.9854484771108747
"[[4], [1, 2, 3]]",0.9854253238470485
"[[4], [1, 2, 3]]",0.9854412729909066
"[[4], [1, 2, 3]]",0.9854861907978647
"[[4], [1, 2, 3]]",0.9855207195447052
"[[4], [1, 2, 3]]",0.9855437161753522
"[[4], [1, 2, 3]]",0.9855425084385423
"[[4], [1, 2, 3]]",0.9855429147966633
"[[4], [1, 2, 3]]",0.9855434678516051
"[[4], [1, 2, 3]]",0.9855490250309278
"[[4], [1, 2, 3]]",0.9857714372688657
"[[4], [1, 2, 3]]",0.9857413247820412
"[[4], [1, 2, 3]]",0.985659779749116
"[[4], [1, 2, 3]]",0.985662080343784
"[[4], [1, 2, 3]]",0.9857324122400188
"[[4], [1, 2, 3]]",0.9859976882857695
"[[4], [1, 2, 3]]",0.9859865350290251
"[[4], [1, 2, 3]]",0.9859965028985005
"[[4], [1, 2, 3]]",0.986021055177594
"[[4], [1, 2, 3]]",0.9860426812181333
"[[4], [1, 2, 3]]",0.986048505876476
"[[4], [1, 2, 3]]",0.9859896734298912
"[[4], [1, 2, 3]]",0.9867205277763997
"[[4], [1, 2, 3]]",0.987560407500575
"[[4], [1, 2, 3]]",0.9878383362383472
"[[4], [1, 2, 3]]",0.9877361121138832
"[[4], [1, 2, 3]]",0.9877914424209255
"[[4], [1, 2, 3]]",0.9878537947472601
"[[4], [1, 2, 3]]",0.9879423804909242
"[[4], [1, 2, 3]]",0.9879131410969273
"[[4], [1, 2, 3]]",0.9876894640101996
"[[4], [1, 2, 3]]",0.9875463433015483
"[[4], [1, 2, 3]]",0.9875828719097717
"[[4], [1, 2, 3]]",0.987561939097875
"[[4], [1, 2, 3]]",0.9887878804350634
"[[4], [1, 2, 3]]",0.988716604636859
"[[4], [1, 2, 3]]",0.9887066594927237
"[[4], [1, 2, 3]]",0.9884759764804366
"[[4], [1, 2, 3]]",0.9883385492594632
"[[4], [1, 2, 3]]",0.9883943493546152
"[[4], [1, 2, 3]]",0.9882953093564462
"[[4], [1, 2, 3]]",0.9881214959178919
"[[4], [1, 2, 3]]",0.9880016153066418
"[[4], [1, 2, 3]]",0.9879001973584909
"[[4], [1, 2, 3]]",0.9886826210711057
"[[4], [1, 2, 3]]",0.9889043080107136
"[[4], [1, 2, 3]]",0.9884861941332687
"[[4], [1, 2, 3]]",0.9881982352332905
"[[4], [1, 2, 3]]",0.9881249713052562
"[[4], [1, 2, 3]]",0.9880305558500817
"[[4], [1, 2, 3]]",0.9880829722168387
"[[4], [1, 2, 3]]",0.9880435338623696
"[[4], [1, 2, 3]]",0.9880211469594247
"[[4], [1, 2, 3]]",0.9880158487827223
"[[4], [1, 2, 3]]",0.9880098036418019
"[[4], [1, 2, 3]]",0.9880071978506471
"[[4], [1, 2, 3]]",0.9879685426546594
"[[4], [1, 2, 3]]",0.9878900347362674
"[[4], [1, 2, 3]]",0.987878757829574
"[[4], [1, 2, 3]]",0.9877076855301983
"[[4], [1, 2, 3]]",0.9874075148956747
"[[4], [1, 2, 3]]",0.9874241532982158
"[[4], [1, 2, 3]]",0.9872939889795659
"[[4], [1, 2, 3]]",0.9875671034672959
"[[4], [1, 2, 3]]",0.9876129082657737
"[[4], [1, 2, 3]]",0.9872762018577159
"[[4], [1, 2, 3]]",0.9872969626474375
"[[4], [1, 2, 3]]",0.9871662269450983
"[[4], [1, 2, 3]]",0.9877199437223046
"[[4], [1, 2, 3]]",0.9887450883430409
"[[4], [1, 2, 3]]",0.988680522021297
"[[4], [1, 2, 3]]",0.9885115592600875
"[[4], [1, 2, 3]]",0.988402735454996
"[[4], [1, 2, 3]]",0.988427424505719
"[[4], [1, 2, 3]]",0.9884156538425329
"[[4], [1, 2, 3]]",0.9884080130056403
"[[4], [1, 2, 3]]",0.9882772732637455
"[[4], [1, 2, 3]]",0.9883617810768854
"[[4], [1, 2, 3]]",0.9886716251507701
"[[4], [1, 2, 3]]",0.988911277330637
"[[4], [1, 2, 3]]",0.9889286115801226
"[[4], [1, 2, 3]]",0.9886365488417417
"[[4], [1, 2, 3]]",0.9875931189142946
"[[4], [1, 2, 3]]",0.9870804343934841
"[[4], [1, 2, 3]]",0.9868349197928294
"[[4], [1, 2, 3]]",0.9870158786720515
"[[4], [1, 2, 3]]",0.9870062567883842
"[[4], [1, 2, 3]]",0.9869038326359053
"[[4], [1, 2, 3]]",0.9870204063087653
"[[4], [1, 2, 3]]",0.9870897379427177
"[[4], [1, 2, 3]]",0.9870826422223014
"[[4], [1, 2, 3]]",0.9871598566093798
"[[4], [1, 2, 3]]",0.9867004508710369
"[[4], [1, 2, 3]]",0.9865246880981686
"[[4], [1, 2, 3]]",0.9864062811243319
"[[4], [1, 2, 3]]",0.9860141685882189
"[[4], [1, 2, 3]]",0.9858773829339517
"[[4], [1, 2, 3]]",0.9857632980149977
"[[4], [1, 2, 3]]",0.985827278051774
"[[4], [1, 2, 3]]",0.9859540968197855
"[[4], [1, 2, 3]]",0.9860083568594795
"[[4], [1, 2, 3]]",0.9860108519884765
"[[4], [1, 2, 3]]",0.9860352073057179
"[[4], [1, 2, 3]]",0.985950645997689
"[[4], [1, 2, 3]]",0.9860673266208522
"[[4], [1, 2, 3]]",0.9857708519923687
"[[4], [1, 2, 3]]",0.9853233995197666
"[[4], [1, 2, 3]]",0.9854018782597735
"[[4], [1, 2, 3]]",0.9855585237088631
"[[4], [1, 2, 3]]",0.9861437379091823
"[[4], [1, 2, 3]]",0.9867728335034505
"[[4], [1, 2, 3]]",0.9872123482489956
"[[4], [1, 2, 3]]",0.98778759734812
"[[4], [1, 2, 3]]",0.988395869750694
"[[4], [1, 2, 3]]",0.9885558939186263
"[[4], [1, 2, 3]]",0.9889532101641927
"[[4], [1, 2, 3]]",0.9888841909247317
"[[4], [1, 2, 3]]",0.9886373088461184
"[[4], [1, 2, 3]]",0.9883194726361076
"[[4], [1, 2, 3]]",0.9880433248817782
"[[4], [1, 2, 3]]",0.9880516576489706
"[[4], [1, 2, 3]]",0.9879785906266204
"[[4], [1, 2, 3]]",0.9881759204487395
"[[4], [1, 2, 3]]",0.9881397004196155
"[[4], [1, 2, 3]]",0.9884143214939884
"[[4], [1, 2, 3]]",0.9885274057260837
"[[4], [1, 2, 3]]",0.9886274983272758
"[[4], [1, 2, 3]]",0.9887295025589631
"[[4], [1, 2, 3]]",0.9888228122801643
"[[4], [1, 2, 3]]",0.9887905124362149
"[[4], [1, 2, 3]]",0.9889544021996871
"[[4], [1, 2, 3]]",0.9891434270294522
"[[4], [1, 2, 3]]",0.9891796618032509
"[[4], [1, 2, 3]]",0.9890141682008303
"[[4], [1, 2, 3]]",0.989006531438515
"[[4], [1, 2, 3]]",0.9886930524296793
"[[4], [1, 2, 3]]",0.9885225884939274
"[[4], [1, 2, 3]]",0.9885193688176004
"[[4], [1, 2, 3]]",0.9885063917218895
"[[4], [1, 2, 3]]",0.9884906489139809
"[[4], [1, 2, 3]]",0.9884695353528427
"[[4], [1, 2, 3]]",0.9884605141616978
"[[4], [1, 2, 3]]",0.9884219693686549
"[[4], [1, 2, 3]]",0.9883725330701962
"[[4], [1, 2, 3]]",0.9881202083189276
"[[4], [1, 2, 3]]",0.9879959109876977
"[[4], [1, 2, 3]]",0.9879264399177392
"[[4], [1, 2, 3]]",0.9879494173968708
"[[4], [1, 2, 3]]",0.9878063868668655
"[[4], [1, 2, 3]]",0.9879267487032295
"[[4], [1, 2, 3]]",0.9879684422983921
"[[4], [1, 2, 3]]",0.988002472138422
"[[4], [1, 2, 3]]",0.987968848355121
"[[4], [1, 2, 3]]",0.988169063962739
"[[4], [1, 2, 3]]",0.9880208899065306
"[[4], [1, 2, 3]]",0.9821545596651522
"[[1], [2, 3, 4]]",0.9614020241837338
"[[1], [2, 3, 4]]",0.9614434491407835
"[[1], [2, 3, 4]]",0.9620410117648543
"[[1], [2, 3, 4]]",0.9629924856314265
"[[1], [2, 3, 4]]",0.9639295177229257
"[[1], [2, 3, 4]]",0.9648523347631921
"[[1], [2, 3, 4]]",0.9658915736105871
"[[1], [2, 3, 4]]",0.9653613723004494
"[[1], [2, 3, 4]]",0.9520639102193588
"[[1], [2, 3, 4]]",0.944008922216909
"[[1], [2, 3, 4]]",0.9415010531388813
"[[1], [2, 3, 4]]",0.9416571610508759
"[[1], [2, 3, 4]]",0.9420955154271144
"[[1], [2, 3, 4]]",0.9416164448362813
"[[1], [2, 3, 4]]",0.9417339010090282
"[[1], [2, 3, 4]]",0.9423557657579962
"[[1], [2, 3, 4]]",0.9426149343139445
"[[1], [2, 3, 4]]",0.9428641315397808
"[[1], [2, 3, 4]]",0.9433679203190526
"[[1], [2, 3, 4]]",0.9439437625970217
"[[1], [2, 3, 4]]",0.9440650173864885
"[[1], [2, 3, 4]]",0.9437120619298571
"[[1], [2, 3, 4]]",0.9435025207688328
"[[1], [2, 3, 4]]",0.9433539050968518
"[[1], [2, 3, 4]]",0.9432186423725508
"[[1], [2, 3, 4]]",0.9429407894971897
"[[1], [2, 3, 4]]",0.9426040698531404
"[[1], [2, 3, 4]]",0.9419473546443494
"[[1], [2, 3, 4]]",0.9409724606076082
"[[1], [2, 3, 4]]",0.9397890219088585
"[[1], [2, 3, 4]]",0.9394185592755404
"[[1], [2, 3, 4]]",0.9382609435803535
"[[1], [2, 3, 4]]",0.9382434571287317
"[[1], [2, 3, 4]]",0.9382653639520839
"[[1], [2, 3, 4]]",0.9382977523599905
"[[1], [2, 3, 4]]",0.9382983438438826
"[[1], [2, 3, 4]]",0.9380925461445054
"[[1], [2, 3, 4]]",0.9378179999108311
"[[1], [2, 3, 4]]",0.9383640283586214
"[[1], [2, 3, 4]]",0.9382870208560405
"[[1], [2, 3, 4]]",0.9389231296787188
"[[1], [2, 3, 4]]",0.9391654205996303
"[[1], [2, 3, 4]]",0.9390530890575015
"[[1], [2, 3, 4]]",0.9391734589520171
"[[1], [2, 3, 4]]",0.9393760079802855
"[[1], [2, 3, 4]]",0.9390872874096242
"[[1], [2, 3, 4]]",0.938485153145556
"[[1], [2, 3, 4]]",0.9381392790817877
"[[1], [2, 3, 4]]",0.9457859611976647
"[[1], [2, 3, 4]]",0.9439942294792314
"[[1], [2, 3, 4]]",0.9417969104148178
"[[1], [2, 3, 4]]",0.9392696667592129
"[[1], [2, 3, 4]]",0.9364811785308995
"[[1], [2, 3, 4]]",0.9337744432705566
"[[1], [2, 3, 4]]",0.931531937756443
"[[1], [2, 3, 4]]",0.9300119326763643
"[[1], [2, 3, 4]]",0.9447217905099468
"[[1], [2, 3, 4]]",0.9621590602327748
"[[1], [2, 3, 4]]",0.9740526375724113
"[[4], [1, 2, 3]]",0.9773187534125422
"[[4], [1, 2, 3]]",0.9776915686776884
"[[4], [1, 2, 3]]",0.9776597798573508
"[[4], [1, 2, 3]]",0.9776449415510355
"[[4], [1, 2, 3]]",0.9774896948989323
"[[4], [1, 2, 3]]",0.9773841131203006
"[[4], [1, 2, 3]]",0.9774692494960733
"[[4], [1, 2, 3]]",0.9781806351122038
"[[4], [1, 2, 3]]",0.9788789346413145
"[[4], [1, 2, 3]]",0.9787047702272662
"[[4], [1, 2, 3]]",0.9784938436677904
"[[4], [1, 2, 3]]",0.9787489927539612
"[[4], [1, 2, 3]]",0.9788188149184466
"[[4], [1, 2, 3]]",0.978790458851006
"[[4], [1, 2, 3]]",0.979337401851426
"[[4], [1, 2, 3]]",0.9798656479264847
"[[4], [1, 2, 3]]",0.9812564109802269
"[[4], [1, 2, 3]]",0.982579201334383
"[[4], [1, 2, 3]]",0.9839217594624885
"[[4], [1, 2, 3]]",0.9846566706035859
"[[4], [1, 2, 3]]",0.9851413665131186
"[[4], [1, 2, 3]]",0.9854311750073782
"[[4], [1, 2, 3]]",0.9858513396069933
"[[4], [1, 2, 3]]",0.9863266850443282
"[[4], [1, 2, 3]]",0.9867209148224514
"[[4], [1, 2, 3]]",0.986974999658635
"[[4], [1, 2, 3]]",0.9871092179953649
"[[4], [1, 2, 3]]",0.9871899733470684
"[[4], [1, 2, 3]]",0.9870967744101624
"[[4], [1, 2, 3]]",0.9870849118626333
"[[4], [1, 2, 3]]",0.9871676837711997
"[[4], [1, 2, 3]]",0.9873188838802905
"[[4], [1, 2, 3]]",0.9874676652017518
"[[4], [1, 2, 3]]",0.987561316020886
"[[4], [1, 2, 3]]",0.98749905323866
"[[4], [1, 2, 3]]",0.9859810401064688
"[[4], [1, 2, 3]]",0.9848837782026194
"[[4], [1, 2, 3]]",0.9846224825992436
"[[4], [1, 2, 3]]",0.9850358832322739
"[[4], [1, 2, 3]]",0.9854134710423041
"[[4], [1, 2, 3]]",0.9857254768232091
"[[4], [1, 2, 3]]",0.9860494808517785
"[[4], [1, 2, 3]]",0.9862076208069552
"[[4], [1, 2, 3]]",0.9861972013814571
"[[4], [1, 2, 3]]",0.9866272027223544
"[[4], [1, 2, 3]]",0.9833453012994477
"[[4], [1, 2, 3]]",0.980336190073629
"[[4], [1, 2, 3]]",0.9797541530043479
"[[1], [2, 3, 4]]",0.9791505811142595
"[[1], [2, 3, 4]]",0.9789599456263318
"[[1], [2, 3, 4]]",0.9788821753091386
"[[1], [2, 3, 4]]",0.978659931464696
"[[1], [2, 3, 4]]",0.9788844927827274
"[[1], [2, 3, 4]]",0.9790230181198736
"[[1], [2, 3, 4]]",0.9790603728775855
"[[1], [2, 3, 4]]",0.9790587962066041
"[[1], [2, 3, 4]]",0.9790627013144828
"[[1], [2, 3, 4]]",0.9793684332739023
"[[4], [1, 2, 3]]",0.9797409478844175
"[[1], [2, 3, 4]]",0.9781609391762072
"[[1], [2, 3, 4]]",0.9758114040595783
"[[1], [2, 3, 4]]",0.9742310628568893
"[[1], [2, 3, 4]]",0.9745762605949317
"[[1], [2, 3, 4]]",0.9752295279072909
"[[1], [2, 3, 4]]",0.974980997952225
"[[1], [2, 3, 4]]",0.9751541825876775
"[[1], [2, 3, 4]]",0.9752523851967232
"[[1], [2, 3, 4]]",0.9750333375560959
"[[1], [2, 3, 4]]",0.9752125249657739
"[[1], [2, 3, 4]]",0.9745495950389901
"[[1], [2, 3, 4]]",0.97328845535833
"[[1], [2, 3, 4]]",0.9732000969837029
"[[1], [2, 3, 4]]",0.9732053501732632
"[[1], [2, 3, 4]]",0.973304364310914
"[[1], [2, 3, 4]]",0.9735364454834035
"[[1], [2, 3, 4]]",0.9741968254716182
"[[1], [2, 3, 4]]",0.9747563221134645
"[[1], [2, 3, 4]]",0.9752566084034654
"[[1], [2, 3, 4]]",0.975721754072283
"[[1], [2, 3, 4]]",0.9760729476759968
"[[1], [2, 3, 4]]",0.9762808247289789
"[[1], [2, 3, 4]]",0.976413826670222
"[[1], [2, 3, 4]]",0.9764816731795836
"[[1], [2, 3, 4]]",0.9766978100369718
"[[1], [2, 3, 4]]",0.9767792921671201
"[[1], [2, 3, 4]]",0.9767771430428747
"[[1], [2, 3, 4]]",0.9763024072770694
"[[1], [2, 3, 4]]",0.9763818875687746
"[[1], [2, 3, 4]]",0.9773512020950725
"[[1], [2, 3, 4]]",0.9784006455507901
"[[4], [1, 2, 3]]",0.9796821354234815
"[[4], [1, 2, 3]]",0.9804549871455956
"[[4], [1, 2, 3]]",0.9807931531273182
"[[4], [1, 2, 3]]",0.9817075159013579
"[[1], [2, 3, 4]]",0.9752265489411364
"[[1], [2, 3, 4]]",0.974944481805567
"[[1], [2, 3, 4]]",0.9749728413982907
"[[1], [2, 3, 4]]",0.974959559239092
"[[1], [2, 3, 4]]",0.9749692704858486
"[[1], [2, 3, 4]]",0.974984531043944
"[[1], [2, 3, 4]]",0.9750532337459705
"[[1], [2, 3, 4]]",0.9751704520982556
"[[1], [2, 3, 4]]",0.975222987206865
"[[1], [2, 3, 4]]",0.9752729150400435
"[[1], [2, 3, 4]]",0.9753262691429185
"[[1], [2, 3, 4]]",0.9753807093654494
"[[1], [2, 3, 4]]",0.9754082885079641
"[[1], [2, 3, 4]]",0.9759761691323482
"[[1], [2, 3, 4]]",0.9771994073126724
"[[1], [2, 3, 4]]",0.9783420526329665
"[[1], [2, 3, 4]]",0.9782984857749295
"[[1], [2, 3, 4]]",0.9779017826261143
"[[1], [2, 3, 4]]",0.9778868711550435
"[[1], [2, 3, 4]]",0.9775524977729586
"[[1], [2, 3, 4]]",0.9773298987092083
"[[1], [2, 3, 4]]",0.9770605599059323
"[[1], [2, 3, 4]]",0.9771714922409587
"[[1], [2, 3, 4]]",0.9766687516128052
"[[1], [2, 3, 4]]",0.9600531053763566
"[[1], [2, 3, 4]]",0.9551405211979955
"[[1], [2, 3, 4]]",0.955033698560221
"[[1], [2, 3, 4]]",0.9551415049439204
"[[1], [2, 3, 4]]",0.9553642390433379
"[[1], [2, 3, 4]]",0.9555084882708649
"[[1], [2, 3, 4]]",0.9555129164895922
"[[1], [2, 3, 4]]",0.9555029836375092
"[[1], [2, 3, 4]]",0.9555743347092329
"[[1], [2, 3, 4]]",0.9556328089001402
"[[1], [2, 3, 4]]",0.9557109542434463
"[[1], [2, 3, 4]]",0.9558759708079927
"[[1], [2, 3, 4]]",0.9558775485087543
"[[1], [2, 3, 4]]",0.9558664963499806
"[[1], [2, 3, 4]]",0.9558870613837325
"[[1], [2, 3, 4]]",0.9559088412581012
"[[1], [2, 3, 4]]",0.9563982644767743
"[[1], [2, 3, 4]]",0.9564065086095087
"[[1], [2, 3, 4]]",0.9561407928172703
"[[1], [2, 3, 4]]",0.9557879984645059
"[[1], [2, 3, 4]]",0.9554053948654264
"[[1], [2, 3, 4]]",0.9550772029954797
"[[1], [2, 3, 4]]",0.9544363989471876
"[[1], [2, 3, 4]]",0.9542434849800209
"[[1], [2, 3, 4]]",0.9587241648518844
"[[1], [2, 3, 4]]",0.9587290401859414
"[[1], [2, 3, 4]]",0.958684976520548
"[[1], [2, 3, 4]]",0.9586467993517245
"[[1], [2, 3, 4]]",0.958621033178708
"[[1], [2, 3, 4]]",0.9585752672211659
"[[1], [2, 3, 4]]",0.9585241198212611
"[[1], [2, 3, 4]]",0.9585483419361602
"[[1], [2, 3, 4]]",0.9585317159115672
"[[1], [2, 3, 4]]",0.9585253019060416
"[[1], [2, 3, 4]]",0.9586405210023695
"[[1], [2, 3, 4]]",0.9584861975354131
"[[1], [2, 3, 4]]",0.9580665224456391
"[[1], [2, 3, 4]]",0.957781504475222
"[[1], [2, 3, 4]]",0.9574434533425742
"[[1], [2, 3, 4]]",0.9572471158718101
"[[1], [2, 3, 4]]",0.9571325457664235
"[[1], [2, 3, 4]]",0.957110965488835
"[[1], [2, 3, 4]]",0.957656499161748
"[[1], [2, 3, 4]]",0.9581565238084415
"[[1], [2, 3, 4]]",0.9586428718239001
"[[1], [2, 3, 4]]",0.959101739360584
"[[1], [2, 3, 4]]",0.9585864451961659
"[[1], [2, 3, 4]]",0.9588461265493895
"[[1], [2, 3, 4]]",0.9783502954972396
"[[4], [1, 2, 3]]",0.9889057830592893
"[[4], [1, 2, 3]]",0.9910404272994415
"[[4], [1, 2, 3]]",0.9911865941518292
"[[4], [1, 2, 3]]",0.9912274423642184
"[[4], [1, 2, 3]]",0.9913043237329724
"[[4], [1, 2, 3]]",0.9912229951636825
"[[4], [1, 2, 3]]",0.9911159433654628
"[[4], [1, 2, 3]]",0.9911550854504385
"[[4], [1, 2, 3]]",0.9915628794088067
"[[4], [1, 2, 3]]",0.991977088023151
"[[4], [1, 2, 3]]",0.9919076660992581
"[[4], [1, 2, 3]]",0.9919028589645204
"[[4], [1, 2, 3]]",0.9922306753283882
"[[4], [1, 2, 3]]",0.9920237189375907
"[[4], [1, 2, 3]]",0.9915895235864054
"[[4], [1, 2, 3]]",0.9900128845971239
"[[4], [1, 2, 3]]",0.9884861769237028
"[[4], [1, 2, 3]]",0.987416594409256
"[[4], [1, 2, 3]]",0.9862776900312819
"[[4], [1, 2, 3]]",0.985101140437745
"[[4], [1, 2, 3]]",0.9840376843785577
"[[4], [1, 2, 3]]",0.9836793490905635
"[[4], [1, 2, 3]]",0.9839400232498832
"[[4], [1, 2, 3]]",0.9841679975197904
"[[4], [1, 2, 3]]",0.9843703283180123
"[[4], [1, 2, 3]]",0.9845272164411474
"[[4], [1, 2, 3]]",0.984874889453137
"[[4], [1, 2, 3]]",0.98538751417435
"[[4], [1, 2, 3]]",0.986092973642985
"[[4], [1, 2, 3]]",0.9861126530972744
"[[4], [1, 2, 3]]",0.9861831626363076
"[[4], [1, 2, 3]]",0.9863140715403387
"[[4], [1, 2, 3]]",0.9864764493741269
"[[4], [1, 2, 3]]",0.9868611402210394
"[[4], [1, 2, 3]]",0.9868749810011979
"[[4], [1, 2, 3]]",0.9868248872686931
"[[4], [1, 2, 3]]",0.9865736132975482
"[[4], [1, 2, 3]]",0.9864574247931894
"[[4], [1, 2, 3]]",0.9865447349041594
"[[4], [1, 2, 3]]",0.9865895475546825
"[[4], [1, 2, 3]]",0.9863567577489745
"[[4], [1, 2, 3]]",0.9856993083869072
"[[4], [1, 2, 3]]",0.9850577916406902
"[[4], [1, 2, 3]]",0.9844117489806005
"[[4], [1, 2, 3]]",0.9840587577666213
"[[4], [1, 2, 3]]",0.9840368404899313
"[[4], [1, 2, 3]]",0.9830062320686436
"[[1], [2, 3, 4]]",0.9649830834587796
"[[1], [2, 3, 4]]",0.9618116972943491
"[[1], [2, 3, 4]]",0.9614140587440256
"[[1], [2, 3, 4]]",0.9613317401638541
"[[1], [2, 3, 4]]",0.9614217096633442
"[[1], [2, 3, 4]]",0.9615016674786723
"[[1], [2, 3, 4]]",0.9616057273258085
"[[1], [2, 3, 4]]",0.9617593652170342
"[[1], [2, 3, 4]]",0.9618122312731905
"[[1], [2, 3, 4]]",0.9618595701884438
"[[1], [2, 3, 4]]",0.9619107020769597
"[[1], [2, 3, 4]]",0.9621004908606299
"[[1], [2, 3, 4]]",0.9624095265592678
"[[1], [2, 3, 4]]",0.9625196189523275
"[[1], [2, 3, 4]]",0.9632696184989025
"[[1], [2, 3, 4]]",0.9643826323035964
"[[1], [2, 3, 4]]",0.9659930604557495
"[[1], [2, 3, 4]]",0.9676886719983545
"[[1], [2, 3, 4]]",0.9680520266520453
"[[1], [2, 3, 4]]",0.9692244161928276
"[[1], [2, 3, 4]]",0.9704834182475441
"[[1], [2, 3, 4]]",0.9717239150389687
"[[1], [2, 3, 4]]",0.9724828344785943
"[[1], [2, 3, 4]]",0.9726088228526193
"[[1], [2, 3, 4]]",0.9631156685738651
"[[1], [2, 3, 4]]",0.9618820139054876
"[[1], [2, 3, 4]]",0.9619315777205719
"[[1], [2, 3, 4]]",0.9621020906623232
"[[1], [2, 3, 4]]",0.9622447147698745
"[[1], [2, 3, 4]]",0.9626264685142158
"[[1], [2, 3, 4]]",0.9630735125651816
"[[1], [2, 3, 4]]",0.9634647668642977
"[[1], [2, 3, 4]]",0.963742309392466
"[[1], [2, 3, 4]]",0.9639056769452151
"[[1], [2, 3, 4]]",0.9641006469678735
"[[1], [2, 3, 4]]",0.9642161959198198
"[[1], [2, 3, 4]]",0.9642761420331283
"[[1], [2, 3, 4]]",0.9642549341766785
"[[1], [2, 3, 4]]",0.9642458420792069
"[[1], [2, 3, 4]]",0.9642449691383157
"[[1], [2, 3, 4]]",0.964460878152924
"[[1], [2, 3, 4]]",0.9647937685790009
"[[1], [2, 3, 4]]",0.9653695367490953
"[[1], [2, 3, 4]]",0.9660250650739994
"[[1], [2, 3, 4]]",0.9667456685962167
"[[1], [2, 3, 4]]",0.9672712072332557
"[[1], [2, 3, 4]]",0.9676878318387521
"[[1], [2, 3, 4]]",0.9676618014788169
"[[1], [2, 3, 4]]",0.9739633442868741
"[[1], [2, 3, 4]]",0.9744153859572676
"[[1], [2, 3, 4]]",0.97442168142386
"[[1], [2, 3, 4]]",0.9744148857150057
"[[1], [2, 3, 4]]",0.9744280316413012
"[[1], [2, 3, 4]]",0.9744533902433477
"[[1], [2, 3, 4]]",0.9745269140482414
"[[1], [2, 3, 4]]",0.9745910931215267
"[[1], [2, 3, 4]]",0.9746709174951147
"[[1], [2, 3, 4]]",0.9747082539116765
"[[1], [2, 3, 4]]",0.9748096186438208
"[[1], [2, 3, 4]]",0.9749575125545489
"[[1], [2, 3, 4]]",0.9749307137597104
"[[1], [2, 3, 4]]",0.9749037427073302
"[[1], [2, 3, 4]]",0.974903517034537
"[[1], [2, 3, 4]]",0.9749174973679899
"[[1], [2, 3, 4]]",0.9747698483855265
"[[1], [2, 3, 4]]",0.9745736466135194
"[[1], [2, 3, 4]]",0.9750712752194766
"[[1], [2, 3, 4]]",0.9749178280435467
"[[1], [2, 3, 4]]",0.9745222422418329
"[[1], [2, 3, 4]]",0.9742631690536181
"[[1], [2, 3, 4]]",0.9739951350361185
"[[1], [2, 3, 4]]",0.9739837550085481
"[[4], [1, 2, 3]]",0.9799200873436762
"[[4], [1, 2, 3]]",0.9799744968650554
"[[4], [1, 2, 3]]",0.9800165803911578
"[[4], [1, 2, 3]]",0.9800207177947466
"[[4], [1, 2, 3]]",0.979764514524575
"[[4], [1, 2, 3]]",0.9797163174394052
"[[4], [1, 2, 3]]",0.9798009884382335
"[[4], [1, 2, 3]]",0.9797638408248113
"[[4], [1, 2, 3]]",0.9797608664618738
"[[4], [1, 2, 3]]",0.979786866005438
"[[4], [1, 2, 3]]",0.9797769234987393
"[[4], [1, 2, 3]]",0.9798037575998466
"[[4], [1, 2, 3]]",0.979805431303757
"[[4], [1, 2, 3]]",0.979783079856865
"[[4], [1, 2, 3]]",0.9797829886609725
"[[4], [1, 2, 3]]",0.9793737831445242
"[[4], [1, 2, 3]]",0.9786723949477953
"[[1], [2, 3, 4]]",0.9771814008114263
"[[1], [2, 3, 4]]",0.9758643791690161
"[[1], [2, 3, 4]]",0.9744767502312353
"[[1], [2, 3, 4]]",0.9731515093853841
"[[1], [2, 3, 4]]",0.9721353839431293
"[[1], [2, 3, 4]]",0.9714272382368991
"[[1], [2, 3, 4]]",0.9713759767985721
"[[1], [2, 3, 4]]",0.9732091032037173
"[[1], [2, 3, 4]]",0.9745267099700479
"[[1], [2, 3, 4]]",0.9747064258056328
"[[1], [2, 3, 4]]",0.9747170603510471
"[[1], [2, 3, 4]]",0.9747015806653654
"[[1], [2, 3, 4]]",0.9745465418750996
"[[1], [2, 3, 4]]",0.9743990848363364
"[[1], [2, 3, 4]]",0.9742553964760887
"[[1], [2, 3, 4]]",0.9739533408075818
"[[1], [2, 3, 4]]",0.9737163287172215
"[[1], [2, 3, 4]]",0.9736043648204502
"[[1], [2, 3, 4]]",0.9735434808726269
"[[1], [2, 3, 4]]",0.9735014097698246
"[[1], [2, 3, 4]]",0.9734957284993424
"[[1], [2, 3, 4]]",0.9733192482830728
"[[1], [2, 3, 4]]",0.9725700509336281
"[[1], [2, 3, 4]]",0.9712434373421384
"[[1], [2, 3, 4]]",0.9686096699151292
"[[1], [2, 3, 4]]",0.9645618088598016
"[[1], [2, 3, 4]]",0.960417942295734
"[[1], [2, 3, 4]]",0.9562707416532519
"[[1], [2, 3, 4]]",0.9547215813460808
"[[1], [2, 3, 4]]",0.9538354487559626
"[[1], [2, 3, 4]]",0.9535160215606131
"[[1], [2, 3, 4]]",0.9573639686605109
"[[1], [2, 3, 4]]",0.9601672180630444
"[[1], [2, 3, 4]]",0.960569032714787
"[[1], [2, 3, 4]]",0.9606625541897386
"[[1], [2, 3, 4]]",0.9614950349260548
"[[1], [2, 3, 4]]",0.9617778497281613
"[[1], [2, 3, 4]]",0.9619431961513472
"[[1], [2, 3, 4]]",0.9618945084067771
"[[1], [2, 3, 4]]",0.961810584062885
"[[1], [2, 3, 4]]",0.9618903229562217
"[[1], [2, 3, 4]]",0.9618409347979824
"[[1], [2, 3, 4]]",0.9618493758698092
"[[1], [2, 3, 4]]",0.9621267306743194
"[[1], [2, 3, 4]]",0.9622713416204427
"[[1], [2, 3, 4]]",0.961794280518853
"[[1], [2, 3, 4]]",0.9598516131692378
"[[1], [2, 3, 4]]",0.9580742935495001
"[[1], [2, 3, 4]]",0.9540844837262696
"[[1], [2, 3, 4]]",0.950239178792566
"[[1], [2, 3, 4]]",0.9463801157687506
"[[1], [2, 3, 4]]",0.9423477466962195
"[[1], [2, 3, 4]]",0.937767250290019
"[[1], [2, 3, 4]]",0.9361089161804341
"[[1], [2, 3, 4]]",0.9359417505097374
"[[1], [2, 3, 4]]",0.9359697624096062
"[[1], [2, 3, 4]]",0.9359297726287241
"[[1], [2, 3, 4]]",0.9359038730451961
"[[1], [2, 3, 4]]",0.9358583280635793
"[[1], [2, 3, 4]]",0.9359848461740494
"[[1], [2, 3, 4]]",0.9364272785450698
"[[1], [2, 3, 4]]",0.93683290528434
"[[1], [2, 3, 4]]",0.9371876748076557
"[[1], [2, 3, 4]]",0.9380294991832178
"[[1], [2, 3, 4]]",0.9388598736655174
"[[1], [2, 3, 4]]",0.9393091397915424
"[[1], [2, 3, 4]]",0.9396111919838033
"[[1], [2, 3, 4]]",0.9398975782927879
"[[1], [2, 3, 4]]",0.940140669642417
"[[1], [2, 3, 4]]",0.9401650789881115
"[[1], [2, 3, 4]]",0.9400857766257413
"[[1], [2, 3, 4]]",0.9400475855654911
"[[1], [2, 3, 4]]",0.9414567503063103
"[[1], [2, 3, 4]]",0.9424770028249061
"[[1], [2, 3, 4]]",0.9459281727174581
"[[1], [2, 3, 4]]",0.949938513854937
"[[1], [2, 3, 4]]",0.9511506236134455
"[[1], [2, 3, 4]]",0.951283566786574
"[[1], [2, 3, 4]]",0.9510927321928571
"[[1], [2, 3, 4]]",0.9509959158843493
"[[1], [2, 3, 4]]",0.9509131194381093
"[[1], [2, 3, 4]]",0.9509065351317043
"[[1], [2, 3, 4]]",0.9507786489310479
"[[1], [2, 3, 4]]",0.9508108207218077
"[[1], [2, 3, 4]]",0.9509477476241883
"[[1], [2, 3, 4]]",0.9510968723451902
"[[1], [2, 3, 4]]",0.9511402715661099
"[[1], [2, 3, 4]]",0.9513482805324535
"[[1], [2, 3, 4]]",0.9513221983395452
"[[1], [2, 3, 4]]",0.9510711206110514
"[[1], [2, 3, 4]]",0.9505550623087067
"[[1], [2, 3, 4]]",0.9499932629914692
"[[1], [2, 3, 4]]",0.9485884933942075
"[[1], [2, 3, 4]]",0.948886700685581
"[[1], [2, 3, 4]]",0.9508248747347159
"[[1], [2, 3, 4]]",0.9532177384190805
"[[1], [2, 3, 4]]",0.9586003490042764
"[[1], [2, 3, 4]]",0.9638475185832915
"[[1], [2, 3, 4]]",0.9691736525142947
"[[1], [2, 3, 4]]",0.9744259283739771
"[[4], [1, 2, 3]]",0.9795975592726425
"[[4], [1, 2, 3]]",0.9813646141195205
"[[4], [1, 2, 3]]",0.981415252241181
"[[4], [1, 2, 3]]",0.9813930404478792
"[[4], [1, 2, 3]]",0.9814009201249113
"[[4], [1, 2, 3]]",0.9814087287200375
"[[4], [1, 2, 3]]",0.9814214780258839
"[[4], [1, 2, 3]]",0.981354456145368
"[[4], [1, 2, 3]]",0.981485867542272
"[[4], [1, 2, 3]]",0.9816626754530589
"[[4], [1, 2, 3]]",0.9817940551252757
"[[4], [1, 2, 3]]",0.9819048273895723
"[[4], [1, 2, 3]]",0.9819816776349938
"[[4], [1, 2, 3]]",0.9820920964630966
"[[4], [1, 2, 3]]",0.9820610596119825
"[[4], [1, 2, 3]]",0.9819670273306075
"[[4], [1, 2, 3]]",0.981929284621577
"[[4], [1, 2, 3]]",0.9820692617480125
"[[4], [1, 2, 3]]",0.9826383213016295
"[[4], [1, 2, 3]]",0.9835938468535683
"[[4], [1, 2, 3]]",0.9842931155248873
"[[4], [1, 2, 3]]",0.9868560357942914
"[[4], [1, 2, 3]]",0.9874431391057148
"[[4], [1, 2, 3]]",0.9877394152341807
"[[4], [1, 2, 3]]",0.9877694763952922
"[[4], [1, 2, 3]]",0.9883836648566788
"[[4], [1, 2, 3]]",0.988260918717825
"[[4], [1, 2, 3]]",0.9863358842866714
"[[4], [1, 2, 3]]",0.985804945898854
"[[4], [1, 2, 3]]",0.9854474954702717
"[[4], [1, 2, 3]]",0.9854166359210236
"[[4], [1, 2, 3]]",0.9854221328968805
"[[4], [1, 2, 3]]",0.9854786133972624
"[[4], [1, 2, 3]]",0.9854757369840828
"[[4], [1, 2, 3]]",0.9854726421551585
"[[4], [1, 2, 3]]",0.9854678922106503
"[[4], [1, 2, 3]]",0.9854297473018321
"[[4], [1, 2, 3]]",0.9854123222684393
"[[4], [1, 2, 3]]",0.985367246838446
"[[4], [1, 2, 3]]",0.9853873050279016
"[[4], [1, 2, 3]]",0.9858838119630159
"[[4], [1, 2, 3]]",0.985899838883938
"[[4], [1, 2, 3]]",0.9856109356107037
"[[4], [1, 2, 3]]",0.9846081528136872
"[[4], [1, 2, 3]]",0.9829759263384494
"[[4], [1, 2, 3]]",0.9814277953214914
"[[4], [1, 2, 3]]",0.9796544502304472
"[[4], [1, 2, 3]]",0.9778431143941752
"[[1], [2, 3, 4]]",0.9760567883943105
"[[1], [2, 3, 4]]",0.9753362342438866
"[[1], [2, 3, 4]]",0.9753764568949459
"[[1], [2, 3, 4]]",0.9747893054746826
"[[1], [2, 3, 4]]",0.9743384520125076
"[[1], [2, 3, 4]]",0.9741984533776197
"[[1], [2, 3, 4]]",0.9741757040366099
"[[1], [2, 3, 4]]",0.97411811956999
"[[1], [2, 3, 4]]",0.9740259730860572
"[[1], [2, 3, 4]]",0.9740654350125585
"[[1], [2, 3, 4]]",0.9740728918194499
"[[1], [2, 3, 4]]",0.9740066531032023
"[[1], [2, 3, 4]]",0.9737180458808385
"[[1], [2, 3, 4]]",0.9735170584376862
"[[1], [2, 3, 4]]",0.9733368376128135
"[[1], [2, 3, 4]]",0.9732388865829193
"[[1], [2, 3, 4]]",0.9728521245382523
"[[1], [2, 3, 4]]",0.9727839048683508
"[[1], [2, 3, 4]]",0.9729271252213826
"[[1], [2, 3, 4]]",0.973530522111028
"[[1], [2, 3, 4]]",0.9745225004148048
"[[1], [2, 3, 4]]",0.9756921710919003
"[[4], [1, 2, 3]]",0.976944435974216
"[[4], [1, 2, 3]]",0.9780963364811501
"[[4], [1, 2, 3]]",0.9787731070868819
"[[4], [1, 2, 3]]",0.9788510860416211
"[[4], [1, 2, 3]]",0.9788835321309495
"[[4], [1, 2, 3]]",0.9801306298732373
"[[4], [1, 2, 3]]",0.9805065618260762
"[[4], [1, 2, 3]]",0.9804959574453453
"[[4], [1, 2, 3]]",0.9804797989194027
"[[4], [1, 2, 3]]",0.9797936581372315
"[[4], [1, 2, 3]]",0.9795127022273473
"[[4], [1, 2, 3]]",0.9781318155965717
"[[4], [1, 2, 3]]",0.9768752277068191
"[[4], [1, 2, 3]]",0.9758404616276684
"[[4], [1, 2, 3]]",0.9743938706246476
"[[1], [2, 3, 4]]",0.973085132774865
"[[1], [2, 3, 4]]",0.9715095419419338
"[[1], [2, 3, 4]]",0.9707873791477186
"[[1], [2, 3, 4]]",0.970421193456687
"[[1], [2, 3, 4]]",0.9705059050717129
"[[1], [2, 3, 4]]",0.9699859602312586
"[[1], [2, 3, 4]]",0.9698480002402584
"[[1], [2, 3, 4]]",0.9699300914625031
"[[1], [2, 3, 4]]",0.9695273577804555
"[[1], [2, 3, 4]]",0.9692552534664162
"[[1], [2, 3, 4]]",0.969338156357411
"[[1], [2, 3, 4]]",0.9693858879658688
"[[1], [2, 3, 4]]",0.9693596807502411
"[[1], [2, 3, 4]]",0.9693813295250255
"[[1], [2, 3, 4]]",0.968922877927165
"[[1], [2, 3, 4]]",0.9688508471025568
"[[1], [2, 3, 4]]",0.9687108292722968
"[[1], [2, 3, 4]]",0.9687046816414211
"[[1], [2, 3, 4]]",0.9679708082943039
"[[1], [2, 3, 4]]",0.9676510218523275
"[[1], [2, 3, 4]]",0.9672553980175582
"[[1], [2, 3, 4]]",0.966796182257211
"[[1], [2, 3, 4]]",0.9656803636400424
"[[1], [2, 3, 4]]",0.9640636074621745
"[[1], [2, 3, 4]]",0.9626542781169087
"[[1], [2, 3, 4]]",0.9618861252808282
"[[1], [2, 3, 4]]",0.9618087161430433
"[[1], [2, 3, 4]]",0.9616622515166864
"[[1], [2, 3, 4]]",0.9617491725212252
"[[1], [2, 3, 4]]",0.9594641332463405
"[[1], [2, 3, 4]]",0.9576929568032957
"[[1], [2, 3, 4]]",0.9557972519243535
"[[1], [2, 3, 4]]",0.9542722596062168
"[[1], [2, 3, 4]]",0.9525564129586923
"[[1], [2, 3, 4]]",0.9503502093539111
"[[1], [2, 3, 4]]",0.9485059201290849
"[[1], [2, 3, 4]]",0.9470493942766793
"[[1], [2, 3, 4]]",0.9471312134712921
"[[1], [2, 3, 4]]",0.9460778349692964
"[[1], [2, 3, 4]]",0.9457750317697108
"[[1], [2, 3, 4]]",0.9454342131919085
"[[1], [2, 3, 4]]",0.9453873555471417
"[[1], [2, 3, 4]]",0.9451038385896225
"[[1], [2, 3, 4]]",0.9452070319138781
"[[1], [2, 3, 4]]",0.9455643749292362
"[[1], [2, 3, 4]]",0.9459508752186838
"[[1], [2, 3, 4]]",0.9461395762264468
"[[1], [2, 3, 4]]",0.9460927877682943
"[[1], [2, 3, 4]]",0.946236480651943
"[[1], [2, 3, 4]]",0.9464463690236573
"[[1], [2, 3, 4]]",0.9466012476197758
"[[1], [2, 3, 4]]",0.9464289497722975
"[[1], [2, 3, 4]]",0.9464767922170749
"[[1], [2, 3, 4]]",0.9482200304034567
"[[1], [2, 3, 4]]",0.9503908028023769
"[[1], [2, 3, 4]]",0.9519006355156563
"[[1], [2, 3, 4]]",0.9534458280879557
"[[1], [2, 3, 4]]",0.9550761811572342
"[[1], [2, 3, 4]]",0.956934959335931
"[[1], [2, 3, 4]]",0.959266560111548
"[[1], [2, 3, 4]]",0.9610319842682638
"[[1], [2, 3, 4]]",0.9607800479711037
"[[1], [2, 3, 4]]",0.9596701487813291
"[[1], [2, 3, 4]]",0.9596732426634131
"[[1], [2, 3, 4]]",0.9593254480283933
"[[1], [2, 3, 4]]",0.9593830086830217
"[[1], [2, 3, 4]]",0.9591851816677373
"[[1], [2, 3, 4]]",0.9591447175217923
"[[1], [2, 3, 4]]",0.9591323058598775
"[[1], [2, 3, 4]]",0.9592055464782887
"[[1], [2, 3, 4]]",0.9592934397294148
"[[1], [2, 3, 4]]",0.9595937269435566
"[[1], [2, 3, 4]]",0.9598764692588064
"[[1], [2, 3, 4]]",0.9598252715777509
"[[1], [2, 3, 4]]",0.9551688316716935
"[[1], [2, 3, 4]]",0.9525468812886289
"[[1], [2, 3, 4]]",0.9529767769125466
"[[1], [2, 3, 4]]",0.9558224834799417
"[[1], [2, 3, 4]]",0.9570473737248307
"[[1], [2, 3, 4]]",0.9582939263383548
"[[1], [2, 3, 4]]",0.9585639238804531
"[[1], [2, 3, 4]]",0.9589021606735146
"[[1], [2, 3, 4]]",0.9595099751446836
"[[1], [2, 3, 4]]",0.9598644953526353
"[[1], [2, 3, 4]]",0.9611595951185219
"[[1], [2, 3, 4]]",0.9615792005807908
"[[1], [2, 3, 4]]",0.9559664774887815
"[[1], [2, 3, 4]]",0.9544480774287221
"[[1], [2, 3, 4]]",0.9541927835784605
"[[1], [2, 3, 4]]",0.9540935943322715
"[[1], [2, 3, 4]]",0.9541126583809099
"[[1], [2, 3, 4]]",0.9542134453022315
"[[1], [2, 3, 4]]",0.9542811866651509
"[[1], [2, 3, 4]]",0.9543314472763349
"[[1], [2, 3, 4]]",0.9543105461878476
"[[1], [2, 3, 4]]",0.954289524657727
"[[1], [2, 3, 4]]",0.9542703354652868
"[[1], [2, 3, 4]]",0.9542440837793704
"[[1], [2, 3, 4]]",0.9542790170078344
"[[1], [2, 3, 4]]",0.9542627734432361
"[[1], [2, 3, 4]]",0.9539211456933033
"[[1], [2, 3, 4]]",0.9527918055914026
"[[1], [2, 3, 4]]",0.9506472442320116
"[[1], [2, 3, 4]]",0.9492298407654627
"[[1], [2, 3, 4]]",0.948181968287242
"[[1], [2, 3, 4]]",0.9469244106997103
"[[1], [2, 3, 4]]",0.9451260124283324
"[[1], [2, 3, 4]]",0.9428320592719299
"[[1], [2, 3, 4]]",0.9410602180892079
"[[1], [2, 3, 4]]",0.9405971625563752
"[[1], [2, 3, 4]]",0.9407159990655207
"[[1], [2, 3, 4]]",0.9407892521686227
"[[1], [2, 3, 4]]",0.9407833549780944
"[[1], [2, 3, 4]]",0.9407245126140659
"[[1], [2, 3, 4]]",0.940678145403695
"[[1], [2, 3, 4]]",0.9405870060486746
"[[1], [2, 3, 4]]",0.940425566467314
"[[1], [2, 3, 4]]",0.9403016041476775
"[[1], [2, 3, 4]]",0.9401630725821561
"[[1], [2, 3, 4]]",0.9400244209876589
"[[1], [2, 3, 4]]",0.9398954198901195
"[[1], [2, 3, 4]]",0.9398097456918209
"[[1], [2, 3, 4]]",0.9424113203482707
"[[1], [2, 3, 4]]",0.9446379077682799
"[[1], [2, 3, 4]]",0.9445999182488579
"[[1], [2, 3, 4]]",0.9445969408006705
"[[1], [2, 3, 4]]",0.9444949372226299
"[[1], [2, 3, 4]]",0.9435444336787249
"[[1], [2, 3, 4]]",0.9431166915319456
"[[1], [2, 3, 4]]",0.9428599652383202
"[[1], [2, 3, 4]]",0.9427848397129315
"[[1], [2, 3, 4]]",0.9427507695153874
"[[1], [2, 3, 4]]",0.9419041557797194
"[[1], [2, 3, 4]]",0.9415430639248865
"[[1], [2, 3, 4]]",0.9477976725420891
"[[1], [2, 3, 4]]",0.9504679867676469
"[[1], [2, 3, 4]]",0.9513327843973034
"[[1], [2, 3, 4]]",0.9520412813141197
"[[1], [2, 3, 4]]",0.951956238524261
"[[1], [2, 3, 4]]",0.9520144168163177
"[[1], [2, 3, 4]]",0.9520680114161666
"[[1], [2, 3, 4]]",0.9522305606614601
"[[1], [2, 3, 4]]",0.9525341277871007
"[[1], [2, 3, 4]]",0.9528659203334586
"[[1], [2, 3, 4]]",0.9530236507245388
"[[1], [2, 3, 4]]",0.9529443668065498
"[[1], [2, 3, 4]]",0.9529518169435056
"[[1], [2, 3, 4]]",0.953000857050412
"[[1], [2, 3, 4]]",0.9529293457905874
"[[1], [2, 3, 4]]",0.9534082789579559
"[[1], [2, 3, 4]]",0.9537511291168186
"[[1], [2, 3, 4]]",0.9545973319765562
"[[1], [2, 3, 4]]",0.9546148502860408
"[[1], [2, 3, 4]]",0.9547361382375394
"[[1], [2, 3, 4]]",0.954871537888409
"[[1], [2, 3, 4]]",0.9557092270797916
"[[1], [2, 3, 4]]",0.9567597789027631
"[[1], [2, 3, 4]]",0.9567545574425039
"[[1], [2, 3, 4]]",0.9571929789121117
"[[1], [2, 3, 4]]",0.9575991711167129
"[[1], [2, 3, 4]]",0.9577859860045761
"[[1], [2, 3, 4]]",0.9577741468246075
"[[1], [2, 3, 4]]",0.9579575931261135
"[[1], [2, 3, 4]]",0.9580990405307818
"[[1], [2, 3, 4]]",0.9580429712685685
"[[1], [2, 3, 4]]",0.9578993267260429
"[[1], [2, 3, 4]]",0.957121118502072
"[[1], [2, 3, 4]]",0.9560464093229377
"[[1], [2, 3, 4]]",0.9557807041631535
"[[1], [2, 3, 4]]",0.9547994031137644
"[[1], [2, 3, 4]]",0.9548672819036789
"[[1], [2, 3, 4]]",0.9547897464708179
"[[1], [2, 3, 4]]",0.9531523598744389
"[[1], [2, 3, 4]]",0.9498180400638849
"[[1], [2, 3, 4]]",0.9454391848809784
"[[1], [2, 3, 4]]",0.9424173500568059
"[[1], [2, 3, 4]]",0.9398043683766333
"[[1], [2, 3, 4]]",0.9370024241223378
"[[1], [2, 3, 4]]",0.9343306084138067
"[[1], [2, 3, 4]]",0.9319271153134914
"[[1], [2, 3, 4]]",0.9303712698313604
"[[1], [2, 3, 4]]",0.9295693169869015
"[[1], [2, 3, 4]]",0.9294787319263437
"[[1], [2, 3, 4]]",0.9294800193125179
"[[1], [2, 3, 4]]",0.9294249968553322
"[[1], [2, 3, 4]]",0.9295094691001466
"[[1], [2, 3, 4]]",0.928890261501806
"[[1], [2, 3, 4]]",0.9289076242906624
"[[1], [2, 3, 4]]",0.9286971905965622
"[[1], [2, 3, 4]]",0.9285442132931732
"[[1], [2, 3, 4]]",0.9285504301568723
"[[1], [2, 3, 4]]",0.9286311703389293
"[[1], [2, 3, 4]]",0.9287002521502946
"[[1], [2, 3, 4]]",0.9291003030132666
"[[1], [2, 3, 4]]",0.9292865744181831
"[[1], [2, 3, 4]]",0.9290822089935801
"[[1], [2, 3, 4]]",0.9271659802337955
"[[1], [2, 3, 4]]",0.9240811109073745
"[[1], [2, 3, 4]]",0.9238981874895382
"[[1], [2, 3, 4]]",0.9228259668644185
"[[1], [2, 3, 4]]",0.9227311985875639
"[[1], [2, 3, 4]]",0.9225094382517725
"[[1], [2, 3, 4]]",0.9220320644862667
"[[1], [2, 3, 4]]",0.920754346014404
"[[1], [2, 3, 4]]",0.9190744209822108
"[[1], [2, 3, 4]]",0.9184488010900955
"[[1], [2, 3, 4]]",0.9183157330766643
"[[1], [2, 3, 4]]",0.9184312475625895
"[[1], [2, 3, 4]]",0.9184901265897276
"[[1], [2, 3, 4]]",0.9184651448154584
"[[1], [2, 3, 4]]",0.9187854102881936
"[[1], [2, 3, 4]]",0.9188551136234183
"[[1], [2, 3, 4]]",0.9183601332762334
"[[1], [2, 3, 4]]",0.9183603585936697
"[[1], [2, 3, 4]]",0.9204373079391558
"[[1], [2, 3, 4]]",0.9239110630895386
"[[1], [2, 3, 4]]",0.9258781932797291
"[[1], [2, 3, 4]]",0.9292101479652284
"[[1], [2, 3, 4]]",0.9295848286076089
"[[1], [2, 3, 4]]",0.9297191132546687
"[[1], [2, 3, 4]]",0.9310007983952107
"[[1], [2, 3, 4]]",0.9338654462524123
"[[1], [2, 3, 4]]",0.9398352003555032
"[[1], [2, 3, 4]]",0.9447733722203921
"[[1], [2, 3, 4]]",0.9491433302593455
"[[1], [2, 3, 4]]",0.9537646682232395
"[[1], [2, 3, 4]]",0.9580322108438579
"[[1], [2, 3, 4]]",0.9627732975262756
"[[1], [2, 3, 4]]",0.964988621085765
"[[1], [2, 3, 4]]",0.9641270917560003
"[[1], [2, 3, 4]]",0.9629792257654319
"[[1], [2, 3, 4]]",0.9625919851871638
"[[1], [2, 3, 4]]",0.9628604982454152
"[[1], [2, 3, 4]]",0.9633255427387295
"[[1], [2, 3, 4]]",0.9658231121217014
"[[1], [2, 3, 4]]",0.9655902699254382
"[[1], [2, 3, 4]]",0.9651897671692606
"[[1], [2, 3, 4]]",0.9652403301311052
"[[1], [2, 3, 4]]",0.965328266911373
"[[1], [2, 3, 4]]",0.9646730181293673
"[[1], [2, 3, 4]]",0.9643038246626133
"[[1], [2, 3, 4]]",0.9645199662220765
"[[1], [2, 3, 4]]",0.9645108355433798
"[[1], [2, 3, 4]]",0.9645999815559978
"[[1], [2, 3, 4]]",0.9657390148720844
"[[1], [2, 3, 4]]",0.9669458821647356
"[[1], [2, 3, 4]]",0.9658263309111901
"[[1], [2, 3, 4]]",0.9644687228071862
"[[1], [2, 3, 4]]",0.9613466790821343
"[[1], [2, 3, 4]]",0.9589662554343057
"[[1], [2, 3, 4]]",0.9568549972687158
"[[1], [2, 3, 4]]",0.956867804572289
"[[1], [2, 3, 4]]",0.9571261131910174
"[[1], [2, 3, 4]]",0.9571722831251083
"[[1], [2, 3, 4]]",0.9572423522089546
"[[1], [2, 3, 4]]",0.9573034316031149
"[[1], [2, 3, 4]]",0.9575186953661561
"[[1], [2, 3, 4]]",0.9574989225606302
"[[1], [2, 3, 4]]",0.9577173156844239
"[[1], [2, 3, 4]]",0.9572858148995581
"[[1], [2, 3, 4]]",0.9573724110626385
"[[1], [2, 3, 4]]",0.9574590045967943
"[[1], [2, 3, 4]]",0.9577403867100724
"[[1], [2, 3, 4]]",0.9576619478796031
"[[1], [2, 3, 4]]",0.9576529411163115
"[[1], [2, 3, 4]]",0.9578193616865098
"[[1], [2, 3, 4]]",0.9577601831194832
"[[1], [2, 3, 4]]",0.9577837851002539
"[[1], [2, 3, 4]]",0.9557632836298162
"[[1], [2, 3, 4]]",0.9530452762423682
"[[1], [2, 3, 4]]",0.9480290177898594
"[[1], [2, 3, 4]]",0.9430424825134851
"[[1], [2, 3, 4]]",0.9385728554479784
"[[1], [2, 3, 4]]",0.9337796821038842
"[[1], [2, 3, 4]]",0.9293056719911524
"[[1], [2, 3, 4]]",0.9241317988248705
"[[1], [2, 3, 4]]",0.921701174060787
"[[1], [2, 3, 4]]",0.9229268663124626
"[[1], [2, 3, 4]]",0.9247861964833122
"[[1], [2, 3, 4]]",0.9268149759024801
"[[1], [2, 3, 4]]",0.9289698742296988
"[[1], [2, 3, 4]]",0.9290498153462157
"[[1], [2, 3, 4]]",0.9298943657252248
"[[1], [2, 3, 4]]",0.9296268211540992
"[[1], [2, 3, 4]]",0.929521601681293
"[[1], [2, 3, 4]]",0.9292819218332025
"[[1], [2, 3, 4]]",0.9298003217321098
"[[1], [2, 3, 4]]",0.9317136070831327
"[[1], [2, 3, 4]]",0.9340551295332244
"[[1], [2, 3, 4]]",0.9351350353487332
"[[1], [2, 3, 4]]",0.93538390362296
"[[1], [2, 3, 4]]",0.935517785314405
"[[1], [2, 3, 4]]",0.9350090900333541
"[[1], [2, 3, 4]]",0.9348397527193677
"[[1], [2, 3, 4]]",0.9349498136748775
"[[1], [2, 3, 4]]",0.9366825212826485
"[[1], [2, 3, 4]]",0.9388451857364126
"[[1], [2, 3, 4]]",0.9417257837732171
"[[1], [2, 3, 4]]",0.944650229650864
"[[1], [2, 3, 4]]",0.9450602587267125
"[[1], [2, 3, 4]]",0.9456822753497753
"[[1], [2, 3, 4]]",0.9456897917278833
"[[1], [2, 3, 4]]",0.9455426888843583
"[[1], [2, 3, 4]]",0.945534729716348
"[[1], [2, 3, 4]]",0.945577024511794
"[[1], [2, 3, 4]]",0.9455949820947022
"[[1], [2, 3, 4]]",0.9449923946497929
"[[1], [2, 3, 4]]",0.9451544438017216
"[[1], [2, 3, 4]]",0.9454964843443718
"[[1], [2, 3, 4]]",0.9458202627469163
"[[1], [2, 3, 4]]",0.9461606590070734
"[[1], [2, 3, 4]]",0.9465922010967998
"[[1], [2, 3, 4]]",0.9465696217435966
"[[1], [2, 3, 4]]",0.9471087039572554
"[[1], [2, 3, 4]]",0.9463084098845871
"[[1], [2, 3, 4]]",0.9453980600833168
"[[1], [2, 3, 4]]",0.9332346612066371
"[[1], [2, 3, 4]]",0.9144804709621865
"[[1], [2, 3, 4]]",0.9082006277550265
"[[1], [2, 3, 4]]",0.9077587249602193
"[[1], [2, 3, 4]]",0.9115353941720671
"[[1], [2, 3, 4]]",0.9152584060020132
"[[1], [2, 3, 4]]",0.9188297699137606
"[[1], [2, 3, 4]]",0.9226329458079179
"[[1], [2, 3, 4]]",0.9234969962258783
"[[1], [2, 3, 4]]",0.9233796763274595
"[[1], [2, 3, 4]]",0.9221488189404062
"[[1], [2, 3, 4]]",0.9225285465386598
"[[1], [2, 3, 4]]",0.9232601106422995
"[[1], [2, 3, 4]]",0.924871243300292
"[[1], [2, 3, 4]]",0.9262213973380863
"[[1], [2, 3, 4]]",0.9273105170291793
"[[1], [2, 3, 4]]",0.9287489219233834
"[[1], [2, 3, 4]]",0.9299370431022138
"[[1], [2, 3, 4]]",0.9307048455879008
"[[1], [2, 3, 4]]",0.9312123200217877
"[[1], [2, 3, 4]]",0.9317982531186609
"[[1], [2, 3, 4]]",0.9325206823688424
"[[1], [2, 3, 4]]",0.9330187367276794
"[[1], [2, 3, 4]]",0.9337755142313471
"[[1], [2, 3, 4]]",0.9354616398560354
"[[1], [2, 3, 4]]",0.9369282740373363
"[[1], [2, 3, 4]]",0.9379292880958616
"[[1], [2, 3, 4]]",0.9389430005671413
"[[1], [2, 3, 4]]",0.940945856816319
"[[1], [2, 3, 4]]",0.9419978006570642
"[[1], [2, 3, 4]]",0.9431581327739564
"[[1], [2, 3, 4]]",0.9440818858074608
"[[1], [2, 3, 4]]",0.9446964972196583
"[[1], [2, 3, 4]]",0.9453653632812213
"[[1], [2, 3, 4]]",0.9458519126470393
"[[1], [2, 3, 4]]",0.9464634299861898
"[[1], [2, 3, 4]]",0.9475556748308775
"[[1], [2, 3, 4]]",0.9482079044246036
"[[1], [2, 3, 4]]",0.9485565023027538
"[[1], [2, 3, 4]]",0.9502920609782901
"[[1], [2, 3, 4]]",0.9511547267082543
"[[1], [2, 3, 4]]",0.9519917182977784
"[[1], [2, 3, 4]]",0.953264464680246
"[[1], [2, 3, 4]]",0.9538459947762337
"[[1], [2, 3, 4]]",0.9541750548309492
"[[1], [2, 3, 4]]",0.9546492153811186
"[[1], [2, 3, 4]]",0.954161388712324
"[[1], [2, 3, 4]]",0.9535415864109872
"[[1], [2, 3, 4]]",0.9516285064484638
"[[1], [2, 3, 4]]",0.9508481069240124
"[[1], [2, 3, 4]]",0.949539136170334
"[[1], [2, 3, 4]]",0.9475919049984136
"[[1], [2, 3, 4]]",0.9441190828101058
"[[1], [2, 3, 4]]",0.9415496439972731
"[[1], [2, 3, 4]]",0.9394722902500652
"[[1], [2, 3, 4]]",0.9377697492328378
"[[1], [2, 3, 4]]",0.940310181979205
"[[1], [2, 3, 4]]",0.9432681639531842
"[[1], [2, 3, 4]]",0.9497553502432274
"[[1], [2, 3, 4]]",0.9538686748349099
"[[1], [2, 3, 4]]",0.9587323674002962
"[[1], [2, 3, 4]]",0.9606498945028326
"[[1], [2, 3, 4]]",0.9617586657343258
"[[1], [2, 3, 4]]",0.9616910429058911
"[[1], [2, 3, 4]]",0.9619684055834811
"[[1], [2, 3, 4]]",0.9622225307221962
"[[1], [2, 3, 4]]",0.962490915766111
"[[1], [2, 3, 4]]",0.9625775596146702
"[[1], [2, 3, 4]]",0.9627732479766278
"[[1], [2, 3, 4]]",0.96297811433324
"[[1], [2, 3, 4]]",0.9629274326252658
"[[1], [2, 3, 4]]",0.9630594622114336
"[[1], [2, 3, 4]]",0.9630386095616048
"[[1], [2, 3, 4]]",0.9621798547872823
"[[1], [2, 3, 4]]",0.9609929390558412
"[[1], [2, 3, 4]]",0.9589204429609605
"[[1], [2, 3, 4]]",0.954535138197218
"[[1], [2, 3, 4]]",0.9500531245149417
"[[1], [2, 3, 4]]",0.9482570141712422
"[[1], [2, 3, 4]]",0.9478831768940595
"[[1], [2, 3, 4]]",0.9476737240736566
"[[1], [2, 3, 4]]",0.9477006409331173
"[[1], [2, 3, 4]]",0.9469787410626742
"[[1], [2, 3, 4]]",0.9462744966880546
"[[1], [2, 3, 4]]",0.9458738240997633
"[[1], [2, 3, 4]]",0.9456988575533383
"[[1], [2, 3, 4]]",0.9462334332871223
"[[1], [2, 3, 4]]",0.9471241830488428
"[[1], [2, 3, 4]]",0.9474873434039375
"[[1], [2, 3, 4]]",0.9478248945307515
"[[1], [2, 3, 4]]",0.9482853166915947
"[[1], [2, 3, 4]]",0.9488288204376523
"[[1], [2, 3, 4]]",0.9493080757898072
"[[1], [2, 3, 4]]",0.9497099353474057
"[[1], [2, 3, 4]]",0.9493453474705309
"[[1], [2, 3, 4]]",0.9434365909026553
"[[1], [2, 3, 4]]",0.932349895706134
"[[1], [2, 3, 4]]",0.9267623003187941
"[[1], [2, 3, 4]]",0.9237115133054699
"[[1], [2, 3, 4]]",0.9225371421600277
"[[1], [2, 3, 4]]",0.9227570510615896
"[[1], [2, 3, 4]]",0.9233832441511178
"[[1], [2, 3, 4]]",0.9246273203045018
"[[1], [2, 3, 4]]",0.9262424557744804
"[[1], [2, 3, 4]]",0.9265324086235717
"[[1], [2, 3, 4]]",0.9263929523563872
"[[1], [2, 3, 4]]",0.9257077195600498
"[[1], [2, 3, 4]]",0.9253220411785786
"[[1], [2, 3, 4]]",0.9252303911153397
"[[1], [2, 3, 4]]",0.9257104611748954
"[[1], [2, 3, 4]]",0.9254602269409232
"[[1], [2, 3, 4]]",0.9251230381283237
"[[1], [2, 3, 4]]",0.925605473535195
"[[1], [2, 3, 4]]",0.9267443058848004
"[[1], [2, 3, 4]]",0.9276869501930924
"[[1], [2, 3, 4]]",0.9283646182900096
"[[1], [2, 3, 4]]",0.9290170861063907
"[[1], [2, 3, 4]]",0.9299556022733406
"[[1], [2, 3, 4]]",0.9307048679415945
"[[1], [2, 3, 4]]",0.9318038487645843
"[[1], [2, 3, 4]]",0.9327046388434138
"[[1], [2, 3, 4]]",0.9350571952328419
"[[1], [2, 3, 4]]",0.9383051918904299
"[[1], [2, 3, 4]]",0.9420434684537856
"[[1], [2, 3, 4]]",0.9468301973321773
"[[1], [2, 3, 4]]",0.95236854709443
"[[1], [2, 3, 4]]",0.9557213147735861
"[[1], [2, 3, 4]]",0.9585206054293032
"[[1], [2, 3, 4]]",0.9604717523242268
"[[1], [2, 3, 4]]",0.9618263814202231
"[[1], [2, 3, 4]]",0.9623111530150681
"[[1], [2, 3, 4]]",0.9628662489175914
"[[1], [2, 3, 4]]",0.9634721388718755
"[[1], [2, 3, 4]]",0.9644438080516198
"[[1], [2, 3, 4]]",0.9651277557423397
"[[1], [2, 3, 4]]",0.966275226482985
"[[1], [2, 3, 4]]",0.9669409626697101
"[[1], [2, 3, 4]]",0.9678346580211141
"[[1], [2, 3, 4]]",0.9689268882128543
"[[1], [2, 3, 4]]",0.9699565711409921
"[[1], [2, 3, 4]]",0.9710014825590703
"[[1], [2, 3, 4]]",0.9718537528110973
"[[1], [2, 3, 4]]",0.9721656667309391
"[[1], [2, 3, 4]]",0.9714057484391572
"[[1], [2, 3, 4]]",0.9705291978051076
"[[1], [2, 3, 4]]",0.9673110455063594
"[[1], [2, 3, 4]]",0.9632609711742111
"[[1], [2, 3, 4]]",0.9591638357180325
"[[1], [2, 3, 4]]",0.9546871361766232
"[[1], [2, 3, 4]]",0.9505204947426303
"[[1], [2, 3, 4]]",0.9465367427087106
"[[1], [2, 3, 4]]",0.9425221303044922
"[[1], [2, 3, 4]]",0.9394106706689593
"[[1], [2, 3, 4]]",0.9376947419941528
"[[1], [2, 3, 4]]",0.9375385753550374
"[[1], [2, 3, 4]]",0.9376334335904088
"[[1], [2, 3, 4]]",0.9379474955955106
"[[1], [2, 3, 4]]",0.9382655748419781
"[[1], [2, 3, 4]]",0.9399346157576832
"[[1], [2, 3, 4]]",0.9421843129887852
"[[1], [2, 3, 4]]",0.9436464844350134
"[[1], [2, 3, 4]]",0.9432821446167838
"[[1], [2, 3, 4]]",0.9431390769999093
"[[1], [2, 3, 4]]",0.9429979521744936
"[[1], [2, 3, 4]]",0.9428419483407464
"[[1], [2, 3, 4]]",0.9428369212487082
"[[1], [2, 3, 4]]",0.9443646952164935
"[[1], [2, 3, 4]]",0.9458889876907626
"[[1], [2, 3, 4]]",0.9453301758192485
"[[1], [2, 3, 4]]",0.9439024866044858
"[[1], [2, 3, 4]]",0.9403409807824581
"[[1], [2, 3, 4]]",0.9366119387253515
"[[1], [2, 3, 4]]",0.9309888436886117
"[[1], [2, 3, 4]]",0.9259128127472742
"[[1], [2, 3, 4]]",0.9220899101983646
"[[1], [2, 3, 4]]",0.9181761027753021
"[[1], [2, 3, 4]]",0.9197664238398631
"[[1], [2, 3, 4]]",0.9223337877007429
"[[1], [2, 3, 4]]",0.9272781715528715
"[[1], [2, 3, 4]]",0.9332999403709468
"[[1], [2, 3, 4]]",0.9417089907798499
"[[1], [2, 3, 4]]",0.9433031094071784
"[[1], [2, 3, 4]]",0.9441245112778733
"[[1], [2, 3, 4]]",0.944971153374149
"[[1], [2, 3, 4]]",0.9450330761741916
"[[1], [2, 3, 4]]",0.9450820191494913
"[[1], [2, 3, 4]]",0.9453985369535829
"[[1], [2, 3, 4]]",0.9457892855157586
"[[1], [2, 3, 4]]",0.9463501507170804
"[[1], [2, 3, 4]]",0.94710073443825
"[[1], [2, 3, 4]]",0.9477303828923387
"[[1], [2, 3, 4]]",0.9480232609589339
"[[1], [2, 3, 4]]",0.9478656883983669
"[[1], [2, 3, 4]]",0.9491563684720393
"[[1], [2, 3, 4]]",0.951826420356979
"[[1], [2, 3, 4]]",0.9545815574942291
"[[1], [2, 3, 4]]",0.9580663102333331
"[[1], [2, 3, 4]]",0.961057984142004
"[[1], [2, 3, 4]]",0.9638017368554672
"[[1], [2, 3, 4]]",0.9666823939861005
"[[1], [2, 3, 4]]",0.9682236162359151
"[[1], [2, 3, 4]]",0.9684691270073582
"[[1], [2, 3, 4]]",0.9686220156125398
"[[1], [2, 3, 4]]",0.9688939778780417
"[[1], [2, 3, 4]]",0.9690727610311358
"[[1], [2, 3, 4]]",0.9688695950690851
"[[1], [2, 3, 4]]",0.969309013614226
"[[1], [2, 3, 4]]",0.9688587759681158
"[[1], [2, 3, 4]]",0.9686092125038771
"[[1], [2, 3, 4]]",0.9681467809077653
"[[1], [2, 3, 4]]",0.9685702549220762
"[[1], [2, 3, 4]]",0.9694132084923691
"[[1], [2, 3, 4]]",0.9701072443574988
"[[1], [2, 3, 4]]",0.9712420274710416
"[[1], [2, 3, 4]]",0.9720351600224643
"[[1], [2, 3, 4]]",0.9716816996334381
"[[1], [2, 3, 4]]",0.968290770145655
"[[1], [2, 3, 4]]",0.9627418302582231
"[[1], [2, 3, 4]]",0.9592756776935132
"[[1], [2, 3, 4]]",0.9559777508334242
"[[1], [2, 3, 4]]",0.9555952950115363
"[[1], [2, 3, 4]]",0.9537426446256955
"[[1], [2, 3, 4]]",0.9504547714701981
"[[1], [2, 3, 4]]",0.9470996798162377
"[[1], [2, 3, 4]]",0.9426061558105294
"[[1], [2, 3, 4]]",0.9413545428915523
"[[1], [2, 3, 4]]",0.9419690855413172
"[[1], [2, 3, 4]]",0.9419270276818485
"[[1], [2, 3, 4]]",0.9427245615901142
"[[1], [2, 3, 4]]",0.942987250868806
"[[1], [2, 3, 4]]",0.9446515008879125
"[[1], [2, 3, 4]]",0.945231256451327
"[[1], [2, 3, 4]]",0.9450630606666284
"[[1], [2, 3, 4]]",0.944922165540699
"[[1], [2, 3, 4]]",0.9449241830335007
"[[1], [2, 3, 4]]",0.9451082289972252
"[[1], [2, 3, 4]]",0.9452688935431592
"[[1], [2, 3, 4]]",0.9454808291656189
"[[1], [2, 3, 4]]",0.945642544132182
"[[1], [2, 3, 4]]",0.9458901690444328
"[[1], [2, 3, 4]]",0.9457218708339561
"[[1], [2, 3, 4]]",0.9451740539781406
"[[1], [2, 3, 4]]",0.9436038836628504
"[[1], [2, 3, 4]]",0.9426585091708874
"[[1], [2, 3, 4]]",0.9404567382245231
"[[1], [2, 3, 4]]",0.9394962627562682
"[[1], [2, 3, 4]]",0.9394668200731136
"[[1], [2, 3, 4]]",0.9397084350788942
"[[1], [2, 3, 4]]",0.9401419095839924
"[[1], [2, 3, 4]]",0.9404157939070025
"[[1], [2, 3, 4]]",0.938386033438328
"[[1], [2, 3, 4]]",0.9372449798793407
"[[1], [2, 3, 4]]",0.9355952391922986
"[[1], [2, 3, 4]]",0.9353359764924658
"[[1], [2, 3, 4]]",0.934663624492081
"[[1], [2, 3, 4]]",0.9344435831844107
"[[1], [2, 3, 4]]",0.9344443815506677
"[[1], [2, 3, 4]]",0.9344262719005201
"[[1], [2, 3, 4]]",0.9342866623831926
"[[1], [2, 3, 4]]",0.9340060934419236
"[[1], [2, 3, 4]]",0.9336909855461066
"[[1], [2, 3, 4]]",0.9335166245913666
"[[1], [2, 3, 4]]",0.9334291120846495
"[[1], [2, 3, 4]]",0.934560864593404
"[[1], [2, 3, 4]]",0.9379509979811047
"[[1], [2, 3, 4]]",0.9436851643532528
"[[1], [2, 3, 4]]",0.949355842623807
"[[1], [2, 3, 4]]",0.954478229390572
"[[1], [2, 3, 4]]",0.958026359824141
"[[1], [2, 3, 4]]",0.9624463181312553
"[[1], [2, 3, 4]]",0.9671387746493589
"[[1], [2, 3, 4]]",0.9719024893013877
"[[1], [2, 3, 4]]",0.9758821271710016
"[[1], [2, 3, 4]]",0.9766282462118949
"[[1], [2, 3, 4]]",0.9756111802386006
"[[1], [2, 3, 4]]",0.974854946624315
"[[1], [2, 3, 4]]",0.9741980146190469
"[[1], [2, 3, 4]]",0.974082423707316
"[[1], [2, 3, 4]]",0.9739695573343438
"[[1], [2, 3, 4]]",0.9742415435388168
"[[1], [2, 3, 4]]",0.974723806654144
"[[1], [2, 3, 4]]",0.975219161810613
"[[1], [2, 3, 4]]",0.9754890636259881
"[[1], [2, 3, 4]]",0.9754123046271248
"[[1], [2, 3, 4]]",0.9754424697182162
"[[1], [2, 3, 4]]",0.975481765105373
"[[1], [2, 3, 4]]",0.9754562355221909
"[[1], [2, 3, 4]]",0.9754301563135657
"[[1], [2, 3, 4]]",0.9749288632011146
"[[1], [2, 3, 4]]",0.9746555473384451
"[[1], [2, 3, 4]]",0.9746302805088842
"[[1], [2, 3, 4]]",0.9740534155430107
"[[1], [2, 3, 4]]",0.9740763135197387
"[[1], [2, 3, 4]]",0.9737855673761378
"[[1], [2, 3, 4]]",0.9731306755186052
"[[1], [2, 3, 4]]",0.9726470724380731
"[[1], [2, 3, 4]]",0.9721453894943962
"[[1], [2, 3, 4]]",0.9720857192102861
"[[1], [2, 3, 4]]",0.9729563470212564
"[[1], [2, 3, 4]]",0.9736209711516783
"[[1], [2, 3, 4]]",0.9743349910455021
"[[1], [2, 3, 4]]",0.974345888186399
"[[1], [2, 3, 4]]",0.9742860450049753
"[[1], [2, 3, 4]]",0.9742933841495538
"[[1], [2, 3, 4]]",0.9742121585689915
"[[1], [2, 3, 4]]",0.974128655248762
"[[1], [2, 3, 4]]",0.9741114163752276
"[[1], [2, 3, 4]]",0.9742380049711292
"[[1], [2, 3, 4]]",0.9744169406314508
"[[1], [2, 3, 4]]",0.9747265466638899
"[[1], [2, 3, 4]]",0.9750677791620881
"[[1], [2, 3, 4]]",0.9753102074403253
"[[1], [2, 3, 4]]",0.975381085997026
"[[1], [2, 3, 4]]",0.9753458525239705
"[[1], [2, 3, 4]]",0.9753670441086342
"[[1], [2, 3, 4]]",0.9758727953637436
"[[4], [1, 2, 3]]",0.9778814550378587
"[[4], [1, 2, 3]]",0.9790248017088719
"[[4], [1, 2, 3]]",0.9798716881536569
"[[4], [1, 2, 3]]",0.9805585704305886
"[[4], [1, 2, 3]]",0.9805758866423819
"[[4], [1, 2, 3]]",0.9805816931060768
"[[4], [1, 2, 3]]",0.9813932286153583
"[[4], [1, 2, 3]]",0.9821454294267107
"[[4], [1, 2, 3]]",0.9829354618029598
"[[4], [1, 2, 3]]",0.9822523565896556
"[[4], [1, 2, 3]]",0.982483570910214
"[[4], [1, 2, 3]]",0.9827222839164864
"[[4], [1, 2, 3]]",0.9820122273418039
"[[4], [1, 2, 3]]",0.9818154562273698
"[[4], [1, 2, 3]]",0.9818864966211196
"[[4], [1, 2, 3]]",0.9820618430014441
"[[4], [1, 2, 3]]",0.9821460609097582
"[[4], [1, 2, 3]]",0.9823192186589839
"[[4], [1, 2, 3]]",0.9820930105695915
"[[4], [1, 2, 3]]",0.9819231849751624
"[[4], [1, 2, 3]]",0.9826530204120691
"[[4], [1, 2, 3]]",0.9829169625968313
"[[4], [1, 2, 3]]",0.9799504086044251
"[[1], [2, 3, 4]]",0.9765506180548437
"[[1], [2, 3, 4]]",0.9737757059669374
"[[1], [2, 3, 4]]",0.9703378192609143
"[[1], [2, 3, 4]]",0.966449828934715
"[[1], [2, 3, 4]]",0.9623374538464697
"[[1], [2, 3, 4]]",0.9618896193031137
"[[1], [2, 3, 4]]",0.9619131090795728
"[[1], [2, 3, 4]]",0.9609714997112051
"[[1], [2, 3, 4]]",0.9609059789429509
"[[1], [2, 3, 4]]",0.9608822276402653
"[[1], [2, 3, 4]]",0.9608150969051407
"[[1], [2, 3, 4]]",0.9606093060840202
"[[1], [2, 3, 4]]",0.9603712802455138
"[[1], [2, 3, 4]]",0.9602181518412141
"[[1], [2, 3, 4]]",0.9599956151386918
"[[1], [2, 3, 4]]",0.9597959383292067
"[[1], [2, 3, 4]]",0.9594671008517511
"[[1], [2, 3, 4]]",0.9588966822253295
"[[1], [2, 3, 4]]",0.9582554329372405
"[[1], [2, 3, 4]]",0.9580038124230439
"[[1], [2, 3, 4]]",0.9578677312205444
"[[1], [2, 3, 4]]",0.9563715387718866
"[[1], [2, 3, 4]]",0.950541240660208
"[[1], [2, 3, 4]]",0.9446138798426629
"[[1], [2, 3, 4]]",0.9386222614563164
"[[1], [2, 3, 4]]",0.9326593171282728
"[[1], [2, 3, 4]]",0.9266304916607688
"[[1], [2, 3, 4]]",0.9205083165198744
"[[1], [2, 3, 4]]",0.9143248886959614
"[[1], [2, 3, 4]]",0.911278271883848
"[[1], [2, 3, 4]]",0.911348642665819
"[[1], [2, 3, 4]]",0.9114304181714512
"[[1], [2, 3, 4]]",0.9115251444902275
"[[1], [2, 3, 4]]",0.9114781818240345
"[[1], [2, 3, 4]]",0.9118225993528817
"[[1], [2, 3, 4]]",0.9113720462789087
"[[1], [2, 3, 4]]",0.9108570618745013
"[[1], [2, 3, 4]]",0.9115242238746986
"[[1], [2, 3, 4]]",0.911647987919649
"[[1], [2, 3, 4]]",0.9114180288870313
"[[1], [2, 3, 4]]",0.9116741226704399
"[[1], [2, 3, 4]]",0.9118971610533556
"[[1], [2, 3, 4]]",0.9121057999628767
"[[1], [2, 3, 4]]",0.9123297495601868
"[[1], [2, 3, 4]]",0.9111026134226237
"[[1], [2, 3, 4]]",0.9092114795904647
"[[1], [2, 3, 4]]",0.9072257831838924
"[[1], [2, 3, 4]]",0.907677080554457
"[[1], [2, 3, 4]]",0.9109398325973078
"[[1], [2, 3, 4]]",0.9119046267397971
"[[1], [2, 3, 4]]",0.9128770660625691
"[[1], [2, 3, 4]]",0.9138466363357154
"[[1], [2, 3, 4]]",0.9143694345325296
"[[1], [2, 3, 4]]",0.9116614142376918
"[[1], [2, 3, 4]]",0.9111515025134651
"[[1], [2, 3, 4]]",0.9120358347242216
"[[1], [2, 3, 4]]",0.9121005367455188
"[[1], [2, 3, 4]]",0.9120951486923989
"[[1], [2, 3, 4]]",0.9121733653726796
"[[1], [2, 3, 4]]",0.9126968488355396
"[[1], [2, 3, 4]]",0.9132414271712009
"[[1], [2, 3, 4]]",0.9134668020276832
"[[1], [2, 3, 4]]",0.9141397471620343
"[[1], [2, 3, 4]]",0.9148785218669749
"[[1], [2, 3, 4]]",0.9156780797522042
"[[1], [2, 3, 4]]",0.9170492474763485
"[[1], [2, 3, 4]]",0.9183002255740975
"[[1], [2, 3, 4]]",0.9167807829205624
"[[1], [2, 3, 4]]",0.9152373951483721
"[[1], [2, 3, 4]]",0.9165858215251443
"[[1], [2, 3, 4]]",0.9225340264190076
"[[1], [2, 3, 4]]",0.9280938362072526
"[[1], [2, 3, 4]]",0.9332818642252363
"[[1], [2, 3, 4]]",0.9372819900473306
"[[1], [2, 3, 4]]",0.9415614513234354
"[[1], [2, 3, 4]]",0.9470396986789429
"[[1], [2, 3, 4]]",0.9522347188947244
"[[1], [2, 3, 4]]",0.954648349236514
"[[1], [2, 3, 4]]",0.9519331956507238
"[[1], [2, 3, 4]]",0.9478251987196133
"[[1], [2, 3, 4]]",0.9457493027262527
"[[1], [2, 3, 4]]",0.9438593611087591
"[[1], [2, 3, 4]]",0.942012336248828
"[[1], [2, 3, 4]]",0.9404851204802567
"[[1], [2, 3, 4]]",0.9406840015737564
"[[1], [2, 3, 4]]",0.9407073199749014
"[[1], [2, 3, 4]]",0.9407972367123001
"[[1], [2, 3, 4]]",0.9409229109337941
"[[1], [2, 3, 4]]",0.9408663098515544
"[[1], [2, 3, 4]]",0.9408933718088935
"[[1], [2, 3, 4]]",0.9407572017931343
"[[1], [2, 3, 4]]",0.938803451867083
"[[1], [2, 3, 4]]",0.9402283197382704
"[[1], [2, 3, 4]]",0.9415914277100041
"[[1], [2, 3, 4]]",0.942565189445054
"[[1], [2, 3, 4]]",0.9450920899650019
"[[1], [2, 3, 4]]",0.945600439636342
"[[1], [2, 3, 4]]",0.9453178527610273
"[[1], [2, 3, 4]]",0.9477169607478442
"[[1], [2, 3, 4]]",0.9501021840325801
"[[1], [2, 3, 4]]",0.9504602404086899
"[[1], [2, 3, 4]]",0.9523414247987552
"[[1], [2, 3, 4]]",0.9529060158009424
"[[1], [2, 3, 4]]",0.9523294180664669
"[[1], [2, 3, 4]]",0.95237351448896
"[[1], [2, 3, 4]]",0.9524484289078012
"[[1], [2, 3, 4]]",0.9525027020625367
"[[1], [2, 3, 4]]",0.9522650602338469
"[[1], [2, 3, 4]]",0.9519575973012013
"[[1], [2, 3, 4]]",0.9518519366470438
"[[1], [2, 3, 4]]",0.9518632234483201
"[[1], [2, 3, 4]]",0.9519895797208386
"[[1], [2, 3, 4]]",0.9517692018277657
"[[1], [2, 3, 4]]",0.9518241701417526
"[[1], [2, 3, 4]]",0.9516011246370627
"[[1], [2, 3, 4]]",0.9518184302856526
"[[1], [2, 3, 4]]",0.9516389484814703
"[[1], [2, 3, 4]]",0.9496025193625548
"[[1], [2, 3, 4]]",0.9449162356792189
"[[1], [2, 3, 4]]",0.9398549329214477
"[[1], [2, 3, 4]]",0.9351379645139035
"[[1], [2, 3, 4]]",0.931563373633526
"[[1], [2, 3, 4]]",0.9276595775846317
"[[1], [2, 3, 4]]",0.9222559680353364
"[[1], [2, 3, 4]]",0.9171356583441814
"[[1], [2, 3, 4]]",0.9150239254496477
"[[1], [2, 3, 4]]",0.915780138793497
"[[1], [2, 3, 4]]",0.9179706178105993
"[[1], [2, 3, 4]]",0.9193481468862926
"[[1], [2, 3, 4]]",0.921186015538124
"[[1], [2, 3, 4]]",0.9235442439379236
"[[1], [2, 3, 4]]",0.9260840155367275
"[[1], [2, 3, 4]]",0.9259253729129858
"[[1], [2, 3, 4]]",0.9257758595734312
"[[1], [2, 3, 4]]",0.9256495590961054
"[[1], [2, 3, 4]]",0.9253363600294953
"[[1], [2, 3, 4]]",0.9251025715676047
"[[1], [2, 3, 4]]",0.924724288589124
"[[1], [2, 3, 4]]",0.9243596444459677
"[[1], [2, 3, 4]]",0.9277205000626462
"[[1], [2, 3, 4]]",0.9278263091596415
"[[1], [2, 3, 4]]",0.9278009432837058
"[[1], [2, 3, 4]]",0.9289071253744736
"[[1], [2, 3, 4]]",0.9288923855903178
"[[1], [2, 3, 4]]",0.928986476640925
"[[1], [2, 3, 4]]",0.9283342667302471
"[[1], [2, 3, 4]]",0.928258328355369
"[[1], [2, 3, 4]]",0.9283573286929113
"[[1], [2, 3, 4]]",0.9313860716818325
"[[1], [2, 3, 4]]",0.9321994698992511
"[[1], [2, 3, 4]]",0.9322006256549784
"[[1], [2, 3, 4]]",0.9330318983951158
"[[1], [2, 3, 4]]",0.9330293426147223
"[[1], [2, 3, 4]]",0.9329720209846424
"[[1], [2, 3, 4]]",0.9328362481976156
"[[1], [2, 3, 4]]",0.9327930089954243
"[[1], [2, 3, 4]]",0.932746475759361
"[[1], [2, 3, 4]]",0.9331576746422433
"[[1], [2, 3, 4]]",0.9332370491990747
"[[1], [2, 3, 4]]",0.9329255152985552
"[[1], [2, 3, 4]]",0.9321559790669602
"[[1], [2, 3, 4]]",0.931690022021175
"[[1], [2, 3, 4]]",0.931163325053594
"[[1], [2, 3, 4]]",0.9310424759924399
"[[1], [2, 3, 4]]",0.9312691213785818
"[[1], [2, 3, 4]]",0.9314897795418111
"[[1], [2, 3, 4]]",0.9343272962980473
"[[1], [2, 3, 4]]",0.9349261309571034
"[[1], [2, 3, 4]]",0.9358055401781051
"[[1], [2, 3, 4]]",0.9357757374843964
"[[1], [2, 3, 4]]",0.9357474103229498
"[[1], [2, 3, 4]]",0.9377155754579716
"[[1], [2, 3, 4]]",0.9410792542585362
"[[1], [2, 3, 4]]",0.9422834357743122
"[[1], [2, 3, 4]]",0.9422852999110594
"[[1], [2, 3, 4]]",0.9420538841268287
"[[1], [2, 3, 4]]",0.9420179671912279
"[[1], [2, 3, 4]]",0.9419364259271109
"[[1], [2, 3, 4]]",0.9417177998517177
"[[1], [2, 3, 4]]",0.940283435944886
"[[1], [2, 3, 4]]",0.9391678765835076
"[[1], [2, 3, 4]]",0.9387465959588823
"[[1], [2, 3, 4]]",0.9380686716490746
"[[1], [2, 3, 4]]",0.9376087410866376
"[[1], [2, 3, 4]]",0.9372584452154432
"[[1], [2, 3, 4]]",0.9371549909529779
"[[1], [2, 3, 4]]",0.9373308136623331
"[[1], [2, 3, 4]]",0.9372063828282385
"[[1], [2, 3, 4]]",0.9326009573588743
"[[1], [2, 3, 4]]",0.9278339459475348
"[[1], [2, 3, 4]]",0.9223970478816228
"[[1], [2, 3, 4]]",0.9185767798997521
"[[1], [2, 3, 4]]",0.914757889140986
"[[1], [2, 3, 4]]",0.9148208096403003
"[[1], [2, 3, 4]]",0.9111726166516612
"[[1], [2, 3, 4]]",0.9073162289574689
"[[1], [2, 3, 4]]",0.9032952365870375
"[[1], [2, 3, 4]]",0.8976558518423842
"[[1], [2, 3, 4]]",0.8953135178576903
"[[1], [2, 3, 4]]",0.8955948653524705
"[[1], [2, 3, 4]]",0.8956838782611318
"[[1], [2, 3, 4]]",0.8957169428954055
"[[1], [2, 3, 4]]",0.8952650699980653
"[[1], [2, 3, 4]]",0.8952896870980092
"[[1], [2, 3, 4]]",0.894673077634992
"[[1], [2, 3, 4]]",0.893686095893492
"[[1], [2, 3, 4]]",0.8930695667631717
"[[1], [2, 3, 4]]",0.8927517593691356
"[[1], [2, 3, 4]]",0.8931037524733951
"[[1], [2, 3, 4]]",0.8931645206919556
"[[1], [2, 3, 4]]",0.8934973818903725
"[[1], [2, 3, 4]]",0.8934365946332457
"[[1], [2, 3, 4]]",0.8914616891593652
"[[1], [2, 3, 4]]",0.8868910811943707
"[[1], [2, 3, 4]]",0.8823171745245892
"[[1], [2, 3, 4]]",0.8816044049142676
"[[1], [2, 3, 4]]",0.8805313674600691
"[[1], [2, 3, 4]]",0.88057216573081
"[[1], [2, 3, 4]]",0.8805998891028554
"[[1], [2, 3, 4]]",0.8782060052128402
"[[1], [2, 3, 4]]",0.8740686838850862
"[[1], [2, 3, 4]]",0.8678626888065291
"[[1], [2, 3, 4]]",0.8668671057200756
"[[1], [2, 3, 4]]",0.8664215804420344
"[[1], [2, 3, 4]]",0.8663492561784218
"[[1], [2, 3, 4]]",0.8663565045641387
"[[1], [2, 3, 4]]",0.8662573181666516
"[[1], [2, 3, 4]]",0.8683935257413511
"[[1], [2, 3, 4]]",0.8704476856058014
"[[1], [2, 3, 4]]",0.8712306270304637
"[[1], [2, 3, 4]]",0.8732653141409349
"[[1], [2, 3, 4]]",0.8749578593823224
"[[1], [2, 3, 4]]",0.8767697540579464
"[[1], [2, 3, 4]]",0.8777816219639099
"[[1], [2, 3, 4]]",0.8786965391045054
"[[1], [2, 3, 4]]",0.8793550528732472
"[[1], [2, 3, 4]]",0.8844228761034401
"[[1], [2, 3, 4]]",0.889396298176641
"[[1], [2, 3, 4]]",0.895183219322292
"[[1], [2, 3, 4]]",0.8979203546933712
"[[1], [2, 3, 4]]",0.90233332810754
"[[1], [2, 3, 4]]",0.902335884330838
"[[1], [2, 3, 4]]",0.9064171840636668
"[[1], [2, 3, 4]]",0.9091209051752915
"[[1], [2, 3, 4]]",0.9134998956996779
"[[1], [2, 3, 4]]",0.9198026652465808
"[[1], [2, 3, 4]]",0.9209518267770873
"[[1], [2, 3, 4]]",0.9198140262099619
"[[1], [2, 3, 4]]",0.9195333031333593
"[[1], [2, 3, 4]]",0.9192814685012558
"[[1], [2, 3, 4]]",0.9191531290680339
"[[1], [2, 3, 4]]",0.9192229240243603
"[[1], [2, 3, 4]]",0.9195666207699479
"[[1], [2, 3, 4]]",0.9199701040765405
"[[1], [2, 3, 4]]",0.9205847876252558
"[[1], [2, 3, 4]]",0.9211801555364676
"[[1], [2, 3, 4]]",0.9216147046502057
"[[1], [2, 3, 4]]",0.9223667796786106
"[[1], [2, 3, 4]]",0.9229726111161942
"[[1], [2, 3, 4]]",0.9231556217833683
"[[1], [2, 3, 4]]",0.9237060090198184
"[[1], [2, 3, 4]]",0.9275459218800653
"[[1], [2, 3, 4]]",0.927536458849966
"[[1], [2, 3, 4]]",0.9275186031560942
"[[1], [2, 3, 4]]",0.9274918251577053
"[[1], [2, 3, 4]]",0.9274820855731398
"[[1], [2, 3, 4]]",0.9274981157606346
"[[1], [2, 3, 4]]",0.9274885863754528
"[[1], [2, 3, 4]]",0.9285110505813912
"[[1], [2, 3, 4]]",0.9334744768334002
"[[1], [2, 3, 4]]",0.933600673639049
"[[1], [2, 3, 4]]",0.9335207443583646
"[[1], [2, 3, 4]]",0.9335172600014872
"[[1], [2, 3, 4]]",0.9335283162777201
"[[1], [2, 3, 4]]",0.9331979565704325
"[[1], [2, 3, 4]]",0.9322306956562807
"[[1], [2, 3, 4]]",0.932547896315882
"[[1], [2, 3, 4]]",0.9327113976999033
"[[1], [2, 3, 4]]",0.9327537444346943
"[[1], [2, 3, 4]]",0.9328944185103695
"[[1], [2, 3, 4]]",0.9331409863741518
"[[1], [2, 3, 4]]",0.933284162560247
"[[1], [2, 3, 4]]",0.9333929943650272
"[[1], [2, 3, 4]]",0.9333973483412357
"[[1], [2, 3, 4]]",0.9335681517784447
"[[1], [2, 3, 4]]",0.9345645977386977
"[[1], [2, 3, 4]]",0.9355025016839196
"[[1], [2, 3, 4]]",0.9389506409379789
"[[1], [2, 3, 4]]",0.9409692929883291
"[[1], [2, 3, 4]]",0.9457802008377367
"[[1], [2, 3, 4]]",0.947988473740323
"[[1], [2, 3, 4]]",0.9514405641004211
"[[1], [2, 3, 4]]",0.9533852383369864
"[[1], [2, 3, 4]]",0.9535196552751136
"[[1], [2, 3, 4]]",0.9534104631208657
"[[1], [2, 3, 4]]",0.9537801850648846
"[[1], [2, 3, 4]]",0.9535260746498783
"[[1], [2, 3, 4]]",0.9537297928459976
"[[1], [2, 3, 4]]",0.9538010546675506
"[[1], [2, 3, 4]]",0.9538848700451326
"[[1], [2, 3, 4]]",0.9541011584786048
"[[1], [2, 3, 4]]",0.9544054783108118
"[[1], [2, 3, 4]]",0.9546605200707327
"[[1], [2, 3, 4]]",0.9549208704156602
"[[1], [2, 3, 4]]",0.9551657227863586
"[[1], [2, 3, 4]]",0.9553784326413091
"[[1], [2, 3, 4]]",0.9555685651923145
"[[1], [2, 3, 4]]",0.9557618059167554
"[[1], [2, 3, 4]]",0.9564692451083563
"[[1], [2, 3, 4]]",0.9579364073338552
"[[1], [2, 3, 4]]",0.9630886765577731
"[[1], [2, 3, 4]]",0.9683259165394953
"[[1], [2, 3, 4]]",0.9723474784453479
"[[1], [2, 3, 4]]",0.9775886776617859
"[[4], [1, 2, 3]]",0.9827531549744798
"[[4], [1, 2, 3]]",0.9878370950607622
"[[4], [1, 2, 3]]",0.9921120114638524
"[[4], [1, 2, 3]]",0.9922460573907489
"[[4], [1, 2, 3]]",0.9906824124955214
"[[4], [1, 2, 3]]",0.9890728588645878
"[[4], [1, 2, 3]]",0.9879537262045335
"[[4], [1, 2, 3]]",0.987695512903851
"[[4], [1, 2, 3]]",0.9876556572502506
"[[4], [1, 2, 3]]",0.987868606907962
"[[4], [1, 2, 3]]",0.987765939262386
"[[4], [1, 2, 3]]",0.9878451286124517
"[[4], [1, 2, 3]]",0.9881155048041563
"[[4], [1, 2, 3]]",0.9882245635363458
"[[4], [1, 2, 3]]",0.9882786313200785
"[[4], [1, 2, 3]]",0.9883525431711377
"[[4], [1, 2, 3]]",0.9884459789891951
"[[4], [1, 2, 3]]",0.9885918913862106
"[[4], [1, 2, 3]]",0.9886846566540776
"[[4], [1, 2, 3]]",0.9887688547389277
"[[4], [1, 2, 3]]",0.9888520186828132
"[[4], [1, 2, 3]]",0.9892591116252044
"[[4], [1, 2, 3]]",0.9894217926540896
"[[4], [1, 2, 3]]",0.990867764130184
"[[4], [1, 2, 3]]",0.9912389698887518
"[[4], [1, 2, 3]]",0.9914564125731125
"[[4], [1, 2, 3]]",0.9918332031207013
"[[4], [1, 2, 3]]",0.9918951020565527
"[[4], [1, 2, 3]]",0.9915729425981561
"[[4], [1, 2, 3]]",0.9907738033351999
"[[4], [1, 2, 3]]",0.9899401749746104
"[[4], [1, 2, 3]]",0.989170824985489
"[[4], [1, 2, 3]]",0.9884018974614053
"[[4], [1, 2, 3]]",0.9874450435459767
"[[4], [1, 2, 3]]",0.9878316833390847
"[[4], [1, 2, 3]]",0.9880826499506076
"[[4], [1, 2, 3]]",0.9877620416963953
"[[4], [1, 2, 3]]",0.9880734927987533
"[[4], [1, 2, 3]]",0.9883784298024203
"[[4], [1, 2, 3]]",0.988767010949871
"[[4], [1, 2, 3]]",0.9889727933725541
"[[4], [1, 2, 3]]",0.9891556561637991
"[[4], [1, 2, 3]]",0.9886378116918813
"[[4], [1, 2, 3]]",0.9871087080034542
"[[4], [1, 2, 3]]",0.9822375584444072
"[[1], [2, 3, 4]]",0.9767614233348247
"[[1], [2, 3, 4]]",0.9713368383433661
"[[1], [2, 3, 4]]",0.9658242128790959
"[[1], [2, 3, 4]]",0.960292465593206
"[[1], [2, 3, 4]]",0.954695956150881
"[[1], [2, 3, 4]]",0.9490689764817171
"[[1], [2, 3, 4]]",0.9463033514396528
"[[1], [2, 3, 4]]",0.9459861958109457
"[[1], [2, 3, 4]]",0.9466187011931484
"[[1], [2, 3, 4]]",0.9471203363297152
"[[1], [2, 3, 4]]",0.9471460084192782
"[[1], [2, 3, 4]]",0.9470548595931292
"[[1], [2, 3, 4]]",0.9467780844481599
"[[1], [2, 3, 4]]",0.9467541519343506
"[[1], [2, 3, 4]]",0.9469052659177117
"[[1], [2, 3, 4]]",0.9467666781792601
"[[1], [2, 3, 4]]",0.9465556699476116
"[[1], [2, 3, 4]]",0.9462185795045036
"[[1], [2, 3, 4]]",0.946012846744635
"[[1], [2, 3, 4]]",0.9457394723307111
"[[1], [2, 3, 4]]",0.9438929939736289
"[[1], [2, 3, 4]]",0.9391629963772439
"[[1], [2, 3, 4]]",0.9337127026590961
"[[1], [2, 3, 4]]",0.9273767372449649
"[[1], [2, 3, 4]]",0.9208810773513494
"[[1], [2, 3, 4]]",0.9143812466846355
"[[1], [2, 3, 4]]",0.9078673714780865
"[[1], [2, 3, 4]]",0.9012057075963993
"[[1], [2, 3, 4]]",0.8944518836498802
"[[1], [2, 3, 4]]",0.8876049048536472
"[[1], [2, 3, 4]]",0.8806477618638193
"[[1], [2, 3, 4]]",0.8774961920641682
"[[1], [2, 3, 4]]",0.8785112254416532
"[[1], [2, 3, 4]]",0.8799378493965331
"[[1], [2, 3, 4]]",0.8818369567268378
"[[1], [2, 3, 4]]",0.883959197131654
"[[1], [2, 3, 4]]",0.886872221808414
"[[1], [2, 3, 4]]",0.8868129165836689
"[[1], [2, 3, 4]]",0.8865620304843005
"[[1], [2, 3, 4]]",0.8868831197544349
"[[1], [2, 3, 4]]",0.8865278266115919
"[[1], [2, 3, 4]]",0.8868097712293443
"[[1], [2, 3, 4]]",0.8873648048735834
"[[1], [2, 3, 4]]",0.8884224079234007
"[[1], [2, 3, 4]]",0.8890054517190835
"[[1], [2, 3, 4]]",0.8893365830380662
"[[1], [2, 3, 4]]",0.8906954406767896
"[[1], [2, 3, 4]]",0.8967492787297942
"[[1], [2, 3, 4]]",0.9029585338983477
"[[1], [2, 3, 4]]",0.9093775923840968
"[[1], [2, 3, 4]]",0.9139882782288724
"[[1], [2, 3, 4]]",0.920279895392287
"[[1], [2, 3, 4]]",0.9264584201296802
"[[1], [2, 3, 4]]",0.932567394574361
"[[1], [2, 3, 4]]",0.934883842606362
"[[1], [2, 3, 4]]",0.9351460905643048
"[[1], [2, 3, 4]]",0.9349823469851606
"[[1], [2, 3, 4]]",0.934939895293573
"[[1], [2, 3, 4]]",0.935009154306585
"[[1], [2, 3, 4]]",0.9352620120019901
"[[1], [2, 3, 4]]",0.9357558536094712
"[[1], [2, 3, 4]]",0.9364205473355522
"[[1], [2, 3, 4]]",0.9366180966271693
"[[1], [2, 3, 4]]",0.9370067289178954
"[[1], [2, 3, 4]]",0.937272088115277
"[[1], [2, 3, 4]]",0.9375084093143261
"[[1], [2, 3, 4]]",0.9379256251772029
"[[1], [2, 3, 4]]",0.9378585201080525
"[[1], [2, 3, 4]]",0.938939598323653
"[[1], [2, 3, 4]]",0.9429563666993737
"[[1], [2, 3, 4]]",0.9472725887342224
"[[1], [2, 3, 4]]",0.9511443272098115
"[[1], [2, 3, 4]]",0.9510908603621592
"[[1], [2, 3, 4]]",0.9510305706585342
"[[1], [2, 3, 4]]",0.9509872284686444
"[[1], [2, 3, 4]]",0.9509388163127666
"[[1], [2, 3, 4]]",0.9518856199907592
"[[1], [2, 3, 4]]",0.9557701209605056
"[[1], [2, 3, 4]]",0.9612267650348287
"[[1], [2, 3, 4]]",0.9633464229364435
"[[1], [2, 3, 4]]",0.963323796516834
"[[1], [2, 3, 4]]",0.9633054304195185
"[[1], [2, 3, 4]]",0.9632579117418951
"[[1], [2, 3, 4]]",0.963224409130583
"[[1], [2, 3, 4]]",0.9632285211890963
"[[1], [2, 3, 4]]",0.9631081467832101
"[[1], [2, 3, 4]]",0.9631844742210899
"[[1], [2, 3, 4]]",0.9632041319875808
"[[1], [2, 3, 4]]",0.9633301383841866
"[[1], [2, 3, 4]]",0.9629883057975596
"[[1], [2, 3, 4]]",0.9626507259419246
"[[1], [2, 3, 4]]",0.9623048783097912
"[[1], [2, 3, 4]]",0.9621025368791596
"[[1], [2, 3, 4]]",0.9624413724492269
"[[1], [2, 3, 4]]",0.9614401560719874
"[[1], [2, 3, 4]]",0.9594862348139421
"[[1], [2, 3, 4]]",0.9547380936015297
"[[1], [2, 3, 4]]",0.9491629057336777
"[[1], [2, 3, 4]]",0.9451325871876568
"[[1], [2, 3, 4]]",0.9415326816809151
"[[1], [2, 3, 4]]",0.9396258789989178
"[[1], [2, 3, 4]]",0.9377227093409262
"[[1], [2, 3, 4]]",0.9371225903489042
"[[1], [2, 3, 4]]",0.9371295912603268
"[[1], [2, 3, 4]]",0.9371329191611408
"[[1], [2, 3, 4]]",0.9370488117913811
"[[1], [2, 3, 4]]",0.9369500036872762
"[[1], [2, 3, 4]]",0.9366622750906606
"[[1], [2, 3, 4]]",0.9362031573059992
"[[1], [2, 3, 4]]",0.9358101233924143
"[[1], [2, 3, 4]]",0.935738154011378
"[[1], [2, 3, 4]]",0.9357184007021615
"[[1], [2, 3, 4]]",0.9358053932937237
"[[1], [2, 3, 4]]",0.9359269731494746
"[[1], [2, 3, 4]]",0.9360429552547592
"[[1], [2, 3, 4]]",0.936236011600184
"[[1], [2, 3, 4]]",0.9363888316686847
"[[1], [2, 3, 4]]",0.9368603192500522
"[[1], [2, 3, 4]]",0.9374879523673055
"[[1], [2, 3, 4]]",0.9393515148765366
"[[1], [2, 3, 4]]",0.9451070201659035
"[[1], [2, 3, 4]]",0.9509658190536512
"[[1], [2, 3, 4]]",0.9562449702119837
"[[1], [2, 3, 4]]",0.9619284234400989
"[[1], [2, 3, 4]]",0.9666015254966595
"[[1], [2, 3, 4]]",0.9684577814865545
"[[1], [2, 3, 4]]",0.9685317403409881
"[[1], [2, 3, 4]]",0.9676369553294614
"[[1], [2, 3, 4]]",0.9667513147389379
"[[1], [2, 3, 4]]",0.9660397685225304
"[[1], [2, 3, 4]]",0.9659561111629407
"[[1], [2, 3, 4]]",0.9659027559765719
"[[1], [2, 3, 4]]",0.9656987434947415
"[[1], [2, 3, 4]]",0.9656943895189416
"[[1], [2, 3, 4]]",0.965618339444817
"[[1], [2, 3, 4]]",0.9655532684718593
"[[1], [2, 3, 4]]",0.9655860634728042
"[[1], [2, 3, 4]]",0.9657312869785972
"[[1], [2, 3, 4]]",0.9658441982663999
"[[1], [2, 3, 4]]",0.965929178822895
"[[1], [2, 3, 4]]",0.9659562782837419
"[[1], [2, 3, 4]]",0.9659557468896063
"[[1], [2, 3, 4]]",0.9667302857378046
"[[1], [2, 3, 4]]",0.9669522313860772
"[[1], [2, 3, 4]]",0.9700875549711989
"[[1], [2, 3, 4]]",0.9733638339499586
"[[1], [2, 3, 4]]",0.9733931102148474
"[[1], [2, 3, 4]]",0.9744714957664273
"[[1], [2, 3, 4]]",0.9718550834430282
"[[1], [2, 3, 4]]",0.9716553163638733
"[[1], [2, 3, 4]]",0.9719726587855675
"[[1], [2, 3, 4]]",0.9719682532246707
"[[1], [2, 3, 4]]",0.9720310570405046
"[[1], [2, 3, 4]]",0.9720477486428483
"[[1], [2, 3, 4]]",0.9720001314901452
"[[1], [2, 3, 4]]",0.972014214473802
"[[1], [2, 3, 4]]",0.9719559193423817
"[[1], [2, 3, 4]]",0.9718758638828244
"[[1], [2, 3, 4]]",0.9717876040842988
"[[1], [2, 3, 4]]",0.9716791052793481
"[[1], [2, 3, 4]]",0.9715433960120692
"[[1], [2, 3, 4]]",0.9715129969682603
"[[1], [2, 3, 4]]",0.9714191803208443
"[[1], [2, 3, 4]]",0.9713821557868972
"[[1], [2, 3, 4]]",0.9713214027757158
"[[1], [2, 3, 4]]",0.97142513354987
"[[1], [2, 3, 4]]",0.97122281473576
"[[1], [2, 3, 4]]",0.9707223247742638
"[[1], [2, 3, 4]]",0.9694852388446131
"[[1], [2, 3, 4]]",0.9672891740724163
"[[1], [2, 3, 4]]",0.9622481651509072
"[[1], [2, 3, 4]]",0.9573882380853017
"[[1], [2, 3, 4]]",0.9548245665659756
"[[1], [2, 3, 4]]",0.9532522555721237
"[[1], [2, 3, 4]]",0.9518939042935388
"[[1], [2, 3, 4]]",0.9528523463222651
"[[1], [2, 3, 4]]",0.9540115692545061
"[[1], [2, 3, 4]]",0.9550995244933498
"[[1], [2, 3, 4]]",0.955259032646109
"[[1], [2, 3, 4]]",0.955252100474492
"[[1], [2, 3, 4]]",0.9555571872850899
"[[1], [2, 3, 4]]",0.9556102844136185
"[[1], [2, 3, 4]]",0.9555462695451125
"[[1], [2, 3, 4]]",0.9555304379349094
"[[1], [2, 3, 4]]",0.9555511923414537
"[[1], [2, 3, 4]]",0.9554014392225156
"[[1], [2, 3, 4]]",0.9554111459349977
"[[1], [2, 3, 4]]",0.9556180762809416
"[[1], [2, 3, 4]]",0.9558297331297501
"[[1], [2, 3, 4]]",0.9554913785499678
"[[1], [2, 3, 4]]",0.9542622319341643
"[[1], [2, 3, 4]]",0.9540702289414263
"[[1], [2, 3, 4]]",0.9535948385326741
"[[1], [2, 3, 4]]",0.9539209034970773
"[[1], [2, 3, 4]]",0.9584852006194637
"[[1], [2, 3, 4]]",0.9595811051827485
"[[1], [2, 3, 4]]",0.9630015115482712
"[[1], [2, 3, 4]]",0.9636008031277659
"[[1], [2, 3, 4]]",0.963721474671742
"[[1], [2, 3, 4]]",0.9637145625191068
"[[1], [2, 3, 4]]",0.9637123552358303
"[[1], [2, 3, 4]]",0.9637516594353471
"[[1], [2, 3, 4]]",0.9638649032457269
"[[1], [2, 3, 4]]",0.9639537052701688
"[[1], [2, 3, 4]]",0.9642572200618721
"[[1], [2, 3, 4]]",0.9647409846082655
"[[1], [2, 3, 4]]",0.9647567193927804
"[[1], [2, 3, 4]]",0.9649492961279656
"[[1], [2, 3, 4]]",0.9651232597745996
"[[1], [2, 3, 4]]",0.9649467085620868
"[[1], [2, 3, 4]]",0.9649570205309099
"[[1], [2, 3, 4]]",0.964654362072846
"[[1], [2, 3, 4]]",0.9645357149134547
"[[1], [2, 3, 4]]",0.9642399214246173
"[[1], [2, 3, 4]]",0.963132113908624
"[[1], [2, 3, 4]]",0.9622276520126087
"[[1], [2, 3, 4]]",0.9611734057315229
"[[1], [2, 3, 4]]",0.9613660701195613
"[[1], [2, 3, 4]]",0.9627382359647667
"[[1], [2, 3, 4]]",0.9658269146009477
"[[1], [2, 3, 4]]",0.9667670788809493
"[[1], [2, 3, 4]]",0.967763550609427
"[[1], [2, 3, 4]]",0.9687728388739916
"[[1], [2, 3, 4]]",0.9684482196756949
"[[1], [2, 3, 4]]",0.9674297661430942
"[[1], [2, 3, 4]]",0.9668076412089514
"[[1], [2, 3, 4]]",0.9666289844247495
"[[1], [2, 3, 4]]",0.9663429163027517
"[[1], [2, 3, 4]]",0.966112680311767
"[[1], [2, 3, 4]]",0.965851697306183
"[[1], [2, 3, 4]]",0.9655137145147633
"[[1], [2, 3, 4]]",0.9652875792961557
"[[1], [2, 3, 4]]",0.9652934510352836
"[[1], [2, 3, 4]]",0.9653411959568725
"[[1], [2, 3, 4]]",0.9654483963273787
"[[1], [2, 3, 4]]",0.9654814796179036
"[[1], [2, 3, 4]]",0.965553030400524
"[[1], [2, 3, 4]]",0.966008896014429
"[[1], [2, 3, 4]]",0.9677827788374429
"[[1], [2, 3, 4]]",0.9697213351350219
"[[1], [2, 3, 4]]",0.9721566651419102
"[[4], [1, 2, 3]]",0.9741282034661651
"[[4], [1, 2, 3]]",0.9755668292055831
"[[4], [1, 2, 3]]",0.9769533291970227
"[[4], [1, 2, 3]]",0.9783766341334524
"[[4], [1, 2, 3]]",0.9798846123953766
"[[4], [1, 2, 3]]",0.9798669501392712
"[[4], [1, 2, 3]]",0.9797960138342335
"[[4], [1, 2, 3]]",0.9793700636538388
"[[4], [1, 2, 3]]",0.9790155147563308
"[[4], [1, 2, 3]]",0.9789414148556944
"[[4], [1, 2, 3]]",0.9789329182503061
"[[4], [1, 2, 3]]",0.9790633250384488
"[[4], [1, 2, 3]]",0.9789610429765151
"[[4], [1, 2, 3]]",0.9788484306596008
"[[4], [1, 2, 3]]",0.9789402486964374
"[[4], [1, 2, 3]]",0.9790205560361435
"[[4], [1, 2, 3]]",0.979115502289035
"[[4], [1, 2, 3]]",0.9791803492682487
"[[4], [1, 2, 3]]",0.9793185469238079
"[[4], [1, 2, 3]]",0.9793722830578684
"[[4], [1, 2, 3]]",0.9799160790497767
"[[4], [1, 2, 3]]",0.9815488007887456
"[[4], [1, 2, 3]]",0.9832809481236191
"[[4], [1, 2, 3]]",0.9857537787331689
"[[4], [1, 2, 3]]",0.9874126336298543
"[[4], [1, 2, 3]]",0.990003019262952
"[[4], [1, 2, 3]]",0.9915293221621551
"[[4], [1, 2, 3]]",0.9929917995917382
"[[4], [1, 2, 3]]",0.993502548137851
"[[4], [1, 2, 3]]",0.9935029781491869
"[[4], [1, 2, 3]]",0.9934185193230863
"[[4], [1, 2, 3]]",0.9933596628814603
"[[4], [1, 2, 3]]",0.9931881390495134
"[[4], [1, 2, 3]]",0.9931856834329834
"[[4], [1, 2, 3]]",0.9932629599881269
"[[4], [1, 2, 3]]",0.9933343850538332
"[[4], [1, 2, 3]]",0.993287109571042
"[[4], [1, 2, 3]]",0.9933529281759711
"[[4], [1, 2, 3]]",0.9934028132553274
"[[4], [1, 2, 3]]",0.9932950912281056
"[[4], [1, 2, 3]]",0.9931560229532834
"[[4], [1, 2, 3]]",0.9930563693322995
"[[4], [1, 2, 3]]",0.9929604939969853
"[[4], [1, 2, 3]]",0.992959934233115
"[[4], [1, 2, 3]]",0.992827981847265
"[[4], [1, 2, 3]]",0.9917786053655693
"[[4], [1, 2, 3]]",0.989932301731894
"[[4], [1, 2, 3]]",0.9878985976604125
"[[4], [1, 2, 3]]",0.9859658930751327
"[[4], [1, 2, 3]]",0.9811102378771747
"[[4], [1, 2, 3]]",0.9791745666796428
"[[4], [1, 2, 3]]",0.977368984774994
"[[1], [2, 3, 4]]",0.9754767719357025
"[[1], [2, 3, 4]]",0.9756138611228313
"[[1], [2, 3, 4]]",0.9757483527938843
"[[1], [2, 3, 4]]",0.9761348116889248
"[[1], [2, 3, 4]]",0.9763695299627884
"[[1], [2, 3, 4]]",0.976111690173407
"[[1], [2, 3, 4]]",0.9759459249124929
"[[1], [2, 3, 4]]",0.9752954671544879
"[[1], [2, 3, 4]]",0.9749417064453314
"[[1], [2, 3, 4]]",0.9749979196589662
"[[1], [2, 3, 4]]",0.97489443144906
"[[1], [2, 3, 4]]",0.9748337863196677
"[[1], [2, 3, 4]]",0.9748360964267595
"[[1], [2, 3, 4]]",0.9748351411833485
"[[1], [2, 3, 4]]",0.9749082355562888
"[[1], [2, 3, 4]]",0.9747644212886541
"[[1], [2, 3, 4]]",0.9737529371071683
"[[1], [2, 3, 4]]",0.9730651470272411
"[[1], [2, 3, 4]]",0.972708397873143
"[[1], [2, 3, 4]]",0.9723602927326296
"[[1], [2, 3, 4]]",0.9726695275293619
"[[1], [2, 3, 4]]",0.974100208656576
"[[1], [2, 3, 4]]",0.9743066663732
"[[1], [2, 3, 4]]",0.9742036316519331
"[[1], [2, 3, 4]]",0.9742032231367406
"[[1], [2, 3, 4]]",0.9741920484167326
"[[1], [2, 3, 4]]",0.9743372510408108
"[[1], [2, 3, 4]]",0.9742882647090367
"[[1], [2, 3, 4]]",0.9741482670211228
"[[1], [2, 3, 4]]",0.9736198813566141
"[[1], [2, 3, 4]]",0.9727692461916846
"[[1], [2, 3, 4]]",0.9724532892693367
"[[1], [2, 3, 4]]",0.9722182970782137
"[[1], [2, 3, 4]]",0.972167812425503
"[[1], [2, 3, 4]]",0.9720743856545956
"[[1], [2, 3, 4]]",0.9719547569222168
"[[1], [2, 3, 4]]",0.9719239238223755
"[[1], [2, 3, 4]]",0.9717828613916705
"[[1], [2, 3, 4]]",0.9717429141032701
"[[1], [2, 3, 4]]",0.9716174638060262
"[[1], [2, 3, 4]]",0.9677911931096178
"[[1], [2, 3, 4]]",0.9639307983225214
"[[1], [2, 3, 4]]",0.9600970405815954
"[[1], [2, 3, 4]]",0.9564390131408826
"[[1], [2, 3, 4]]",0.9526688165577272
"[[1], [2, 3, 4]]",0.9520997771178431
"[[1], [2, 3, 4]]",0.9484171731523734
"[[1], [2, 3, 4]]",0.9446315209132778
"[[1], [2, 3, 4]]",0.9410002543900706
"[[1], [2, 3, 4]]",0.9363215723076517
"[[1], [2, 3, 4]]",0.9362523273941632
"[[1], [2, 3, 4]]",0.9362858091293913
"[[1], [2, 3, 4]]",0.9361170626820428
"[[1], [2, 3, 4]]",0.9360602517858864
"[[1], [2, 3, 4]]",0.935778771319515
"[[1], [2, 3, 4]]",0.935604406064481
"[[1], [2, 3, 4]]",0.9357540944681554
"[[1], [2, 3, 4]]",0.9357264261814854
"[[1], [2, 3, 4]]",0.9356726155341482
"[[1], [2, 3, 4]]",0.9355945193156185
"[[1], [2, 3, 4]]",0.9353759871936709
"[[1], [2, 3, 4]]",0.9350649167223988
"[[1], [2, 3, 4]]",0.9347022006879016
"[[1], [2, 3, 4]]",0.934769688318694
"[[1], [2, 3, 4]]",0.9354729153509119
"[[1], [2, 3, 4]]",0.9354018117348352
"[[1], [2, 3, 4]]",0.9345541164620204
"[[1], [2, 3, 4]]",0.9331760143263281
"[[1], [2, 3, 4]]",0.9310931235476154
"[[1], [2, 3, 4]]",0.9292596812591849
"[[1], [2, 3, 4]]",0.927920087704156
"[[1], [2, 3, 4]]",0.9271827316773764
"[[1], [2, 3, 4]]",0.9267032581787475
"[[1], [2, 3, 4]]",0.9263122547727395
"[[1], [2, 3, 4]]",0.9263409735177417
"[[1], [2, 3, 4]]",0.9267895743648824
"[[1], [2, 3, 4]]",0.9273724468030221
"[[1], [2, 3, 4]]",0.92788776258711
"[[1], [2, 3, 4]]",0.9284215374231518
"[[1], [2, 3, 4]]",0.9286604578650649
"[[1], [2, 3, 4]]",0.928958163056915
"[[1], [2, 3, 4]]",0.9288054630176099
"[[1], [2, 3, 4]]",0.9288718683394122
"[[1], [2, 3, 4]]",0.9291995839674142
"[[1], [2, 3, 4]]",0.929610533809722
"[[1], [2, 3, 4]]",0.9301309670297586
"[[1], [2, 3, 4]]",0.9305303418746395
"[[1], [2, 3, 4]]",0.930683717697641
"[[1], [2, 3, 4]]",0.9332255749511689
"[[1], [2, 3, 4]]",0.9341196468805786
"[[1], [2, 3, 4]]",0.9341594489072094
"[[1], [2, 3, 4]]",0.9341519858158001
"[[1], [2, 3, 4]]",0.934148905819993
"[[1], [2, 3, 4]]",0.93415537704436
"[[1], [2, 3, 4]]",0.9341758750798583
"[[1], [2, 3, 4]]",0.9341807124145504
"[[1], [2, 3, 4]]",0.9341416468988042
"[[1], [2, 3, 4]]",0.9389666396924261
"[[1], [2, 3, 4]]",0.9389804069956434
"[[1], [2, 3, 4]]",0.9388399600434109
"[[1], [2, 3, 4]]",0.939097838544303
"[[1], [2, 3, 4]]",0.9392847646079472
"[[1], [2, 3, 4]]",0.9398206278282719
"[[1], [2, 3, 4]]",0.9405176211635873
"[[1], [2, 3, 4]]",0.9400284089472652
"[[1], [2, 3, 4]]",0.9398299994225441
"[[1], [2, 3, 4]]",0.9395529002519358
"[[1], [2, 3, 4]]",0.9392631459148295
"[[1], [2, 3, 4]]",0.9389642878876275
"[[1], [2, 3, 4]]",0.9386189944725107
"[[1], [2, 3, 4]]",0.937775710518195
"[[1], [2, 3, 4]]",0.9374858515387299
"[[1], [2, 3, 4]]",0.933959845030076
"[[1], [2, 3, 4]]",0.9295768490433234
"[[1], [2, 3, 4]]",0.9242493970944374
"[[1], [2, 3, 4]]",0.9194052955907004
"[[1], [2, 3, 4]]",0.9146741075093788
"[[1], [2, 3, 4]]",0.9096913360981445
"[[1], [2, 3, 4]]",0.9042210638433887
"[[1], [2, 3, 4]]",0.8982049692843528
"[[1], [2, 3, 4]]",0.8917939948774638
"[[1], [2, 3, 4]]",0.8851775376416868
"[[1], [2, 3, 4]]",0.8844254330172114
"[[1], [2, 3, 4]]",0.8845110963493887
"[[1], [2, 3, 4]]",0.884445306636559
"[[1], [2, 3, 4]]",0.884436437797394
"[[1], [2, 3, 4]]",0.884474423950656
"[[1], [2, 3, 4]]",0.8835509248789805
"[[1], [2, 3, 4]]",0.8829690779732662
"[[1], [2, 3, 4]]",0.8820946619718152
"[[1], [2, 3, 4]]",0.8814539065999547
"[[1], [2, 3, 4]]",0.8808590576085116
"[[1], [2, 3, 4]]",0.8803244542992651
"[[1], [2, 3, 4]]",0.8797590129058872
"[[1], [2, 3, 4]]",0.8791201636706102
"[[1], [2, 3, 4]]",0.878688658210913
"[[1], [2, 3, 4]]",0.8793966105338471
"[[1], [2, 3, 4]]",0.87848879021668
"[[1], [2, 3, 4]]",0.8784825060762435
"[[1], [2, 3, 4]]",0.8785093791517913
"[[1], [2, 3, 4]]",0.8785200390850949
"[[1], [2, 3, 4]]",0.8785263308804658
"[[1], [2, 3, 4]]",0.8785215495067367
"[[1], [2, 3, 4]]",0.8785114791242372
"[[1], [2, 3, 4]]",0.8785152707566043
"[[1], [2, 3, 4]]",0.8768567769881119
"[[1], [2, 3, 4]]",0.8762390867449148
"[[1], [2, 3, 4]]",0.8763967832721749
"[[1], [2, 3, 4]]",0.8764646769402621
"[[1], [2, 3, 4]]",0.8765741332902641
"[[1], [2, 3, 4]]",0.8763595300856629
"[[1], [2, 3, 4]]",0.8763790841513166
"[[1], [2, 3, 4]]",0.8766795885821308
"[[1], [2, 3, 4]]",0.8762354269188253
"[[1], [2, 3, 4]]",0.8760191761120143
"[[1], [2, 3, 4]]",0.8758553099216126
"[[1], [2, 3, 4]]",0.8757433775972727
"[[1], [2, 3, 4]]",0.8759337822679668
"[[1], [2, 3, 4]]",0.8765143028406535
"[[1], [2, 3, 4]]",0.8768085103473848
"[[1], [2, 3, 4]]",0.8784007888294874
"[[1], [2, 3, 4]]",0.8784648194309357
"[[1], [2, 3, 4]]",0.8784496641585106
"[[1], [2, 3, 4]]",0.878444111144672
"[[1], [2, 3, 4]]",0.8784396141467721
"[[1], [2, 3, 4]]",0.8784130287482887
"[[1], [2, 3, 4]]",0.8783910346217243
"[[1], [2, 3, 4]]",0.8796007063224887
"[[1], [2, 3, 4]]",0.884609373406674
"[[1], [2, 3, 4]]",0.8908138842600679
"[[1], [2, 3, 4]]",0.8912883870572874
"[[1], [2, 3, 4]]",0.8913130986805928
"[[1], [2, 3, 4]]",0.8914978486317231
"[[1], [2, 3, 4]]",0.8916454497458313
"[[1], [2, 3, 4]]",0.8920818295625974
"[[1], [2, 3, 4]]",0.893168976068252
"[[1], [2, 3, 4]]",0.8938322195516168
"[[1], [2, 3, 4]]",0.895114927306755
"[[1], [2, 3, 4]]",0.8958836291880293
"[[1], [2, 3, 4]]",0.8966613476919723
"[[1], [2, 3, 4]]",0.897281550224261
"[[1], [2, 3, 4]]",0.8978415220225944
"[[1], [2, 3, 4]]",0.8986316974331959
"[[1], [2, 3, 4]]",0.899006531519471
"[[1], [2, 3, 4]]",0.8995509510597259
"[[1], [2, 3, 4]]",0.9039380614021899
"[[1], [2, 3, 4]]",0.9095414948232696
"[[1], [2, 3, 4]]",0.9144159455885459
"[[1], [2, 3, 4]]",0.9170669920343879
"[[1], [2, 3, 4]]",0.9170863383388733
"[[1], [2, 3, 4]]",0.9197115171591802
"[[1], [2, 3, 4]]",0.9245107879327616
"[[1], [2, 3, 4]]",0.9298091470735474
"[[1], [2, 3, 4]]",0.9309318902337503
"[[1], [2, 3, 4]]",0.931051751809685
"[[1], [2, 3, 4]]",0.930906730477139
"[[1], [2, 3, 4]]",0.931464656048459
"[[1], [2, 3, 4]]",0.9313100492716888
"[[1], [2, 3, 4]]",0.931802259701243
"[[1], [2, 3, 4]]",0.931595243332209
"[[1], [2, 3, 4]]",0.9317752499951908
"[[1], [2, 3, 4]]",0.9322518361021264
"[[1], [2, 3, 4]]",0.9326809099849751
"[[1], [2, 3, 4]]",0.9331407359928363
"[[1], [2, 3, 4]]",0.9338453630114327
"[[1], [2, 3, 4]]",0.9342179920514129
"[[1], [2, 3, 4]]",0.9350354482666299
"[[1], [2, 3, 4]]",0.9351742755521062
"[[1], [2, 3, 4]]",0.9373294886190708
"[[1], [2, 3, 4]]",0.9422654438748217
"[[1], [2, 3, 4]]",0.9481116386223285
"[[1], [2, 3, 4]]",0.9533707908745859
"[[1], [2, 3, 4]]",0.9582127459270393
"[[1], [2, 3, 4]]",0.9607151728860237
"[[1], [2, 3, 4]]",0.9616835388654262
"[[1], [2, 3, 4]]",0.9651782712734647
"[[1], [2, 3, 4]]",0.9658994683300383
"[[1], [2, 3, 4]]",0.9663495345244628
"[[1], [2, 3, 4]]",0.9663550269620087
"[[1], [2, 3, 4]]",0.966288629584032
"[[1], [2, 3, 4]]",0.9662707476166861
"[[1], [2, 3, 4]]",0.9661187160743663
"[[1], [2, 3, 4]]",0.9660981849604433
"[[1], [2, 3, 4]]",0.9659507033266542
"[[1], [2, 3, 4]]",0.9659858108428669
"[[1], [2, 3, 4]]",0.9659789638405951
"[[1], [2, 3, 4]]",0.966011035013965
"[[1], [2, 3, 4]]",0.9660274985119576
"[[1], [2, 3, 4]]",0.965655930207751
"[[1], [2, 3, 4]]",0.9655250833768015
"[[1], [2, 3, 4]]",0.9655082567874405
"[[1], [2, 3, 4]]",0.9642105827567304
"[[1], [2, 3, 4]]",0.9601696510330202
"[[1], [2, 3, 4]]",0.9560537478073299
"[[1], [2, 3, 4]]",0.9509895790222368
"[[1], [2, 3, 4]]",0.9464882285668683
"[[1], [2, 3, 4]]",0.9440037933664047
"[[1], [2, 3, 4]]",0.9440014318910168
"[[1], [2, 3, 4]]",0.9415583059780945
"[[1], [2, 3, 4]]",0.9370395590691608
"[[1], [2, 3, 4]]",0.9319531488018775
"[[1], [2, 3, 4]]",0.9257912541094333
"[[1], [2, 3, 4]]",0.9229889648938647
"[[1], [2, 3, 4]]",0.9232977225354233
"[[1], [2, 3, 4]]",0.9232955654918432
"[[1], [2, 3, 4]]",0.9236989862910363
"[[1], [2, 3, 4]]",0.9241733449172993
"[[1], [2, 3, 4]]",0.9248888403444531
"[[1], [2, 3, 4]]",0.9253734114158976
"[[1], [2, 3, 4]]",0.9264694830226851
"[[1], [2, 3, 4]]",0.926770786523557
"[[1], [2, 3, 4]]",0.9270761261537963
"[[1], [2, 3, 4]]",0.9273721121041882
"[[1], [2, 3, 4]]",0.9276550675764275
"[[1], [2, 3, 4]]",0.9277171281734291
"[[1], [2, 3, 4]]",0.9280208123288379
"[[1], [2, 3, 4]]",0.9281732830192747
"[[1], [2, 3, 4]]",0.9282079135292853
"[[1], [2, 3, 4]]",0.928376116351007
"[[1], [2, 3, 4]]",0.9290135448560517
"[[1], [2, 3, 4]]",0.9299075765322671
"[[1], [2, 3, 4]]",0.9323959152769958
"[[1], [2, 3, 4]]",0.9373277456696527
"[[1], [2, 3, 4]]",0.9384588460728809
"[[1], [2, 3, 4]]",0.9390880986059296
"[[1], [2, 3, 4]]",0.9389160799674614
"[[1], [2, 3, 4]]",0.9381561105711951
"[[1], [2, 3, 4]]",0.9376365392431707
"[[1], [2, 3, 4]]",0.936743161946026
"[[1], [2, 3, 4]]",0.9360851202225617
"[[1], [2, 3, 4]]",0.9353492055594166
"[[1], [2, 3, 4]]",0.9348354741840774
"[[1], [2, 3, 4]]",0.9346470527863366
"[[1], [2, 3, 4]]",0.9343960831425101
"[[1], [2, 3, 4]]",0.9342660742239145
"[[1], [2, 3, 4]]",0.9341474826892355
"[[1], [2, 3, 4]]",0.9340475555727168
"[[1], [2, 3, 4]]",0.9339505456969464
"[[1], [2, 3, 4]]",0.9338389774034881
"[[1], [2, 3, 4]]",0.9353086002352822
"[[1], [2, 3, 4]]",0.9395336962451347
"[[1], [2, 3, 4]]",0.9439958509775239
"[[1], [2, 3, 4]]",0.9496255389441466
"[[1], [2, 3, 4]]",0.9546365157031258
"[[1], [2, 3, 4]]",0.9595754378424486
"[[1], [2, 3, 4]]",0.9630051001281734
"[[1], [2, 3, 4]]",0.9678687715798584
"[[1], [2, 3, 4]]",0.9733038910584801
"[[4], [1, 2, 3]]",0.9787192259552195
"[[4], [1, 2, 3]]",0.9833553776087586
"[[4], [1, 2, 3]]",0.9852149400240886
"[[4], [1, 2, 3]]",0.9825788133982505
"[[4], [1, 2, 3]]",0.9811080111106623
"[[4], [1, 2, 3]]",0.9806814644542359
"[[4], [1, 2, 3]]",0.9798961028954489
"[[4], [1, 2, 3]]",0.9793053549765627
"[[4], [1, 2, 3]]",0.9787538502193085
"[[4], [1, 2, 3]]",0.9788121700803663
"[[4], [1, 2, 3]]",0.9795180450599057
"[[4], [1, 2, 3]]",0.980175569692016
"[[4], [1, 2, 3]]",0.9805039899456381
"[[4], [1, 2, 3]]",0.9805411840606679
"[[4], [1, 2, 3]]",0.9804838583016099
"[[4], [1, 2, 3]]",0.9805884105138114
"[[4], [1, 2, 3]]",0.9805953854372911
"[[4], [1, 2, 3]]",0.9806722226110742
"[[4], [1, 2, 3]]",0.9807024331616292
"[[4], [1, 2, 3]]",0.9811517900547619
"[[4], [1, 2, 3]]",0.9817905213283831
"[[4], [1, 2, 3]]",0.9828544059543486
"[[4], [1, 2, 3]]",0.9825731245407602
"[[4], [1, 2, 3]]",0.9825706230715758
"[[4], [1, 2, 3]]",0.9826842599189033
"[[4], [1, 2, 3]]",0.9826730621948168
"[[4], [1, 2, 3]]",0.9826403130749335
"[[4], [1, 2, 3]]",0.9826034793975441
"[[4], [1, 2, 3]]",0.9825936526584489
"[[4], [1, 2, 3]]",0.9824277038826317
"[[4], [1, 2, 3]]",0.9819032996528473
"[[4], [1, 2, 3]]",0.9812512605420423
"[[4], [1, 2, 3]]",0.9807293546069531
"[[4], [1, 2, 3]]",0.9807500768702827
"[[4], [1, 2, 3]]",0.980630487456488
"[[4], [1, 2, 3]]",0.9806521765851861
"[[4], [1, 2, 3]]",0.9807164713927594
"[[4], [1, 2, 3]]",0.9807563369179927
"[[4], [1, 2, 3]]",0.9807747603876202
"[[4], [1, 2, 3]]",0.9807861163200563
"[[4], [1, 2, 3]]",0.9813194234680289
"[[4], [1, 2, 3]]",0.9824061486616209
"[[4], [1, 2, 3]]",0.9829910490352587
"[[4], [1, 2, 3]]",0.9841536708454268
"[[4], [1, 2, 3]]",0.9853776822092682
"[[4], [1, 2, 3]]",0.9878222415946006
"[[4], [1, 2, 3]]",0.9890591719710815
"[[4], [1, 2, 3]]",0.989430781089869
"[[4], [1, 2, 3]]",0.9896043385677702
"[[4], [1, 2, 3]]",0.9890114821840885
"[[4], [1, 2, 3]]",0.9890033025235792
"[[4], [1, 2, 3]]",0.9897967454984659
"[[4], [1, 2, 3]]",0.990178005662498
"[[4], [1, 2, 3]]",0.9901367133746188
"[[4], [1, 2, 3]]",0.9900924642288973
"[[4], [1, 2, 3]]",0.9902633345154062
"[[4], [1, 2, 3]]",0.9905260810919749
"[[4], [1, 2, 3]]",0.9905301980216549
"[[4], [1, 2, 3]]",0.990506092463265
"[[4], [1, 2, 3]]",0.9904761748069655
"[[4], [1, 2, 3]]",0.9904985386583186
"[[4], [1, 2, 3]]",0.9905440390776952
"[[4], [1, 2, 3]]",0.9905556453412392
"[[4], [1, 2, 3]]",0.9905991797789981
"[[4], [1, 2, 3]]",0.9907142994347867
"[[4], [1, 2, 3]]",0.990870561213887
"[[4], [1, 2, 3]]",0.9910448169114814
"[[4], [1, 2, 3]]",0.9912854863885211
"[[4], [1, 2, 3]]",0.9915340768456908
"[[4], [1, 2, 3]]",0.9922161706221746
"[[4], [1, 2, 3]]",0.9929240969326264
"[[4], [1, 2, 3]]",0.9931837119714997
"[[4], [1, 2, 3]]",0.993316489989568
"[[4], [1, 2, 3]]",0.9932854705876426
"[[4], [1, 2, 3]]",0.9932600314956301
"[[4], [1, 2, 3]]",0.9932510811340489
"[[4], [1, 2, 3]]",0.9932428388788187
"[[4], [1, 2, 3]]",0.9933028311391605
"[[4], [1, 2, 3]]",0.9935291858950861
"[[4], [1, 2, 3]]",0.9940058885907795
"[[4], [1, 2, 3]]",0.9944067416164928
"[[4], [1, 2, 3]]",0.9943678600750898
"[[4], [1, 2, 3]]",0.9942694063141908
"[[4], [1, 2, 3]]",0.9942610032900435
"[[4], [1, 2, 3]]",0.9942690618580314
"[[4], [1, 2, 3]]",0.9942671923391226
"[[4], [1, 2, 3]]",0.9943167086056564
"[[4], [1, 2, 3]]",0.9943790705064129
"[[4], [1, 2, 3]]",0.9941072889985727
"[[4], [1, 2, 3]]",0.9938215031833633
"[[4], [1, 2, 3]]",0.9922857915476122
"[[4], [1, 2, 3]]",0.9889264956596043
"[[4], [1, 2, 3]]",0.9837944476758139
"[[4], [1, 2, 3]]",0.9787037117946011
"[[1], [2, 3, 4]]",0.9733552671307018
"[[1], [2, 3, 4]]",0.9679541993237203
"[[1], [2, 3, 4]]",0.9642752275430047
"[[1], [2, 3, 4]]",0.9639807404341834
"[[1], [2, 3, 4]]",0.9637778585457202
"[[1], [2, 3, 4]]",0.9638742048607803
"[[1], [2, 3, 4]]",0.9640208102745496
"[[1], [2, 3, 4]]",0.9642585530680721
"[[1], [2, 3, 4]]",0.9647116078253293
"[[1], [2, 3, 4]]",0.9651497503327092
"[[1], [2, 3, 4]]",0.9653924893157491
"[[1], [2, 3, 4]]",0.9652464748584302
"[[1], [2, 3, 4]]",0.9647621824126684
"[[1], [2, 3, 4]]",0.9644987469149013
"[[1], [2, 3, 4]]",0.9642999088216475
"[[1], [2, 3, 4]]",0.9641676465088367
"[[1], [2, 3, 4]]",0.9640109862809993
"[[1], [2, 3, 4]]",0.9619547944882091
"[[1], [2, 3, 4]]",0.9575350543032939
"[[1], [2, 3, 4]]",0.9524734669436108
"[[1], [2, 3, 4]]",0.9468790322805928
"[[1], [2, 3, 4]]",0.9409240763707449
"[[1], [2, 3, 4]]",0.9349455852240154
"[[1], [2, 3, 4]]",0.9287685092793474
"[[1], [2, 3, 4]]",0.9226576641115087
"[[1], [2, 3, 4]]",0.9165075559520292
"[[1], [2, 3, 4]]",0.9126264255813633
"[[1], [2, 3, 4]]",0.9108011668699545
"[[1], [2, 3, 4]]",0.9106954546215575
"[[1], [2, 3, 4]]",0.9111767289473767
"[[1], [2, 3, 4]]",0.9116838759365853
"[[1], [2, 3, 4]]",0.911988309848903
"[[1], [2, 3, 4]]",0.9131347996052466
"[[1], [2, 3, 4]]",0.9137644202526514
"[[1], [2, 3, 4]]",0.9142508906425287
"[[1], [2, 3, 4]]",0.914482238537222
"[[1], [2, 3, 4]]",0.9146141048557386
"[[1], [2, 3, 4]]",0.9146258437104708
"[[1], [2, 3, 4]]",0.9150352067500127
"[[1], [2, 3, 4]]",0.9157117242708696
"[[1], [2, 3, 4]]",0.9163367928920485
"[[1], [2, 3, 4]]",0.9166105307153315
"[[1], [2, 3, 4]]",0.9167503517123256
"[[1], [2, 3, 4]]",0.9168002236346695
"[[1], [2, 3, 4]]",0.9177202374602776
"[[1], [2, 3, 4]]",0.9213247075644055
"[[1], [2, 3, 4]]",0.9272982163286179
"[[1], [2, 3, 4]]",0.9326048569488155
"[[1], [2, 3, 4]]",0.9384393350245026
"[[1], [2, 3, 4]]",0.944200457122123
"[[1], [2, 3, 4]]",0.9476761951797043
"[[1], [2, 3, 4]]",0.9480489146555082
"[[1], [2, 3, 4]]",0.9478336033395869
"[[1], [2, 3, 4]]",0.9478036733840487
"[[1], [2, 3, 4]]",0.9477202619364389
"[[1], [2, 3, 4]]",0.9476244062741015
"[[1], [2, 3, 4]]",0.9474147941155212
"[[1], [2, 3, 4]]",0.9473270042848727
"[[1], [2, 3, 4]]",0.9474361367623634
"[[1], [2, 3, 4]]",0.9477219581277092
"[[1], [2, 3, 4]]",0.9480264297154548
"[[1], [2, 3, 4]]",0.9481838875237858
"[[1], [2, 3, 4]]",0.9484880500411605
"[[1], [2, 3, 4]]",0.9487108165975153
"[[1], [2, 3, 4]]",0.9489569815877775
"[[1], [2, 3, 4]]",0.950771066740719
"[[1], [2, 3, 4]]",0.9548149729917261
"[[1], [2, 3, 4]]",0.9593744244092768
"[[1], [2, 3, 4]]",0.9639883492746602
"[[1], [2, 3, 4]]",0.9681403807133082
"[[1], [2, 3, 4]]",0.9723412114371366
"[[1], [2, 3, 4]]",0.9762806016585657
"[[4], [1, 2, 3]]",0.9804336872517363
"[[4], [1, 2, 3]]",0.9852087456170662
"[[4], [1, 2, 3]]",0.9878802220611882
"[[4], [1, 2, 3]]",0.989449338043171
"[[4], [1, 2, 3]]",0.9897709460100974
"[[4], [1, 2, 3]]",0.9896012131275926
"[[4], [1, 2, 3]]",0.9896045061342362
"[[4], [1, 2, 3]]",0.9894749461572065
"[[4], [1, 2, 3]]",0.989196799140807
"[[4], [1, 2, 3]]",0.988994590579436
"[[4], [1, 2, 3]]",0.9887771722366934
"[[4], [1, 2, 3]]",0.9885413067005034
"[[4], [1, 2, 3]]",0.9884429819381038
"[[4], [1, 2, 3]]",0.9885218328927234
"[[4], [1, 2, 3]]",0.9883728383346428
"[[4], [1, 2, 3]]",0.9882666894584181
"[[4], [1, 2, 3]]",0.9882001327262162
"[[4], [1, 2, 3]]",0.9881879504470936
"[[4], [1, 2, 3]]",0.9870493260778668
"[[4], [1, 2, 3]]",0.9852330922790258
"[[4], [1, 2, 3]]",0.9818507744547218
"[[4], [1, 2, 3]]",0.9784404748303057
"[[1], [2, 3, 4]]",0.9729420575459584
"[[1], [2, 3, 4]]",0.9680934778429693
"[[1], [2, 3, 4]]",0.9625172311710106
"[[1], [2, 3, 4]]",0.9603236897405723
"[[1], [2, 3, 4]]",0.9580457666201314
"[[1], [2, 3, 4]]",0.9580916060111572
"[[1], [2, 3, 4]]",0.9582070637617457
"[[1], [2, 3, 4]]",0.9582678535865501
"[[1], [2, 3, 4]]",0.9583909919276832
"[[1], [2, 3, 4]]",0.9584035605218717
"[[1], [2, 3, 4]]",0.9578901454991304
"[[1], [2, 3, 4]]",0.9570527198284694
"[[1], [2, 3, 4]]",0.9566182220618951
"[[1], [2, 3, 4]]",0.9562815365684525
"[[1], [2, 3, 4]]",0.9560067522521858
"[[1], [2, 3, 4]]",0.9557736747091279
"[[1], [2, 3, 4]]",0.9556115347361194
"[[1], [2, 3, 4]]",0.9554817900515757
"[[1], [2, 3, 4]]",0.955386408127848
"[[1], [2, 3, 4]]",0.955367612718047
"[[1], [2, 3, 4]]",0.953062723363039
"[[1], [2, 3, 4]]",0.95006995707442
"[[1], [2, 3, 4]]",0.9501975356018586
"[[1], [2, 3, 4]]",0.9508319584883458
"[[1], [2, 3, 4]]",0.9508360684621588
"[[1], [2, 3, 4]]",0.9487505821686424
"[[1], [2, 3, 4]]",0.9485173432872966
"[[1], [2, 3, 4]]",0.9479425037825333
"[[1], [2, 3, 4]]",0.9479834130948621
"[[1], [2, 3, 4]]",0.9479853191056502
"[[1], [2, 3, 4]]",0.9479567365013077
"[[1], [2, 3, 4]]",0.9479185108683035
"[[1], [2, 3, 4]]",0.947881512903979
"[[1], [2, 3, 4]]",0.9479044107897018
"[[1], [2, 3, 4]]",0.9478889472748926
"[[1], [2, 3, 4]]",0.9476814262130935
"[[1], [2, 3, 4]]",0.9477929787591962
"[[1], [2, 3, 4]]",0.9479038121116368
"[[1], [2, 3, 4]]",0.9480471756928779
"[[1], [2, 3, 4]]",0.9481907367262867
"[[1], [2, 3, 4]]",0.9482732974167172
"[[1], [2, 3, 4]]",0.9483886983359534
"[[1], [2, 3, 4]]",0.9485153092116685
"[[1], [2, 3, 4]]",0.9485179267567287
"[[1], [2, 3, 4]]",0.9494622483659168
"[[1], [2, 3, 4]]",0.9510030642940459
"[[1], [2, 3, 4]]",0.9540515762550894
"[[1], [2, 3, 4]]",0.9569143775245903
"[[1], [2, 3, 4]]",0.9615082207471962
"[[1], [2, 3, 4]]",0.9650710664510512
"[[1], [2, 3, 4]]",0.9696102045841386
"[[1], [2, 3, 4]]",0.9711889072588957
"[[4], [1, 2, 3]]",0.9731314821041834
"[[4], [1, 2, 3]]",0.9731476568215507
"[[1], [2, 3, 4]]",0.9732050774351044
"[[4], [1, 2, 3]]",0.9732568118631832
"[[4], [1, 2, 3]]",0.9732505052445269
"[[4], [1, 2, 3]]",0.9734798992470637
"[[4], [1, 2, 3]]",0.9739275120094733
"[[4], [1, 2, 3]]",0.9746143946833918
"[[4], [1, 2, 3]]",0.9749542224311244
"[[4], [1, 2, 3]]",0.9752388806334307
"[[4], [1, 2, 3]]",0.9755088910688705
"[[4], [1, 2, 3]]",0.9757413855777102
"[[4], [1, 2, 3]]",0.975863368862855
"[[4], [1, 2, 3]]",0.9759642051781316
"[[4], [1, 2, 3]]",0.9760099365601058
"[[4], [1, 2, 3]]",0.9759895880943992
"[[4], [1, 2, 3]]",0.9779889719529102
"[[4], [1, 2, 3]]",0.9799396376092664
"[[4], [1, 2, 3]]",0.9798937654935626
"[[4], [1, 2, 3]]",0.979821018085083
"[[4], [1, 2, 3]]",0.9798134278643055
"[[4], [1, 2, 3]]",0.9818736034177633
"[[4], [1, 2, 3]]",0.9819814739001385
"[[4], [1, 2, 3]]",0.9818324224447572
"[[4], [1, 2, 3]]",0.9811796827526691
"[[4], [1, 2, 3]]",0.9811896848321591
"[[4], [1, 2, 3]]",0.9812145346890233
"[[4], [1, 2, 3]]",0.9814849176059042
"[[4], [1, 2, 3]]",0.9815971840816824
"[[4], [1, 2, 3]]",0.9815446947321611
"[[4], [1, 2, 3]]",0.9819026199509941
"[[4], [1, 2, 3]]",0.9824669397526262
"[[4], [1, 2, 3]]",0.982655531887612
"[[4], [1, 2, 3]]",0.9828464137056282
"[[4], [1, 2, 3]]",0.982995890754988
"[[4], [1, 2, 3]]",0.9830895971743675
"[[4], [1, 2, 3]]",0.9831412294165622
"[[4], [1, 2, 3]]",0.9829988701004109
"[[4], [1, 2, 3]]",0.9828282636623061
"[[4], [1, 2, 3]]",0.9827230096009208
"[[4], [1, 2, 3]]",0.982076007966568
"[[4], [1, 2, 3]]",0.9812550942997319
"[[4], [1, 2, 3]]",0.9763229209053899
"[[1], [2, 3, 4]]",0.9713672567144475
"[[1], [2, 3, 4]]",0.9667555285373736
"[[1], [2, 3, 4]]",0.9630972387898861
"[[1], [2, 3, 4]]",0.9584252767203765
"[[1], [2, 3, 4]]",0.9532078798315542
"[[1], [2, 3, 4]]",0.9476746630676826
"[[1], [2, 3, 4]]",0.9424724052941171
"[[1], [2, 3, 4]]",0.9416678841703787
"[[1], [2, 3, 4]]",0.9419464968516291
"[[1], [2, 3, 4]]",0.9423716783488403
"[[1], [2, 3, 4]]",0.9425315792903752
"[[1], [2, 3, 4]]",0.9429595333744062
"[[1], [2, 3, 4]]",0.9434611748053402
"[[1], [2, 3, 4]]",0.9435121249224314
"[[1], [2, 3, 4]]",0.9435975680249429
"[[1], [2, 3, 4]]",0.9437206326776914
"[[1], [2, 3, 4]]",0.9437498330339232
"[[1], [2, 3, 4]]",0.9438700937709843
"[[1], [2, 3, 4]]",0.9437872843931112
"[[1], [2, 3, 4]]",0.9438099792378636
"[[1], [2, 3, 4]]",0.9438457338228381
"[[1], [2, 3, 4]]",0.9439770959582772
"[[1], [2, 3, 4]]",0.9446019850783574
"[[1], [2, 3, 4]]",0.9440960630594595
"[[1], [2, 3, 4]]",0.9429638558100006
"[[1], [2, 3, 4]]",0.9436134114403751
"[[1], [2, 3, 4]]",0.939974815655755
"[[1], [2, 3, 4]]",0.9376256709673673
"[[1], [2, 3, 4]]",0.9365189538736922
"[[1], [2, 3, 4]]",0.9372970811444727
"[[1], [2, 3, 4]]",0.937314351024264
"[[1], [2, 3, 4]]",0.9373459690996949
"[[1], [2, 3, 4]]",0.9371935621046976
"[[1], [2, 3, 4]]",0.937162485709509
"[[1], [2, 3, 4]]",0.9370908779090447
"[[1], [2, 3, 4]]",0.9364482511775793
"[[1], [2, 3, 4]]",0.935497362645227
"[[1], [2, 3, 4]]",0.9350542711421442
"[[1], [2, 3, 4]]",0.9347184599934997
"[[1], [2, 3, 4]]",0.9344790490283902
"[[1], [2, 3, 4]]",0.9343086576689871
"[[1], [2, 3, 4]]",0.9341766835021379
"[[1], [2, 3, 4]]",0.9342132855930656
"[[1], [2, 3, 4]]",0.9343592677801711
"[[1], [2, 3, 4]]",0.934535264515818
"[[1], [2, 3, 4]]",0.9353589349290969
"[[1], [2, 3, 4]]",0.9348368075985397
"[[1], [2, 3, 4]]",0.9394342779421772
"[[1], [2, 3, 4]]",0.9417963146212769
"[[1], [2, 3, 4]]",0.9441471082635287
"[[1], [2, 3, 4]]",0.9441534790967452
"[[1], [2, 3, 4]]",0.9457437494316728
"[[1], [2, 3, 4]]",0.9480825208389139
"[[1], [2, 3, 4]]",0.9527637396521921
"[[1], [2, 3, 4]]",0.9578154124185748
"[[1], [2, 3, 4]]",0.9583592806765313
"[[1], [2, 3, 4]]",0.958240563994916
"[[1], [2, 3, 4]]",0.9579653049497536
"[[1], [2, 3, 4]]",0.9576205070683879
"[[1], [2, 3, 4]]",0.9572189920548769
"[[1], [2, 3, 4]]",0.9566072521151243
"[[1], [2, 3, 4]]",0.9564156553610575
"[[1], [2, 3, 4]]",0.9563039854415258
"[[1], [2, 3, 4]]",0.9561388817196633
"[[1], [2, 3, 4]]",0.9560088373742375
"[[1], [2, 3, 4]]",0.9558907860504127
"[[1], [2, 3, 4]]",0.955882841624127
"[[1], [2, 3, 4]]",0.9558577146463564
"[[1], [2, 3, 4]]",0.9558413501341271
"[[1], [2, 3, 4]]",0.9516609142147177
"[[1], [2, 3, 4]]",0.9486964823290338
"[[1], [2, 3, 4]]",0.9483177768936333
"[[1], [2, 3, 4]]",0.9490396026346173
"[[1], [2, 3, 4]]",0.9489305996864121
"[[1], [2, 3, 4]]",0.95253744761344
"[[1], [2, 3, 4]]",0.9556188630390466
"[[1], [2, 3, 4]]",0.9571752803512941
"[[1], [2, 3, 4]]",0.9564085225234569
"[[1], [2, 3, 4]]",0.9564567844299842
"[[1], [2, 3, 4]]",0.9563366179525721
"[[1], [2, 3, 4]]",0.9562707487444038
"[[1], [2, 3, 4]]",0.9562828879477029
"[[1], [2, 3, 4]]",0.9563577546264113
"[[1], [2, 3, 4]]",0.9566503244072501
"[[1], [2, 3, 4]]",0.957206741820426
"[[1], [2, 3, 4]]",0.9573975256626814
"[[1], [2, 3, 4]]",0.9575861340607761
"[[1], [2, 3, 4]]",0.9576995842947527
"[[1], [2, 3, 4]]",0.9578309953423276
"[[1], [2, 3, 4]]",0.9581062465770268
"[[1], [2, 3, 4]]",0.9583682594399454
"[[1], [2, 3, 4]]",0.958574806535671
"[[1], [2, 3, 4]]",0.9586186181981662
"[[1], [2, 3, 4]]",0.9586759483724618
"[[1], [2, 3, 4]]",0.960419331398908
"[[1], [2, 3, 4]]",0.9615868787063974
"[[1], [2, 3, 4]]",0.9648335635376691
"[[1], [2, 3, 4]]",0.9681649814413873
"[[1], [2, 3, 4]]",0.9734020388618172
"[[4], [1, 2, 3]]",0.977383734765948
"[[4], [1, 2, 3]]",0.9806947529702525
"[[4], [1, 2, 3]]",0.9816747766302041
"[[4], [1, 2, 3]]",0.9814668441887784
"[[4], [1, 2, 3]]",0.9813719952770243
"[[4], [1, 2, 3]]",0.9811596125775554
"[[4], [1, 2, 3]]",0.9810076423361129
"[[4], [1, 2, 3]]",0.9809309837315672
"[[4], [1, 2, 3]]",0.9809325798401239
"[[4], [1, 2, 3]]",0.9812043206560705
"[[4], [1, 2, 3]]",0.9813684443330726
"[[4], [1, 2, 3]]",0.981458627009806
"[[4], [1, 2, 3]]",0.9816057082581393
"[[4], [1, 2, 3]]",0.9817175236495397
"[[4], [1, 2, 3]]",0.9817802456539462
"[[4], [1, 2, 3]]",0.9818034684426216
"[[4], [1, 2, 3]]",0.981729094165907
"[[4], [1, 2, 3]]",0.9816301413713275
"[[4], [1, 2, 3]]",0.9854778890737104
"[[4], [1, 2, 3]]",0.988518285777964
"[[4], [1, 2, 3]]",0.9899661490573746
"[[4], [1, 2, 3]]",0.9910566389716795
"[[4], [1, 2, 3]]",0.991687532841387
"[[4], [1, 2, 3]]",0.9916926763292594
"[[4], [1, 2, 3]]",0.992120791586339
"[[4], [1, 2, 3]]",0.9928587548493912
"[[4], [1, 2, 3]]",0.9940478930041392
"[[4], [1, 2, 3]]",0.9940638953222698
"[[4], [1, 2, 3]]",0.9940041359736915
"[[4], [1, 2, 3]]",0.9939388628186718
"[[4], [1, 2, 3]]",0.9938638871846791
"[[4], [1, 2, 3]]",0.99376719590207
"[[4], [1, 2, 3]]",0.9936023988339427
"[[4], [1, 2, 3]]",0.9935192898766954
"[[4], [1, 2, 3]]",0.9934707925066248
"[[4], [1, 2, 3]]",0.9934017439069811
"[[4], [1, 2, 3]]",0.993326646661427
"[[4], [1, 2, 3]]",0.9932781686989801
"[[4], [1, 2, 3]]",0.9932110626407936
"[[4], [1, 2, 3]]",0.993153992018512
"[[4], [1, 2, 3]]",0.9931214820195574
"[[4], [1, 2, 3]]",0.9929905607270846
"[[4], [1, 2, 3]]",0.9900760570832778
"[[4], [1, 2, 3]]",0.9888755846744371
"[[4], [1, 2, 3]]",0.9874139432398541
"[[4], [1, 2, 3]]",0.9836949761197389
"[[4], [1, 2, 3]]",0.9788103953660185
"[[1], [2, 3, 4]]",0.9738077447496669
"[[1], [2, 3, 4]]",0.9693489126695969
"[[1], [2, 3, 4]]",0.9675182419166409
"[[1], [2, 3, 4]]",0.965629059318057
"[[1], [2, 3, 4]]",0.9651438489737941
"[[1], [2, 3, 4]]",0.9649279409908981
"[[1], [2, 3, 4]]",0.9651204950072543
"[[1], [2, 3, 4]]",0.9652833316055984
"[[1], [2, 3, 4]]",0.9655305676439598
"[[1], [2, 3, 4]]",0.9656609173570874
"[[1], [2, 3, 4]]",0.9654761391609809
"[[1], [2, 3, 4]]",0.9650349980454063
"[[1], [2, 3, 4]]",0.9646381003790154
"[[1], [2, 3, 4]]",0.9642612772605468
"[[1], [2, 3, 4]]",0.9639475561812856
"[[1], [2, 3, 4]]",0.9636367610060133
"[[1], [2, 3, 4]]",0.9633817552367618
"[[1], [2, 3, 4]]",0.9632797655513133
"[[1], [2, 3, 4]]",0.9631276338430674
"[[1], [2, 3, 4]]",0.9598766768284003
"[[1], [2, 3, 4]]",0.9543814941917286
"[[1], [2, 3, 4]]",0.9482425553421565
"[[1], [2, 3, 4]]",0.9420478660248397
"[[1], [2, 3, 4]]",0.9357040185313923
"[[1], [2, 3, 4]]",0.9307053702578388
"[[1], [2, 3, 4]]",0.9242985562633104
"[[1], [2, 3, 4]]",0.9177052787612194
"[[1], [2, 3, 4]]",0.9138929044815418
"[[1], [2, 3, 4]]",0.9126864417212635
"[[1], [2, 3, 4]]",0.9127587714589098
"[[1], [2, 3, 4]]",0.9130948806428266
"[[1], [2, 3, 4]]",0.9135029059968822
"[[1], [2, 3, 4]]",0.9140669257731958
"[[1], [2, 3, 4]]",0.9147534826502077
"[[1], [2, 3, 4]]",0.9151959966679724
"[[1], [2, 3, 4]]",0.9155823709574229
"[[1], [2, 3, 4]]",0.9160417930757598
"[[1], [2, 3, 4]]",0.9165280081932015
"[[1], [2, 3, 4]]",0.9170080970786538
"[[1], [2, 3, 4]]",0.9176039913007632
"[[1], [2, 3, 4]]",0.9182189233671676
"[[1], [2, 3, 4]]",0.9188157119771565
"[[1], [2, 3, 4]]",0.9190505331230624
"[[1], [2, 3, 4]]",0.9226862737590806
"[[1], [2, 3, 4]]",0.924022741971381
"[[1], [2, 3, 4]]",0.9255185868503599
"[[1], [2, 3, 4]]",0.9299567303556271
"[[1], [2, 3, 4]]",0.9355839370894734
"[[1], [2, 3, 4]]",0.9412672230265733
"[[1], [2, 3, 4]]",0.9460414608444649
"[[1], [2, 3, 4]]",0.9476153651476785
"[[1], [2, 3, 4]]",0.9491725866197729
"[[1], [2, 3, 4]]",0.9492613801642088
"[[1], [2, 3, 4]]",0.9491414638812747
"[[1], [2, 3, 4]]",0.9489016544674691
"[[1], [2, 3, 4]]",0.9489067187431481
"[[1], [2, 3, 4]]",0.9490250711120316
"[[1], [2, 3, 4]]",0.9493536894808186
"[[1], [2, 3, 4]]",0.9500746493612637
"[[1], [2, 3, 4]]",0.9508348126941553
"[[1], [2, 3, 4]]",0.9514741073735313
"[[1], [2, 3, 4]]",0.9520394355941026
"[[1], [2, 3, 4]]",0.9524547654508517
"[[1], [2, 3, 4]]",0.9529570826833746
"[[1], [2, 3, 4]]",0.95334602061282
"[[1], [2, 3, 4]]",0.9536655805222694
"[[1], [2, 3, 4]]",0.9538383739069619
"[[1], [2, 3, 4]]",0.9567524094367279
"[[1], [2, 3, 4]]",0.9616840388128387
"[[1], [2, 3, 4]]",0.9670696771881204
"[[1], [2, 3, 4]]",0.9724336424186547
"[[4], [1, 2, 3]]",0.9776583503899368
"[[4], [1, 2, 3]]",0.9820557899422632
"[[4], [1, 2, 3]]",0.986903112990281
"[[4], [1, 2, 3]]",0.9919517920636161
"[[4], [1, 2, 3]]",0.9946305484903508
"[[4], [1, 2, 3]]",0.9951757910624486
"[[4], [1, 2, 3]]",0.9949796734909021
"[[4], [1, 2, 3]]",0.9947269958907713
"[[4], [1, 2, 3]]",0.9945337439955845
"[[4], [1, 2, 3]]",0.994244918444497
"[[4], [1, 2, 3]]",0.9942364267203081
"[[4], [1, 2, 3]]",0.9941877038293059
"[[4], [1, 2, 3]]",0.9941882164054527
"[[4], [1, 2, 3]]",0.994174647411684
"[[4], [1, 2, 3]]",0.9941874978375961
"[[4], [1, 2, 3]]",0.994181605432173
"[[4], [1, 2, 3]]",0.994184224853478
"[[4], [1, 2, 3]]",0.9941738320721305
"[[4], [1, 2, 3]]",0.9941683215787094
"[[4], [1, 2, 3]]",0.9941379003953956
"[[4], [1, 2, 3]]",0.9920703025825033
"[[4], [1, 2, 3]]",0.9910810470539577
"[[4], [1, 2, 3]]",0.9908926182007058
"[[4], [1, 2, 3]]",0.9887707131700244
"[[4], [1, 2, 3]]",0.9884191143223856
"[[4], [1, 2, 3]]",0.9856198489269966
"[[4], [1, 2, 3]]",0.9854445086030219
"[[4], [1, 2, 3]]",0.985417788269179
"[[4], [1, 2, 3]]",0.985456485746321
"[[4], [1, 2, 3]]",0.9855893972823906
"[[4], [1, 2, 3]]",0.9856082206270773
"[[4], [1, 2, 3]]",0.9855986609367895
"[[4], [1, 2, 3]]",0.9856309741071938
"[[4], [1, 2, 3]]",0.98532736364221
"[[4], [1, 2, 3]]",0.9847800426442104
"[[4], [1, 2, 3]]",0.9839814102350863
"[[4], [1, 2, 3]]",0.9837401963245982
"[[4], [1, 2, 3]]",0.9835258098016963
"[[4], [1, 2, 3]]",0.9833984163650836
"[[4], [1, 2, 3]]",0.9833206259539949
"[[4], [1, 2, 3]]",0.983256431621857
"[[4], [1, 2, 3]]",0.9832438469477924
"[[4], [1, 2, 3]]",0.9832513397297101
"[[4], [1, 2, 3]]",0.9832049246823699
"[[4], [1, 2, 3]]",0.9830714972754359
"[[4], [1, 2, 3]]",0.9828996869435305
"[[4], [1, 2, 3]]",0.9824837300332377
"[[4], [1, 2, 3]]",0.9780614126705063
"[[1], [2, 3, 4]]",0.975236888018874
"[[1], [2, 3, 4]]",0.9728624062317639
"[[1], [2, 3, 4]]",0.9703035248051972
"[[1], [2, 3, 4]]",0.9700827981604189
"[[1], [2, 3, 4]]",0.9698768209362718
"[[1], [2, 3, 4]]",0.9700371148828542
"[[1], [2, 3, 4]]",0.9702564563803673
"[[1], [2, 3, 4]]",0.9703758178753497
"[[1], [2, 3, 4]]",0.9703825342968679
"[[1], [2, 3, 4]]",0.970614609062518
"[[1], [2, 3, 4]]",0.9704582411518368
"[[1], [2, 3, 4]]",0.9702832541094875
"[[1], [2, 3, 4]]",0.9702495774930459
"[[1], [2, 3, 4]]",0.9702584935653926
"[[1], [2, 3, 4]]",0.9702442860633298
"[[1], [2, 3, 4]]",0.9702706537834291
"[[1], [2, 3, 4]]",0.9703443061824092
"[[1], [2, 3, 4]]",0.9704077788635684
"[[1], [2, 3, 4]]",0.9704893712732049
"[[1], [2, 3, 4]]",0.9707652287705828
"[[1], [2, 3, 4]]",0.9715526974109343
"[[1], [2, 3, 4]]",0.9684292450400731
"[[1], [2, 3, 4]]",0.9683276438188164
"[[1], [2, 3, 4]]",0.9700270247347315
"[[1], [2, 3, 4]]",0.9700903510602373
"[[1], [2, 3, 4]]",0.9727620284343113
"[[1], [2, 3, 4]]",0.9728938088569026
"[[1], [2, 3, 4]]",0.9728872172135047
"[[1], [2, 3, 4]]",0.972790623742714
"[[1], [2, 3, 4]]",0.9727775560209484
"[[1], [2, 3, 4]]",0.9729680610371496
"[[1], [2, 3, 4]]",0.973230093099504
"[[1], [2, 3, 4]]",0.9734295608888728
"[[1], [2, 3, 4]]",0.9737287871710378
"[[4], [1, 2, 3]]",0.9742443160771771
"[[4], [1, 2, 3]]",0.9749603514209233
"[[4], [1, 2, 3]]",0.9749463916329202
"[[4], [1, 2, 3]]",0.9749441124030973
"[[4], [1, 2, 3]]",0.9749214328493956
"[[4], [1, 2, 3]]",0.9748691718786033
"[[4], [1, 2, 3]]",0.9748034334145532
"[[4], [1, 2, 3]]",0.9746829760070077
"[[4], [1, 2, 3]]",0.9745750979442851
"[[4], [1, 2, 3]]",0.9744747047071987
"[[4], [1, 2, 3]]",0.9743447313819649
"[[4], [1, 2, 3]]",0.9741690651473394
"[[1], [2, 3, 4]]",0.9716461127297358
"[[1], [2, 3, 4]]",0.9706394494773483
"[[1], [2, 3, 4]]",0.9679864451070372
"[[1], [2, 3, 4]]",0.9657379558595397
"[[1], [2, 3, 4]]",0.9631228759689658
"[[1], [2, 3, 4]]",0.960029448850304
"[[1], [2, 3, 4]]",0.9569094553918565
"[[1], [2, 3, 4]]",0.9550996046422762
"[[1], [2, 3, 4]]",0.9547459933257825
"[[1], [2, 3, 4]]",0.9549309157235977
"[[1], [2, 3, 4]]",0.9547309514860337
"[[1], [2, 3, 4]]",0.9547268816466737
"[[1], [2, 3, 4]]",0.9546606591600875
"[[1], [2, 3, 4]]",0.9547324735094073
"[[1], [2, 3, 4]]",0.9547463472494337
"[[1], [2, 3, 4]]",0.9547239353320538
"[[1], [2, 3, 4]]",0.9546543150140434
"[[1], [2, 3, 4]]",0.9545288183393481
"[[1], [2, 3, 4]]",0.9543666063072518
"[[1], [2, 3, 4]]",0.9542104165208103
"[[1], [2, 3, 4]]",0.9540735346029985
"[[1], [2, 3, 4]]",0.9538970611355209
"[[1], [2, 3, 4]]",0.9546687366494886
"[[1], [2, 3, 4]]",0.9561362819304214
"[[1], [2, 3, 4]]",0.9530429473895372
"[[1], [2, 3, 4]]",0.9501085444960289
"[[1], [2, 3, 4]]",0.9469540493605996
"[[1], [2, 3, 4]]",0.9440000522282179
"[[1], [2, 3, 4]]",0.9417386420737865
"[[1], [2, 3, 4]]",0.939881543901185
"[[1], [2, 3, 4]]",0.9390520790999566
"[[1], [2, 3, 4]]",0.9387905373482578
"[[1], [2, 3, 4]]",0.9387227243073002
"[[1], [2, 3, 4]]",0.9385972992945898
"[[1], [2, 3, 4]]",0.93851891056173
"[[1], [2, 3, 4]]",0.9387183274824675
"[[1], [2, 3, 4]]",0.93916092689285
"[[1], [2, 3, 4]]",0.9399092573164585
"[[1], [2, 3, 4]]",0.9407277412457853
"[[1], [2, 3, 4]]",0.9415746826546056
"[[1], [2, 3, 4]]",0.942252064730876
"[[1], [2, 3, 4]]",0.9428442835477764
"[[1], [2, 3, 4]]",0.9433970078704346
"[[1], [2, 3, 4]]",0.9439365770985091
"[[1], [2, 3, 4]]",0.9442731301862772
"[[1], [2, 3, 4]]",0.9443403407235836
"[[1], [2, 3, 4]]",0.9443921826397184
"[[1], [2, 3, 4]]",0.9444557312492525
"[[1], [2, 3, 4]]",0.9467247390847962
"[[1], [2, 3, 4]]",0.9521171507427151
"[[1], [2, 3, 4]]",0.9574684535666748
"[[1], [2, 3, 4]]",0.9629886169481332
"[[1], [2, 3, 4]]",0.968237183997928
"[[1], [2, 3, 4]]",0.9711767752330585
"[[1], [2, 3, 4]]",0.9740144014554339
"[[4], [1, 2, 3]]",0.9755011606294808
"[[4], [1, 2, 3]]",0.9756649034833352
"[[1], [2, 3, 4]]",0.9756118099800392
"[[4], [1, 2, 3]]",0.9760208884308283
"[[4], [1, 2, 3]]",0.9761587088436021
"[[4], [1, 2, 3]]",0.9764976626196717
"[[4], [1, 2, 3]]",0.9769113975465659
"[[4], [1, 2, 3]]",0.9771359936154018
"[[4], [1, 2, 3]]",0.9773078586793633
"[[4], [1, 2, 3]]",0.9775160580782956
"[[4], [1, 2, 3]]",0.9776937756234716
"[[4], [1, 2, 3]]",0.977840049516834
"[[4], [1, 2, 3]]",0.9779722812117839
"[[4], [1, 2, 3]]",0.9780428268532556
"[[4], [1, 2, 3]]",0.978103780014421
"[[4], [1, 2, 3]]",0.9788569063345067
"[[4], [1, 2, 3]]",0.9813961525527579
"[[4], [1, 2, 3]]",0.9842615716060181
"[[4], [1, 2, 3]]",0.987133837329127
"[[4], [1, 2, 3]]",0.989983173909394
"[[4], [1, 2, 3]]",0.9925887774802118
"[[4], [1, 2, 3]]",0.9944211415680317
"[[4], [1, 2, 3]]",0.9959041747369315
"[[4], [1, 2, 3]]",0.9965914225133842
"[[4], [1, 2, 3]]",0.9968129670998107
"[[4], [1, 2, 3]]",0.9967702807676495
"[[4], [1, 2, 3]]",0.9964671951463662
"[[4], [1, 2, 3]]",0.9961990251011168
"[[4], [1, 2, 3]]",0.9958228118260966
"[[4], [1, 2, 3]]",0.9958199898239207
"[[4], [1, 2, 3]]",0.9958361120560826
"[[4], [1, 2, 3]]",0.9959696512673792
"[[4], [1, 2, 3]]",0.9959886855377514
"[[4], [1, 2, 3]]",0.9960430096732349
"[[4], [1, 2, 3]]",0.9960818964066674
"[[4], [1, 2, 3]]",0.9961094407116228
"[[4], [1, 2, 3]]",0.9961537788105961
"[[4], [1, 2, 3]]",0.9961561496650277
"[[4], [1, 2, 3]]",0.9962686354551773
"[[4], [1, 2, 3]]",0.9962819928918891
"[[4], [1, 2, 3]]",0.9961512142629583
"[[4], [1, 2, 3]]",0.9961031824279167
"[[4], [1, 2, 3]]",0.9959245057991952
"[[4], [1, 2, 3]]",0.9957578444073947
"[[4], [1, 2, 3]]",0.9951906275111476
"[[4], [1, 2, 3]]",0.994991525110342
"[[4], [1, 2, 3]]",0.9949080522575987
"[[4], [1, 2, 3]]",0.9948675600707926
"[[4], [1, 2, 3]]",0.9950048105033886
"[[4], [1, 2, 3]]",0.9951197735473698
"[[4], [1, 2, 3]]",0.995098803798243
"[[4], [1, 2, 3]]",0.9947209448893548
"[[4], [1, 2, 3]]",0.9946129904449411
"[[4], [1, 2, 3]]",0.9943723808836226
"[[4], [1, 2, 3]]",0.9941785092459038
"[[4], [1, 2, 3]]",0.9941234382304578
"[[4], [1, 2, 3]]",0.9941629842478193
"[[4], [1, 2, 3]]",0.9941649341993944
"[[4], [1, 2, 3]]",0.994194312975874
"[[4], [1, 2, 3]]",0.9941833034361516
"[[4], [1, 2, 3]]",0.9941652461998953
"[[4], [1, 2, 3]]",0.9941333783852702
"[[4], [1, 2, 3]]",0.994078067141108
"[[4], [1, 2, 3]]",0.9939988597739455
"[[4], [1, 2, 3]]",0.9939702601905895
"[[4], [1, 2, 3]]",0.9938982447952011
"[[4], [1, 2, 3]]",0.9937815076134509
"[[4], [1, 2, 3]]",0.9934768233174114
"[[4], [1, 2, 3]]",0.9930334098474656
"[[4], [1, 2, 3]]",0.9928180783668055
"[[4], [1, 2, 3]]",0.9925083038778397
"[[4], [1, 2, 3]]",0.9922678771922084
"[[4], [1, 2, 3]]",0.9922080179411624
"[[4], [1, 2, 3]]",0.9922918656893098
"[[4], [1, 2, 3]]",0.9927317287409299
"[[4], [1, 2, 3]]",0.9931713993051646
"[[4], [1, 2, 3]]",0.9936888792845091
"[[4], [1, 2, 3]]",0.9936200939642911
"[[4], [1, 2, 3]]",0.9934471381404435
"[[4], [1, 2, 3]]",0.9934057269859436
"[[4], [1, 2, 3]]",0.9933607484604234
"[[4], [1, 2, 3]]",0.9933533757266624
"[[4], [1, 2, 3]]",0.9933361778236801
"[[4], [1, 2, 3]]",0.993276266871884
"[[4], [1, 2, 3]]",0.9930985153951464
"[[4], [1, 2, 3]]",0.9930569839889046
"[[4], [1, 2, 3]]",0.9930215096991571
"[[4], [1, 2, 3]]",0.9929803211060987
"[[4], [1, 2, 3]]",0.9929382572037891
"[[4], [1, 2, 3]]",0.9929136147372613
"[[4], [1, 2, 3]]",0.9930119808080968
"[[4], [1, 2, 3]]",0.9931291178753665
"[[4], [1, 2, 3]]",0.9933689484926822
"[[4], [1, 2, 3]]",0.9934469663978116
"[[4], [1, 2, 3]]",0.9935412130327819
"[[4], [1, 2, 3]]",0.9935177637128397
"[[4], [1, 2, 3]]",0.9934581679358714
"[[4], [1, 2, 3]]",0.992954801761182
"[[4], [1, 2, 3]]",0.9927157651592693
"[[4], [1, 2, 3]]",0.9926465832068677
"[[4], [1, 2, 3]]",0.9922027464338267
"[[4], [1, 2, 3]]",0.9921614340585911
"[[4], [1, 2, 3]]",0.9921608260996453
"[[4], [1, 2, 3]]",0.9921377347551152
"[[4], [1, 2, 3]]",0.9920618389783932
"[[4], [1, 2, 3]]",0.9920118437981891
"[[4], [1, 2, 3]]",0.991983009157709
"[[4], [1, 2, 3]]",0.9919571399639546
"[[4], [1, 2, 3]]",0.9919357176746944
"[[4], [1, 2, 3]]",0.9919618977881941
"[[4], [1, 2, 3]]",0.9919481915223421
"[[4], [1, 2, 3]]",0.9919138260513873
"[[4], [1, 2, 3]]",0.992006342166424
"[[4], [1, 2, 3]]",0.9920651450727207
"[[4], [1, 2, 3]]",0.9921908542380918
"[[4], [1, 2, 3]]",0.9924991759217009
"[[4], [1, 2, 3]]",0.9929921069700891
"[[4], [1, 2, 3]]",0.9931337746310938
"[[4], [1, 2, 3]]",0.9929874944793011
"[[4], [1, 2, 3]]",0.9930167070942071
"[[4], [1, 2, 3]]",0.9928902117396002
"[[4], [1, 2, 3]]",0.9928320435453806
"[[4], [1, 2, 3]]",0.9928649674564234
"[[4], [1, 2, 3]]",0.9925585376778476
"[[4], [1, 2, 3]]",0.9920938567939646
"[[4], [1, 2, 3]]",0.9920684811459055
"[[4], [1, 2, 3]]",0.9921377086103588
"[[4], [1, 2, 3]]",0.9921325021530125
"[[4], [1, 2, 3]]",0.9921198806547609
"[[4], [1, 2, 3]]",0.9920969785486795
"[[4], [1, 2, 3]]",0.9920864396496258
"[[4], [1, 2, 3]]",0.9921115137315432
"[[4], [1, 2, 3]]",0.9922143234671331
"[[4], [1, 2, 3]]",0.992206763586934
"[[4], [1, 2, 3]]",0.9922384874753037
"[[4], [1, 2, 3]]",0.9917510621787123
"[[4], [1, 2, 3]]",0.9910725970580159
"[[4], [1, 2, 3]]",0.9866582402925849
"[[4], [1, 2, 3]]",0.9813276213477706
"[[4], [1, 2, 3]]",0.9759554050842096
"[[1], [2, 3, 4]]",0.9707729126578761
"[[1], [2, 3, 4]]",0.9654635591303063
"[[1], [2, 3, 4]]",0.9599652684536253
"[[1], [2, 3, 4]]",0.9568951748866807
"[[1], [2, 3, 4]]",0.9531952507435392
"[[1], [2, 3, 4]]",0.9534336496736916
"[[1], [2, 3, 4]]",0.9538177226699277
"[[1], [2, 3, 4]]",0.9544558770158238
"[[1], [2, 3, 4]]",0.9551327305641054
"[[1], [2, 3, 4]]",0.9554938843171432
"[[1], [2, 3, 4]]",0.9556422556650512
"[[1], [2, 3, 4]]",0.9556855661562549
"[[1], [2, 3, 4]]",0.9557635306062864
"[[1], [2, 3, 4]]",0.9558349778032809
"[[1], [2, 3, 4]]",0.9558858537556774
"[[1], [2, 3, 4]]",0.955948955134927
"[[1], [2, 3, 4]]",0.9560299250789239
"[[1], [2, 3, 4]]",0.9560723926353999
"[[1], [2, 3, 4]]",0.9560778433942794
"[[1], [2, 3, 4]]",0.955803457472465
"[[1], [2, 3, 4]]",0.9557092626766488
"[[1], [2, 3, 4]]",0.9555624038034755
"[[1], [2, 3, 4]]",0.9554326202230639
"[[1], [2, 3, 4]]",0.9552670848028704
"[[1], [2, 3, 4]]",0.9546279019970274
"[[1], [2, 3, 4]]",0.9547024592824112
"[[1], [2, 3, 4]]",0.9551115088422693
"[[1], [2, 3, 4]]",0.9552937997502882
"[[1], [2, 3, 4]]",0.9553109923144592
"[[1], [2, 3, 4]]",0.9547000597174422
"[[1], [2, 3, 4]]",0.9540588890724876
"[[1], [2, 3, 4]]",0.954063130877246
"[[1], [2, 3, 4]]",0.9541329189319208
"[[1], [2, 3, 4]]",0.9541862744852743
"[[1], [2, 3, 4]]",0.9541243442041962
"[[1], [2, 3, 4]]",0.9541956817234141
"[[1], [2, 3, 4]]",0.9542492024446103
"[[1], [2, 3, 4]]",0.9542848938593906
"[[1], [2, 3, 4]]",0.9543597305572198
"[[1], [2, 3, 4]]",0.9544306025153106
"[[1], [2, 3, 4]]",0.9545641581415962
"[[1], [2, 3, 4]]",0.9547569931703717
"[[1], [2, 3, 4]]",0.954777856582453
"[[1], [2, 3, 4]]",0.9552567464140722
"[[1], [2, 3, 4]]",0.9561395637800527
"[[1], [2, 3, 4]]",0.9608395803846486
"[[1], [2, 3, 4]]",0.9663933961061544
"[[1], [2, 3, 4]]",0.9718616314366118
"[[4], [1, 2, 3]]",0.9771754730547615
"[[4], [1, 2, 3]]",0.9824557760133139
"[[4], [1, 2, 3]]",0.9877024164724508
"[[4], [1, 2, 3]]",0.9906790530178966
"[[4], [1, 2, 3]]",0.9935256096612988
"[[4], [1, 2, 3]]",0.9933695363166548
"[[4], [1, 2, 3]]",0.9930648227889793
"[[4], [1, 2, 3]]",0.9927393654922159
"[[4], [1, 2, 3]]",0.9927524341755761
"[[4], [1, 2, 3]]",0.9927761580132745
"[[4], [1, 2, 3]]",0.9928293191560492
"[[4], [1, 2, 3]]",0.992494777527599
"[[4], [1, 2, 3]]",0.9924758152053392
"[[4], [1, 2, 3]]",0.9924666935830526
"[[4], [1, 2, 3]]",0.9924591025677398
"[[4], [1, 2, 3]]",0.9924563257223586
"[[4], [1, 2, 3]]",0.9924726744052943
"[[4], [1, 2, 3]]",0.9924919037516222
"[[4], [1, 2, 3]]",0.9925266209980013
"[[4], [1, 2, 3]]",0.9929310744430897
"[[4], [1, 2, 3]]",0.9931693272399605
"[[4], [1, 2, 3]]",0.993374807062751
"[[4], [1, 2, 3]]",0.9936408328743798
"[[4], [1, 2, 3]]",0.9939512088667709
"[[4], [1, 2, 3]]",0.9948412540849905
"[[4], [1, 2, 3]]",0.9949020267763589
"[[4], [1, 2, 3]]",0.9950166914382661
"[[4], [1, 2, 3]]",0.9950851782798991
"[[4], [1, 2, 3]]",0.9950247555596172
"[[4], [1, 2, 3]]",0.9952818379814579
"[[4], [1, 2, 3]]",0.9956009333463414
"[[4], [1, 2, 3]]",0.995546423806654
"[[4], [1, 2, 3]]",0.9954482853529333
"[[4], [1, 2, 3]]",0.9954175520319183
"[[4], [1, 2, 3]]",0.9954455769099337
"[[4], [1, 2, 3]]",0.9954144740040591
"[[4], [1, 2, 3]]",0.9954046051013468
"[[4], [1, 2, 3]]",0.9954384189988612
"[[4], [1, 2, 3]]",0.99542877004099
"[[4], [1, 2, 3]]",0.9954028389061637
"[[4], [1, 2, 3]]",0.9953963070012481
"[[4], [1, 2, 3]]",0.9953954763071204
"[[4], [1, 2, 3]]",0.9955930374344877
"[[4], [1, 2, 3]]",0.995706575224331
"[[4], [1, 2, 3]]",0.9955226241355266
"[[4], [1, 2, 3]]",0.9954233590190633
"[[4], [1, 2, 3]]",0.9952786677168513
"[[4], [1, 2, 3]]",0.9951774429102032
"[[4], [1, 2, 3]]",0.9950019425102961
"[[4], [1, 2, 3]]",0.9949340618127607
"[[4], [1, 2, 3]]",0.9949015580031924
"[[4], [1, 2, 3]]",0.9948244192667158
"[[4], [1, 2, 3]]",0.9950837000738857
"[[4], [1, 2, 3]]",0.9950552481713314
"[[4], [1, 2, 3]]",0.9949956165717011
"[[4], [1, 2, 3]]",0.9948668528180911
"[[4], [1, 2, 3]]",0.9943891712620403
"[[4], [1, 2, 3]]",0.9942312895931722
"[[4], [1, 2, 3]]",0.9941089837986744
"[[4], [1, 2, 3]]",0.9944769486225189
"[[4], [1, 2, 3]]",0.9945372832956598
"[[4], [1, 2, 3]]",0.9945725648351229
"[[4], [1, 2, 3]]",0.994615359304732
"[[4], [1, 2, 3]]",0.9946574111596902
"[[4], [1, 2, 3]]",0.9946592758154009
"[[4], [1, 2, 3]]",0.9946891089653686
"[[4], [1, 2, 3]]",0.994684243531732
"[[4], [1, 2, 3]]",0.9945372692388423
"[[4], [1, 2, 3]]",0.9940829410341834
"[[4], [1, 2, 3]]",0.9940562177423213
"[[4], [1, 2, 3]]",0.9937872885706877
"[[4], [1, 2, 3]]",0.9936781597428059
"[[4], [1, 2, 3]]",0.9934279988849284
"[[4], [1, 2, 3]]",0.9933903534742162
"[[4], [1, 2, 3]]",0.9932274714739835
"[[4], [1, 2, 3]]",0.993153707400486
"[[4], [1, 2, 3]]",0.9932192011568367
"[[4], [1, 2, 3]]",0.9931603187219755
"[[4], [1, 2, 3]]",0.9928671018867432
"[[4], [1, 2, 3]]",0.9928850977877752
"[[4], [1, 2, 3]]",0.9929076910372632
"[[4], [1, 2, 3]]",0.9929049493406552
"[[4], [1, 2, 3]]",0.9928225186908124
"[[4], [1, 2, 3]]",0.9927332236012902
"[[4], [1, 2, 3]]",0.992620130842843
"[[4], [1, 2, 3]]",0.9924834273126959
"[[4], [1, 2, 3]]",0.9923608502556789
"[[4], [1, 2, 3]]",0.9922422152845618
"[[4], [1, 2, 3]]",0.9921408859135585
"[[4], [1, 2, 3]]",0.992112123829642
"[[4], [1, 2, 3]]",0.9920718271670246
"[[4], [1, 2, 3]]",0.9921564310477531
"[[4], [1, 2, 3]]",0.9916002550450396
"[[4], [1, 2, 3]]",0.9914370251518413
"[[4], [1, 2, 3]]",0.9912407193051587
"[[4], [1, 2, 3]]",0.9910005432483391
"[[4], [1, 2, 3]]",0.9908465717669925
"[[4], [1, 2, 3]]",0.9907104812388525
"[[4], [1, 2, 3]]",0.9902799502588842
"[[4], [1, 2, 3]]",0.9895102039703145
"[[4], [1, 2, 3]]",0.9894514623853471
"[[4], [1, 2, 3]]",0.9897447190676301
"[[4], [1, 2, 3]]",0.989816658241701
"[[4], [1, 2, 3]]",0.9897956800776226
"[[4], [1, 2, 3]]",0.9900930843605289
"[[4], [1, 2, 3]]",0.9901005519491044
"[[4], [1, 2, 3]]",0.9899390944230146
"[[4], [1, 2, 3]]",0.9899194859380686
"[[4], [1, 2, 3]]",0.9898935004840992
"[[4], [1, 2, 3]]",0.9898763275574967
"[[4], [1, 2, 3]]",0.9898615777703863
"[[4], [1, 2, 3]]",0.9898602231848007
"[[4], [1, 2, 3]]",0.9898504288830445
"[[4], [1, 2, 3]]",0.9898446299104252
"[[4], [1, 2, 3]]",0.989815248636424
"[[4], [1, 2, 3]]",0.987657336859656
"[[4], [1, 2, 3]]",0.9829871720230638
"[[4], [1, 2, 3]]",0.9775775003202594
"[[1], [2, 3, 4]]",0.9722979663428668
"[[1], [2, 3, 4]]",0.9668474004443456
"[[1], [2, 3, 4]]",0.9631306476484434
"[[1], [2, 3, 4]]",0.9576092903788067
"[[1], [2, 3, 4]]",0.9526007299316561
"[[1], [2, 3, 4]]",0.9521202050817217
"[[1], [2, 3, 4]]",0.9517901077484052
"[[1], [2, 3, 4]]",0.951710246603993
"[[1], [2, 3, 4]]",0.9519547882670227
"[[1], [2, 3, 4]]",0.9519979973464828
"[[1], [2, 3, 4]]",0.9520193423086304
"[[1], [2, 3, 4]]",0.9518143681337425
"[[1], [2, 3, 4]]",0.9520231830142856
"[[1], [2, 3, 4]]",0.9522589377740474
"[[1], [2, 3, 4]]",0.9525519979677171
"[[1], [2, 3, 4]]",0.952865763846833
"[[1], [2, 3, 4]]",0.9531435619114874
"[[1], [2, 3, 4]]",0.9534300985720603
"[[1], [2, 3, 4]]",0.9536834732038972
"[[1], [2, 3, 4]]",0.9538086353922697
"[[1], [2, 3, 4]]",0.9537880182686331
"[[1], [2, 3, 4]]",0.9537611432469804
"[[1], [2, 3, 4]]",0.9544416586483652
"[[1], [2, 3, 4]]",0.9546425118227362
"[[1], [2, 3, 4]]",0.9548833977915447
"[[1], [2, 3, 4]]",0.9551453762341443
"[[1], [2, 3, 4]]",0.9554146171009796
"[[1], [2, 3, 4]]",0.9556541586925337
"[[1], [2, 3, 4]]",0.9560730209386945
"[[1], [2, 3, 4]]",0.9568326240656178
"[[1], [2, 3, 4]]",0.9564755113355674
"[[1], [2, 3, 4]]",0.9559614277091134
"[[1], [2, 3, 4]]",0.9555889033503636
"[[1], [2, 3, 4]]",0.9552969738715082
"[[1], [2, 3, 4]]",0.9550413190515135
"[[1], [2, 3, 4]]",0.9546852040426996
"[[1], [2, 3, 4]]",0.9549494256008385
"[[1], [2, 3, 4]]",0.955100927134173
"[[1], [2, 3, 4]]",0.9552487806737346
"[[1], [2, 3, 4]]",0.9553704827984499
"[[1], [2, 3, 4]]",0.9554427871306568
"[[1], [2, 3, 4]]",0.9554726331914394
"[[1], [2, 3, 4]]",0.9554973887560336
"[[1], [2, 3, 4]]",0.9554915217458961
"[[1], [2, 3, 4]]",0.9555406411032008
"[[1], [2, 3, 4]]",0.9578221038432732
"[[1], [2, 3, 4]]",0.9628236886086516
"[[1], [2, 3, 4]]",0.9683355104255149
"[[1], [2, 3, 4]]",0.9737712493505695
"[[4], [1, 2, 3]]",0.9791270695221059
"[[4], [1, 2, 3]]",0.9828477924930842
"[[4], [1, 2, 3]]",0.9880257768915426
"[[4], [1, 2, 3]]",0.9922683514328756
"[[4], [1, 2, 3]]",0.9924894916195294
"[[4], [1, 2, 3]]",0.9924838172926406
"[[4], [1, 2, 3]]",0.9923832204665345
"[[4], [1, 2, 3]]",0.9921225130391622
"[[4], [1, 2, 3]]",0.9919568773305172
"[[4], [1, 2, 3]]",0.9919190998240386
"[[4], [1, 2, 3]]",0.9918867159232602
"[[4], [1, 2, 3]]",0.9919054879351488
"[[4], [1, 2, 3]]",0.9919235272083351
"[[4], [1, 2, 3]]",0.9919217164021994
"[[4], [1, 2, 3]]",0.9919766696265822
"[[4], [1, 2, 3]]",0.9920128306626811
"[[4], [1, 2, 3]]",0.9921055102610397
"[[4], [1, 2, 3]]",0.9922346301665537
"[[4], [1, 2, 3]]",0.9923888628265995
"[[4], [1, 2, 3]]",0.9925134110583436
"[[4], [1, 2, 3]]",0.9926758222140899
"[[4], [1, 2, 3]]",0.9926868973290863
"[[4], [1, 2, 3]]",0.9927710921258834
"[[4], [1, 2, 3]]",0.992973022526386
"[[4], [1, 2, 3]]",0.9931827046409611
"[[4], [1, 2, 3]]",0.9934535847847115
"[[4], [1, 2, 3]]",0.9935098871662746
"[[4], [1, 2, 3]]",0.9934161417170816
"[[4], [1, 2, 3]]",0.9932295798026506
"[[4], [1, 2, 3]]",0.9930679937291651
"[[4], [1, 2, 3]]",0.9926943511644497
"[[4], [1, 2, 3]]",0.9923979898382557
"[[4], [1, 2, 3]]",0.9920963038278661
"[[4], [1, 2, 3]]",0.991966505022819
"[[4], [1, 2, 3]]",0.9919915643430504
"[[4], [1, 2, 3]]",0.9920075766155725
"[[4], [1, 2, 3]]",0.9920388141301554
"[[4], [1, 2, 3]]",0.9921258359520162
"[[4], [1, 2, 3]]",0.9922061770367023
"[[4], [1, 2, 3]]",0.9923143093193827
"[[4], [1, 2, 3]]",0.9924192249282818
"[[4], [1, 2, 3]]",0.9925476242913469
"[[4], [1, 2, 3]]",0.9926980664842386
"[[4], [1, 2, 3]]",0.9928788702418714
"[[4], [1, 2, 3]]",0.9930191696154782
"[[4], [1, 2, 3]]",0.9932672243592335
"[[4], [1, 2, 3]]",0.9932682491670686
"[[4], [1, 2, 3]]",0.9932425580105312
"[[4], [1, 2, 3]]",0.9930577346348357
"[[4], [1, 2, 3]]",0.993036140866792
"[[4], [1, 2, 3]]",0.993021809609562
"[[4], [1, 2, 3]]",0.9931404723346261
"[[4], [1, 2, 3]]",0.9932723459548182
"[[4], [1, 2, 3]]",0.9932857491220379
"[[4], [1, 2, 3]]",0.9932630845319206
"[[4], [1, 2, 3]]",0.9931214034033689
"[[4], [1, 2, 3]]",0.9930019968357127
"[[4], [1, 2, 3]]",0.9928475236455827
"[[4], [1, 2, 3]]",0.9926613469187981
"[[4], [1, 2, 3]]",0.9925888082850919
"[[4], [1, 2, 3]]",0.9927004666263651
"[[4], [1, 2, 3]]",0.9927882983238878
"[[4], [1, 2, 3]]",0.9928304119378573
"[[4], [1, 2, 3]]",0.9929031201062849
"[[4], [1, 2, 3]]",0.9929202791590552
"[[4], [1, 2, 3]]",0.9929250274290521
"[[4], [1, 2, 3]]",0.9929405159389975
"[[4], [1, 2, 3]]",0.9930246324573472
"[[4], [1, 2, 3]]",0.9931087946641923
"[[4], [1, 2, 3]]",0.9932970828992084
"[[4], [1, 2, 3]]",0.9932985251244624
"[[4], [1, 2, 3]]",0.9932993691672938
"[[4], [1, 2, 3]]",0.9932997485231547
"[[4], [1, 2, 3]]",0.9933735567208071
"[[4], [1, 2, 3]]",0.9933738026980536
"[[4], [1, 2, 3]]",0.9934476808856778
"[[4], [1, 2, 3]]",0.9935578358718089
"[[4], [1, 2, 3]]",0.9936224928746598
"[[4], [1, 2, 3]]",0.9922615191212394
"[[4], [1, 2, 3]]",0.9917216817669873
"[[4], [1, 2, 3]]",0.9879881374327164
"[[4], [1, 2, 3]]",0.9879201692999606
"[[4], [1, 2, 3]]",0.987683970749052
"[[4], [1, 2, 3]]",0.9875720933905748
"[[4], [1, 2, 3]]",0.9876852915189362
"[[4], [1, 2, 3]]",0.9877164985152176
"[[4], [1, 2, 3]]",0.9877907393299146
"[[4], [1, 2, 3]]",0.9878806984828779
"[[4], [1, 2, 3]]",0.9879760593788052
"[[4], [1, 2, 3]]",0.9880772367231395
"[[4], [1, 2, 3]]",0.9881777463443726
"[[4], [1, 2, 3]]",0.9883435877062006
"[[4], [1, 2, 3]]",0.9883166290985731
"[[4], [1, 2, 3]]",0.9884061492590601
"[[4], [1, 2, 3]]",0.9882249710196642
"[[4], [1, 2, 3]]",0.9882077612703462
"[[4], [1, 2, 3]]",0.9883849217536942
"[[4], [1, 2, 3]]",0.9885959290541164
"[[4], [1, 2, 3]]",0.988395826057991
"[[4], [1, 2, 3]]",0.9881386948689634
"[[4], [1, 2, 3]]",0.988175475446625
"[[4], [1, 2, 3]]",0.9881557036411754
"[[4], [1, 2, 3]]",0.9873509437920208
"[[4], [1, 2, 3]]",0.9870745903874478
"[[4], [1, 2, 3]]",0.985457393425688
"[[4], [1, 2, 3]]",0.9838543207701267
"[[4], [1, 2, 3]]",0.9837216870129616
"[[4], [1, 2, 3]]",0.9831683432181486
"[[4], [1, 2, 3]]",0.9832371142387444
"[[4], [1, 2, 3]]",0.9833373154619827
"[[4], [1, 2, 3]]",0.9834208182412159
"[[4], [1, 2, 3]]",0.9835952615402684
"[[4], [1, 2, 3]]",0.9837736630148273
"[[4], [1, 2, 3]]",0.9838935235792368
"[[4], [1, 2, 3]]",0.9839835848935568
"[[4], [1, 2, 3]]",0.9839865474989257
"[[4], [1, 2, 3]]",0.9836395791105441
"[[4], [1, 2, 3]]",0.9811322428800363
"[[4], [1, 2, 3]]",0.9802297419027692
"[[4], [1, 2, 3]]",0.9796523166380596
"[[4], [1, 2, 3]]",0.9790832343298106
"[[4], [1, 2, 3]]",0.9788106661631051
"[[4], [1, 2, 3]]",0.9784390390387505
"[[4], [1, 2, 3]]",0.9780307729908744
"[[1], [2, 3, 4]]",0.9777654941183501
"[[1], [2, 3, 4]]",0.9777680636578006
"[[1], [2, 3, 4]]",0.9772704419772014
"[[1], [2, 3, 4]]",0.9754224340846738
"[[1], [2, 3, 4]]",0.9758531329404918
"[[1], [2, 3, 4]]",0.9739268395798475
"[[1], [2, 3, 4]]",0.9737345711301697
"[[1], [2, 3, 4]]",0.9728815629540069
"[[1], [2, 3, 4]]",0.9729778528524946
"[[1], [2, 3, 4]]",0.9730706737538418
"[[1], [2, 3, 4]]",0.9730571277874263
"[[1], [2, 3, 4]]",0.9728969901070896
"[[1], [2, 3, 4]]",0.97275788865468
"[[1], [2, 3, 4]]",0.9725179106782538
"[[1], [2, 3, 4]]",0.9721307371070234
"[[1], [2, 3, 4]]",0.9717572700767709
"[[1], [2, 3, 4]]",0.971803484654195
"[[1], [2, 3, 4]]",0.9716359639463338
"[[1], [2, 3, 4]]",0.9719623897708514
"[[1], [2, 3, 4]]",0.9723937626344215
"[[1], [2, 3, 4]]",0.9728341123967008
"[[1], [2, 3, 4]]",0.9732546507038958
"[[1], [2, 3, 4]]",0.9724718107174615
"[[1], [2, 3, 4]]",0.9715842463574104
"[[1], [2, 3, 4]]",0.9703604525411342
"[[1], [2, 3, 4]]",0.9682849975096901
"[[1], [2, 3, 4]]",0.9662325126461666
"[[1], [2, 3, 4]]",0.9645406370613667
"[[1], [2, 3, 4]]",0.9628561437697246
"[[1], [2, 3, 4]]",0.9613779783158685
"[[1], [2, 3, 4]]",0.9595013990040855
"[[1], [2, 3, 4]]",0.9582904856295581
"[[1], [2, 3, 4]]",0.9581840958386293
"[[1], [2, 3, 4]]",0.9582676311302321
"[[1], [2, 3, 4]]",0.9585869872789845
"[[1], [2, 3, 4]]",0.9587513087310426
"[[1], [2, 3, 4]]",0.9588436108386169
"[[1], [2, 3, 4]]",0.9590681078657267
"[[1], [2, 3, 4]]",0.9592514134455332
"[[1], [2, 3, 4]]",0.9594708098238063
"[[1], [2, 3, 4]]",0.9602303358007114
"[[1], [2, 3, 4]]",0.9630142376098368
"[[1], [2, 3, 4]]",0.9647849241105149
"[[1], [2, 3, 4]]",0.9662818672781579
"[[1], [2, 3, 4]]",0.9677308608379206
"[[1], [2, 3, 4]]",0.969055146046703
"[[1], [2, 3, 4]]",0.9702074047826122
"[[1], [2, 3, 4]]",0.9710694987189559
"[[1], [2, 3, 4]]",0.971987244193413
"[[1], [2, 3, 4]]",0.9665110805188984
"[[1], [2, 3, 4]]",0.9614532577818826
"[[1], [2, 3, 4]]",0.9571626924006027
"[[1], [2, 3, 4]]",0.9534214027528952
"[[1], [2, 3, 4]]",0.9530773391019045
"[[1], [2, 3, 4]]",0.9530674273494169
"[[1], [2, 3, 4]]",0.952938221764901
"[[1], [2, 3, 4]]",0.9534640231475183
"[[1], [2, 3, 4]]",0.954125235004373
"[[1], [2, 3, 4]]",0.9548802800925718
"[[1], [2, 3, 4]]",0.9554906139177453
"[[1], [2, 3, 4]]",0.9561018316769223
"[[1], [2, 3, 4]]",0.9567969918255237
"[[1], [2, 3, 4]]",0.9576701317602914
"[[1], [2, 3, 4]]",0.9583101808030772
"[[1], [2, 3, 4]]",0.9587434718747943
"[[1], [2, 3, 4]]",0.9594814849820215
"[[1], [2, 3, 4]]",0.9602956967451907
"[[1], [2, 3, 4]]",0.9611301335210871
"[[1], [2, 3, 4]]",0.9612786484670545
"[[1], [2, 3, 4]]",0.9620729203809748
"[[1], [2, 3, 4]]",0.9613945378733474
"[[1], [2, 3, 4]]",0.9613857915480303
"[[1], [2, 3, 4]]",0.9613791897231672
"[[1], [2, 3, 4]]",0.9588340406182372
"[[1], [2, 3, 4]]",0.9530590452217248
"[[1], [2, 3, 4]]",0.9483229175476422
"[[1], [2, 3, 4]]",0.9443109736497426
"[[1], [2, 3, 4]]",0.9432093715932
"[[1], [2, 3, 4]]",0.9431325983479255
"[[1], [2, 3, 4]]",0.9431371709352683
"[[1], [2, 3, 4]]",0.9433270029555693
"[[1], [2, 3, 4]]",0.9435821811423847
"[[1], [2, 3, 4]]",0.9440189313824168
"[[1], [2, 3, 4]]",0.9441108123425695
"[[1], [2, 3, 4]]",0.9441913752952265
"[[1], [2, 3, 4]]",0.9444661370996643
"[[1], [2, 3, 4]]",0.944490464944383
"[[1], [2, 3, 4]]",0.9447824413757457
"[[1], [2, 3, 4]]",0.9449270189856
"[[1], [2, 3, 4]]",0.9448864809681723
"[[1], [2, 3, 4]]",0.9448786367439702
"[[1], [2, 3, 4]]",0.9446913325190764
"[[1], [2, 3, 4]]",0.9448505648372542
"[[1], [2, 3, 4]]",0.9453665175660086
"[[1], [2, 3, 4]]",0.9446467298985041
"[[1], [2, 3, 4]]",0.9444558665468408
"[[1], [2, 3, 4]]",0.9445345949191879
"[[1], [2, 3, 4]]",0.9445703809862939
"[[1], [2, 3, 4]]",0.9445327751538143
"[[1], [2, 3, 4]]",0.942387351677413
"[[1], [2, 3, 4]]",0.9423752021135989
"[[1], [2, 3, 4]]",0.941600355064669
"[[1], [2, 3, 4]]",0.9414808138411772
"[[1], [2, 3, 4]]",0.9415127221025877
"[[1], [2, 3, 4]]",0.9416018215614272
"[[1], [2, 3, 4]]",0.9416288609932184
"[[1], [2, 3, 4]]",0.9411685075673268
"[[1], [2, 3, 4]]",0.940813245434958
"[[1], [2, 3, 4]]",0.9403954242583434
"[[1], [2, 3, 4]]",0.9403604777583313
"[[1], [2, 3, 4]]",0.9400746658037094
"[[1], [2, 3, 4]]",0.9397182765144234
"[[1], [2, 3, 4]]",0.9395835866155875
"[[1], [2, 3, 4]]",0.9387436565414584
"[[1], [2, 3, 4]]",0.9380330428425931
"[[1], [2, 3, 4]]",0.9372977959083284
"[[1], [2, 3, 4]]",0.9371504867422513
"[[1], [2, 3, 4]]",0.9371304649511981
"[[1], [2, 3, 4]]",0.9364688560872849
"[[1], [2, 3, 4]]",0.9363402211232272
"[[1], [2, 3, 4]]",0.9360602601087316
"[[1], [2, 3, 4]]",0.9361138522088275
"[[1], [2, 3, 4]]",0.9380527756931354
"[[1], [2, 3, 4]]",0.9400556140418745
"[[1], [2, 3, 4]]",0.9422566949804423
"[[1], [2, 3, 4]]",0.9433551745827544
"[[1], [2, 3, 4]]",0.9434257698450017
"[[1], [2, 3, 4]]",0.9434073726589193
"[[1], [2, 3, 4]]",0.9433281211534706
"[[1], [2, 3, 4]]",0.9432809967608736
"[[1], [2, 3, 4]]",0.9431279746707832
"[[1], [2, 3, 4]]",0.9432426143637669
"[[1], [2, 3, 4]]",0.9435882910813896
"[[1], [2, 3, 4]]",0.9433988413783381
"[[1], [2, 3, 4]]",0.9435476144120076
"[[1], [2, 3, 4]]",0.9432363297076685
"[[1], [2, 3, 4]]",0.9428421459359887
"[[1], [2, 3, 4]]",0.9420253240124137
"[[1], [2, 3, 4]]",0.9400437179938477
"[[1], [2, 3, 4]]",0.9380643756017112
"[[1], [2, 3, 4]]",0.9352844045849471
"[[1], [2, 3, 4]]",0.9327566166052927
"[[1], [2, 3, 4]]",0.9307683677130599
"[[1], [2, 3, 4]]",0.9288408607672514
"[[1], [2, 3, 4]]",0.9272947523436068
"[[1], [2, 3, 4]]",0.9281913957941679
"[[1], [2, 3, 4]]",0.9297216185576177
"[[1], [2, 3, 4]]",0.9352590285893745
"[[1], [2, 3, 4]]",0.9379786528227156
"[[1], [2, 3, 4]]",0.9411042600713758
"[[1], [2, 3, 4]]",0.9424195648899939
"[[1], [2, 3, 4]]",0.9430496796722443
"[[1], [2, 3, 4]]",0.9429261968702177
"[[1], [2, 3, 4]]",0.9425547772893126
"[[1], [2, 3, 4]]",0.9423247465690285
"[[1], [2, 3, 4]]",0.9427425606281703
"[[1], [2, 3, 4]]",0.9428890041711018
"[[1], [2, 3, 4]]",0.9426367850358996
"[[1], [2, 3, 4]]",0.9424925974109732
"[[1], [2, 3, 4]]",0.9424975966794897
"[[1], [2, 3, 4]]",0.9424737525241831
"[[1], [2, 3, 4]]",0.942382949854953
"[[1], [2, 3, 4]]",0.9412490470676864
"[[1], [2, 3, 4]]",0.940075331998961
"[[1], [2, 3, 4]]",0.9383140658219357
"[[1], [2, 3, 4]]",0.9370341688816431
"[[1], [2, 3, 4]]",0.9366938363446666
"[[1], [2, 3, 4]]",0.9356033392076812
"[[1], [2, 3, 4]]",0.9345239526513165
"[[1], [2, 3, 4]]",0.9382191883100658
"[[1], [2, 3, 4]]",0.9446383190466963
"[[1], [2, 3, 4]]",0.9528198796349823
"[[1], [2, 3, 4]]",0.9630341992096731
"[[1], [2, 3, 4]]",0.9644619697585488
"[[1], [2, 3, 4]]",0.9654907781060574
"[[1], [2, 3, 4]]",0.9669137171275306
"[[1], [2, 3, 4]]",0.9684516738560858
"[[1], [2, 3, 4]]",0.9700941744199642
"[[1], [2, 3, 4]]",0.9702839522062614
"[[1], [2, 3, 4]]",0.9700896696401253
"[[1], [2, 3, 4]]",0.9699041578322978
"[[1], [2, 3, 4]]",0.9696584944913098
"[[1], [2, 3, 4]]",0.9693947652685032
"[[1], [2, 3, 4]]",0.9693710085099442
"[[1], [2, 3, 4]]",0.9695004622032254
"[[1], [2, 3, 4]]",0.9703205801532733
"[[1], [2, 3, 4]]",0.9701785824351334
"[[1], [2, 3, 4]]",0.970423902270526
"[[1], [2, 3, 4]]",0.9708976243816982
"[[1], [2, 3, 4]]",0.9721450370634415
"[[1], [2, 3, 4]]",0.9727287739462499
"[[1], [2, 3, 4]]",0.9725677372429375
"[[1], [2, 3, 4]]",0.9716138242022241
"[[1], [2, 3, 4]]",0.9698061243907803
"[[1], [2, 3, 4]]",0.9689358978125326
"[[1], [2, 3, 4]]",0.9683681785745993
"[[1], [2, 3, 4]]",0.9678921778197371
"[[1], [2, 3, 4]]",0.9677273789703904
"[[1], [2, 3, 4]]",0.9679012067758859
"[[1], [2, 3, 4]]",0.968692027802702
"[[1], [2, 3, 4]]",0.9683392836955991
"[[1], [2, 3, 4]]",0.9679728940042467
"[[1], [2, 3, 4]]",0.9678071283285097
"[[1], [2, 3, 4]]",0.9674247174586207
"[[1], [2, 3, 4]]",0.967329190252306
"[[1], [2, 3, 4]]",0.9673690848997276
"[[1], [2, 3, 4]]",0.9674022609014852
"[[1], [2, 3, 4]]",0.9674034360203292
"[[1], [2, 3, 4]]",0.9680026009485067
"[[1], [2, 3, 4]]",0.9690435476281162
"[[1], [2, 3, 4]]",0.9702731542578034
"[[1], [2, 3, 4]]",0.9716749170504918
"[[1], [2, 3, 4]]",0.973079976927717
"[[1], [2, 3, 4]]",0.9742113931354154
"[[1], [2, 3, 4]]",0.9749017575398538
"[[1], [2, 3, 4]]",0.9751716044699958
"[[1], [2, 3, 4]]",0.9754160719967864
"[[1], [2, 3, 4]]",0.9755078259126749
"[[1], [2, 3, 4]]",0.9752735221019628
"[[1], [2, 3, 4]]",0.9751615289128948
"[[1], [2, 3, 4]]",0.97504066383524
"[[1], [2, 3, 4]]",0.9751189660832105
"[[1], [2, 3, 4]]",0.9748386643550906
"[[1], [2, 3, 4]]",0.9745445221549422
"[[1], [2, 3, 4]]",0.9742845385386243
"[[1], [2, 3, 4]]",0.974085781573993
"[[1], [2, 3, 4]]",0.9740982552629835
"[[1], [2, 3, 4]]",0.9740199528855409
"[[1], [2, 3, 4]]",0.9739752460109836
"[[1], [2, 3, 4]]",0.9740505834109455
"[[1], [2, 3, 4]]",0.9742342850974353
"[[1], [2, 3, 4]]",0.9740693476151149
"[[1], [2, 3, 4]]",0.9735799082209166
"[[1], [2, 3, 4]]",0.9728139798187863
"[[1], [2, 3, 4]]",0.9722182045161712
"[[1], [2, 3, 4]]",0.9716185654543195
"[[1], [2, 3, 4]]",0.9710848602503276
"[[1], [2, 3, 4]]",0.9695730983919905
"[[1], [2, 3, 4]]",0.9691468329659048
"[[1], [2, 3, 4]]",0.9692477622214949
"[[1], [2, 3, 4]]",0.9698830892463888
"[[1], [2, 3, 4]]",0.9713048487737843
"[[1], [2, 3, 4]]",0.9722284116434143
"[[1], [2, 3, 4]]",0.9729240952236352
"[[1], [2, 3, 4]]",0.9736872817218596
"[[1], [2, 3, 4]]",0.9745083002594348
"[[1], [2, 3, 4]]",0.9748758925066084
"[[1], [2, 3, 4]]",0.974820496455661
"[[1], [2, 3, 4]]",0.9748702571879471
"[[1], [2, 3, 4]]",0.9751917597820561
"[[1], [2, 3, 4]]",0.9753603600919039
"[[1], [2, 3, 4]]",0.9754331286230415
"[[1], [2, 3, 4]]",0.9755664057131961
"[[1], [2, 3, 4]]",0.9755761359927106
"[[1], [2, 3, 4]]",0.9757630241343176
"[[1], [2, 3, 4]]",0.9760266614479585
"[[1], [2, 3, 4]]",0.9755721952278045
"[[1], [2, 3, 4]]",0.9754618402800069
"[[1], [2, 3, 4]]",0.9757652162661674
"[[1], [2, 3, 4]]",0.9758206750475942
"[[1], [2, 3, 4]]",0.9759672118388384
"[[1], [2, 3, 4]]",0.97509644198757
"[[1], [2, 3, 4]]",0.975436007984066
"[[1], [2, 3, 4]]",0.9764184013535608
"[[1], [2, 3, 4]]",0.977799514422219
"[[1], [2, 3, 4]]",0.9795959281126827
"[[1], [2, 3, 4]]",0.9803039082625715
"[[4], [1, 2, 3]]",0.9807073556582995
"[[4], [1, 2, 3]]",0.9809316545309138
"[[1], [2, 3, 4]]",0.9805729501403455
"[[4], [1, 2, 3]]",0.9805402771042688
"[[4], [1, 2, 3]]",0.9806505681683231
"[[4], [1, 2, 3]]",0.9808157082270152
"[[4], [1, 2, 3]]",0.9808956984918924
"[[4], [1, 2, 3]]",0.9809545176808614
"[[4], [1, 2, 3]]",0.9811024907813177
"[[4], [1, 2, 3]]",0.9812847304967782
"[[4], [1, 2, 3]]",0.9814082430747273
"[[4], [1, 2, 3]]",0.98153280710252
"[[4], [1, 2, 3]]",0.9816268038769962
"[[4], [1, 2, 3]]",0.9819234922913108
"[[4], [1, 2, 3]]",0.9824545490636747
"[[4], [1, 2, 3]]",0.9826404012535074
"[[4], [1, 2, 3]]",0.9826345779380083
"[[4], [1, 2, 3]]",0.9827079264057126
"[[4], [1, 2, 3]]",0.9834135923507932
"[[4], [1, 2, 3]]",0.9835037424378301
"[[4], [1, 2, 3]]",0.983508307665981
"[[4], [1, 2, 3]]",0.9835084950815025
"[[4], [1, 2, 3]]",0.983979567043702
"[[4], [1, 2, 3]]",0.9844083566407688
"[[4], [1, 2, 3]]",0.9853275939033712
"[[4], [1, 2, 3]]",0.9864340207685061
"[[4], [1, 2, 3]]",0.9863760600251736
"[[4], [1, 2, 3]]",0.9873449048502589
"[[4], [1, 2, 3]]",0.9869090063569037
"[[4], [1, 2, 3]]",0.9870358112004703
"[[4], [1, 2, 3]]",0.9867331535751055
"[[4], [1, 2, 3]]",0.9867550041792263
"[[4], [1, 2, 3]]",0.9868040085506884
"[[4], [1, 2, 3]]",0.9867541958072381
"[[4], [1, 2, 3]]",0.9867932561764542
"[[4], [1, 2, 3]]",0.9867021311911134
"[[4], [1, 2, 3]]",0.9866119917589053
"[[4], [1, 2, 3]]",0.9865607794975004
"[[4], [1, 2, 3]]",0.9859729327337947
"[[4], [1, 2, 3]]",0.9853753835286135
"[[4], [1, 2, 3]]",0.9848566456306032
"[[4], [1, 2, 3]]",0.9843303373284662
"[[4], [1, 2, 3]]",0.9840213775814408
"[[4], [1, 2, 3]]",0.9834186722959526
"[[4], [1, 2, 3]]",0.983098854906479
"[[4], [1, 2, 3]]",0.9829443014383217
"[[4], [1, 2, 3]]",0.9833917603488417
"[[4], [1, 2, 3]]",0.9846635298706948
"[[4], [1, 2, 3]]",0.9860486271306687
"[[4], [1, 2, 3]]",0.9872251177930687
"[[4], [1, 2, 3]]",0.987864172792833
"[[4], [1, 2, 3]]",0.9878193620159159
"[[4], [1, 2, 3]]",0.9869827339038233
"[[4], [1, 2, 3]]",0.9869850628207129
"[[4], [1, 2, 3]]",0.9870208190221861
"[[4], [1, 2, 3]]",0.9870162095446902
"[[4], [1, 2, 3]]",0.9869786075643132
"[[4], [1, 2, 3]]",0.9869316702287537
"[[4], [1, 2, 3]]",0.9868785749558349
"[[4], [1, 2, 3]]",0.9867727858123483
"[[4], [1, 2, 3]]",0.9865827740255015
"[[4], [1, 2, 3]]",0.986229618969658
"[[4], [1, 2, 3]]",0.9845546132665306
"[[4], [1, 2, 3]]",0.9835084710554999
"[[4], [1, 2, 3]]",0.9825335160139266
"[[4], [1, 2, 3]]",0.9815343764404734
"[[4], [1, 2, 3]]",0.9806116079862555
"[[4], [1, 2, 3]]",0.9798066561629523
"[[4], [1, 2, 3]]",0.9792750243053836
"[[4], [1, 2, 3]]",0.9785774173729611
"[[4], [1, 2, 3]]",0.9795451683327028
"[[4], [1, 2, 3]]",0.9811265640732572
"[[4], [1, 2, 3]]",0.9815014586804871
"[[4], [1, 2, 3]]",0.9818187212898646
"[[4], [1, 2, 3]]",0.9821718233595131
"[[4], [1, 2, 3]]",0.9823175453793194
"[[4], [1, 2, 3]]",0.9828909241237127
"[[4], [1, 2, 3]]",0.9830580507819724
"[[4], [1, 2, 3]]",0.9840105414444011
"[[4], [1, 2, 3]]",0.9840688811745351
"[[4], [1, 2, 3]]",0.9840282826968787
"[[4], [1, 2, 3]]",0.9839757177318673
"[[4], [1, 2, 3]]",0.9839194259281395
"[[4], [1, 2, 3]]",0.9838754312073521
"[[4], [1, 2, 3]]",0.9838091503540962
"[[4], [1, 2, 3]]",0.9837873472120483
"[[4], [1, 2, 3]]",0.9839092522830004
"[[4], [1, 2, 3]]",0.9841300824478507
"[[4], [1, 2, 3]]",0.9842212312054395
"[[4], [1, 2, 3]]",0.9844076389879356
"[[4], [1, 2, 3]]",0.9843336012341775
"[[4], [1, 2, 3]]",0.9846819521397971
"[[4], [1, 2, 3]]",0.9843566877187526
"[[4], [1, 2, 3]]",0.9824997022608921
"[[4], [1, 2, 3]]",0.9795721767444945
"[[1], [2, 3, 4]]",0.9772821715134424
"[[1], [2, 3, 4]]",0.9748219848561566
"[[1], [2, 3, 4]]",0.9725833644100024
"[[1], [2, 3, 4]]",0.9720781019938962
"[[1], [2, 3, 4]]",0.9721828795474969
"[[1], [2, 3, 4]]",0.9730031820722722
"[[1], [2, 3, 4]]",0.9729767697483125
"[[1], [2, 3, 4]]",0.973063128044198
"[[1], [2, 3, 4]]",0.9730095106799201
"[[1], [2, 3, 4]]",0.9730149784256863
"[[1], [2, 3, 4]]",0.9730087786921767
"[[1], [2, 3, 4]]",0.9729992788355578
"[[1], [2, 3, 4]]",0.9730727714807648
"[[1], [2, 3, 4]]",0.9733918623121377
"[[1], [2, 3, 4]]",0.9740350550853168
"[[1], [2, 3, 4]]",0.9757203166634616
"[[1], [2, 3, 4]]",0.976174138684184
"[[1], [2, 3, 4]]",0.9768471000411354
"[[1], [2, 3, 4]]",0.9774160352073813
"[[1], [2, 3, 4]]",0.9782384458440986
"[[1], [2, 3, 4]]",0.9788161338068216
"[[1], [2, 3, 4]]",0.9785295170221763
"[[1], [2, 3, 4]]",0.9785228904246619
"[[1], [2, 3, 4]]",0.9783430212413652
"[[1], [2, 3, 4]]",0.9777097399649529
"[[1], [2, 3, 4]]",0.9771557639550457
"[[1], [2, 3, 4]]",0.9769907126296131
"[[1], [2, 3, 4]]",0.9769462167356721
"[[1], [2, 3, 4]]",0.976629485666616
"[[1], [2, 3, 4]]",0.9762501930893149
"[[1], [2, 3, 4]]",0.9761138894957484
"[[1], [2, 3, 4]]",0.975860358054712
"[[1], [2, 3, 4]]",0.9757875441658047
"[[1], [2, 3, 4]]",0.9758804572918867
"[[1], [2, 3, 4]]",0.9760302679464392
"[[1], [2, 3, 4]]",0.9761887003292788
"[[1], [2, 3, 4]]",0.9762861105516786
"[[1], [2, 3, 4]]",0.9763252963543034
"[[1], [2, 3, 4]]",0.9761814388524002
"[[1], [2, 3, 4]]",0.9760556470493036
"[[1], [2, 3, 4]]",0.9761010778485176
"[[1], [2, 3, 4]]",0.976561307062892
"[[1], [2, 3, 4]]",0.9768739523205028
"[[1], [2, 3, 4]]",0.9774287074916304
"[[1], [2, 3, 4]]",0.9774836687705634
"[[1], [2, 3, 4]]",0.9773562852020283
"[[1], [2, 3, 4]]",0.9774225036677563
"[[1], [2, 3, 4]]",0.9778483591612492
"[[1], [2, 3, 4]]",0.9781844370003425
"[[1], [2, 3, 4]]",0.9787184980383083
"[[1], [2, 3, 4]]",0.9795344606481913
"[[1], [2, 3, 4]]",0.9795870876083805
"[[1], [2, 3, 4]]",0.9795021114030793
"[[1], [2, 3, 4]]",0.9792844693676817
"[[1], [2, 3, 4]]",0.9792527251926222
"[[1], [2, 3, 4]]",0.979006581980887
"[[1], [2, 3, 4]]",0.9790631475041822
"[[1], [2, 3, 4]]",0.97904029732262
"[[1], [2, 3, 4]]",0.9789133963814569
"[[1], [2, 3, 4]]",0.9788316936044053
"[[1], [2, 3, 4]]",0.9786252805984861
"[[1], [2, 3, 4]]",0.9784767787375309
"[[1], [2, 3, 4]]",0.9782766121867084
"[[1], [2, 3, 4]]",0.9781118295523445
"[[1], [2, 3, 4]]",0.9782652889744268
"[[1], [2, 3, 4]]",0.978289665848615
"[[1], [2, 3, 4]]",0.9785303652033581
"[[1], [2, 3, 4]]",0.9784933084960931
"[[1], [2, 3, 4]]",0.9787623353157793
"[[1], [2, 3, 4]]",0.9796757834802803
"[[1], [2, 3, 4]]",0.9809458338460806
"[[4], [1, 2, 3]]",0.9819937562317789
"[[4], [1, 2, 3]]",0.982925698810206
"[[4], [1, 2, 3]]",0.9839195915385286
"[[4], [1, 2, 3]]",0.984361976195481
"[[4], [1, 2, 3]]",0.9846568375486959
"[[4], [1, 2, 3]]",0.9846670234902164
"[[4], [1, 2, 3]]",0.9847849926775216
"[[4], [1, 2, 3]]",0.9848073506278721
"[[4], [1, 2, 3]]",0.9847390192006382
"[[4], [1, 2, 3]]",0.9846705273936087
"[[4], [1, 2, 3]]",0.9844434958717676
"[[4], [1, 2, 3]]",0.9842891380772577
"[[4], [1, 2, 3]]",0.9842088009065293
"[[4], [1, 2, 3]]",0.9841625909458553
"[[4], [1, 2, 3]]",0.9842636515119438
"[[4], [1, 2, 3]]",0.9844392482568712
"[[4], [1, 2, 3]]",0.9845156647660981
"[[4], [1, 2, 3]]",0.984537441902543
"[[4], [1, 2, 3]]",0.9842226050517395
"[[4], [1, 2, 3]]",0.9842129135786715
"[[4], [1, 2, 3]]",0.9841787166527517
"[[4], [1, 2, 3]]",0.9841564420295313
"[[4], [1, 2, 3]]",0.9842649875899023
"[[4], [1, 2, 3]]",0.9847820535700946
"[[4], [1, 2, 3]]",0.9850735751559889
"[[4], [1, 2, 3]]",0.9856508830005309
"[[4], [1, 2, 3]]",0.9859524376230797
"[[4], [1, 2, 3]]",0.9860116953286644
"[[4], [1, 2, 3]]",0.9862918248537091
"[[4], [1, 2, 3]]",0.9862854061272246
"[[4], [1, 2, 3]]",0.9862759784477773
"[[4], [1, 2, 3]]",0.9861745226719012
"[[4], [1, 2, 3]]",0.9861207697672167
"[[4], [1, 2, 3]]",0.9860360363519
"[[4], [1, 2, 3]]",0.9859968618663093
"[[4], [1, 2, 3]]",0.9860655805843844
"[[4], [1, 2, 3]]",0.9861101869638016
"[[4], [1, 2, 3]]",0.9861496531843479
"[[4], [1, 2, 3]]",0.9859849733618075
"[[4], [1, 2, 3]]",0.9856400898604553
"[[4], [1, 2, 3]]",0.9851045762531521
"[[4], [1, 2, 3]]",0.9847274109782307
"[[4], [1, 2, 3]]",0.9840439833530696
"[[4], [1, 2, 3]]",0.9836428288186612
"[[4], [1, 2, 3]]",0.9830810785104012
"[[4], [1, 2, 3]]",0.982860565846865
"[[4], [1, 2, 3]]",0.9828806637138874
"[[4], [1, 2, 3]]",0.9823145918478604
"[[4], [1, 2, 3]]",0.9826682123699527
"[[4], [1, 2, 3]]",0.9834725290124775
"[[4], [1, 2, 3]]",0.9843907533407895
"[[4], [1, 2, 3]]",0.9850106307850492
"[[4], [1, 2, 3]]",0.9848899277408399
"[[4], [1, 2, 3]]",0.9848913213324384
"[[4], [1, 2, 3]]",0.9848087301984556
"[[4], [1, 2, 3]]",0.9847864676591584
"[[4], [1, 2, 3]]",0.9847919505682018
"[[4], [1, 2, 3]]",0.9848082442950983
"[[4], [1, 2, 3]]",0.9849269930749882
"[[4], [1, 2, 3]]",0.9849851917706214
"[[4], [1, 2, 3]]",0.9850190966237186
"[[4], [1, 2, 3]]",0.9850070938899942
"[[4], [1, 2, 3]]",0.9848761149824312
"[[4], [1, 2, 3]]",0.9838710252839744
"[[1], [2, 3, 4]]",0.9794610550102799
"[[1], [2, 3, 4]]",0.9740934623051276
"[[1], [2, 3, 4]]",0.9687172175589723
"[[1], [2, 3, 4]]",0.9630988535535843
"[[1], [2, 3, 4]]",0.95852894866154
"[[1], [2, 3, 4]]",0.9548696922449895
"[[1], [2, 3, 4]]",0.9554551314125231
"[[1], [2, 3, 4]]",0.9542176514343417
"[[1], [2, 3, 4]]",0.955351084124652
"[[1], [2, 3, 4]]",0.9567523791076267
"[[1], [2, 3, 4]]",0.9586819204583743
"[[1], [2, 3, 4]]",0.959161243056919
"[[1], [2, 3, 4]]",0.9574900044955963
"[[1], [2, 3, 4]]",0.9566078230492512
"[[1], [2, 3, 4]]",0.9562617590925977
"[[1], [2, 3, 4]]",0.9561834342216207
"[[1], [2, 3, 4]]",0.9560709924268594
"[[1], [2, 3, 4]]",0.9559989688916894
"[[1], [2, 3, 4]]",0.9559115826767627
"[[1], [2, 3, 4]]",0.9558991126569563
"[[1], [2, 3, 4]]",0.9558309281745948
"[[1], [2, 3, 4]]",0.9557938102683086
"[[1], [2, 3, 4]]",0.9557745355885119
"[[1], [2, 3, 4]]",0.9548145433084743
"[[1], [2, 3, 4]]",0.9538130160639329
"[[1], [2, 3, 4]]",0.9535026664353943
"[[1], [2, 3, 4]]",0.9533437506642934
"[[1], [2, 3, 4]]",0.9531341367920731
"[[1], [2, 3, 4]]",0.9529374586814849
"[[1], [2, 3, 4]]",0.9527624142276194
"[[1], [2, 3, 4]]",0.9527327985586966
"[[1], [2, 3, 4]]",0.9526877495420514
"[[1], [2, 3, 4]]",0.9528319873279812
"[[1], [2, 3, 4]]",0.9528332172398966
"[[1], [2, 3, 4]]",0.951842270752219
"[[1], [2, 3, 4]]",0.9507012891318976
"[[1], [2, 3, 4]]",0.9495831521488596
"[[1], [2, 3, 4]]",0.9496211160761704
"[[1], [2, 3, 4]]",0.9498370383711312
"[[1], [2, 3, 4]]",0.9499277965854009
"[[1], [2, 3, 4]]",0.9500653347529854
"[[1], [2, 3, 4]]",0.9501038511770805
"[[1], [2, 3, 4]]",0.9501566528876519
"[[1], [2, 3, 4]]",0.9502424556891335
"[[1], [2, 3, 4]]",0.9502382333400713
"[[1], [2, 3, 4]]",0.9502060480165115
"[[1], [2, 3, 4]]",0.9502169638517555
"[[1], [2, 3, 4]]",0.9512381411835029
"[[1], [2, 3, 4]]",0.9559673225021456
"[[1], [2, 3, 4]]",0.9607334813225008
"[[1], [2, 3, 4]]",0.9660480888533114
"[[1], [2, 3, 4]]",0.9711139242762266
"[[1], [2, 3, 4]]",0.9754664839181422
"[[4], [1, 2, 3]]",0.9786373990226137
"[[4], [1, 2, 3]]",0.9792652592125195
"[[4], [1, 2, 3]]",0.9810302582668237
"[[4], [1, 2, 3]]",0.9818064037143514
"[[4], [1, 2, 3]]",0.9819775729811342
"[[4], [1, 2, 3]]",0.9821535491699411
"[[4], [1, 2, 3]]",0.9835181575894894
"[[4], [1, 2, 3]]",0.9850761174397641
"[[4], [1, 2, 3]]",0.9858477892782936
"[[4], [1, 2, 3]]",0.9860851699125999
"[[4], [1, 2, 3]]",0.9860436689754608
"[[4], [1, 2, 3]]",0.9860760032227103
"[[4], [1, 2, 3]]",0.9860807835316197
"[[4], [1, 2, 3]]",0.9860661587367769
"[[4], [1, 2, 3]]",0.9860298475588838
"[[4], [1, 2, 3]]",0.9860271957085507
"[[4], [1, 2, 3]]",0.9860427264801415
"[[4], [1, 2, 3]]",0.9860856107790853
"[[4], [1, 2, 3]]",0.9869406835455268
"[[4], [1, 2, 3]]",0.987032607895935
"[[4], [1, 2, 3]]",0.9874621971138773
"[[4], [1, 2, 3]]",0.9877002248519917
"[[4], [1, 2, 3]]",0.9880092510418428
"[[4], [1, 2, 3]]",0.9878789523300089
"[[4], [1, 2, 3]]",0.9881151602105557
"[[4], [1, 2, 3]]",0.9883778264898729
"[[4], [1, 2, 3]]",0.9881135871455293
"[[4], [1, 2, 3]]",0.9873332263883843
"[[4], [1, 2, 3]]",0.9855155551820021
"[[4], [1, 2, 3]]",0.981149866163501
"[[1], [2, 3, 4]]",0.9773926288212265
"[[1], [2, 3, 4]]",0.9772587579558087
"[[1], [2, 3, 4]]",0.9770405044144603
"[[1], [2, 3, 4]]",0.9770973822005832
"[[1], [2, 3, 4]]",0.9772329710001071
"[[1], [2, 3, 4]]",0.9773795895096286
"[[1], [2, 3, 4]]",0.9775793311016245
"[[1], [2, 3, 4]]",0.9776569204368745
"[[1], [2, 3, 4]]",0.9776806333859442
"[[1], [2, 3, 4]]",0.9776982246617731
"[[1], [2, 3, 4]]",0.9778379545533068
"[[1], [2, 3, 4]]",0.9779696319474862
"[[1], [2, 3, 4]]",0.9779332103122444
"[[1], [2, 3, 4]]",0.9774511034741993
"[[1], [2, 3, 4]]",0.9772513244784556
"[[1], [2, 3, 4]]",0.9769868175695495
"[[1], [2, 3, 4]]",0.9769816161038988
"[[1], [2, 3, 4]]",0.9767264288747834
"[[1], [2, 3, 4]]",0.9766220867852999
"[[1], [2, 3, 4]]",0.9766301808467273
"[[1], [2, 3, 4]]",0.9766253094959965
"[[1], [2, 3, 4]]",0.9763297201789469
"[[1], [2, 3, 4]]",0.9757848352501242
"[[1], [2, 3, 4]]",0.9754155536267146
"[[1], [2, 3, 4]]",0.9753037378864586
"[[1], [2, 3, 4]]",0.9756377412264567
"[[1], [2, 3, 4]]",0.9757807602558073
"[[1], [2, 3, 4]]",0.9759559325917365
"[[1], [2, 3, 4]]",0.9761845010483075
"[[1], [2, 3, 4]]",0.9762713077286507
"[[1], [2, 3, 4]]",0.9762569247074621
"[[1], [2, 3, 4]]",0.9761788020823152
"[[1], [2, 3, 4]]",0.9760905536285682
"[[1], [2, 3, 4]]",0.9759309192509082
"[[1], [2, 3, 4]]",0.9758161604994247
"[[1], [2, 3, 4]]",0.9757466435098107
"[[1], [2, 3, 4]]",0.9757006399514262
"[[1], [2, 3, 4]]",0.9766627476099601
"[[1], [2, 3, 4]]",0.9767101198401423
"[[1], [2, 3, 4]]",0.9768422038854869
"[[1], [2, 3, 4]]",0.9768903909617059
"[[1], [2, 3, 4]]",0.9772174615494981
"[[1], [2, 3, 4]]",0.977289172838143
"[[1], [2, 3, 4]]",0.9771854540335072
"[[1], [2, 3, 4]]",0.9773233270683277
"[[1], [2, 3, 4]]",0.9774685438832815
"[[1], [2, 3, 4]]",0.9784550542757247
"[[4], [1, 2, 3]]",0.9823672167242348
"[[4], [1, 2, 3]]",0.9861191859463156
"[[4], [1, 2, 3]]",0.9869317716557637
"[[4], [1, 2, 3]]",0.9873131462271736
"[[4], [1, 2, 3]]",0.9873456711957427
"[[4], [1, 2, 3]]",0.9873366821251405
"[[4], [1, 2, 3]]",0.9873308440018254
"[[4], [1, 2, 3]]",0.9873104639370112
"[[4], [1, 2, 3]]",0.987386778667952
"[[4], [1, 2, 3]]",0.9874527761281264
"[[4], [1, 2, 3]]",0.9875580311776112
"[[4], [1, 2, 3]]",0.9875547771223296
"[[4], [1, 2, 3]]",0.9873866138541727
"[[4], [1, 2, 3]]",0.9864546861358735
"[[4], [1, 2, 3]]",0.9841369308154384
"[[4], [1, 2, 3]]",0.9825294377285951
"[[4], [1, 2, 3]]",0.9803094762153417
"[[1], [2, 3, 4]]",0.9787124171540191
"[[1], [2, 3, 4]]",0.977556929949164
"[[1], [2, 3, 4]]",0.975987072727763
"[[1], [2, 3, 4]]",0.9753431495495755
"[[1], [2, 3, 4]]",0.9742705998117005
"[[1], [2, 3, 4]]",0.9745717280878239
"[[1], [2, 3, 4]]",0.9759036641552846
"[[1], [2, 3, 4]]",0.9771165153362621
"[[1], [2, 3, 4]]",0.97731962028769
"[[1], [2, 3, 4]]",0.9774900830014641
"[[1], [2, 3, 4]]",0.9776474105478659
"[[1], [2, 3, 4]]",0.9777467609411219
"[[1], [2, 3, 4]]",0.9776802115816643
"[[1], [2, 3, 4]]",0.9776050358416593
"[[1], [2, 3, 4]]",0.9775172310014445
"[[1], [2, 3, 4]]",0.9774900140874576
"[[1], [2, 3, 4]]",0.9774542184737693
"[[1], [2, 3, 4]]",0.9774121030560726
"[[1], [2, 3, 4]]",0.9773318303733861
"[[1], [2, 3, 4]]",0.9766718247536612
"[[1], [2, 3, 4]]",0.9724489814069974
"[[1], [2, 3, 4]]",0.9678559921106666
"[[1], [2, 3, 4]]",0.96244306983638
"[[1], [2, 3, 4]]",0.9569190819974289
"[[1], [2, 3, 4]]",0.9513416389774374
"[[1], [2, 3, 4]]",0.9458846177470317
"[[1], [2, 3, 4]]",0.9402971310473067
"[[1], [2, 3, 4]]",0.9365840480504943
"[[1], [2, 3, 4]]",0.9328954775225486
"[[1], [2, 3, 4]]",0.9336020216037288
"[[1], [2, 3, 4]]",0.9343385873630063
"[[1], [2, 3, 4]]",0.9358544683209037
"[[1], [2, 3, 4]]",0.9386713405918978
"[[1], [2, 3, 4]]",0.9386797777200142
"[[1], [2, 3, 4]]",0.9386649542591401
"[[1], [2, 3, 4]]",0.938674055827422
"[[1], [2, 3, 4]]",0.9388059864479683
"[[1], [2, 3, 4]]",0.9389905746671726
"[[1], [2, 3, 4]]",0.9390433701242304
"[[1], [2, 3, 4]]",0.939092664105533
"[[1], [2, 3, 4]]",0.9391401589938775
"[[1], [2, 3, 4]]",0.9391832306475085
"[[1], [2, 3, 4]]",0.939198888348815
"[[1], [2, 3, 4]]",0.9392601954255473
"[[1], [2, 3, 4]]",0.9399396814202892
"[[1], [2, 3, 4]]",0.9424009812969072
"[[1], [2, 3, 4]]",0.9436926381845068
"[[1], [2, 3, 4]]",0.9454740130584908
"[[1], [2, 3, 4]]",0.9465186197838757
"[[1], [2, 3, 4]]",0.9471290681929478
"[[1], [2, 3, 4]]",0.9482413380411621
"[[1], [2, 3, 4]]",0.9485412583107162
"[[1], [2, 3, 4]]",0.9485350589827142
"[[1], [2, 3, 4]]",0.9472541616959069
"[[1], [2, 3, 4]]",0.9449726323264634
"[[1], [2, 3, 4]]",0.9432174209146322
"[[1], [2, 3, 4]]",0.9416229731067058
"[[1], [2, 3, 4]]",0.9397955953066984
"[[1], [2, 3, 4]]",0.9382325684253938
"[[1], [2, 3, 4]]",0.9380532389278986
"[[1], [2, 3, 4]]",0.9382512933943887
"[[1], [2, 3, 4]]",0.9384503945705783
"[[1], [2, 3, 4]]",0.9386102081083437
"[[1], [2, 3, 4]]",0.9387530287121302
"[[1], [2, 3, 4]]",0.9388925426302615
"[[1], [2, 3, 4]]",0.9390225538428814
"[[1], [2, 3, 4]]",0.9391766112818065
"[[1], [2, 3, 4]]",0.9400775748174266
"[[1], [2, 3, 4]]",0.9446376990892306
"[[1], [2, 3, 4]]",0.9492521656552546
"[[1], [2, 3, 4]]",0.9545849927780512
"[[1], [2, 3, 4]]",0.9599243405120224
"[[1], [2, 3, 4]]",0.9652697451676928
"[[1], [2, 3, 4]]",0.9704165861510095
"[[1], [2, 3, 4]]",0.9756020283930731
"[[1], [2, 3, 4]]",0.9783032745382849
"[[4], [1, 2, 3]]",0.9810585662398784
"[[1], [2, 3, 4]]",0.9770940694150704
"[[1], [2, 3, 4]]",0.973599768283123
"[[1], [2, 3, 4]]",0.9708320928546719
"[[1], [2, 3, 4]]",0.9686541441449221
"[[1], [2, 3, 4]]",0.9669204207682904
"[[1], [2, 3, 4]]",0.9665780531320591
"[[1], [2, 3, 4]]",0.9666875302061455
"[[1], [2, 3, 4]]",0.9669073562548871
"[[1], [2, 3, 4]]",0.967161523195005
"[[1], [2, 3, 4]]",0.9671946615365012
"[[1], [2, 3, 4]]",0.9671452433741858
"[[1], [2, 3, 4]]",0.9670998807652327
"[[1], [2, 3, 4]]",0.9670712968636058
"[[1], [2, 3, 4]]",0.9672051656205102
"[[1], [2, 3, 4]]",0.9672653818797479
"[[1], [2, 3, 4]]",0.9677597897483781
"[[1], [2, 3, 4]]",0.968575692928602
"[[1], [2, 3, 4]]",0.9694455552838965
"[[1], [2, 3, 4]]",0.9701576597979176
"[[1], [2, 3, 4]]",0.9710255433286437
"[[1], [2, 3, 4]]",0.9719361702547109
"[[1], [2, 3, 4]]",0.972682005503384
"[[1], [2, 3, 4]]",0.9724123842136598
"[[1], [2, 3, 4]]",0.9719382161086066
"[[1], [2, 3, 4]]",0.9699939088163585
"[[1], [2, 3, 4]]",0.9683333122006703
"[[1], [2, 3, 4]]",0.966818317452995
"[[1], [2, 3, 4]]",0.9654194643507392
"[[1], [2, 3, 4]]",0.9653812434205298
"[[1], [2, 3, 4]]",0.9654435814078474
"[[1], [2, 3, 4]]",0.965452994506778
"[[1], [2, 3, 4]]",0.9657192306274078
"[[1], [2, 3, 4]]",0.9657394797403471
"[[1], [2, 3, 4]]",0.9657168431891259
"[[1], [2, 3, 4]]",0.9656927268834639
"[[1], [2, 3, 4]]",0.965715955702688
"[[1], [2, 3, 4]]",0.9659398977332729
"[[1], [2, 3, 4]]",0.9661867425224946
"[[1], [2, 3, 4]]",0.9661509960897174
"[[1], [2, 3, 4]]",0.9658310511256505
"[[1], [2, 3, 4]]",0.9658627248469538
"[[1], [2, 3, 4]]",0.9658369184667426
"[[1], [2, 3, 4]]",0.9658769436810544
"[[1], [2, 3, 4]]",0.9661714129852723
"[[1], [2, 3, 4]]",0.9662884211257523
"[[1], [2, 3, 4]]",0.9662927759107531
"[[1], [2, 3, 4]]",0.9662902708800813
"[[1], [2, 3, 4]]",0.9660799716259258
"[[1], [2, 3, 4]]",0.9660256873618107
"[[1], [2, 3, 4]]",0.9658735373825205
"[[1], [2, 3, 4]]",0.9651330715836222
"[[1], [2, 3, 4]]",0.9644759945909467
"[[1], [2, 3, 4]]",0.9639436316727953
"[[1], [2, 3, 4]]",0.9638811213005412
"[[1], [2, 3, 4]]",0.9638498177227787
"[[1], [2, 3, 4]]",0.9639491461328173
"[[1], [2, 3, 4]]",0.9641629400055016
"[[1], [2, 3, 4]]",0.9642487535918731
"[[1], [2, 3, 4]]",0.9643557034527452
"[[1], [2, 3, 4]]",0.9643709238565432
"[[1], [2, 3, 4]]",0.9643485789158601
"[[1], [2, 3, 4]]",0.9642882064040726
"[[1], [2, 3, 4]]",0.9643275018862666
"[[1], [2, 3, 4]]",0.9639727009684486
"[[1], [2, 3, 4]]",0.963925867357283
"[[1], [2, 3, 4]]",0.9634338171337787
"[[1], [2, 3, 4]]",0.9632370952138035
"[[1], [2, 3, 4]]",0.9627446800071418
"[[1], [2, 3, 4]]",0.9623405742483119
"[[1], [2, 3, 4]]",0.9623377146610327
"[[1], [2, 3, 4]]",0.9624822425680281
"[[1], [2, 3, 4]]",0.962659754880751
"[[1], [2, 3, 4]]",0.9626222062823513
"[[1], [2, 3, 4]]",0.9624785224180188
"[[1], [2, 3, 4]]",0.9619852495158319
"[[1], [2, 3, 4]]",0.9617034782417861
"[[1], [2, 3, 4]]",0.9606415783271957
"[[1], [2, 3, 4]]",0.9603960266910732
"[[1], [2, 3, 4]]",0.9601464477874941
"[[1], [2, 3, 4]]",0.9601290146669059
"[[1], [2, 3, 4]]",0.9603220841390953
"[[1], [2, 3, 4]]",0.9604708705866214
"[[1], [2, 3, 4]]",0.9605824119738366
"[[1], [2, 3, 4]]",0.9607401213563901
"[[1], [2, 3, 4]]",0.9606314906044573
"[[1], [2, 3, 4]]",0.9604886066919642
"[[1], [2, 3, 4]]",0.9605587037765648
"[[1], [2, 3, 4]]",0.9607129858024624
"[[1], [2, 3, 4]]",0.9608705822224115
"[[1], [2, 3, 4]]",0.9605963576449156
"[[1], [2, 3, 4]]",0.960153949852816
"[[1], [2, 3, 4]]",0.9592509596021992
"[[1], [2, 3, 4]]",0.9587808991460842
"[[1], [2, 3, 4]]",0.957856450576036
"[[1], [2, 3, 4]]",0.9567833601342128
"[[1], [2, 3, 4]]",0.955972277606408
"[[1], [2, 3, 4]]",0.9567869550378372
"[[1], [2, 3, 4]]",0.9580817034284206
"[[1], [2, 3, 4]]",0.9600964894938883
"[[1], [2, 3, 4]]",0.9618868217310063
"[[1], [2, 3, 4]]",0.9639418378477378
"[[1], [2, 3, 4]]",0.9643113085261281
"[[1], [2, 3, 4]]",0.9643695314311191
"[[1], [2, 3, 4]]",0.964368724107935
"[[1], [2, 3, 4]]",0.9642775919041473
"[[1], [2, 3, 4]]",0.9643211965614826
"[[1], [2, 3, 4]]",0.9643521964602129
"[[1], [2, 3, 4]]",0.9644107158483313
"[[1], [2, 3, 4]]",0.9644802626502259
"[[1], [2, 3, 4]]",0.964493435293161
"[[1], [2, 3, 4]]",0.9635763662097325
"[[1], [2, 3, 4]]",0.9624843453610947
"[[1], [2, 3, 4]]",0.9609225971662924
"[[1], [2, 3, 4]]",0.9594269517697018
"[[1], [2, 3, 4]]",0.9577470975714746
"[[1], [2, 3, 4]]",0.955830907985536
"[[1], [2, 3, 4]]",0.9531485656114367
"[[1], [2, 3, 4]]",0.9509347038370277
"[[1], [2, 3, 4]]",0.9496755121857563
"[[1], [2, 3, 4]]",0.9487784442553995
"[[1], [2, 3, 4]]",0.9513913413728481
"[[1], [2, 3, 4]]",0.9548771208866111
"[[1], [2, 3, 4]]",0.959531886644377
"[[1], [2, 3, 4]]",0.9642846127689675
"[[1], [2, 3, 4]]",0.9686081744936021
"[[1], [2, 3, 4]]",0.971202063701293
"[[1], [2, 3, 4]]",0.9711519166946514
"[[1], [2, 3, 4]]",0.9712895968555741
"[[1], [2, 3, 4]]",0.9713835681738348
"[[1], [2, 3, 4]]",0.971348848717686
"[[1], [2, 3, 4]]",0.9713379458655431
"[[1], [2, 3, 4]]",0.971284262979714
"[[1], [2, 3, 4]]",0.971256436401587
"[[1], [2, 3, 4]]",0.9712587351739604
"[[1], [2, 3, 4]]",0.9712429191897073
"[[1], [2, 3, 4]]",0.9712485408486904
"[[1], [2, 3, 4]]",0.9712305849053607
"[[1], [2, 3, 4]]",0.9715380011100556
"[[1], [2, 3, 4]]",0.971944374029232
"[[1], [2, 3, 4]]",0.9723842482605352
"[[1], [2, 3, 4]]",0.9727375158964775
"[[1], [2, 3, 4]]",0.9714136964494662
"[[1], [2, 3, 4]]",0.9680202203280726
"[[1], [2, 3, 4]]",0.9643888604812656
"[[1], [2, 3, 4]]",0.9600636964900995
"[[1], [2, 3, 4]]",0.9550754166590165
"[[1], [2, 3, 4]]",0.9517009612724544
"[[1], [2, 3, 4]]",0.9492631148945132
"[[1], [2, 3, 4]]",0.9472933200530331
"[[1], [2, 3, 4]]",0.9459680019854193
"[[1], [2, 3, 4]]",0.9460075889619612
"[[1], [2, 3, 4]]",0.9462245957142893
"[[1], [2, 3, 4]]",0.9464781398453062
"[[1], [2, 3, 4]]",0.9464051101455124
"[[1], [2, 3, 4]]",0.9463614482634755
"[[1], [2, 3, 4]]",0.946327917810689
"[[1], [2, 3, 4]]",0.9463291289490621
"[[1], [2, 3, 4]]",0.9463624998239433
"[[1], [2, 3, 4]]",0.9474124074669059
"[[1], [2, 3, 4]]",0.9485801864722985
"[[1], [2, 3, 4]]",0.9500545054916191
"[[1], [2, 3, 4]]",0.9520347258476685
"[[1], [2, 3, 4]]",0.954254617212695
"[[1], [2, 3, 4]]",0.9565968211946799
"[[1], [2, 3, 4]]",0.9599751487538333
"[[1], [2, 3, 4]]",0.9616339531434437
"[[1], [2, 3, 4]]",0.9622708672409057
"[[1], [2, 3, 4]]",0.962570975341537
"[[1], [2, 3, 4]]",0.9609980007742412
"[[1], [2, 3, 4]]",0.9587048672894553
"[[1], [2, 3, 4]]",0.9565672714092854
"[[1], [2, 3, 4]]",0.9548987502414148
"[[1], [2, 3, 4]]",0.9545327004922781
"[[1], [2, 3, 4]]",0.9544052255573988
"[[1], [2, 3, 4]]",0.954851419660558
"[[1], [2, 3, 4]]",0.955165179503656
"[[1], [2, 3, 4]]",0.9555534391512179
"[[1], [2, 3, 4]]",0.9555212804373827
"[[1], [2, 3, 4]]",0.9554776107632266
"[[1], [2, 3, 4]]",0.955368696721668
"[[1], [2, 3, 4]]",0.9552909365213718
"[[1], [2, 3, 4]]",0.9552066384799196
"[[1], [2, 3, 4]]",0.9551976267260747
"[[1], [2, 3, 4]]",0.9552105692484376
"[[1], [2, 3, 4]]",0.9556029832698334
"[[1], [2, 3, 4]]",0.9566977241933925
"[[1], [2, 3, 4]]",0.9576042761898309
"[[1], [2, 3, 4]]",0.9584396954455825
"[[1], [2, 3, 4]]",0.9598269266966062
"[[1], [2, 3, 4]]",0.9596653556590261
"[[1], [2, 3, 4]]",0.9595414148934607
"[[1], [2, 3, 4]]",0.9594829685524371
"[[1], [2, 3, 4]]",0.9563742424979187
"[[1], [2, 3, 4]]",0.95304251508568
"[[1], [2, 3, 4]]",0.9499288126475217
"[[1], [2, 3, 4]]",0.9485885795154452
"[[1], [2, 3, 4]]",0.9485971384475693
"[[1], [2, 3, 4]]",0.948522921509809
"[[1], [2, 3, 4]]",0.9491724557839656
"[[1], [2, 3, 4]]",0.9495524197841017
"[[1], [2, 3, 4]]",0.9495032366166773
"[[1], [2, 3, 4]]",0.9495066777356904
"[[1], [2, 3, 4]]",0.9494184130264385
"[[1], [2, 3, 4]]",0.9493059853395176
"[[1], [2, 3, 4]]",0.9492154530773462
"[[1], [2, 3, 4]]",0.9490591472958047
"[[1], [2, 3, 4]]",0.9488767338648982
"[[1], [2, 3, 4]]",0.9488299844574113
"[[1], [2, 3, 4]]",0.9490467838049084
"[[1], [2, 3, 4]]",0.9504157808803102
"[[1], [2, 3, 4]]",0.9517853402702879
"[[1], [2, 3, 4]]",0.9531591147490075
"[[1], [2, 3, 4]]",0.9545580472453452
"[[1], [2, 3, 4]]",0.9545579784166256
"[[1], [2, 3, 4]]",0.9545415704529345
"[[1], [2, 3, 4]]",0.9544379369986415
"[[1], [2, 3, 4]]",0.9544520202751787
"[[1], [2, 3, 4]]",0.9546799748539982
"[[1], [2, 3, 4]]",0.9547758382594771
"[[1], [2, 3, 4]]",0.9549625177375274
"[[1], [2, 3, 4]]",0.9549430395845239
"[[1], [2, 3, 4]]",0.9548775417703816
"[[1], [2, 3, 4]]",0.9540638518929496
"[[1], [2, 3, 4]]",0.9536332806941514
"[[1], [2, 3, 4]]",0.9529228807186604
"[[1], [2, 3, 4]]",0.9529813372035788
"[[1], [2, 3, 4]]",0.9531425146847206
"[[1], [2, 3, 4]]",0.9533597019802778
"[[1], [2, 3, 4]]",0.9535482685929018
"[[1], [2, 3, 4]]",0.9537811519774424
"[[1], [2, 3, 4]]",0.9539151838386684
"[[1], [2, 3, 4]]",0.9540457821884628
"[[1], [2, 3, 4]]",0.9538596880448127
"[[1], [2, 3, 4]]",0.9524856520223424
"[[1], [2, 3, 4]]",0.9515089400639951
"[[1], [2, 3, 4]]",0.9501016369030006
"[[1], [2, 3, 4]]",0.9482799431864517
"[[1], [2, 3, 4]]",0.946491290496549
"[[1], [2, 3, 4]]",0.9457347388820657
"[[1], [2, 3, 4]]",0.9456521541283835
"[[1], [2, 3, 4]]",0.9480946194777213
"[[1], [2, 3, 4]]",0.9516577015617735
"[[1], [2, 3, 4]]",0.9558608326701709
"[[1], [2, 3, 4]]",0.9584071618467489
"[[1], [2, 3, 4]]",0.9584869275762257
"[[1], [2, 3, 4]]",0.95835519517251
"[[1], [2, 3, 4]]",0.958302177026904
"[[1], [2, 3, 4]]",0.957481526868516
"[[1], [2, 3, 4]]",0.9572291765777358
"[[1], [2, 3, 4]]",0.9574703912795954
"[[1], [2, 3, 4]]",0.9578315356139986
"[[1], [2, 3, 4]]",0.9581807966916309
"[[1], [2, 3, 4]]",0.9587012598149596
"[[1], [2, 3, 4]]",0.9590578903089915
"[[1], [2, 3, 4]]",0.9593155925146652
"[[1], [2, 3, 4]]",0.9589269011681735
"[[1], [2, 3, 4]]",0.9575543389309201
"[[1], [2, 3, 4]]",0.9559571796561458
"[[1], [2, 3, 4]]",0.9542784662485805
"[[1], [2, 3, 4]]",0.9522503335182394
"[[1], [2, 3, 4]]",0.949809352978811
"[[1], [2, 3, 4]]",0.9478045981755303
"[[1], [2, 3, 4]]",0.9473779639625975
"[[1], [2, 3, 4]]",0.9479949220956372
"[[1], [2, 3, 4]]",0.9507739975565863
"[[1], [2, 3, 4]]",0.9536808592022362
"[[1], [2, 3, 4]]",0.958605049026873
"[[1], [2, 3, 4]]",0.9626169773534752
"[[1], [2, 3, 4]]",0.9658990234450573
"[[1], [2, 3, 4]]",0.9669714933159825
"[[1], [2, 3, 4]]",0.966850448572348
"[[1], [2, 3, 4]]",0.9667106809844622
"[[1], [2, 3, 4]]",0.9669264475294939
"[[1], [2, 3, 4]]",0.9669875335815811
"[[1], [2, 3, 4]]",0.967042308978888
"[[1], [2, 3, 4]]",0.9671437313253708
"[[1], [2, 3, 4]]",0.9671281267761895
"[[1], [2, 3, 4]]",0.9670505860117331
"[[1], [2, 3, 4]]",0.966593098497599
"[[1], [2, 3, 4]]",0.9644006171583595
"[[1], [2, 3, 4]]",0.9609021151887546
"[[1], [2, 3, 4]]",0.9586806680528592
"[[1], [2, 3, 4]]",0.9568308633197663
"[[1], [2, 3, 4]]",0.9548577488602579
"[[1], [2, 3, 4]]",0.9542264578572759
"[[1], [2, 3, 4]]",0.952701094425864
"[[1], [2, 3, 4]]",0.9513674681651678
"[[1], [2, 3, 4]]",0.9521207069365227
"[[1], [2, 3, 4]]",0.9567814955641076
"[[1], [2, 3, 4]]",0.9627878895078348
"[[1], [2, 3, 4]]",0.9668921768443257
"[[1], [2, 3, 4]]",0.9714368915873143
"[[1], [2, 3, 4]]",0.9714202444496998
"[[1], [2, 3, 4]]",0.9704916742939078
"[[1], [2, 3, 4]]",0.969317422826377
"[[1], [2, 3, 4]]",0.969364036342331
"[[1], [2, 3, 4]]",0.969407843470323
"[[1], [2, 3, 4]]",0.9693937682669574
"[[1], [2, 3, 4]]",0.9693732027359332
"[[1], [2, 3, 4]]",0.9693615911695037
"[[1], [2, 3, 4]]",0.9693484124242856
"[[1], [2, 3, 4]]",0.9693546322194349
"[[1], [2, 3, 4]]",0.9693630272384426
"[[1], [2, 3, 4]]",0.9697787708761434
"[[1], [2, 3, 4]]",0.9707099544494149
"[[1], [2, 3, 4]]",0.9709844132546861
"[[1], [2, 3, 4]]",0.9715083309369786
"[[1], [2, 3, 4]]",0.9726632905571462
"[[1], [2, 3, 4]]",0.9740288536515612
"[[1], [2, 3, 4]]",0.975438616973715
"[[1], [2, 3, 4]]",0.9731565897665247
"[[1], [2, 3, 4]]",0.969376617257869
"[[1], [2, 3, 4]]",0.9636128788770342
"[[1], [2, 3, 4]]",0.9581219607854552
"[[1], [2, 3, 4]]",0.9539070806233328
"[[1], [2, 3, 4]]",0.9498377410934393
"[[1], [2, 3, 4]]",0.9470752325602511
"[[1], [2, 3, 4]]",0.9461624167284322
"[[1], [2, 3, 4]]",0.9464550773749246
"[[1], [2, 3, 4]]",0.9467280719097102
"[[1], [2, 3, 4]]",0.946940155463878
"[[1], [2, 3, 4]]",0.9468747466216806
"[[1], [2, 3, 4]]",0.9468516961386793
"[[1], [2, 3, 4]]",0.9467667704437961
"[[1], [2, 3, 4]]",0.9467555043289684
"[[1], [2, 3, 4]]",0.9468193766542492
"[[1], [2, 3, 4]]",0.9475182011314277
"[[1], [2, 3, 4]]",0.9495778585156844
"[[1], [2, 3, 4]]",0.9530200810502897
"[[1], [2, 3, 4]]",0.9553008934913539
"[[1], [2, 3, 4]]",0.957232057986111
"[[1], [2, 3, 4]]",0.9592694665406355
"[[1], [2, 3, 4]]",0.960382227174003
"[[1], [2, 3, 4]]",0.9616205454269132
"[[1], [2, 3, 4]]",0.9623134899367689
"[[1], [2, 3, 4]]",0.9625264743325095
"[[1], [2, 3, 4]]",0.9617757566749058
"[[1], [2, 3, 4]]",0.9555196104268974
"[[1], [2, 3, 4]]",0.9525865578893999
"[[1], [2, 3, 4]]",0.9509228841213616
"[[1], [2, 3, 4]]",0.9506391562932872
"[[1], [2, 3, 4]]",0.9504409158342035
"[[1], [2, 3, 4]]",0.9503557698545004
"[[1], [2, 3, 4]]",0.9507063092548922
"[[1], [2, 3, 4]]",0.951056008848634
"[[1], [2, 3, 4]]",0.9513041128375781
"[[1], [2, 3, 4]]",0.9514554982937796
"[[1], [2, 3, 4]]",0.9515729389073848
"[[1], [2, 3, 4]]",0.9516071177952272
"[[1], [2, 3, 4]]",0.9516280752418259
"[[1], [2, 3, 4]]",0.9518901253277218
"[[1], [2, 3, 4]]",0.9522625937642635
"[[1], [2, 3, 4]]",0.9526709804582814
"[[1], [2, 3, 4]]",0.9532253063078391
"[[1], [2, 3, 4]]",0.9538431839205469
"[[1], [2, 3, 4]]",0.9548008690346672
"[[1], [2, 3, 4]]",0.9554067543189229
"[[1], [2, 3, 4]]",0.9563415329559866
"[[1], [2, 3, 4]]",0.9562600638084867
"[[1], [2, 3, 4]]",0.9560394187839815
"[[1], [2, 3, 4]]",0.9559392595576756
"[[1], [2, 3, 4]]",0.9554444407308358
"[[1], [2, 3, 4]]",0.9549350730454476
"[[1], [2, 3, 4]]",0.9549865321839872
"[[1], [2, 3, 4]]",0.9550129738504827
"[[1], [2, 3, 4]]",0.9549602354186195
"[[1], [2, 3, 4]]",0.9549560969934866
"[[1], [2, 3, 4]]",0.955251538732146
"[[1], [2, 3, 4]]",0.9550110790527246
"[[1], [2, 3, 4]]",0.9553333346188586
"[[1], [2, 3, 4]]",0.9554940846894617
"[[1], [2, 3, 4]]",0.9556491607651177
"[[1], [2, 3, 4]]",0.9559744011948546
"[[1], [2, 3, 4]]",0.9560982955115171
"[[1], [2, 3, 4]]",0.9561804470514117
"[[1], [2, 3, 4]]",0.9563209782377218
"[[1], [2, 3, 4]]",0.9559618406087111
"[[1], [2, 3, 4]]",0.9553447417238176
"[[1], [2, 3, 4]]",0.954788586296016
"[[1], [2, 3, 4]]",0.9538576704463013
"[[1], [2, 3, 4]]",0.952960462086804
"[[1], [2, 3, 4]]",0.9512329841641832
"[[1], [2, 3, 4]]",0.9499426509950766
"[[1], [2, 3, 4]]",0.9490477284505541
"[[1], [2, 3, 4]]",0.9496571756355975
"[[1], [2, 3, 4]]",0.9543563118391736
"[[1], [2, 3, 4]]",0.9571241208978847
"[[1], [2, 3, 4]]",0.9590466604418397
"[[1], [2, 3, 4]]",0.9600446109965152
"[[1], [2, 3, 4]]",0.9609293347103148
"[[1], [2, 3, 4]]",0.9606783301446314
"[[1], [2, 3, 4]]",0.9603744332311943
"[[1], [2, 3, 4]]",0.9602080536295245
"[[1], [2, 3, 4]]",0.9603163500253058
"[[1], [2, 3, 4]]",0.960526822134125
"[[1], [2, 3, 4]]",0.9607666307237339
"[[1], [2, 3, 4]]",0.961121824139094
"[[1], [2, 3, 4]]",0.9613846160483807
"[[1], [2, 3, 4]]",0.9614773965658366
"[[1], [2, 3, 4]]",0.9614160536331602
"[[1], [2, 3, 4]]",0.9611677113185637
"[[1], [2, 3, 4]]",0.9606900063989019
"[[1], [2, 3, 4]]",0.9603007891909529
"[[1], [2, 3, 4]]",0.9598190970730613
"[[1], [2, 3, 4]]",0.9597416018385236
"[[1], [2, 3, 4]]",0.9592695466387309
"[[1], [2, 3, 4]]",0.9598145643173934
"[[1], [2, 3, 4]]",0.9610444896614034
"[[1], [2, 3, 4]]",0.9622488253629887
"[[1], [2, 3, 4]]",0.9647131023482514
"[[1], [2, 3, 4]]",0.9675435639868872
"[[1], [2, 3, 4]]",0.9699608792934905
"[[1], [2, 3, 4]]",0.9722120451994476
"[[1], [2, 3, 4]]",0.973813766597389
"[[1], [2, 3, 4]]",0.9738322523084041
"[[1], [2, 3, 4]]",0.9736929354757641
"[[1], [2, 3, 4]]",0.973761208467834
"[[1], [2, 3, 4]]",0.9737405076539845
"[[1], [2, 3, 4]]",0.9737992874472818
"[[1], [2, 3, 4]]",0.9738682041623283
"[[1], [2, 3, 4]]",0.9738793766422653
"[[1], [2, 3, 4]]",0.9739415804233773
"[[1], [2, 3, 4]]",0.9738503357771721
"[[1], [2, 3, 4]]",0.9739506147027007
"[[1], [2, 3, 4]]",0.9736774436075851
"[[1], [2, 3, 4]]",0.9735431700109083
"[[1], [2, 3, 4]]",0.9735296345014817
"[[1], [2, 3, 4]]",0.9738238971418018
"[[1], [2, 3, 4]]",0.9741479542137284
"[[1], [2, 3, 4]]",0.974253897422863
"[[1], [2, 3, 4]]",0.9741527451252412
"[[1], [2, 3, 4]]",0.9738051378585282
"[[1], [2, 3, 4]]",0.9740884860896663
"[[1], [2, 3, 4]]",0.975642504352266
"[[1], [2, 3, 4]]",0.9774812760937246
"[[1], [2, 3, 4]]",0.9792780815903701
"[[4], [1, 2, 3]]",0.980162139560776
"[[4], [1, 2, 3]]",0.9803921988334959
"[[4], [1, 2, 3]]",0.9803752917903652
"[[4], [1, 2, 3]]",0.9803929012710301
"[[4], [1, 2, 3]]",0.9803773313111737
"[[4], [1, 2, 3]]",0.9803647200395798
"[[4], [1, 2, 3]]",0.9803013258868675
"[[4], [1, 2, 3]]",0.9802568049986495
"[[4], [1, 2, 3]]",0.9802609532164912
"[[4], [1, 2, 3]]",0.980281040027024
"[[1], [2, 3, 4]]",0.9794165626521705
"[[1], [2, 3, 4]]",0.9783046240002591
"[[1], [2, 3, 4]]",0.9758044559963082
"[[1], [2, 3, 4]]",0.9745902700743061
"[[1], [2, 3, 4]]",0.9731330179622966
"[[1], [2, 3, 4]]",0.9713710390253733
"[[1], [2, 3, 4]]",0.9696013757842549
"[[1], [2, 3, 4]]",0.9677186007906241
"[[1], [2, 3, 4]]",0.9670818664005831
"[[1], [2, 3, 4]]",0.966967972521103
"[[1], [2, 3, 4]]",0.970322905626636
"[[1], [2, 3, 4]]",0.9735572287493908
"[[1], [2, 3, 4]]",0.9743641210288977
"[[1], [2, 3, 4]]",0.9733953862089607
"[[1], [2, 3, 4]]",0.972824683830534
"[[1], [2, 3, 4]]",0.9728424395412507
"[[1], [2, 3, 4]]",0.9728028868370155
"[[1], [2, 3, 4]]",0.9727802677255472
"[[1], [2, 3, 4]]",0.9727564811234104
"[[1], [2, 3, 4]]",0.9727282406971055
"[[1], [2, 3, 4]]",0.9726317648767779
"[[1], [2, 3, 4]]",0.9725657660614602
"[[1], [2, 3, 4]]",0.9724657326303983
"[[1], [2, 3, 4]]",0.9723751060667065
"[[1], [2, 3, 4]]",0.9722363192924476
"[[1], [2, 3, 4]]",0.9715638063758124
"[[1], [2, 3, 4]]",0.9705124398541485
"[[1], [2, 3, 4]]",0.9694034780630965
"[[1], [2, 3, 4]]",0.9680446683271073
"[[1], [2, 3, 4]]",0.9667066348756242
"[[1], [2, 3, 4]]",0.9653727289965435
"[[1], [2, 3, 4]]",0.9651450088514384
"[[1], [2, 3, 4]]",0.9649336700165163
"[[1], [2, 3, 4]]",0.96493765217473
"[[1], [2, 3, 4]]",0.9648143301544476
"[[1], [2, 3, 4]]",0.9647957963344249
"[[1], [2, 3, 4]]",0.9651609180466978
"[[1], [2, 3, 4]]",0.9661260887318941
"[[1], [2, 3, 4]]",0.9666304601280962
"[[1], [2, 3, 4]]",0.9667095067034923
"[[1], [2, 3, 4]]",0.9668422115740963
"[[1], [2, 3, 4]]",0.9668778001234282
"[[1], [2, 3, 4]]",0.9669227906817849
"[[1], [2, 3, 4]]",0.9669480246614631
"[[1], [2, 3, 4]]",0.9669462340493967
"[[1], [2, 3, 4]]",0.9669481143634668
"[[1], [2, 3, 4]]",0.9669255676922919
"[[1], [2, 3, 4]]",0.9669306830177468
"[[1], [2, 3, 4]]",0.9666391499260475
"[[1], [2, 3, 4]]",0.9666761263769543
"[[1], [2, 3, 4]]",0.969047834950488
"[[1], [2, 3, 4]]",0.9700294154451454
"[[1], [2, 3, 4]]",0.9710051631228744
"[[1], [2, 3, 4]]",0.9720547066768358
"[[1], [2, 3, 4]]",0.9731679599674729
"[[1], [2, 3, 4]]",0.9746123082941944
"[[1], [2, 3, 4]]",0.9741694395009198
"[[1], [2, 3, 4]]",0.9706173773696987
"[[1], [2, 3, 4]]",0.9663578541145807
"[[1], [2, 3, 4]]",0.9630331816293556
"[[1], [2, 3, 4]]",0.961396858992881
"[[1], [2, 3, 4]]",0.9600511112607757
"[[1], [2, 3, 4]]",0.9582384026591448
"[[1], [2, 3, 4]]",0.9577642578523746
"[[1], [2, 3, 4]]",0.9577923431052411
"[[1], [2, 3, 4]]",0.9577592306903036
"[[1], [2, 3, 4]]",0.9577787354775447
"[[1], [2, 3, 4]]",0.9578518212724694
"[[1], [2, 3, 4]]",0.9579081872938443
"[[1], [2, 3, 4]]",0.9579000865427405
"[[1], [2, 3, 4]]",0.9579275863592894
"[[1], [2, 3, 4]]",0.9580684776881301
"[[1], [2, 3, 4]]",0.9582850301913572
"[[1], [2, 3, 4]]",0.9591750637684042
"[[1], [2, 3, 4]]",0.9608772734417635
"[[1], [2, 3, 4]]",0.9626471405053214
"[[1], [2, 3, 4]]",0.9644497566257763
"[[1], [2, 3, 4]]",0.9659545431466946
"[[1], [2, 3, 4]]",0.968010042147404
"[[1], [2, 3, 4]]",0.9677778098751297
"[[1], [2, 3, 4]]",0.9680357152159008
"[[1], [2, 3, 4]]",0.9677917069047846
"[[1], [2, 3, 4]]",0.9669132147085457
"[[1], [2, 3, 4]]",0.9666695824419074
"[[1], [2, 3, 4]]",0.9662937945455446
"[[1], [2, 3, 4]]",0.9659728244789726
"[[1], [2, 3, 4]]",0.9663161653833287
"[[1], [2, 3, 4]]",0.9664275482621352
"[[1], [2, 3, 4]]",0.9664569763893054
"[[1], [2, 3, 4]]",0.966445590687982
"[[1], [2, 3, 4]]",0.9664606715302343
"[[1], [2, 3, 4]]",0.9663761497026901
"[[1], [2, 3, 4]]",0.9662976053508905
"[[1], [2, 3, 4]]",0.9663377502012809
"[[1], [2, 3, 4]]",0.9664740452825853
"[[1], [2, 3, 4]]",0.9666285893931517
"[[1], [2, 3, 4]]",0.9678733620142199
"[[1], [2, 3, 4]]",0.9690129549388957
"[[1], [2, 3, 4]]",0.9695093441806477
"[[1], [2, 3, 4]]",0.9699174278805296
"[[1], [2, 3, 4]]",0.9705924088995522
"[[1], [2, 3, 4]]",0.9713321789325489
"[[1], [2, 3, 4]]",0.9715227324745019
"[[1], [2, 3, 4]]",0.9713462063283298
"[[1], [2, 3, 4]]",0.9704692393949006
"[[1], [2, 3, 4]]",0.9704421690074121
"[[1], [2, 3, 4]]",0.9714566443715311
"[[1], [2, 3, 4]]",0.9727979579906232
"[[1], [2, 3, 4]]",0.9743350841741715
"[[1], [2, 3, 4]]",0.9757588817864229
"[[1], [2, 3, 4]]",0.976772782032016
"[[1], [2, 3, 4]]",0.9768641152142385
"[[1], [2, 3, 4]]",0.9768462990345438
"[[1], [2, 3, 4]]",0.9768735427183854
"[[1], [2, 3, 4]]",0.9768196620335643
"[[1], [2, 3, 4]]",0.9767636616427282
"[[1], [2, 3, 4]]",0.9768349835192642
"[[1], [2, 3, 4]]",0.9769436548003632
"[[1], [2, 3, 4]]",0.9770613720052026
"[[1], [2, 3, 4]]",0.9770390104333515
"[[1], [2, 3, 4]]",0.9768856659333592
"[[1], [2, 3, 4]]",0.9756078380697321
"[[1], [2, 3, 4]]",0.9729110169153379
"[[1], [2, 3, 4]]",0.9721899469761253
"[[1], [2, 3, 4]]",0.9713565103816717
"[[1], [2, 3, 4]]",0.9709971175098904
"[[1], [2, 3, 4]]",0.9688649579395567
"[[1], [2, 3, 4]]",0.9698155512931846
"[[1], [2, 3, 4]]",0.9708909614761503
"[[1], [2, 3, 4]]",0.9729501102599853
"[[1], [2, 3, 4]]",0.9773968423651704
"[[4], [1, 2, 3]]",0.9804556715063402
"[[4], [1, 2, 3]]",0.9825084092688614
"[[4], [1, 2, 3]]",0.985017257821782
"[[4], [1, 2, 3]]",0.9854318319609164
"[[4], [1, 2, 3]]",0.9854029688012134
"[[4], [1, 2, 3]]",0.9853044405109737
"[[4], [1, 2, 3]]",0.9852844566726098
"[[4], [1, 2, 3]]",0.9852315537520331
"[[4], [1, 2, 3]]",0.9851578589548402
"[[4], [1, 2, 3]]",0.9844365443349925
"[[4], [1, 2, 3]]",0.9841962844714616
"[[4], [1, 2, 3]]",0.983925590916235
"[[4], [1, 2, 3]]",0.9830774224532981
"[[4], [1, 2, 3]]",0.9824868849229895
"[[4], [1, 2, 3]]",0.9817114633200266
"[[4], [1, 2, 3]]",0.9811259678689681
"[[4], [1, 2, 3]]",0.9806356890831041
"[[4], [1, 2, 3]]",0.9802806367049064
"[[4], [1, 2, 3]]",0.9799562303327846
"[[4], [1, 2, 3]]",0.9797265466451204
"[[4], [1, 2, 3]]",0.9795490395140836
"[[4], [1, 2, 3]]",0.9795280144392988
"[[1], [2, 3, 4]]",0.9794487142629541
"[[4], [1, 2, 3]]",0.9795021101228045
"[[4], [1, 2, 3]]",0.9800057016094064
"[[4], [1, 2, 3]]",0.9802497797301277
"[[4], [1, 2, 3]]",0.9809420903571946
"[[4], [1, 2, 3]]",0.98089637726355
"[[4], [1, 2, 3]]",0.9809057488609622
"[[4], [1, 2, 3]]",0.9810362904295638
"[[4], [1, 2, 3]]",0.9810610246792768
"[[4], [1, 2, 3]]",0.9810604249045549
"[[4], [1, 2, 3]]",0.9810538174924194
"[[4], [1, 2, 3]]",0.980972338084453
"[[4], [1, 2, 3]]",0.9809064072542442
"[[4], [1, 2, 3]]",0.980881407279437
"[[4], [1, 2, 3]]",0.9808469216557805
"[[4], [1, 2, 3]]",0.980771647328883
"[[4], [1, 2, 3]]",0.9813284202578745
"[[4], [1, 2, 3]]",0.9827557236751785
"[[4], [1, 2, 3]]",0.9821465573266612
"[[4], [1, 2, 3]]",0.9811725108460971
"[[4], [1, 2, 3]]",0.9802972501934863
"[[4], [1, 2, 3]]",0.9809609826828318
"[[1], [2, 3, 4]]",0.9783695504121741
"[[1], [2, 3, 4]]",0.9768373117846705
"[[1], [2, 3, 4]]",0.9755990288357105
"[[1], [2, 3, 4]]",0.976179434658722
"[[1], [2, 3, 4]]",0.9774787059888002
"[[4], [1, 2, 3]]",0.979001618031333
"[[4], [1, 2, 3]]",0.9792765514314208
"[[4], [1, 2, 3]]",0.97836591698572
"[[1], [2, 3, 4]]",0.9773600928400655
"[[1], [2, 3, 4]]",0.9772841807004528
"[[1], [2, 3, 4]]",0.9772977466545806
"[[1], [2, 3, 4]]",0.9773041827122759
"[[1], [2, 3, 4]]",0.9772929600805649
"[[1], [2, 3, 4]]",0.9778313305785524
"[[1], [2, 3, 4]]",0.9779347716402502
"[[4], [1, 2, 3]]",0.978059285300306
"[[4], [1, 2, 3]]",0.9785855038108315
"[[4], [1, 2, 3]]",0.9784071135819751
"[[4], [1, 2, 3]]",0.9783476062088634
"[[4], [1, 2, 3]]",0.9781510331106174
"[[4], [1, 2, 3]]",0.9784308581735813
"[[4], [1, 2, 3]]",0.978606931043372
"[[4], [1, 2, 3]]",0.9787559533923826
"[[4], [1, 2, 3]]",0.9788497347909855
"[[4], [1, 2, 3]]",0.9789638069718414
"[[4], [1, 2, 3]]",0.978571487386021
"[[1], [2, 3, 4]]",0.9752632460381847
"[[1], [2, 3, 4]]",0.970882189913915
"[[1], [2, 3, 4]]",0.9669795320630518
"[[1], [2, 3, 4]]",0.9633712441639964
"[[1], [2, 3, 4]]",0.9616104218584449
"[[1], [2, 3, 4]]",0.9612360816824519
"[[1], [2, 3, 4]]",0.9610250061276506
"[[1], [2, 3, 4]]",0.9611075376343259
"[[1], [2, 3, 4]]",0.9612422479486855
"[[1], [2, 3, 4]]",0.9614160894792259
"[[1], [2, 3, 4]]",0.9614687841662286
"[[1], [2, 3, 4]]",0.9616493674253515
"[[1], [2, 3, 4]]",0.9618367543786572
"[[1], [2, 3, 4]]",0.9618626950780576
"[[1], [2, 3, 4]]",0.961962361820035
"[[1], [2, 3, 4]]",0.962197638776991
"[[1], [2, 3, 4]]",0.9626365016223607
"[[1], [2, 3, 4]]",0.9639844365173666
"[[1], [2, 3, 4]]",0.9652086716157482
"[[1], [2, 3, 4]]",0.9669646305290662
"[[1], [2, 3, 4]]",0.968588901783833
"[[1], [2, 3, 4]]",0.9697849669777417
"[[1], [2, 3, 4]]",0.9730073498906354
"[[1], [2, 3, 4]]",0.9738849991533942
"[[1], [2, 3, 4]]",0.9727091128791006
"[[1], [2, 3, 4]]",0.9687869975747264
"[[1], [2, 3, 4]]",0.9658818910643159
"[[1], [2, 3, 4]]",0.9632635923092441
"[[1], [2, 3, 4]]",0.9609776481615416
"[[1], [2, 3, 4]]",0.9603731394435173
"[[1], [2, 3, 4]]",0.9603853932752933
"[[1], [2, 3, 4]]",0.9603780288822132
"[[1], [2, 3, 4]]",0.9603460653980922
"[[1], [2, 3, 4]]",0.9605138144398613
"[[1], [2, 3, 4]]",0.96081095925414
"[[1], [2, 3, 4]]",0.9608976280302595
"[[1], [2, 3, 4]]",0.9609630324037932
"[[1], [2, 3, 4]]",0.9610268153609587
"[[1], [2, 3, 4]]",0.9614086930461497
"[[1], [2, 3, 4]]",0.9623816852751466
"[[1], [2, 3, 4]]",0.963252389339608
"[[1], [2, 3, 4]]",0.9635712323568754
"[[1], [2, 3, 4]]",0.9636297233870862
"[[1], [2, 3, 4]]",0.9636578021548428
"[[1], [2, 3, 4]]",0.9639451155048043
"[[1], [2, 3, 4]]",0.9642450378134723
"[[1], [2, 3, 4]]",0.9643540953954459
"[[1], [2, 3, 4]]",0.9643164949073008
"[[1], [2, 3, 4]]",0.9639056857516087
"[[1], [2, 3, 4]]",0.9623653745285121
"[[1], [2, 3, 4]]",0.960878641059079
"[[1], [2, 3, 4]]",0.9597342848081436
"[[1], [2, 3, 4]]",0.9586388515282681
"[[1], [2, 3, 4]]",0.9583908790740259
"[[1], [2, 3, 4]]",0.9584004610253756
"[[1], [2, 3, 4]]",0.9583576038759131
"[[1], [2, 3, 4]]",0.9583339494307026
"[[1], [2, 3, 4]]",0.9583262497635958
"[[1], [2, 3, 4]]",0.9585416134100073
"[[1], [2, 3, 4]]",0.9587884205726741
"[[1], [2, 3, 4]]",0.9589589370939682
"[[1], [2, 3, 4]]",0.95921924701203
"[[1], [2, 3, 4]]",0.9594226726471463
"[[1], [2, 3, 4]]",0.9596345518339654
"[[1], [2, 3, 4]]",0.9596641046968881
"[[1], [2, 3, 4]]",0.9594716183226304
"[[1], [2, 3, 4]]",0.9593947890606666
"[[1], [2, 3, 4]]",0.9593937051895047
"[[1], [2, 3, 4]]",0.9593908688137156
"[[1], [2, 3, 4]]",0.9588681250629303
"[[1], [2, 3, 4]]",0.9584154212627569
"[[1], [2, 3, 4]]",0.9584738839364604
"[[1], [2, 3, 4]]",0.9591526365470111
"[[1], [2, 3, 4]]",0.9609088912079728
"[[1], [2, 3, 4]]",0.9625709888791085
"[[1], [2, 3, 4]]",0.9642108690697426
"[[1], [2, 3, 4]]",0.9659761635906856
"[[1], [2, 3, 4]]",0.9665413359593272
"[[1], [2, 3, 4]]",0.9662314713467507
"[[1], [2, 3, 4]]",0.9659416549896488
"[[1], [2, 3, 4]]",0.9658021902123032
"[[1], [2, 3, 4]]",0.9656390815354661
"[[1], [2, 3, 4]]",0.9655059090469227
"[[1], [2, 3, 4]]",0.9654793542411909
"[[1], [2, 3, 4]]",0.9654480008948021
"[[1], [2, 3, 4]]",0.9654535099518615
"[[1], [2, 3, 4]]",0.9654457443341738
"[[1], [2, 3, 4]]",0.9654041380918624
"[[1], [2, 3, 4]]",0.9654342342969557
"[[1], [2, 3, 4]]",0.965870356388241
"[[1], [2, 3, 4]]",0.9662001138097001
"[[1], [2, 3, 4]]",0.9662179167201644
"[[1], [2, 3, 4]]",0.9660410322107251
"[[1], [2, 3, 4]]",0.9657263214165084
"[[1], [2, 3, 4]]",0.9656134818514504
"[[1], [2, 3, 4]]",0.9655234807123474
"[[1], [2, 3, 4]]",0.9663811037863401
"[[1], [2, 3, 4]]",0.9685904214558021
"[[1], [2, 3, 4]]",0.9711982517978623
"[[1], [2, 3, 4]]",0.974063633824982
"[[1], [2, 3, 4]]",0.9767271170257041
"[[1], [2, 3, 4]]",0.9780944954113673
"[[1], [2, 3, 4]]",0.9780452142047907
"[[1], [2, 3, 4]]",0.9778840385382843
"[[1], [2, 3, 4]]",0.977782248274331
"[[1], [2, 3, 4]]",0.9777924981003974
"[[1], [2, 3, 4]]",0.9776690434708215
"[[1], [2, 3, 4]]",0.9774403778184393
"[[1], [2, 3, 4]]",0.9771817186863747
"[[1], [2, 3, 4]]",0.9768906342042689
"[[1], [2, 3, 4]]",0.976653862826582
"[[1], [2, 3, 4]]",0.9763398091470433
"[[1], [2, 3, 4]]",0.9753861252513317
"[[1], [2, 3, 4]]",0.9728414597374899
"[[1], [2, 3, 4]]",0.9714609682949211
"[[1], [2, 3, 4]]",0.9696145360451126
"[[1], [2, 3, 4]]",0.9677278759249186
"[[1], [2, 3, 4]]",0.9662069161536497
"[[1], [2, 3, 4]]",0.9643664290382405
"[[1], [2, 3, 4]]",0.9642522771162136
"[[1], [2, 3, 4]]",0.96366839284503
"[[1], [2, 3, 4]]",0.9654245566392656
"[[1], [2, 3, 4]]",0.9671695243807361
"[[1], [2, 3, 4]]",0.9671894271641016
"[[1], [2, 3, 4]]",0.96743915909708
"[[1], [2, 3, 4]]",0.9671734565502035
"[[1], [2, 3, 4]]",0.9672120351906994
"[[1], [2, 3, 4]]",0.9672301680506904
"[[1], [2, 3, 4]]",0.9673107875074329
"[[1], [2, 3, 4]]",0.9671975094829045
"[[1], [2, 3, 4]]",0.9663805169739252
"[[1], [2, 3, 4]]",0.9655570670666096
"[[1], [2, 3, 4]]",0.9651771594382335
"[[1], [2, 3, 4]]",0.964532308747427
"[[1], [2, 3, 4]]",0.9639029227197445
"[[1], [2, 3, 4]]",0.9635392117099422
"[[1], [2, 3, 4]]",0.9631090682072279
"[[1], [2, 3, 4]]",0.9594484189785717
"[[1], [2, 3, 4]]",0.9578927664032744
"[[1], [2, 3, 4]]",0.9564646963862748
"[[1], [2, 3, 4]]",0.953032464303055
"[[1], [2, 3, 4]]",0.9517805385754933
"[[1], [2, 3, 4]]",0.9501144953123879
"[[1], [2, 3, 4]]",0.9484374279428891
"[[1], [2, 3, 4]]",0.9438006665414939
"[[1], [2, 3, 4]]",0.9453753024816033
"[[1], [2, 3, 4]]",0.9487470646666882
"[[1], [2, 3, 4]]",0.9514643334852881
"[[1], [2, 3, 4]]",0.9542517093261601
"[[1], [2, 3, 4]]",0.9561817486620432
"[[1], [2, 3, 4]]",0.9562414467609546
"[[1], [2, 3, 4]]",0.9561525059759381
"[[1], [2, 3, 4]]",0.9560929299785714
"[[1], [2, 3, 4]]",0.9560624571524876
"[[1], [2, 3, 4]]",0.9560122397454489
"[[1], [2, 3, 4]]",0.9559823028467413
"[[1], [2, 3, 4]]",0.9559368780139941
"[[1], [2, 3, 4]]",0.9559351863948267
"[[1], [2, 3, 4]]",0.9559138779596947
"[[1], [2, 3, 4]]",0.9559487652297634
"[[1], [2, 3, 4]]",0.9563809549709443
"[[1], [2, 3, 4]]",0.9580467927090429
"[[1], [2, 3, 4]]",0.9586690732146109
"[[1], [2, 3, 4]]",0.9596877113906628
"[[1], [2, 3, 4]]",0.9607526290786745
"[[1], [2, 3, 4]]",0.9615269301953218
"[[1], [2, 3, 4]]",0.9626064646587651
"[[1], [2, 3, 4]]",0.9629450938444657
"[[1], [2, 3, 4]]",0.9631186919052979
"[[1], [2, 3, 4]]",0.9602747702750679
"[[1], [2, 3, 4]]",0.9552500497407839
"[[1], [2, 3, 4]]",0.9523339993789649
"[[1], [2, 3, 4]]",0.9525017397796267
"[[1], [2, 3, 4]]",0.952162745999338
"[[1], [2, 3, 4]]",0.9521055651434465
"[[1], [2, 3, 4]]",0.952068363950463
"[[1], [2, 3, 4]]",0.9520166888275872
"[[1], [2, 3, 4]]",0.9520628486541471
"[[1], [2, 3, 4]]",0.952773384797934
"[[1], [2, 3, 4]]",0.9534653324717886
"[[1], [2, 3, 4]]",0.9537880769883096
"[[1], [2, 3, 4]]",0.9543918501650427
"[[1], [2, 3, 4]]",0.9550444842021286
"[[1], [2, 3, 4]]",0.9554625973963355
"[[1], [2, 3, 4]]",0.9559720865936956
"[[1], [2, 3, 4]]",0.9599108296755083
"[[1], [2, 3, 4]]",0.9614712002728819
"[[1], [2, 3, 4]]",0.9629547906024529
"[[1], [2, 3, 4]]",0.9665152603940557
"[[1], [2, 3, 4]]",0.9679330342793186
"[[1], [2, 3, 4]]",0.9695346651524821
"[[1], [2, 3, 4]]",0.9705101335822673
"[[1], [2, 3, 4]]",0.9739740372812211
"[[1], [2, 3, 4]]",0.9715086979555976
"[[1], [2, 3, 4]]",0.968515852690883
"[[1], [2, 3, 4]]",0.965822843678146
"[[1], [2, 3, 4]]",0.9649331462722313
"[[1], [2, 3, 4]]",0.9653221116045104
"[[1], [2, 3, 4]]",0.9655793249728033
"[[1], [2, 3, 4]]",0.9655731282858444
"[[1], [2, 3, 4]]",0.9655197160531782
"[[1], [2, 3, 4]]",0.9656016535362886
"[[1], [2, 3, 4]]",0.9656191152807869
"[[1], [2, 3, 4]]",0.9655920921084753
"[[1], [2, 3, 4]]",0.9656035576305597
"[[1], [2, 3, 4]]",0.9656770757592481
"[[1], [2, 3, 4]]",0.965787086262359
"[[1], [2, 3, 4]]",0.9659290289718121
"[[1], [2, 3, 4]]",0.9666515704978563
"[[1], [2, 3, 4]]",0.967912668053472
"[[1], [2, 3, 4]]",0.9686331118678523
"[[1], [2, 3, 4]]",0.9694380713373915
"[[1], [2, 3, 4]]",0.9702489309489315
"[[1], [2, 3, 4]]",0.9711750244636495
"[[1], [2, 3, 4]]",0.972028871254101
"[[1], [2, 3, 4]]",0.9720136941619538
"[[1], [2, 3, 4]]",0.9711220023431533
"[[1], [2, 3, 4]]",0.9694771841262744
"[[1], [2, 3, 4]]",0.9684134088683811
"[[1], [2, 3, 4]]",0.9674611635904211
"[[1], [2, 3, 4]]",0.9661973364835739
"[[1], [2, 3, 4]]",0.9654736866708484
"[[1], [2, 3, 4]]",0.9657025508617332
"[[1], [2, 3, 4]]",0.9659250245012838
"[[1], [2, 3, 4]]",0.9660013323776262
"[[1], [2, 3, 4]]",0.9663459439440765
"[[1], [2, 3, 4]]",0.966615615555966
"[[1], [2, 3, 4]]",0.9669350543471185
"[[1], [2, 3, 4]]",0.9670875255327592
"[[1], [2, 3, 4]]",0.9672064538720384
"[[1], [2, 3, 4]]",0.9672939602860071
"[[1], [2, 3, 4]]",0.9673946354406828
"[[1], [2, 3, 4]]",0.9675759336565125
"[[1], [2, 3, 4]]",0.9677768729024816
"[[1], [2, 3, 4]]",0.9682229052885515
"[[1], [2, 3, 4]]",0.9690079190049029
"[[1], [2, 3, 4]]",0.9697251706847108
"[[1], [2, 3, 4]]",0.9705036630847101
"[[1], [2, 3, 4]]",0.9709060203737687
"[[1], [2, 3, 4]]",0.9682733739022246
"[[1], [2, 3, 4]]",0.9659955863768406
"[[1], [2, 3, 4]]",0.9636615776087587
"[[1], [2, 3, 4]]",0.9613608375444238
"[[1], [2, 3, 4]]",0.959134622593343
"[[1], [2, 3, 4]]",0.9581924628018086
"[[1], [2, 3, 4]]",0.9584340043984352
"[[1], [2, 3, 4]]",0.9589110436811906
"[[1], [2, 3, 4]]",0.9591977474036815
"[[1], [2, 3, 4]]",0.9594188779191938
"[[1], [2, 3, 4]]",0.9594437302331449
"[[1], [2, 3, 4]]",0.959548363324731
"[[1], [2, 3, 4]]",0.9596807376820179
"[[1], [2, 3, 4]]",0.9597308595033229
"[[1], [2, 3, 4]]",0.9597959328759511
"[[1], [2, 3, 4]]",0.9597690696056931
"[[1], [2, 3, 4]]",0.9597564742609042
"[[1], [2, 3, 4]]",0.9597893888454363
"[[1], [2, 3, 4]]",0.9598406987479389
"[[1], [2, 3, 4]]",0.9598001403502814
"[[1], [2, 3, 4]]",0.959717979775998
"[[1], [2, 3, 4]]",0.9596170460589271
"[[1], [2, 3, 4]]",0.9593196034616781
"[[1], [2, 3, 4]]",0.958661602267058
"[[1], [2, 3, 4]]",0.9579644484432609
"[[1], [2, 3, 4]]",0.9580762334602366
"[[1], [2, 3, 4]]",0.9586135383293429
"[[1], [2, 3, 4]]",0.9593219245744797
"[[1], [2, 3, 4]]",0.9597185510500577
"[[1], [2, 3, 4]]",0.9602611197877045
"[[1], [2, 3, 4]]",0.960386277932072
"[[1], [2, 3, 4]]",0.9599769685546158
"[[1], [2, 3, 4]]",0.9599017767466081
"[[1], [2, 3, 4]]",0.9599773423262645
"[[1], [2, 3, 4]]",0.960091879512788
"[[1], [2, 3, 4]]",0.9601863221082676
"[[1], [2, 3, 4]]",0.9601634942996085
"[[1], [2, 3, 4]]",0.9601732418518412
"[[1], [2, 3, 4]]",0.9602925615938659
"[[1], [2, 3, 4]]",0.9604696095941985
"[[1], [2, 3, 4]]",0.9605519042258286
"[[1], [2, 3, 4]]",0.9606079097125546
"[[1], [2, 3, 4]]",0.9606536610025962
"[[1], [2, 3, 4]]",0.959026219822144
"[[1], [2, 3, 4]]",0.9576652248894317
"[[1], [2, 3, 4]]",0.9561687012818305
"[[1], [2, 3, 4]]",0.9553746680033628
"[[1], [2, 3, 4]]",0.9542381245790919
"[[1], [2, 3, 4]]",0.9559712603384842
"[[1], [2, 3, 4]]",0.9582647950821721
"[[1], [2, 3, 4]]",0.9632461589819132
"[[1], [2, 3, 4]]",0.9695003260263371
"[[1], [2, 3, 4]]",0.9764155144667468
"[[4], [1, 2, 3]]",0.9807466443578032
"[[4], [1, 2, 3]]",0.9811720648969426
"[[4], [1, 2, 3]]",0.9811395277201916
"[[4], [1, 2, 3]]",0.9808955033312068
"[[4], [1, 2, 3]]",0.9809246397431757
"[[4], [1, 2, 3]]",0.9809697846729851
"[[4], [1, 2, 3]]",0.9809313743339665
"[[4], [1, 2, 3]]",0.9808175985459457
"[[4], [1, 2, 3]]",0.980819489204005
"[[4], [1, 2, 3]]",0.9807867764420654
"[[4], [1, 2, 3]]",0.9807706193064052
"[[4], [1, 2, 3]]",0.980532519060155
"[[4], [1, 2, 3]]",0.9801127653929964
"[[1], [2, 3, 4]]",0.9789495144619681
"[[1], [2, 3, 4]]",0.9773436188589331
"[[1], [2, 3, 4]]",0.9764118849087446
"[[1], [2, 3, 4]]",0.9756674670172985
"[[1], [2, 3, 4]]",0.9756219342717145
"[[1], [2, 3, 4]]",0.9754747830266071
"[[1], [2, 3, 4]]",0.9751282182035088
"[[1], [2, 3, 4]]",0.9750607868589665
"[[1], [2, 3, 4]]",0.9762980223746591
"[[1], [2, 3, 4]]",0.9782654776376388
"[[4], [1, 2, 3]]",0.9805248973614731
"[[4], [1, 2, 3]]",0.9804209820827322
"[[4], [1, 2, 3]]",0.9802051494565743
"[[4], [1, 2, 3]]",0.9800361358937065
"[[4], [1, 2, 3]]",0.9800399609091623
"[[4], [1, 2, 3]]",0.9800213702512106
"[[4], [1, 2, 3]]",0.9800134976251729
"[[4], [1, 2, 3]]",0.9799659101397369
"[[4], [1, 2, 3]]",0.9798821423215911
"[[4], [1, 2, 3]]",0.9798833373175424
"[[4], [1, 2, 3]]",0.9798422477075693
"[[4], [1, 2, 3]]",0.9798234307181392
"[[4], [1, 2, 3]]",0.9798435664389317
"[[4], [1, 2, 3]]",0.9798042965986318
"[[4], [1, 2, 3]]",0.9797416620317305
"[[4], [1, 2, 3]]",0.9802929607216317
"[[4], [1, 2, 3]]",0.9805942812682388
"[[4], [1, 2, 3]]",0.9810494607093159
"[[4], [1, 2, 3]]",0.9810161338820612
"[[4], [1, 2, 3]]",0.9812764716578612
"[[4], [1, 2, 3]]",0.9800653230275773
"[[1], [2, 3, 4]]",0.9780818657149475
"[[1], [2, 3, 4]]",0.9707916744878564
"[[1], [2, 3, 4]]",0.9634167421040594
"[[1], [2, 3, 4]]",0.9575076359090633
"[[1], [2, 3, 4]]",0.9548827511094444
"[[1], [2, 3, 4]]",0.9541851010678272
"[[1], [2, 3, 4]]",0.9541681677099111
"[[1], [2, 3, 4]]",0.9542077958704698
"[[1], [2, 3, 4]]",0.9544116942725855
"[[1], [2, 3, 4]]",0.9545539264141834
"[[1], [2, 3, 4]]",0.9548091782061912
"[[1], [2, 3, 4]]",0.9550711606646212
"[[1], [2, 3, 4]]",0.9552005299535615
"[[1], [2, 3, 4]]",0.9554688083793865
"[[1], [2, 3, 4]]",0.9557638116502203
"[[1], [2, 3, 4]]",0.9563319110375665
"[[1], [2, 3, 4]]",0.9568990198957468
"[[1], [2, 3, 4]]",0.9581637257771688
"[[1], [2, 3, 4]]",0.9603701073881513
"[[1], [2, 3, 4]]",0.9615801869136309
"[[1], [2, 3, 4]]",0.9629586069244573
"[[1], [2, 3, 4]]",0.9637478123333035
"[[1], [2, 3, 4]]",0.9647310413193231
"[[1], [2, 3, 4]]",0.965287511853016
"[[1], [2, 3, 4]]",0.9649280149966648
"[[1], [2, 3, 4]]",0.9621142514370769
"[[1], [2, 3, 4]]",0.9594483036638095
"[[1], [2, 3, 4]]",0.9572381284005276
"[[1], [2, 3, 4]]",0.955866448083051
"[[1], [2, 3, 4]]",0.9558954932008284
"[[1], [2, 3, 4]]",0.9561817716067655
"[[1], [2, 3, 4]]",0.9564567659675631
"[[1], [2, 3, 4]]",0.9568078924095821
"[[1], [2, 3, 4]]",0.9569244672437265
"[[1], [2, 3, 4]]",0.9570112704402254
"[[1], [2, 3, 4]]",0.9568658203883371
"[[1], [2, 3, 4]]",0.9566293547234207
"[[1], [2, 3, 4]]",0.9565035297035482
"[[1], [2, 3, 4]]",0.9562309304578348
"[[1], [2, 3, 4]]",0.9560648780094683
"[[1], [2, 3, 4]]",0.9555313726484091
"[[1], [2, 3, 4]]",0.9553833782249592
"[[1], [2, 3, 4]]",0.9552427791284451
"[[1], [2, 3, 4]]",0.9548822434352163
"[[1], [2, 3, 4]]",0.9545257849190614
"[[1], [2, 3, 4]]",0.9540900825151056
"[[1], [2, 3, 4]]",0.9531966576279314
"[[1], [2, 3, 4]]",0.9530405001823241
"[[1], [2, 3, 4]]",0.953091143579097
"[[1], [2, 3, 4]]",0.9533681064884645
"[[1], [2, 3, 4]]",0.9537134712146299
"[[1], [2, 3, 4]]",0.9540873651593271
"[[1], [2, 3, 4]]",0.9541276472137759
"[[1], [2, 3, 4]]",0.9541910552446902
"[[1], [2, 3, 4]]",0.9541923582856853
"[[1], [2, 3, 4]]",0.9538920915294229
"[[1], [2, 3, 4]]",0.953663493415154
"[[1], [2, 3, 4]]",0.9533148943546378
"[[1], [2, 3, 4]]",0.953095822956012
"[[1], [2, 3, 4]]",0.9529305459972253
"[[1], [2, 3, 4]]",0.9527603263281264
"[[1], [2, 3, 4]]",0.9524007770272023
"[[1], [2, 3, 4]]",0.9521170400663064
"[[1], [2, 3, 4]]",0.9518361645396269
"[[1], [2, 3, 4]]",0.9516489386534023
"[[1], [2, 3, 4]]",0.9516171207670472
"[[1], [2, 3, 4]]",0.9508933829355887
"[[1], [2, 3, 4]]",0.9506303717230368
"[[1], [2, 3, 4]]",0.9497094122012263
"[[1], [2, 3, 4]]",0.9488375785097971
"[[1], [2, 3, 4]]",0.9475316910418022
"[[1], [2, 3, 4]]",0.9474635331269178
"[[1], [2, 3, 4]]",0.9481967450425944
"[[1], [2, 3, 4]]",0.9486998344932458
"[[1], [2, 3, 4]]",0.948628258429918
"[[1], [2, 3, 4]]",0.9496012762818031
"[[1], [2, 3, 4]]",0.9515308925412127
"[[1], [2, 3, 4]]",0.9519226726895418
"[[1], [2, 3, 4]]",0.9519533171933514
"[[1], [2, 3, 4]]",0.951892201063758
"[[1], [2, 3, 4]]",0.9516315082926594
"[[1], [2, 3, 4]]",0.9516317350842577
"[[1], [2, 3, 4]]",0.9517228174281505
"[[1], [2, 3, 4]]",0.9521462715251089
"[[1], [2, 3, 4]]",0.9524842468891432
"[[1], [2, 3, 4]]",0.9527018576980018
"[[1], [2, 3, 4]]",0.9529486378997167
"[[1], [2, 3, 4]]",0.9530616307462677
"[[1], [2, 3, 4]]",0.9535783900974331
"[[1], [2, 3, 4]]",0.9535477708111074
"[[1], [2, 3, 4]]",0.9535646467198027
"[[1], [2, 3, 4]]",0.9537512906837358
"[[1], [2, 3, 4]]",0.9537056806789939
"[[1], [2, 3, 4]]",0.9539512576119604
"[[1], [2, 3, 4]]",0.9537877418903636
"[[1], [2, 3, 4]]",0.9535785977333316
"[[1], [2, 3, 4]]",0.953467902029977
"[[1], [2, 3, 4]]",0.9548983194483407
"[[1], [2, 3, 4]]",0.9560929530901836
"[[1], [2, 3, 4]]",0.955703345297223
"[[1], [2, 3, 4]]",0.9570067549195421
"[[1], [2, 3, 4]]",0.9569156062399878
"[[1], [2, 3, 4]]",0.9568303460480845
"[[1], [2, 3, 4]]",0.9569625456810078
"[[1], [2, 3, 4]]",0.956966219509618
"[[1], [2, 3, 4]]",0.9570976884874163
"[[1], [2, 3, 4]]",0.9571761630627357
"[[1], [2, 3, 4]]",0.9571708523293099
"[[1], [2, 3, 4]]",0.9572019633660866
"[[1], [2, 3, 4]]",0.957374134909488
"[[1], [2, 3, 4]]",0.9573621904100743
"[[1], [2, 3, 4]]",0.956881675257824
"[[1], [2, 3, 4]]",0.9557963728216741
"[[1], [2, 3, 4]]",0.9551497186088935
"[[1], [2, 3, 4]]",0.9534915855916866
"[[1], [2, 3, 4]]",0.9524699039637581
"[[1], [2, 3, 4]]",0.9510886384460172
"[[1], [2, 3, 4]]",0.9491637129750188
"[[1], [2, 3, 4]]",0.9477062146260846
"[[1], [2, 3, 4]]",0.9463511133694353
"[[1], [2, 3, 4]]",0.9448570050541165
"[[1], [2, 3, 4]]",0.9471958079051449
"[[1], [2, 3, 4]]",0.9522929136693983
"[[1], [2, 3, 4]]",0.9564353472792959
"[[1], [2, 3, 4]]",0.9568926090426781
"[[1], [2, 3, 4]]",0.9573655056989931
"[[1], [2, 3, 4]]",0.9574392529604618
"[[1], [2, 3, 4]]",0.9573484490614729
"[[1], [2, 3, 4]]",0.9573436535195363
"[[1], [2, 3, 4]]",0.9572697057798968
"[[1], [2, 3, 4]]",0.9571120564067415
"[[1], [2, 3, 4]]",0.9569095997627468
"[[1], [2, 3, 4]]",0.9566472661353017
"[[1], [2, 3, 4]]",0.9563571611794244
"[[1], [2, 3, 4]]",0.9560820013829379
"[[1], [2, 3, 4]]",0.9558185025731069
"[[1], [2, 3, 4]]",0.9538662396412346
"[[1], [2, 3, 4]]",0.9490403409052828
"[[1], [2, 3, 4]]",0.9438081675950678
"[[1], [2, 3, 4]]",0.9385653360603801
"[[1], [2, 3, 4]]",0.9332030326533121
"[[1], [2, 3, 4]]",0.9288115918299572
"[[1], [2, 3, 4]]",0.9244987816692831
"[[1], [2, 3, 4]]",0.9215639172723735
"[[1], [2, 3, 4]]",0.9170608281786279
"[[1], [2, 3, 4]]",0.917950122441086
"[[1], [2, 3, 4]]",0.9239168762813267
"[[1], [2, 3, 4]]",0.9363217294427044
"[[1], [2, 3, 4]]",0.9394359221807173
"[[1], [2, 3, 4]]",0.9438282623064727
"[[1], [2, 3, 4]]",0.9445266636404404
"[[1], [2, 3, 4]]",0.9453229014484033
"[[1], [2, 3, 4]]",0.9453980699934437
"[[1], [2, 3, 4]]",0.9454624695242442
"[[1], [2, 3, 4]]",0.9455293366410962
"[[1], [2, 3, 4]]",0.9455730740681287
"[[1], [2, 3, 4]]",0.9456315476092535
"[[1], [2, 3, 4]]",0.9457352759958928
"[[1], [2, 3, 4]]",0.945789377655786
"[[1], [2, 3, 4]]",0.9460880938429344
"[[1], [2, 3, 4]]",0.9468577995020618
"[[1], [2, 3, 4]]",0.9468597932717981
"[[1], [2, 3, 4]]",0.9476709059548247
"[[1], [2, 3, 4]]",0.9478997524419026
"[[1], [2, 3, 4]]",0.9487733760998203
"[[1], [2, 3, 4]]",0.9500372008705824
"[[1], [2, 3, 4]]",0.9512102433137958
"[[1], [2, 3, 4]]",0.9503823015791972
"[[1], [2, 3, 4]]",0.9484094648559994
"[[1], [2, 3, 4]]",0.9389629224494561
"[[1], [2, 3, 4]]",0.931118252605374
"[[1], [2, 3, 4]]",0.9254224923335717
"[[1], [2, 3, 4]]",0.9240542005662961
"[[1], [2, 3, 4]]",0.9234417082264212
"[[1], [2, 3, 4]]",0.9233720699019896
"[[1], [2, 3, 4]]",0.9234093223420203
"[[1], [2, 3, 4]]",0.9237098131210149
"[[1], [2, 3, 4]]",0.9240153699502778
"[[1], [2, 3, 4]]",0.9242048652284751
"[[1], [2, 3, 4]]",0.9244681866615512
"[[1], [2, 3, 4]]",0.9249616845006485
"[[1], [2, 3, 4]]",0.9256007633964439
"[[1], [2, 3, 4]]",0.9262397789934118
"[[1], [2, 3, 4]]",0.9269604332124105
"[[1], [2, 3, 4]]",0.9291624082257358
"[[1], [2, 3, 4]]",0.9342377366971567
"[[1], [2, 3, 4]]",0.9399971161578163
"[[1], [2, 3, 4]]",0.9455040197259761
"[[1], [2, 3, 4]]",0.9511881494207881
"[[1], [2, 3, 4]]",0.9558837100183841
"[[1], [2, 3, 4]]",0.9601227090199572
"[[1], [2, 3, 4]]",0.9618228341260294
"[[1], [2, 3, 4]]",0.9636295129678591
"[[1], [2, 3, 4]]",0.9616611814905931
"[[1], [2, 3, 4]]",0.9591424072549162
"[[1], [2, 3, 4]]",0.9569170999845793
"[[1], [2, 3, 4]]",0.9564886999554378
"[[1], [2, 3, 4]]",0.9566992237019736
"[[1], [2, 3, 4]]",0.9571866116277858
"[[1], [2, 3, 4]]",0.9575173937741845
"[[1], [2, 3, 4]]",0.9580197786896254
"[[1], [2, 3, 4]]",0.9587086244536911
"[[1], [2, 3, 4]]",0.9591901438267469
"[[1], [2, 3, 4]]",0.9597252493692716
"[[1], [2, 3, 4]]",0.9599876386414072
"[[1], [2, 3, 4]]",0.9601873246887241
"[[1], [2, 3, 4]]",0.9603181558162722
"[[1], [2, 3, 4]]",0.9603272593039431
"[[1], [2, 3, 4]]",0.9605255340755635
"[[1], [2, 3, 4]]",0.9605938755965702
"[[1], [2, 3, 4]]",0.9606762744694795
"[[1], [2, 3, 4]]",0.9610116280707783
"[[1], [2, 3, 4]]",0.9611793550121945
"[[1], [2, 3, 4]]",0.9611069792861553
"[[1], [2, 3, 4]]",0.961539519464818
"[[1], [2, 3, 4]]",0.961630730239134
"[[1], [2, 3, 4]]",0.9614830890675596
"[[1], [2, 3, 4]]",0.9610238131477338
"[[1], [2, 3, 4]]",0.9606989159170294
"[[1], [2, 3, 4]]",0.9606755602807318
"[[1], [2, 3, 4]]",0.9607310014728285
"[[1], [2, 3, 4]]",0.9607598093476741
"[[1], [2, 3, 4]]",0.960758104796009
"[[1], [2, 3, 4]]",0.9607672331687828
"[[1], [2, 3, 4]]",0.9606730936331895
"[[1], [2, 3, 4]]",0.9608159956145346
"[[1], [2, 3, 4]]",0.9609977061620554
"[[1], [2, 3, 4]]",0.9612251813930136
"[[1], [2, 3, 4]]",0.9612742049466312
"[[1], [2, 3, 4]]",0.9613132677389495
"[[1], [2, 3, 4]]",0.96160450106702
"[[1], [2, 3, 4]]",0.9616114908089055
"[[1], [2, 3, 4]]",0.9615335738615249
"[[1], [2, 3, 4]]",0.9604282357403624
"[[1], [2, 3, 4]]",0.9594859710476527
"[[1], [2, 3, 4]]",0.9586301666296202
"[[1], [2, 3, 4]]",0.9575250660451073
"[[1], [2, 3, 4]]",0.9557217263189525
"[[1], [2, 3, 4]]",0.9547523460448828
"[[1], [2, 3, 4]]",0.954895742171052
"[[1], [2, 3, 4]]",0.9557128423484607
"[[1], [2, 3, 4]]",0.9575406646940674
"[[1], [2, 3, 4]]",0.9584283490973801
"[[1], [2, 3, 4]]",0.9587938352549363
"[[1], [2, 3, 4]]",0.9591450266877046
"[[1], [2, 3, 4]]",0.9591417521920467
"[[1], [2, 3, 4]]",0.9591954855380186
"[[1], [2, 3, 4]]",0.9591947710599138
"[[1], [2, 3, 4]]",0.958980289891606
"[[1], [2, 3, 4]]",0.9586896434410386
"[[1], [2, 3, 4]]",0.9585843121537589
"[[1], [2, 3, 4]]",0.9585262650762782
"[[1], [2, 3, 4]]",0.9587829901672444
"[[1], [2, 3, 4]]",0.9590943044011032
"[[1], [2, 3, 4]]",0.9596630382706531
"[[1], [2, 3, 4]]",0.960013570344844
"[[1], [2, 3, 4]]",0.9599355732701345
"[[1], [2, 3, 4]]",0.9592606782759877
"[[1], [2, 3, 4]]",0.9584516596082112
"[[1], [2, 3, 4]]",0.9575730473138999
"[[1], [2, 3, 4]]",0.9565147401549896
"[[1], [2, 3, 4]]",0.9557455487708542
"[[1], [2, 3, 4]]",0.955293636139043
"[[1], [2, 3, 4]]",0.955292039135614
"[[1], [2, 3, 4]]",0.9555699151046526
"[[1], [2, 3, 4]]",0.9562201347053589
"[[1], [2, 3, 4]]",0.9567539550400374
"[[1], [2, 3, 4]]",0.9565737400260699
"[[1], [2, 3, 4]]",0.9556221776085954
"[[1], [2, 3, 4]]",0.9555710644560256
"[[1], [2, 3, 4]]",0.955531584910571
"[[1], [2, 3, 4]]",0.9554913324084384
"[[1], [2, 3, 4]]",0.9556316123799303
"[[1], [2, 3, 4]]",0.9558217721965705
"[[1], [2, 3, 4]]",0.9560632531892265
"[[1], [2, 3, 4]]",0.956308846696908
"[[1], [2, 3, 4]]",0.956601016270052
"[[1], [2, 3, 4]]",0.9567621866669331
"[[1], [2, 3, 4]]",0.9568132480314966
"[[1], [2, 3, 4]]",0.9567897799183218
"[[1], [2, 3, 4]]",0.9571436144571723
"[[1], [2, 3, 4]]",0.9584750396145862
"[[1], [2, 3, 4]]",0.9591045362147119
"[[1], [2, 3, 4]]",0.9598779622724938
"[[1], [2, 3, 4]]",0.9605654221563097
"[[1], [2, 3, 4]]",0.9625298847026786
"[[1], [2, 3, 4]]",0.9630713108331816
"[[1], [2, 3, 4]]",0.9630308426233958
"[[1], [2, 3, 4]]",0.9630214618812316
"[[1], [2, 3, 4]]",0.9635571801703213
"[[1], [2, 3, 4]]",0.9651724183420805
"[[1], [2, 3, 4]]",0.9666386962890159
"[[1], [2, 3, 4]]",0.9664072968185089
"[[1], [2, 3, 4]]",0.9665128032025954
"[[1], [2, 3, 4]]",0.96657167291252
"[[1], [2, 3, 4]]",0.9665458957359574
"[[1], [2, 3, 4]]",0.9667189487528987
"[[1], [2, 3, 4]]",0.966966520988884
"[[1], [2, 3, 4]]",0.9670849633264602
"[[1], [2, 3, 4]]",0.96715788287505
"[[1], [2, 3, 4]]",0.9671487938554812
"[[1], [2, 3, 4]]",0.9672780461699269
"[[1], [2, 3, 4]]",0.9673284828967859
"[[1], [2, 3, 4]]",0.9671842144102041
"[[1], [2, 3, 4]]",0.9676379960857401
"[[1], [2, 3, 4]]",0.9691080490488186
"[[1], [2, 3, 4]]",0.9706565210793511
"[[1], [2, 3, 4]]",0.9719857576302195
"[[1], [2, 3, 4]]",0.9738523128109204
"[[1], [2, 3, 4]]",0.976527198397825
"[[1], [2, 3, 4]]",0.977676464881992
"[[1], [2, 3, 4]]",0.9776756302181601
"[[1], [2, 3, 4]]",0.977461583648216
"[[1], [2, 3, 4]]",0.9790815904713706
"[[1, 4], [2, 3]]",0.9802465043846942
"[[2, 3], [1, 4]]",0.9814566271213703
"[[2, 3], [1, 4]]",0.9820779371640983
"[[2, 3], [1, 4]]",0.9817803603599126
"[[2, 3], [1, 4]]",0.9817235194147198
"[[2, 3], [1, 4]]",0.981756967043049
"[[4], [1, 2, 3]]",0.9818284524630594
"[[2, 3], [1, 4]]",0.9816641281818684
"[[2, 3], [1, 4]]",0.9814865083990563
"[[2, 3], [1, 4]]",0.9812678261856391
"[[2, 3], [1, 4]]",0.9810834385518173
"[[1, 4], [2, 3]]",0.9809364528414992
"[[2, 3], [1, 4]]",0.9808304706480486
"[[2, 3], [1, 4]]",0.9807905001369647
"[[2, 3], [1, 4]]",0.9807404801289379
"[[2, 3], [1, 4]]",0.9811217996615595
"[[2, 3], [1, 4]]",0.9816272045269143
"[[2, 3], [1, 4]]",0.9821827173074726
"[[2, 3], [1, 4]]",0.9826725132196905
"[[2, 3], [1, 4]]",0.9830168074179941
"[[2, 3], [1, 4]]",0.9831892422449657
"[[2, 3], [1, 4]]",0.9831793280577293
"[[2, 3], [1, 4]]",0.9832680321655278
"[[2, 3], [1, 4]]",0.9832827404031091
"[[2, 3], [1, 4]]",0.9824072600414895
"[[2, 3], [1, 4]]",0.9821239295530839
"[[2, 3], [1, 4]]",0.9825534111601506
"[[2, 3], [1, 4]]",0.9825360144683646
"[[2, 3], [1, 4]]",0.9824566974257514
"[[2, 3], [1, 4]]",0.9824829975359862
"[[2, 3], [1, 4]]",0.9822003408338853
"[[2, 3], [1, 4]]",0.9818339641626965
"[[4], [1, 2, 3]]",0.9815185307904166
"[[1, 4], [2, 3]]",0.9810963900264412
"[[1], [2, 3, 4]]",0.9808640228283466
"[[1], [2, 3, 4]]",0.9804328080058986
"[[1], [2, 3, 4]]",0.9799090536769302
"[[1], [2, 3, 4]]",0.9798087136519442
"[[1], [2, 3, 4]]",0.9797123397923622
"[[1], [2, 3, 4]]",0.9796882007186187
"[[1], [2, 3, 4]]",0.9802557923406653
"[[1], [2, 3, 4]]",0.9797834661862
"[[1], [2, 3, 4]]",0.9786652084669125
"[[1], [2, 3, 4]]",0.9756061137869603
"[[1], [2, 3, 4]]",0.972918628267827
"[[1], [2, 3, 4]]",0.9711542255460471
"[[1], [2, 3, 4]]",0.9707146769289222
"[[1], [2, 3, 4]]",0.9712621499992504
"[[1], [2, 3, 4]]",0.9722329851525463
"[[1], [2, 3, 4]]",0.9727141911897771
"[[1], [2, 3, 4]]",0.9740043954522466
"[[1], [2, 3, 4]]",0.974841254721277
"[[1], [2, 3, 4]]",0.9749563324755138
"[[1], [2, 3, 4]]",0.97504503349422
"[[1], [2, 3, 4]]",0.9748366731493268
"[[1], [2, 3, 4]]",0.9747130963902174
"[[1], [2, 3, 4]]",0.9744834011210268
"[[1], [2, 3, 4]]",0.9743490060540554
"[[1], [2, 3, 4]]",0.9743316828679107
"[[1], [2, 3, 4]]",0.974325642324286
"[[1], [2, 3, 4]]",0.9742711230080029
"[[1], [2, 3, 4]]",0.9743302573340953
"[[1], [2, 3, 4]]",0.9741927719110635
"[[1], [2, 3, 4]]",0.9733629501485987
"[[1], [2, 3, 4]]",0.9725010429986258
"[[1], [2, 3, 4]]",0.9714866579280041
"[[1], [2, 3, 4]]",0.9703720558030235
"[[1], [2, 3, 4]]",0.9666668439807005
"[[1], [2, 3, 4]]",0.9649836664284683
"[[1], [2, 3, 4]]",0.9642983326188919
"[[1], [2, 3, 4]]",0.9639553658989963
"[[1], [2, 3, 4]]",0.9647246185981782
"[[1], [2, 3, 4]]",0.9683578486012586
"[[1], [2, 3, 4]]",0.9709256667786857
"[[1], [2, 3, 4]]",0.9721918747172364
"[[1], [2, 3, 4]]",0.9725390694743647
"[[1], [2, 3, 4]]",0.9725589379793704
"[[1], [2, 3, 4]]",0.9726840840814992
"[[1], [2, 3, 4]]",0.9726141953495271
"[[1], [2, 3, 4]]",0.9725556900685631
"[[1], [2, 3, 4]]",0.9723983684580715
"[[1], [2, 3, 4]]",0.9723847607646731
"[[1], [2, 3, 4]]",0.9722825738043048
"[[1], [2, 3, 4]]",0.9722100597800156
"[[1], [2, 3, 4]]",0.9721675235738798
"[[1], [2, 3, 4]]",0.9718747507419812
"[[1], [2, 3, 4]]",0.9717916929576551
"[[1], [2, 3, 4]]",0.9712511674310791
"[[1], [2, 3, 4]]",0.9708023799351291
"[[1], [2, 3, 4]]",0.9707092698808406
"[[1], [2, 3, 4]]",0.9710518927414815
"[[1], [2, 3, 4]]",0.9727761559824595
"[[1], [2, 3, 4]]",0.9743328629900658
"[[1], [2, 3, 4]]",0.9751874549455231
"[[1], [2, 3, 4]]",0.9753598098532434
"[[1], [2, 3, 4]]",0.9756835117123261
"[[1], [2, 3, 4]]",0.9778490498663366
"[[4], [1, 2, 3]]",0.9820436157727381
"[[4], [1, 2, 3]]",0.9825692196381888
"[[4], [1, 2, 3]]",0.9827507423573942
"[[4], [1, 2, 3]]",0.9827546714515214
"[[4], [1, 2, 3]]",0.982780079998427
"[[4], [1, 2, 3]]",0.9827582251939653
"[[4], [1, 2, 3]]",0.9797301498752038
"[[1], [2, 3, 4]]",0.9773804681436864
"[[1], [2, 3, 4]]",0.9750310677260599
"[[1], [2, 3, 4]]",0.9729702197808399
"[[1], [2, 3, 4]]",0.9714833580775577
"[[1], [2, 3, 4]]",0.9694323867628063
"[[1], [2, 3, 4]]",0.9662944318498576
"[[1], [2, 3, 4]]",0.9629982195577076
"[[1], [2, 3, 4]]",0.9600694075003628
"[[1], [2, 3, 4]]",0.959006010619937
"[[1], [2, 3, 4]]",0.9584710010741443
"[[1], [2, 3, 4]]",0.9580947167899183
"[[1], [2, 3, 4]]",0.9610224645330443
"[[1], [2, 3, 4]]",0.9615814343878378
"[[1], [2, 3, 4]]",0.9616227615246866
"[[1], [2, 3, 4]]",0.9613358366278979
"[[1], [2, 3, 4]]",0.9614668488827361
"[[1], [2, 3, 4]]",0.9627147151584027
"[[1], [2, 3, 4]]",0.9655751591767359
"[[1], [2, 3, 4]]",0.9661770163592432
"[[1], [2, 3, 4]]",0.9668713078661344
"[[1], [2, 3, 4]]",0.9676803967382247
"[[1], [2, 3, 4]]",0.9677616166448901
"[[1], [2, 3, 4]]",0.9675831657440326
"[[1], [2, 3, 4]]",0.9678074526794961
"[[1], [2, 3, 4]]",0.9678844676866489
"[[1], [2, 3, 4]]",0.9680645142338125
"[[1], [2, 3, 4]]",0.9682957649420487
"[[1], [2, 3, 4]]",0.9684207963996392
"[[1], [2, 3, 4]]",0.9684938945385382
"[[1], [2, 3, 4]]",0.9684643895222041
"[[1], [2, 3, 4]]",0.9675205659378283
"[[1], [2, 3, 4]]",0.9634935083148579
"[[1], [2, 3, 4]]",0.9604189455701615
"[[1], [2, 3, 4]]",0.9572349058101208
"[[1], [2, 3, 4]]",0.9528141717579354
"[[1], [2, 3, 4]]",0.9482752297658825
"[[1], [2, 3, 4]]",0.9433242589228039
"[[1], [2, 3, 4]]",0.9418506686120129
"[[1], [2, 3, 4]]",0.9410954071191112
"[[1], [2, 3, 4]]",0.9423006037049422
"[[1], [2, 3, 4]]",0.9453624822312008
"[[1], [2, 3, 4]]",0.9483256159245415
"[[1], [2, 3, 4]]",0.9501509902261488
"[[1], [2, 3, 4]]",0.9509010635816582
"[[1], [2, 3, 4]]",0.9516420281467073
"[[1], [2, 3, 4]]",0.9518862844631923
"[[1], [2, 3, 4]]",0.9521627750255454
"[[1], [2, 3, 4]]",0.954678100718364
"[[1], [2, 3, 4]]",0.9561814863081556
"[[1], [2, 3, 4]]",0.9576634753839199
"[[1], [2, 3, 4]]",0.958967612376345
"[[1], [2, 3, 4]]",0.9597527855069532
"[[1], [2, 3, 4]]",0.9613605755459707
"[[1], [2, 3, 4]]",0.9635194701742312
"[[1], [2, 3, 4]]",0.9619779354153892
"[[1], [2, 3, 4]]",0.9592388782728913
"[[1], [2, 3, 4]]",0.9542732680761047
"[[1], [2, 3, 4]]",0.94898659042349
"[[1], [2, 3, 4]]",0.9436234253600939
"[[1], [2, 3, 4]]",0.9379289636200563
"[[1], [2, 3, 4]]",0.9321615993441954
"[[1], [2, 3, 4]]",0.9262694151681661
"[[1], [2, 3, 4]]",0.9203084872206142
"[[1], [2, 3, 4]]",0.9168601109740988
"[[1], [2, 3, 4]]",0.9169318282145305
"[[1], [2, 3, 4]]",0.9169331870560071
"[[1], [2, 3, 4]]",0.9170064338115008
"[[1], [2, 3, 4]]",0.9171416960924313
"[[1], [2, 3, 4]]",0.9171759753726142
"[[1], [2, 3, 4]]",0.9171083798576063
"[[1], [2, 3, 4]]",0.9171410564946786
"[[1], [2, 3, 4]]",0.9168581684411243
"[[1], [2, 3, 4]]",0.9165664905390869
"[[1], [2, 3, 4]]",0.9161293393070338
"[[1], [2, 3, 4]]",0.915903759615013
"[[1], [2, 3, 4]]",0.9161450150863091
"[[1], [2, 3, 4]]",0.916566881579135
"[[1], [2, 3, 4]]",0.9164632039397552
"[[1], [2, 3, 4]]",0.9146810585930771
"[[1], [2, 3, 4]]",0.9132648077322864
"[[1], [2, 3, 4]]",0.910347656212637
"[[1], [2, 3, 4]]",0.9075535672869348
"[[1], [2, 3, 4]]",0.9062091840333153
"[[1], [2, 3, 4]]",0.9054097208461762
"[[1], [2, 3, 4]]",0.9046277116956649
"[[1], [2, 3, 4]]",0.9023812257053616
"[[1], [2, 3, 4]]",0.9016699402831527
"[[1], [2, 3, 4]]",0.9016502428262138
"[[1], [2, 3, 4]]",0.898568454765517
"[[1], [2, 3, 4]]",0.8971614717361508
"[[1], [2, 3, 4]]",0.8972172859583734
"[[1], [2, 3, 4]]",0.8972482686638836
"[[1], [2, 3, 4]]",0.8971585118686891
"[[1], [2, 3, 4]]",0.8972147182065842
"[[1], [2, 3, 4]]",0.8975010328320567
"[[1], [2, 3, 4]]",0.8978257092626203
"[[1], [2, 3, 4]]",0.8981371064571751
"[[1], [2, 3, 4]]",0.8980779724302093
"[[1], [2, 3, 4]]",0.8984774034717931
"[[1], [2, 3, 4]]",0.8989412628518864
"[[1], [2, 3, 4]]",0.899348161162576
"[[1], [2, 3, 4]]",0.9005360109660139
"[[1], [2, 3, 4]]",0.9053385072944518
"[[1], [2, 3, 4]]",0.9108042877544249
"[[1], [2, 3, 4]]",0.9168001814456934
"[[1], [2, 3, 4]]",0.9226754200813465
"[[1], [2, 3, 4]]",0.9284775234269005
"[[1], [2, 3, 4]]",0.9336666875298638
"[[1], [2, 3, 4]]",0.9391799616261407
"[[1], [2, 3, 4]]",0.9448112705020845
"[[1], [2, 3, 4]]",0.9503708310221504
"[[1], [2, 3, 4]]",0.9534463402005016
"[[1], [2, 3, 4]]",0.9532679412216128
"[[1], [2, 3, 4]]",0.9533819793496873
"[[1], [2, 3, 4]]",0.953402202548566
"[[1], [2, 3, 4]]",0.9534237418493158
"[[1], [2, 3, 4]]",0.9534135350717781
"[[1], [2, 3, 4]]",0.9535013348545804
"[[1], [2, 3, 4]]",0.9535802804021971
"[[1], [2, 3, 4]]",0.9537155384312521
"[[1], [2, 3, 4]]",0.9538426392586461
"[[1], [2, 3, 4]]",0.9539607499658218
"[[1], [2, 3, 4]]",0.9540219523998968
"[[1], [2, 3, 4]]",0.9540247765825809
"[[1], [2, 3, 4]]",0.9539893618226298
"[[1], [2, 3, 4]]",0.9541718094550211
"[[1], [2, 3, 4]]",0.9565737261392071
"[[1], [2, 3, 4]]",0.9613836633272906
"[[1], [2, 3, 4]]",0.9666811271671659
"[[1], [2, 3, 4]]",0.9718827127472014
"[[1], [2, 3, 4]]",0.976926432592395
"[[4], [1, 2, 3]]",0.9810052561279985
"[[4], [1, 2, 3]]",0.9857482250753569
"[[4], [1, 2, 3]]",0.988609155502336
"[[4], [1, 2, 3]]",0.9897229525352305
"[[4], [1, 2, 3]]",0.989742706256705
"[[4], [1, 2, 3]]",0.9924775014180903
"[[4], [1, 2, 3]]",0.9941420547308415
"[[4], [1, 2, 3]]",0.9940556752330938
"[[4], [1, 2, 3]]",0.9940484727566803
"[[4], [1, 2, 3]]",0.994026466377057
"[[4], [1, 2, 3]]",0.9940696876569356
"[[4], [1, 2, 3]]",0.9940248350456375
"[[4], [1, 2, 3]]",0.9939174058815672
"[[4], [1, 2, 3]]",0.9936994684116878
"[[4], [1, 2, 3]]",0.9938789308067885
"[[4], [1, 2, 3]]",0.9938028826572757
"[[4], [1, 2, 3]]",0.9937274275446992
"[[4], [1, 2, 3]]",0.9936957569450653
"[[4], [1, 2, 3]]",0.993704268578177
"[[4], [1, 2, 3]]",0.9932619830959204
"[[4], [1, 2, 3]]",0.9921253875171578
"[[4], [1, 2, 3]]",0.9902984547861975
"[[4], [1, 2, 3]]",0.9874483455957845
"[[4], [1, 2, 3]]",0.984582712451429
"[[4], [1, 2, 3]]",0.9809542820214363
"[[4], [1, 2, 3]]",0.9779339822855229
"[[1], [2, 3, 4]]",0.9750258266109519
"[[1], [2, 3, 4]]",0.9739592318488007
"[[1], [2, 3, 4]]",0.9735342467364483
"[[1], [2, 3, 4]]",0.970324733183122
"[[1], [2, 3, 4]]",0.9678249622654896
"[[1], [2, 3, 4]]",0.9678498343747395
"[[1], [2, 3, 4]]",0.967866994281497
"[[1], [2, 3, 4]]",0.9678854352803941
"[[1], [2, 3, 4]]",0.9678221738459425
"[[1], [2, 3, 4]]",0.9676939448866173
"[[1], [2, 3, 4]]",0.9675514884627503
"[[1], [2, 3, 4]]",0.9673946943188787
"[[1], [2, 3, 4]]",0.9674305795208751
"[[1], [2, 3, 4]]",0.9673138539715215
"[[1], [2, 3, 4]]",0.9672276987987983
"[[1], [2, 3, 4]]",0.9672010673415949
"[[1], [2, 3, 4]]",0.9672350516469808
"[[1], [2, 3, 4]]",0.9667368334715551
"[[1], [2, 3, 4]]",0.9642313604071373
"[[1], [2, 3, 4]]",0.9610923710744868
"[[1], [2, 3, 4]]",0.9562248846296347
"[[1], [2, 3, 4]]",0.9514644375104128
"[[1], [2, 3, 4]]",0.9471829937526228
"[[1], [2, 3, 4]]",0.9436598881165972
"[[1], [2, 3, 4]]",0.9426073957159629
"[[1], [2, 3, 4]]",0.9421524137487101
"[[1], [2, 3, 4]]",0.9420789014747144
"[[1], [2, 3, 4]]",0.9394924696504217
"[[1], [2, 3, 4]]",0.9375186872665161
"[[1], [2, 3, 4]]",0.9373454303977018
"[[1], [2, 3, 4]]",0.9373278048555054
"[[1], [2, 3, 4]]",0.9373212955704178
"[[1], [2, 3, 4]]",0.9371613388030755
"[[1], [2, 3, 4]]",0.9370144324732343
"[[1], [2, 3, 4]]",0.9355800917743626
"[[1], [2, 3, 4]]",0.9347703792775446
"[[1], [2, 3, 4]]",0.9340269087657316
"[[1], [2, 3, 4]]",0.9329436711017657
"[[1], [2, 3, 4]]",0.9321550188925586
"[[1], [2, 3, 4]]",0.9315921370109078
"[[1], [2, 3, 4]]",0.9318764784640847
"[[1], [2, 3, 4]]",0.933157044702249
"[[1], [2, 3, 4]]",0.9301776024960934
"[[1], [2, 3, 4]]",0.9268787816531918
"[[1], [2, 3, 4]]",0.9246647601619099
"[[1], [2, 3, 4]]",0.9224784662772743
"[[1], [2, 3, 4]]",0.9215357096302301
"[[1], [2, 3, 4]]",0.9196553026769614
"[[1], [2, 3, 4]]",0.9174847977588452
"[[1], [2, 3, 4]]",0.9166122862096189
"[[1], [2, 3, 4]]",0.9164342102649475
"[[1], [2, 3, 4]]",0.9166623920702974
"[[1], [2, 3, 4]]",0.9161514074947721
"[[1], [2, 3, 4]]",0.9155532663648992
"[[1], [2, 3, 4]]",0.9150691428697834
"[[1], [2, 3, 4]]",0.9150892867926192
"[[1], [2, 3, 4]]",0.9150150982653842
"[[1], [2, 3, 4]]",0.9147068734664342
"[[1], [2, 3, 4]]",0.9144149547097398
"[[1], [2, 3, 4]]",0.9144964487887239
"[[1], [2, 3, 4]]",0.9146263036159459
"[[1], [2, 3, 4]]",0.9144294111416706
"[[1], [2, 3, 4]]",0.9143385662018295
"[[1], [2, 3, 4]]",0.9143612577911365
"[[1], [2, 3, 4]]",0.9145438911541472
"[[1], [2, 3, 4]]",0.9115649100362373
"[[1], [2, 3, 4]]",0.9094010753788097
"[[1], [2, 3, 4]]",0.9072598031265364
"[[1], [2, 3, 4]]",0.906777805529037
"[[1], [2, 3, 4]]",0.9062948313859119
"[[1], [2, 3, 4]]",0.9063289193501265
"[[1], [2, 3, 4]]",0.9049354981969465
"[[1], [2, 3, 4]]",0.9005073762044322
"[[1], [2, 3, 4]]",0.8956622681067747
"[[1], [2, 3, 4]]",0.8936373046449637
"[[1], [2, 3, 4]]",0.8939393117701674
"[[1], [2, 3, 4]]",0.894022149456177
"[[1], [2, 3, 4]]",0.8939191325652402
"[[1], [2, 3, 4]]",0.8942581249525903
"[[1], [2, 3, 4]]",0.8945722854126609
"[[1], [2, 3, 4]]",0.8947852341747423
"[[1], [2, 3, 4]]",0.895057253805556
"[[1], [2, 3, 4]]",0.8957667588456444
"[[1], [2, 3, 4]]",0.8962811421191297
"[[1], [2, 3, 4]]",0.8967112471860827
"[[1], [2, 3, 4]]",0.8972292345615861
"[[1], [2, 3, 4]]",0.8976491763633936
"[[1], [2, 3, 4]]",0.8979863928622613
"[[1], [2, 3, 4]]",0.8981760939137651
"[[1], [2, 3, 4]]",0.8983965343344453
"[[1], [2, 3, 4]]",0.9042669217145813
"[[1], [2, 3, 4]]",0.9107904495030352
"[[1], [2, 3, 4]]",0.9172056972773288
"[[1], [2, 3, 4]]",0.9234502447452364
"[[1], [2, 3, 4]]",0.9293419326137413
"[[1], [2, 3, 4]]",0.9352858038776257
"[[1], [2, 3, 4]]",0.9411553630443025
"[[1], [2, 3, 4]]",0.9437023063248755
"[[1], [2, 3, 4]]",0.9408735418262109
"[[1], [2, 3, 4]]",0.9380350141440259
"[[1], [2, 3, 4]]",0.9357253354554393
"[[1], [2, 3, 4]]",0.9345195249165099
"[[1], [2, 3, 4]]",0.9344204951062514
"[[1], [2, 3, 4]]",0.9343616348015378
"[[1], [2, 3, 4]]",0.9344083755664722
"[[1], [2, 3, 4]]",0.9345847488938448
"[[1], [2, 3, 4]]",0.9347577701206976
"[[1], [2, 3, 4]]",0.9350166318038066
"[[1], [2, 3, 4]]",0.935327755460694
"[[1], [2, 3, 4]]",0.9356492352582629
"[[1], [2, 3, 4]]",0.9359602397564283
"[[1], [2, 3, 4]]",0.936232078207693
"[[1], [2, 3, 4]]",0.9364230810071794
"[[1], [2, 3, 4]]",0.9400305379270741
"[[1], [2, 3, 4]]",0.9455014992793407
"[[1], [2, 3, 4]]",0.951078521652824
"[[1], [2, 3, 4]]",0.9561859276391346
"[[1], [2, 3, 4]]",0.961625391774024
"[[1], [2, 3, 4]]",0.9665871884683872
"[[1], [2, 3, 4]]",0.9720543989982695
"[[1], [2, 3, 4]]",0.9772716787322129
"[[1], [2, 3, 4]]",0.9800155545240148
"[[1], [2, 3, 4]]",0.9792846247255924
"[[1], [2, 3, 4]]",0.976847451310098
"[[1], [2, 3, 4]]",0.9749623793976587
"[[1], [2, 3, 4]]",0.9739011595523639
"[[1], [2, 3, 4]]",0.9736891012339116
"[[1], [2, 3, 4]]",0.9740713501561853
"[[1], [2, 3, 4]]",0.9743449384264284
"[[1], [2, 3, 4]]",0.9746597886015236
"[[1], [2, 3, 4]]",0.9748859285385669
"[[1], [2, 3, 4]]",0.9749293304242292
"[[1], [2, 3, 4]]",0.9750251608797529
"[[1], [2, 3, 4]]",0.9752271152021449
"[[1], [2, 3, 4]]",0.9755814022583944
"[[1], [2, 3, 4]]",0.9758150250975899
"[[1], [2, 3, 4]]",0.9760267947784648
"[[1], [2, 3, 4]]",0.9765554233211939
"[[1], [2, 3, 4]]",0.9768916725944332
"[[1], [2, 3, 4]]",0.9772233646947541
"[[1], [2, 3, 4]]",0.9774943933727229
"[[1], [2, 3, 4]]",0.9776871724220662
"[[1], [2, 3, 4]]",0.9760203072197233
"[[1], [2, 3, 4]]",0.975147729176022
"[[1], [2, 3, 4]]",0.9751487422601642
"[[1], [2, 3, 4]]",0.975125680274016
"[[1], [2, 3, 4]]",0.9758098277824379
"[[1], [2, 3, 4]]",0.97655257119961
"[[1], [2, 3, 4]]",0.9774182228933872
"[[1], [2, 3, 4]]",0.9778274614863398
"[[1], [2, 3, 4]]",0.9778453220167607
"[[1], [2, 3, 4]]",0.9777011171454085
"[[1], [2, 3, 4]]",0.9776750879896245
"[[1], [2, 3, 4]]",0.9775020909243577
"[[1], [2, 3, 4]]",0.9773405893226349
"[[1], [2, 3, 4]]",0.9770809868777695
"[[1], [2, 3, 4]]",0.9770937078580335
"[[1], [2, 3, 4]]",0.9768589204736449
"[[1], [2, 3, 4]]",0.9768813075397649
"[[1], [2, 3, 4]]",0.9769254476069975
"[[1], [2, 3, 4]]",0.9770998414417101
"[[1], [2, 3, 4]]",0.9773793744678347
"[[1], [2, 3, 4]]",0.9772643506289092
"[[1], [2, 3, 4]]",0.9770104788147629
"[[1], [2, 3, 4]]",0.977083601506309
"[[1], [2, 3, 4]]",0.9767257670764771
"[[1], [2, 3, 4]]",0.97675594966779
"[[1], [2, 3, 4]]",0.9765525010128313
"[[1], [2, 3, 4]]",0.9765920838252564
"[[1], [2, 3, 4]]",0.9780282088541874
"[[1], [2, 3, 4]]",0.9803867874803557
"[[4], [1, 2, 3]]",0.9827211092892647
"[[4], [1, 2, 3]]",0.9850724039679651
"[[4], [1, 2, 3]]",0.986865794669193
"[[4], [1, 2, 3]]",0.9875696996750224
"[[4], [1, 2, 3]]",0.9876983909896737
"[[4], [1, 2, 3]]",0.9876362852585333
"[[4], [1, 2, 3]]",0.9876175503896607
"[[4], [1, 2, 3]]",0.9875387724884497
"[[4], [1, 2, 3]]",0.9873790170634777
"[[4], [1, 2, 3]]",0.9872171316321517
"[[4], [1, 2, 3]]",0.9870113435888428
"[[4], [1, 2, 3]]",0.9868156531513237
"[[4], [1, 2, 3]]",0.9866750291113137
"[[4], [1, 2, 3]]",0.9866680282239334
"[[4], [1, 2, 3]]",0.9864954804918087
"[[4], [1, 2, 3]]",0.9866213696846257
"[[4], [1, 2, 3]]",0.9865701751363288
"[[4], [1, 2, 3]]",0.9865433948228032
"[[4], [1, 2, 3]]",0.9865358265723014
"[[4], [1, 2, 3]]",0.9885596389698244
"[[4], [1, 2, 3]]",0.9890814006462737
"[[4], [1, 2, 3]]",0.9890259967547772
"[[4], [1, 2, 3]]",0.9888406631864471
"[[4], [1, 2, 3]]",0.988843024834829
"[[4], [1, 2, 3]]",0.9890738960734617
"[[4], [1, 2, 3]]",0.9890976199128365
"[[4], [1, 2, 3]]",0.9890522234870419
"[[4], [1, 2, 3]]",0.988974882893394
"[[4], [1, 2, 3]]",0.9889436617760393
"[[4], [1, 2, 3]]",0.9887513121349498
"[[4], [1, 2, 3]]",0.988967815057245
"[[4], [1, 2, 3]]",0.9890147037189132
"[[4], [1, 2, 3]]",0.9892954118768656
"[[4], [1, 2, 3]]",0.9892965127357425
"[[4], [1, 2, 3]]",0.9894677807763222
"[[4], [1, 2, 3]]",0.9894001738854685
"[[4], [1, 2, 3]]",0.9893250154116128
"[[4], [1, 2, 3]]",0.9892427076589403
"[[4], [1, 2, 3]]",0.9894418425733466
"[[4], [1, 2, 3]]",0.9892817023190674
"[[4], [1, 2, 3]]",0.9887477617188023
"[[4], [1, 2, 3]]",0.9856018515935046
"[[4], [1, 2, 3]]",0.9824855537656774
"[[1], [2, 3, 4]]",0.9787995899655918
"[[1], [2, 3, 4]]",0.9759568929718785
"[[1], [2, 3, 4]]",0.9745700839561839
"[[1], [2, 3, 4]]",0.974155180899217
"[[1], [2, 3, 4]]",0.9742670909722689
"[[1], [2, 3, 4]]",0.9746627993131526
"[[1], [2, 3, 4]]",0.9746467202591063
"[[1], [2, 3, 4]]",0.9745856276031298
"[[1], [2, 3, 4]]",0.9746307141631134
"[[1], [2, 3, 4]]",0.9746786795561332
"[[1], [2, 3, 4]]",0.9746300288302552
"[[1], [2, 3, 4]]",0.9745225626064052
"[[1], [2, 3, 4]]",0.9744844015274241
"[[1], [2, 3, 4]]",0.9746456454494479
"[[1], [2, 3, 4]]",0.9748517824838574
"[[1], [2, 3, 4]]",0.9750664168050427
"[[1], [2, 3, 4]]",0.9752080404758772
"[[1], [2, 3, 4]]",0.9753214466557274
"[[1], [2, 3, 4]]",0.975132237724022
"[[1], [2, 3, 4]]",0.9748892463859822
"[[1], [2, 3, 4]]",0.973274045383834
"[[1], [2, 3, 4]]",0.9692070069639975
"[[1], [2, 3, 4]]",0.9638173126207834
"[[1], [2, 3, 4]]",0.9591808799088419
"[[1], [2, 3, 4]]",0.9556835692366012
"[[1], [2, 3, 4]]",0.9531973655736158
"[[1], [2, 3, 4]]",0.9524341924611932
"[[1], [2, 3, 4]]",0.9518326081603603
"[[1], [2, 3, 4]]",0.9519554859545942
"[[1], [2, 3, 4]]",0.9525337587048046
"[[1], [2, 3, 4]]",0.9526153516638287
"[[1], [2, 3, 4]]",0.9528926285400676
"[[1], [2, 3, 4]]",0.9530923194788281
"[[1], [2, 3, 4]]",0.9532611855369151
"[[1], [2, 3, 4]]",0.9536739721339843
"[[1], [2, 3, 4]]",0.9533845927129996
"[[1], [2, 3, 4]]",0.9535498131922296
"[[1], [2, 3, 4]]",0.9535623408452798
"[[1], [2, 3, 4]]",0.9536315443195267
"[[1], [2, 3, 4]]",0.9536547590235137
"[[1], [2, 3, 4]]",0.9539661323452941
"[[1], [2, 3, 4]]",0.9542259569484476
"[[1], [2, 3, 4]]",0.9547099002360069
"[[1], [2, 3, 4]]",0.9549905077353458
"[[1], [2, 3, 4]]",0.9552893881004316
"[[1], [2, 3, 4]]",0.9557047678409254
"[[1], [2, 3, 4]]",0.959011723520825
"[[1], [2, 3, 4]]",0.9621372739757409
"[[1], [2, 3, 4]]",0.965472083084401
"[[1], [2, 3, 4]]",0.9672969950083821
"[[1], [2, 3, 4]]",0.9676574610618198
"[[1], [2, 3, 4]]",0.9676879910856642
"[[1], [2, 3, 4]]",0.9675208036640579
"[[1], [2, 3, 4]]",0.9654057949515814
"[[1], [2, 3, 4]]",0.963872830753985
"[[1], [2, 3, 4]]",0.9636059920970668
"[[1], [2, 3, 4]]",0.96330718393907
"[[1], [2, 3, 4]]",0.9635214855998588
"[[1], [2, 3, 4]]",0.9638613677713384
"[[1], [2, 3, 4]]",0.9638577323370605
"[[1], [2, 3, 4]]",0.963901766080167
"[[1], [2, 3, 4]]",0.9640203653171273
"[[1], [2, 3, 4]]",0.964152731216625
"[[1], [2, 3, 4]]",0.964197532840338
"[[1], [2, 3, 4]]",0.964303888661285
"[[1], [2, 3, 4]]",0.9643358148984862
"[[1], [2, 3, 4]]",0.9643835795995941
"[[1], [2, 3, 4]]",0.9632737970117008
"[[1], [2, 3, 4]]",0.9593581066437584
"[[1], [2, 3, 4]]",0.9575657783404721
"[[1], [2, 3, 4]]",0.9571922424622283
"[[1], [2, 3, 4]]",0.9559941397483044
"[[1], [2, 3, 4]]",0.9536373620578507
"[[1], [2, 3, 4]]",0.9501409542177692
"[[1], [2, 3, 4]]",0.9451575705654716
"[[1], [2, 3, 4]]",0.9413450109979378
"[[1], [2, 3, 4]]",0.9417249092672161
"[[1], [2, 3, 4]]",0.9410744747132049
"[[1], [2, 3, 4]]",0.941019747755082
"[[1], [2, 3, 4]]",0.9408383935584494
"[[1], [2, 3, 4]]",0.9409865594064424
"[[1], [2, 3, 4]]",0.9410775984088524
"[[1], [2, 3, 4]]",0.9410924979236012
"[[1], [2, 3, 4]]",0.9413898205013702
"[[1], [2, 3, 4]]",0.9414682202820759
"[[1], [2, 3, 4]]",0.9416383334188229
"[[1], [2, 3, 4]]",0.9417472361489484
"[[1], [2, 3, 4]]",0.9418639448249342
"[[1], [2, 3, 4]]",0.9420148513362817
"[[1], [2, 3, 4]]",0.9421421106262327
"[[1], [2, 3, 4]]",0.9422600100248051
"[[1], [2, 3, 4]]",0.9424401275719083
"[[1], [2, 3, 4]]",0.942155367869579
"[[1], [2, 3, 4]]",0.942085279587974
"[[1], [2, 3, 4]]",0.941891232762629
"[[1], [2, 3, 4]]",0.9405161389500565
"[[1], [2, 3, 4]]",0.9382901639887599
"[[1], [2, 3, 4]]",0.9386601452646355
"[[1], [2, 3, 4]]",0.9387427263567737
"[[1], [2, 3, 4]]",0.9385910365553685
"[[1], [2, 3, 4]]",0.9386302594026172
"[[1], [2, 3, 4]]",0.9387374969055473
"[[1], [2, 3, 4]]",0.9397736054681864
"[[1], [2, 3, 4]]",0.9403710992564318
"[[1], [2, 3, 4]]",0.9408420689403678
"[[1], [2, 3, 4]]",0.9408621869028271
"[[1], [2, 3, 4]]",0.9407409226827677
"[[1], [2, 3, 4]]",0.9408315548302717
"[[1], [2, 3, 4]]",0.9409436785859511
"[[1], [2, 3, 4]]",0.9408910512261299
"[[1], [2, 3, 4]]",0.9410134011105808
"[[1], [2, 3, 4]]",0.9411483428098695
"[[1], [2, 3, 4]]",0.9412604070929402
"[[1], [2, 3, 4]]",0.9412068407715779
"[[1], [2, 3, 4]]",0.9408137109968351
"[[1], [2, 3, 4]]",0.9423583238781839
"[[1], [2, 3, 4]]",0.9470864257255593
"[[1], [2, 3, 4]]",0.9522604505091605
"[[1], [2, 3, 4]]",0.9573578420517279
"[[1], [2, 3, 4]]",0.9624582288973689
"[[1], [2, 3, 4]]",0.9673066979016991
"[[1], [2, 3, 4]]",0.9723282440492691
"[[1], [2, 3, 4]]",0.9771823256050677
"[[4], [1, 2, 3]]",0.9811207629961953
"[[4], [1, 2, 3]]",0.9808048791194466
"[[4], [1, 2, 3]]",0.9808866399471456
"[[4], [1, 2, 3]]",0.9808726769552031
"[[4], [1, 2, 3]]",0.9808333852493627
"[[4], [1, 2, 3]]",0.9803320925242216
"[[4], [1, 2, 3]]",0.9801044289785383
"[[4], [1, 2, 3]]",0.9800085255731208
"[[4], [1, 2, 3]]",0.9801234972501385
"[[4], [1, 2, 3]]",0.9801891496808449
"[[4], [1, 2, 3]]",0.9801999742984996
"[[4], [1, 2, 3]]",0.9802325978341926
"[[4], [1, 2, 3]]",0.9802416269440926
"[[4], [1, 2, 3]]",0.9802575597264571
"[[4], [1, 2, 3]]",0.9802455266571819
"[[4], [1, 2, 3]]",0.9800136312797775
"[[4], [1, 2, 3]]",0.9800055832081982
"[[4], [1, 2, 3]]",0.9797626838209514
"[[4], [1, 2, 3]]",0.9794008055475929
"[[1], [2, 3, 4]]",0.975597537095042
"[[1], [2, 3, 4]]",0.9724368107522521
"[[1], [2, 3, 4]]",0.9703648806956964
"[[1], [2, 3, 4]]",0.966489669771984
"[[1], [2, 3, 4]]",0.9660369419778205
"[[1], [2, 3, 4]]",0.9665175500091202
"[[1], [2, 3, 4]]",0.9661537979234961
"[[1], [2, 3, 4]]",0.9671552067358105
"[[1], [2, 3, 4]]",0.9674334113595406
"[[1], [2, 3, 4]]",0.9672234155793433
"[[1], [2, 3, 4]]",0.966898466406146
"[[1], [2, 3, 4]]",0.966654669326106
"[[1], [2, 3, 4]]",0.9665528845319813
"[[1], [2, 3, 4]]",0.9664714879717402
"[[1], [2, 3, 4]]",0.966331899148391
"[[1], [2, 3, 4]]",0.9664348369881459
"[[1], [2, 3, 4]]",0.9663167874351573
"[[1], [2, 3, 4]]",0.9660963923287943
"[[1], [2, 3, 4]]",0.9658313098232554
"[[1], [2, 3, 4]]",0.965647495032362
"[[1], [2, 3, 4]]",0.9656997405028991
"[[1], [2, 3, 4]]",0.9657272721397309
"[[1], [2, 3, 4]]",0.9656927672375929
"[[1], [2, 3, 4]]",0.963856054947706
"[[1], [2, 3, 4]]",0.9604531110744233
"[[1], [2, 3, 4]]",0.9557842244652744
"[[1], [2, 3, 4]]",0.9512243999251864
"[[1], [2, 3, 4]]",0.9470985855611758
"[[1], [2, 3, 4]]",0.9452687608227472
"[[1], [2, 3, 4]]",0.9446281683740714
"[[1], [2, 3, 4]]",0.9447305933696479
"[[1], [2, 3, 4]]",0.945099276005406
"[[1], [2, 3, 4]]",0.9454541717103193
"[[1], [2, 3, 4]]",0.9457352451394916
"[[1], [2, 3, 4]]",0.9460271438799417
"[[1], [2, 3, 4]]",0.9461563244305184
"[[1], [2, 3, 4]]",0.9460474790099916
"[[1], [2, 3, 4]]",0.9458168700833539
"[[1], [2, 3, 4]]",0.9456545159061917
"[[1], [2, 3, 4]]",0.9454278236806364
"[[1], [2, 3, 4]]",0.9452592451435613
"[[1], [2, 3, 4]]",0.945160229906618
"[[1], [2, 3, 4]]",0.945057745400258
"[[1], [2, 3, 4]]",0.944928032832353
"[[1], [2, 3, 4]]",0.9450312558234543
"[[1], [2, 3, 4]]",0.9444031434231195
"[[1], [2, 3, 4]]",0.9403126882640139
"[[1], [2, 3, 4]]",0.9351422298471075
"[[1], [2, 3, 4]]",0.9343005638089348
"[[1], [2, 3, 4]]",0.9341010350512386
"[[1], [2, 3, 4]]",0.9341043811187892
"[[1], [2, 3, 4]]",0.9332800216122636
"[[1], [2, 3, 4]]",0.9297563801276989
"[[1], [2, 3, 4]]",0.9284545526210959
"[[1], [2, 3, 4]]",0.9287844468717636
"[[1], [2, 3, 4]]",0.9293213992163006
"[[1], [2, 3, 4]]",0.9298107687211892
"[[1], [2, 3, 4]]",0.9301558021713308
"[[1], [2, 3, 4]]",0.9306507573129724
"[[1], [2, 3, 4]]",0.9310339838346195
"[[1], [2, 3, 4]]",0.9314237297036572
"[[1], [2, 3, 4]]",0.9316380918109214
"[[1], [2, 3, 4]]",0.9320962306099757
"[[1], [2, 3, 4]]",0.9322762519386112
"[[1], [2, 3, 4]]",0.9325680137457033
"[[1], [2, 3, 4]]",0.9331296376463578
"[[1], [2, 3, 4]]",0.9339226350044807
"[[1], [2, 3, 4]]",0.9346567324049297
"[[1], [2, 3, 4]]",0.9354054008913304
"[[1], [2, 3, 4]]",0.9356603560807553
"[[1], [2, 3, 4]]",0.935997976404723
"[[1], [2, 3, 4]]",0.9380472965156768
"[[1], [2, 3, 4]]",0.9418406728023186
"[[1], [2, 3, 4]]",0.9469929080645709
"[[1], [2, 3, 4]]",0.9522978274011846
"[[1], [2, 3, 4]]",0.9565584323584173
"[[1], [2, 3, 4]]",0.9582259593118385
"[[1], [2, 3, 4]]",0.9586793253883801
"[[1], [2, 3, 4]]",0.9585277864999404
"[[1], [2, 3, 4]]",0.958390506265946
"[[1], [2, 3, 4]]",0.958249361138297
"[[1], [2, 3, 4]]",0.9581576173655012
"[[1], [2, 3, 4]]",0.9581497034343901
"[[1], [2, 3, 4]]",0.958016233297553
"[[1], [2, 3, 4]]",0.9584673202193844
"[[1], [2, 3, 4]]",0.9587165400384753
"[[1], [2, 3, 4]]",0.9589519783898144
"[[1], [2, 3, 4]]",0.9591226046813701
"[[1], [2, 3, 4]]",0.9592548707043534
"[[1], [2, 3, 4]]",0.9594186989136054
"[[1], [2, 3, 4]]",0.959546834120891
"[[1], [2, 3, 4]]",0.9596556705513188
"[[1], [2, 3, 4]]",0.9596083660977364
"[[1], [2, 3, 4]]",0.959984247067093
"[[1], [2, 3, 4]]",0.9641029219336158
"[[1], [2, 3, 4]]",0.9693547852715426
"[[1], [2, 3, 4]]",0.9742472671065464
"[[1], [2, 3, 4]]",0.9790369599739763
"[[4], [1, 2, 3]]",0.9824993312424414
"[[4], [1, 2, 3]]",0.9872588705000258
"[[4], [1, 2, 3]]",0.9908632148695578
"[[4], [1, 2, 3]]",0.9914798042468276
"[[4], [1, 2, 3]]",0.9913318104167967
"[[4], [1, 2, 3]]",0.991170955078712
"[[4], [1, 2, 3]]",0.9910943299598858
"[[4], [1, 2, 3]]",0.9910519328916408
"[[4], [1, 2, 3]]",0.9909715509846111
"[[4], [1, 2, 3]]",0.9908614929360707
"[[4], [1, 2, 3]]",0.9906826902263655
"[[4], [1, 2, 3]]",0.9906909181377567
"[[4], [1, 2, 3]]",0.9905665440022007
"[[4], [1, 2, 3]]",0.9906175462290835
"[[4], [1, 2, 3]]",0.990676056571158
"[[4], [1, 2, 3]]",0.9903775774718113
"[[4], [1, 2, 3]]",0.9900783495512575
"[[4], [1, 2, 3]]",0.9897417086438619
"[[4], [1, 2, 3]]",0.9894132794834394
"[[4], [1, 2, 3]]",0.9894995669091139
"[[4], [1, 2, 3]]",0.9893180292118076
"[[4], [1, 2, 3]]",0.9887189462348774
"[[4], [1, 2, 3]]",0.986144171668285
"[[4], [1, 2, 3]]",0.982589998536318
"[[4], [1, 2, 3]]",0.9777238519729219
"[[1], [2, 3, 4]]",0.9743326987973523
"[[1], [2, 3, 4]]",0.9739446953332738
"[[1], [2, 3, 4]]",0.973668741953924
"[[1], [2, 3, 4]]",0.9738276788263025
"[[1], [2, 3, 4]]",0.9737095828024767
"[[1], [2, 3, 4]]",0.973663324803546
"[[1], [2, 3, 4]]",0.9737177811652592
"[[1], [2, 3, 4]]",0.9736818145632546
"[[1], [2, 3, 4]]",0.9737076262644785
"[[1], [2, 3, 4]]",0.9733462716464194
"[[1], [2, 3, 4]]",0.9734175752163152
"[[1], [2, 3, 4]]",0.9734293963180461
"[[1], [2, 3, 4]]",0.9734132249606644
"[[1], [2, 3, 4]]",0.9734202199100199
"[[1], [2, 3, 4]]",0.9733297927356488
"[[1], [2, 3, 4]]",0.9732189689366455
"[[1], [2, 3, 4]]",0.972966894690815
"[[1], [2, 3, 4]]",0.972674558847354
"[[1], [2, 3, 4]]",0.9725014901710315
"[[1], [2, 3, 4]]",0.9715460666192469
"[[1], [2, 3, 4]]",0.9695341363400611
"[[1], [2, 3, 4]]",0.9644780525460466
"[[1], [2, 3, 4]]",0.9593683685206098
"[[1], [2, 3, 4]]",0.9556769482955767
"[[1], [2, 3, 4]]",0.950862396485724
"[[1], [2, 3, 4]]",0.9464247256737075
"[[1], [2, 3, 4]]",0.9460943470440798
"[[1], [2, 3, 4]]",0.9461072717365908
"[[1], [2, 3, 4]]",0.9457452960138946
"[[1], [2, 3, 4]]",0.9456488976049425
"[[1], [2, 3, 4]]",0.9456443158900123
"[[1], [2, 3, 4]]",0.9455931920736624
"[[1], [2, 3, 4]]",0.9456117442753053
"[[1], [2, 3, 4]]",0.9455627513928127
"[[1], [2, 3, 4]]",0.9455076024033838
"[[1], [2, 3, 4]]",0.9454219445217491
"[[1], [2, 3, 4]]",0.9451775614693742
"[[1], [2, 3, 4]]",0.9449151569084645
"[[1], [2, 3, 4]]",0.945050865865883
"[[1], [2, 3, 4]]",0.9453242478967923
"[[1], [2, 3, 4]]",0.945754446869328
"[[1], [2, 3, 4]]",0.9458953750346744
"[[1], [2, 3, 4]]",0.9457910795116284
"[[1], [2, 3, 4]]",0.9450381563935
"[[1], [2, 3, 4]]",0.9449094343057189
"[[1], [2, 3, 4]]",0.9442527019374201
"[[1], [2, 3, 4]]",0.9442616478786923
"[[1], [2, 3, 4]]",0.9442471242925763
"[[1], [2, 3, 4]]",0.9474192473165683
"[[1], [2, 3, 4]]",0.9477266934708435
"[[1], [2, 3, 4]]",0.9479595662785012
"[[1], [2, 3, 4]]",0.9479136365742424
"[[1], [2, 3, 4]]",0.9481228388762247
"[[1], [2, 3, 4]]",0.9482773046794851
"[[1], [2, 3, 4]]",0.9482496853648135
"[[1], [2, 3, 4]]",0.9480630161063046
"[[1], [2, 3, 4]]",0.9480463543165678
"[[1], [2, 3, 4]]",0.9483305699582673
"[[1], [2, 3, 4]]",0.9483524166840903
"[[1], [2, 3, 4]]",0.9481155686666543
"[[1], [2, 3, 4]]",0.9480879051255459
"[[1], [2, 3, 4]]",0.9480867455809965
"[[1], [2, 3, 4]]",0.9480934079856205
"[[1], [2, 3, 4]]",0.9480711722110327
"[[1], [2, 3, 4]]",0.9483197289172416
"[[1], [2, 3, 4]]",0.9489421709487558
"[[1], [2, 3, 4]]",0.9488616959945324
"[[1], [2, 3, 4]]",0.9492822115443955
"[[1], [2, 3, 4]]",0.9510428369611996
"[[1], [2, 3, 4]]",0.9559286793063952
"[[1], [2, 3, 4]]",0.9595988528617967
"[[1], [2, 3, 4]]",0.9624620550279291
"[[1], [2, 3, 4]]",0.9663064239147456
"[[1], [2, 3, 4]]",0.9706179993207043
"[[1], [2, 3, 4]]",0.9706490754030946
"[[1], [2, 3, 4]]",0.9708397355670173
"[[1], [2, 3, 4]]",0.9716156839129164
"[[1], [2, 3, 4]]",0.9719728722779933
"[[1], [2, 3, 4]]",0.972193764076152
"[[1], [2, 3, 4]]",0.9724356972815157
"[[1], [2, 3, 4]]",0.9723302745148769
"[[1], [2, 3, 4]]",0.972774802853118
"[[1], [2, 3, 4]]",0.9729235261610989
"[[1], [2, 3, 4]]",0.9729033582087673
"[[1], [2, 3, 4]]",0.9728657835643446
"[[1], [2, 3, 4]]",0.9726988984721998
"[[1], [2, 3, 4]]",0.9725512753963244
"[[1], [2, 3, 4]]",0.9719089522819571
"[[1], [2, 3, 4]]",0.971621228298962
"[[1], [2, 3, 4]]",0.9722231534120861
"[[1], [2, 3, 4]]",0.9719771691337127
"[[1], [2, 3, 4]]",0.9723855176245714
"[[1], [2, 3, 4]]",0.9712917949911395
"[[1], [2, 3, 4]]",0.9697462669428971
"[[1], [2, 3, 4]]",0.9682574775382622
"[[1], [2, 3, 4]]",0.9691196518107476
"[[1], [2, 3, 4]]",0.9652894162378858
"[[1], [2, 3, 4]]",0.9634875411555899
"[[1], [2, 3, 4]]",0.963270147861755
"[[1], [2, 3, 4]]",0.9633440977159995
"[[1], [2, 3, 4]]",0.9635571146015391
"[[1], [2, 3, 4]]",0.9636968896456544
"[[1], [2, 3, 4]]",0.9638597774266718
"[[1], [2, 3, 4]]",0.9641737851885432
"[[1], [2, 3, 4]]",0.9643309175101086
"[[1], [2, 3, 4]]",0.9644174329845353
"[[1], [2, 3, 4]]",0.964501075252804
"[[1], [2, 3, 4]]",0.9651404131864632
"[[1], [2, 3, 4]]",0.9654518487683936
"[[1], [2, 3, 4]]",0.9657209551007481
"[[1], [2, 3, 4]]",0.966020384588282
"[[1], [2, 3, 4]]",0.9663234966729318
"[[1], [2, 3, 4]]",0.9662832680049249
"[[1], [2, 3, 4]]",0.9661211658350431
"[[1], [2, 3, 4]]",0.9661359594016754
"[[1], [2, 3, 4]]",0.9665193149644518
"[[1], [2, 3, 4]]",0.9666354782495981
"[[1], [2, 3, 4]]",0.9668541154581778
"[[1], [2, 3, 4]]",0.9682268133362317
"[[1], [2, 3, 4]]",0.9689923344054256
"[[1], [2, 3, 4]]",0.969874350234233
"[[1], [2, 3, 4]]",0.9698058242266402
"[[1], [2, 3, 4]]",0.969739450901641
"[[1], [2, 3, 4]]",0.9697358765244564
"[[1], [2, 3, 4]]",0.9680296744977379
"[[1], [2, 3, 4]]",0.9670201539372034
"[[1], [2, 3, 4]]",0.9668587961458798
"[[1], [2, 3, 4]]",0.9667794465957856
"[[1], [2, 3, 4]]",0.966897560782749
"[[1], [2, 3, 4]]",0.9670099929252507
"[[1], [2, 3, 4]]",0.9670006101131234
"[[1], [2, 3, 4]]",0.9671010741503034
"[[1], [2, 3, 4]]",0.9672438905959515
"[[1], [2, 3, 4]]",0.9674565249683524
"[[1], [2, 3, 4]]",0.967546010705104
"[[1], [2, 3, 4]]",0.9680323717886838
"[[1], [2, 3, 4]]",0.968216902208716
"[[1], [2, 3, 4]]",0.9678560793138163
"[[1], [2, 3, 4]]",0.9679335200943558
"[[1], [2, 3, 4]]",0.9682960212214698
"[[1], [2, 3, 4]]",0.9696773992476293
"[[1], [2, 3, 4]]",0.9738464022534606
"[[4], [1, 2, 3]]",0.9783649486044618
"[[4], [1, 2, 3]]",0.9790925380611436
"[[4], [1, 2, 3]]",0.9826163686929227
"[[4], [1, 2, 3]]",0.9838332971785102
"[[4], [1, 2, 3]]",0.9839938979099627
"[[4], [1, 2, 3]]",0.9839526953658018
"[[4], [1, 2, 3]]",0.9823237742138552
"[[4], [1, 2, 3]]",0.9809949075674551
"[[4], [1, 2, 3]]",0.9805696961321078
"[[4], [1, 2, 3]]",0.9804958735098871
"[[4], [1, 2, 3]]",0.9804234044350442
"[[4], [1, 2, 3]]",0.9803138578679585
"[[4], [1, 2, 3]]",0.9801985101764824
"[[4], [1, 2, 3]]",0.9799596142211056
"[[4], [1, 2, 3]]",0.9800082999287154
"[[4], [1, 2, 3]]",0.9800313825525364
"[[4], [1, 2, 3]]",0.9798386152139578
"[[4], [1, 2, 3]]",0.9794937879686767
"[[4], [1, 2, 3]]",0.9791841244996448
"[[4], [1, 2, 3]]",0.978932897733968
"[[4], [1, 2, 3]]",0.9792036107317938
"[[4], [1, 2, 3]]",0.9788015724990946
"[[4], [1, 2, 3]]",0.9782573594789092
"[[4], [1, 2, 3]]",0.9784238031357628
"[[4], [1, 2, 3]]",0.9772360513458543
"[[1], [2, 3, 4]]",0.974359367333508
"[[1], [2, 3, 4]]",0.9727596943840267
"[[1], [2, 3, 4]]",0.9716441270835214
"[[1], [2, 3, 4]]",0.9715965973680463
"[[1], [2, 3, 4]]",0.9718140486353828
"[[1], [2, 3, 4]]",0.9719289643187444
"[[1], [2, 3, 4]]",0.9717602626562335
"[[1], [2, 3, 4]]",0.971561779436602
"[[1], [2, 3, 4]]",0.9714698500128975
"[[1], [2, 3, 4]]",0.9716024963649386
"[[1], [2, 3, 4]]",0.971577669121066
"[[1], [2, 3, 4]]",0.9713269484031914
"[[1], [2, 3, 4]]",0.9710624913715259
"[[1], [2, 3, 4]]",0.9710156950323986
"[[1], [2, 3, 4]]",0.9709538489612373
"[[1], [2, 3, 4]]",0.9708088275740642
"[[1], [2, 3, 4]]",0.9706300773160339
"[[1], [2, 3, 4]]",0.9705435830141965
"[[1], [2, 3, 4]]",0.9705204224358401
"[[1], [2, 3, 4]]",0.9705475031101268
"[[1], [2, 3, 4]]",0.9703217419733885
"[[1], [2, 3, 4]]",0.970708443857834
"[[1], [2, 3, 4]]",0.970921961024712
"[[1], [2, 3, 4]]",0.9709606822907996
"[[1], [2, 3, 4]]",0.9732521702131487
"[[1], [2, 3, 4]]",0.9737485217315236
"[[1], [2, 3, 4]]",0.9747696369479724
"[[1], [2, 3, 4]]",0.9749750796014831
"[[1], [2, 3, 4]]",0.9749911759132347
"[[1], [2, 3, 4]]",0.9754805601012864
"[[4], [1, 2, 3]]",0.9758950443218659
"[[4], [1, 2, 3]]",0.9758755224805118
"[[4], [1, 2, 3]]",0.9758761682089134
"[[4], [1, 2, 3]]",0.9758638165865512
"[[4], [1, 2, 3]]",0.9758262835753749
"[[4], [1, 2, 3]]",0.9757381504010667
"[[4], [1, 2, 3]]",0.9757991850482508
"[[4], [1, 2, 3]]",0.9757546042418287
"[[4], [1, 2, 3]]",0.9756549151367565
"[[4], [1, 2, 3]]",0.9755972559745294
"[[4], [1, 2, 3]]",0.9756210473570555
"[[4], [1, 2, 3]]",0.975665379152157
"[[4], [1, 2, 3]]",0.9756991752750783
"[[4], [1, 2, 3]]",0.9756910015000577
"[[4], [1, 2, 3]]",0.9755811060702156
"[[4], [1, 2, 3]]",0.9757305739083655
"[[1], [2, 3, 4]]",0.9726564361640351
"[[1], [2, 3, 4]]",0.9709609295177789
"[[1], [2, 3, 4]]",0.9716391186397302
"[[1], [2, 3, 4]]",0.9726866599467241
"[[1], [2, 3, 4]]",0.9739463335722174
"[[1], [2, 3, 4]]",0.9741739154119606
"[[1], [2, 3, 4]]",0.9741721219125452
"[[1], [2, 3, 4]]",0.9744968041854665
"[[1], [2, 3, 4]]",0.9748406106669734
"[[1], [2, 3, 4]]",0.9749945521496297
"[[1], [2, 3, 4]]",0.9750713540490917
"[[1], [2, 3, 4]]",0.9750814355833964
"[[1], [2, 3, 4]]",0.9751150190772768
"[[1], [2, 3, 4]]",0.9751330901201596
"[[1], [2, 3, 4]]",0.9753485693745265
"[[1], [2, 3, 4]]",0.9753363243310262
"[[1], [2, 3, 4]]",0.9752331209315799
"[[1], [2, 3, 4]]",0.9752678724759871
"[[1], [2, 3, 4]]",0.9753981600024069
"[[1], [2, 3, 4]]",0.9754248252609395
"[[4], [1, 2, 3]]",0.9754249283605684
"[[1], [2, 3, 4]]",0.975174088008567
"[[1], [2, 3, 4]]",0.9743082946534554
"[[1], [2, 3, 4]]",0.9738086085190236
"[[1], [2, 3, 4]]",0.9698425944089247
"[[1], [2, 3, 4]]",0.965078853076917
"[[1], [2, 3, 4]]",0.9608793166397036
"[[1], [2, 3, 4]]",0.9562668045104803
"[[1], [2, 3, 4]]",0.9539136195145737
"[[1], [2, 3, 4]]",0.9514851399030437
"[[1], [2, 3, 4]]",0.9512376787196986
"[[1], [2, 3, 4]]",0.9515843035195506
"[[1], [2, 3, 4]]",0.9519532189942221
"[[1], [2, 3, 4]]",0.9522685696359794
"[[1], [2, 3, 4]]",0.9523577950166477
"[[1], [2, 3, 4]]",0.9524079173950445
"[[1], [2, 3, 4]]",0.9524465404192696
"[[1], [2, 3, 4]]",0.9525718323714012
"[[1], [2, 3, 4]]",0.952686549031424
"[[1], [2, 3, 4]]",0.9527012383718714
"[[1], [2, 3, 4]]",0.9528455444937685
"[[1], [2, 3, 4]]",0.9527641130106922
"[[1], [2, 3, 4]]",0.9528584688608535
"[[1], [2, 3, 4]]",0.9526547092151023
"[[1], [2, 3, 4]]",0.9526092901585816
"[[1], [2, 3, 4]]",0.9526241536617003
"[[1], [2, 3, 4]]",0.9508303701239338
"[[1], [2, 3, 4]]",0.94766817082678
"[[1], [2, 3, 4]]",0.9456476478096014
"[[1], [2, 3, 4]]",0.9436349424042842
"[[1], [2, 3, 4]]",0.9424020532457441
"[[1], [2, 3, 4]]",0.9376463149434606
"[[1], [2, 3, 4]]",0.9334992751123183
"[[1], [2, 3, 4]]",0.9292719517349826
"[[1], [2, 3, 4]]",0.9288332601597447
"[[1], [2, 3, 4]]",0.9291025878709549
"[[1], [2, 3, 4]]",0.9293080816720951
"[[1], [2, 3, 4]]",0.9293332810296373
"[[1], [2, 3, 4]]",0.9293670101663559
"[[1], [2, 3, 4]]",0.9294065764197017
"[[1], [2, 3, 4]]",0.9294717902872471
"[[1], [2, 3, 4]]",0.9297865450754376
"[[1], [2, 3, 4]]",0.929860719052222
"[[1], [2, 3, 4]]",0.929961473106005
"[[1], [2, 3, 4]]",0.9302235306635891
"[[1], [2, 3, 4]]",0.9304159410165094
"[[1], [2, 3, 4]]",0.9305913224900277
"[[1], [2, 3, 4]]",0.930508273343319
"[[1], [2, 3, 4]]",0.9304483963849886
"[[1], [2, 3, 4]]",0.9306677507590424
"[[1], [2, 3, 4]]",0.9311454857923556
"[[1], [2, 3, 4]]",0.9312768365151927
"[[1], [2, 3, 4]]",0.9354864156147316
"[[1], [2, 3, 4]]",0.9406472675625418
"[[1], [2, 3, 4]]",0.9434002865692723
"[[1], [2, 3, 4]]",0.9481352005233832
"[[1], [2, 3, 4]]",0.9501043846293268
"[[1], [2, 3, 4]]",0.9522983255118089
"[[1], [2, 3, 4]]",0.9523578653733252
"[[1], [2, 3, 4]]",0.9513444867548155
"[[1], [2, 3, 4]]",0.9504148851684723
"[[1], [2, 3, 4]]",0.9496355361964489
"[[1], [2, 3, 4]]",0.9495361256908545
"[[1], [2, 3, 4]]",0.9494772368067921
"[[1], [2, 3, 4]]",0.9495569364900576
"[[1], [2, 3, 4]]",0.9497696807792267
"[[1], [2, 3, 4]]",0.9498650276724212
"[[1], [2, 3, 4]]",0.9499888810072179
"[[1], [2, 3, 4]]",0.9501166496664137
"[[1], [2, 3, 4]]",0.9505275630752672
"[[1], [2, 3, 4]]",0.9507467690798045
"[[1], [2, 3, 4]]",0.9511207178583001
"[[1], [2, 3, 4]]",0.9512308761363444
"[[1], [2, 3, 4]]",0.9512019163783221
"[[1], [2, 3, 4]]",0.9534806729046885
"[[1], [2, 3, 4]]",0.9572994296114348
"[[1], [2, 3, 4]]",0.9629393032639595
"[[1], [2, 3, 4]]",0.968500374476156
"[[1], [2, 3, 4]]",0.9739124494769424
"[[4], [1, 2, 3]]",0.9792864104749164
"[[4], [1, 2, 3]]",0.9835135702150901
"[[4], [1, 2, 3]]",0.987695887670768
"[[4], [1, 2, 3]]",0.9874830467562477
"[[4], [1, 2, 3]]",0.9868322132450014
"[[4], [1, 2, 3]]",0.9862437240434898
"[[4], [1, 2, 3]]",0.9857854560689098
"[[4], [1, 2, 3]]",0.9857412352094278
"[[4], [1, 2, 3]]",0.9857470820862317
"[[4], [1, 2, 3]]",0.9857360065213965
"[[4], [1, 2, 3]]",0.985732211090883
"[[4], [1, 2, 3]]",0.9857647560502656
"[[4], [1, 2, 3]]",0.985779706879584
"[[4], [1, 2, 3]]",0.9857950860855849
"[[4], [1, 2, 3]]",0.9857632515888664
"[[4], [1, 2, 3]]",0.9856575900575992
"[[4], [1, 2, 3]]",0.9856647254736743
"[[4], [1, 2, 3]]",0.9856819914032701
"[[4], [1, 2, 3]]",0.9857433559720699
"[[4], [1, 2, 3]]",0.9858746424758391
"[[4], [1, 2, 3]]",0.9857465152378697
"[[4], [1, 2, 3]]",0.9857331321538314
"[[4], [1, 2, 3]]",0.982801439663258
"[[4], [1, 2, 3]]",0.9807879602236593
"[[1], [2, 3, 4]]",0.9776137335583759
"[[1], [2, 3, 4]]",0.977385200994116
"[[1], [2, 3, 4]]",0.9773846652629221
"[[1], [2, 3, 4]]",0.9773856486914906
"[[1], [2, 3, 4]]",0.9775930502430028
"[[1], [2, 3, 4]]",0.9778223841224682
"[[1], [2, 3, 4]]",0.9781811505425169
"[[1], [2, 3, 4]]",0.9781855310599968
"[[1], [2, 3, 4]]",0.978195256662279
"[[1], [2, 3, 4]]",0.9781910987348146
"[[1], [2, 3, 4]]",0.9781676917118045
"[[4], [1, 2, 3]]",0.9781864983956516
"[[4], [1, 2, 3]]",0.9782907343843836
"[[4], [1, 2, 3]]",0.9783497077767014
"[[4], [1, 2, 3]]",0.9780891949413568
"[[4], [1, 2, 3]]",0.9779286535888747
"[[4], [1, 2, 3]]",0.9778305945823196
"[[4], [1, 2, 3]]",0.9777914391652294
"[[4], [1, 2, 3]]",0.9777747802246911
"[[4], [1, 2, 3]]",0.9776251615951249
"[[4], [1, 2, 3]]",0.9771201846303748
"[[4], [1, 2, 3]]",0.9765452532798701
"[[1], [2, 3, 4]]",0.9752168755570146
"[[1], [2, 3, 4]]",0.9729306036313673
"[[1], [2, 3, 4]]",0.9721995125082086
"[[1], [2, 3, 4]]",0.9716569883828416
"[[1], [2, 3, 4]]",0.9710266821321956
"[[1], [2, 3, 4]]",0.9715879274517125
"[[1], [2, 3, 4]]",0.9717418154948034
"[[1], [2, 3, 4]]",0.9720514513028462
"[[1], [2, 3, 4]]",0.972273038766035
"[[1], [2, 3, 4]]",0.972236088891461
"[[1], [2, 3, 4]]",0.9722345958148817
"[[1], [2, 3, 4]]",0.9722633065832051
"[[1], [2, 3, 4]]",0.9723352498749798
"[[1], [2, 3, 4]]",0.9723219900532599
"[[1], [2, 3, 4]]",0.9723183776037483
"[[1], [2, 3, 4]]",0.9724282652578122
"[[1], [2, 3, 4]]",0.9724757855802875
"[[1], [2, 3, 4]]",0.9726829394843506
"[[1], [2, 3, 4]]",0.9728090312345778
"[[1], [2, 3, 4]]",0.972896600595533
"[[1], [2, 3, 4]]",0.9729687031411052
"[[1], [2, 3, 4]]",0.9734826632877953
"[[1], [2, 3, 4]]",0.9736216699715896
"[[1], [2, 3, 4]]",0.9737189388472172
"[[1], [2, 3, 4]]",0.9768577149576614
"[[4], [1, 2, 3]]",0.9796633032400116
"[[4], [1, 2, 3]]",0.9827531278426762
"[[4], [1, 2, 3]]",0.9828664515146189
"[[4], [1, 2, 3]]",0.9832892614914475
"[[4], [1, 2, 3]]",0.982974522444499
"[[4], [1, 2, 3]]",0.983003387689545
"[[4], [1, 2, 3]]",0.9830332089360891
"[[4], [1, 2, 3]]",0.9829922407703404
"[[4], [1, 2, 3]]",0.9830189297893215
"[[4], [1, 2, 3]]",0.9830067285391917
"[[4], [1, 2, 3]]",0.9829800027756115
"[[4], [1, 2, 3]]",0.9828882444031475
"[[4], [1, 2, 3]]",0.9829270428936802
"[[4], [1, 2, 3]]",0.9828349049227555
"[[4], [1, 2, 3]]",0.9827400673059827
"[[4], [1, 2, 3]]",0.9827482480658698
"[[4], [1, 2, 3]]",0.9827925563047304
"[[4], [1, 2, 3]]",0.9828001845488783
"[[4], [1, 2, 3]]",0.9828456823834804
"[[4], [1, 2, 3]]",0.9828378169093567
"[[4], [1, 2, 3]]",0.9828388718305741
"[[4], [1, 2, 3]]",0.9827377179526651
"[[4], [1, 2, 3]]",0.9826308550274769
"[[4], [1, 2, 3]]",0.9815828874367618
"[[4], [1, 2, 3]]",0.9799479911097528
"[[4], [1, 2, 3]]",0.9792101278775545
"[[4], [1, 2, 3]]",0.9790948147183436
"[[4], [1, 2, 3]]",0.979119218925079
"[[4], [1, 2, 3]]",0.9790479124493723
"[[4], [1, 2, 3]]",0.9795674448228534
"[[4], [1, 2, 3]]",0.9798468653560493
"[[4], [1, 2, 3]]",0.9801579531218623
"[[4], [1, 2, 3]]",0.9802895509062595
"[[4], [1, 2, 3]]",0.9803056656699771
"[[4], [1, 2, 3]]",0.9802650621375475
"[[4], [1, 2, 3]]",0.9801186105611502
"[[4], [1, 2, 3]]",0.9801115539695213
"[[4], [1, 2, 3]]",0.9800494004170286
"[[4], [1, 2, 3]]",0.9798632524127998
"[[4], [1, 2, 3]]",0.9796055471114016
"[[4], [1, 2, 3]]",0.9792910913473554
"[[4], [1, 2, 3]]",0.9790296503370657
"[[4], [1, 2, 3]]",0.9789403099887481
"[[4], [1, 2, 3]]",0.9786712854174837
"[[4], [1, 2, 3]]",0.9771690419608758
"[[1], [2, 3, 4]]",0.9720052296713807
"[[1], [2, 3, 4]]",0.9668903758579486
"[[1], [2, 3, 4]]",0.9617516174635488
"[[1], [2, 3, 4]]",0.9584200400941414
"[[1], [2, 3, 4]]",0.953234411315001
"[[1], [2, 3, 4]]",0.9486874654724234
"[[1], [2, 3, 4]]",0.9462477239921234
"[[1], [2, 3, 4]]",0.9463078495773756
"[[1], [2, 3, 4]]",0.9466718384361883
"[[1], [2, 3, 4]]",0.9470283794444955
"[[1], [2, 3, 4]]",0.9471969467993746
"[[1], [2, 3, 4]]",0.9472488833542783
"[[1], [2, 3, 4]]",0.9472767277964196
"[[1], [2, 3, 4]]",0.9473757426425227
"[[1], [2, 3, 4]]",0.9476693037242377
"[[1], [2, 3, 4]]",0.9478989837410441
"[[1], [2, 3, 4]]",0.948154448213605
"[[1], [2, 3, 4]]",0.9485494429317883
"[[1], [2, 3, 4]]",0.9489843257635928
"[[1], [2, 3, 4]]",0.9492141172948759
"[[1], [2, 3, 4]]",0.9494932064654651
"[[1], [2, 3, 4]]",0.9494978176360311
"[[1], [2, 3, 4]]",0.9495554743096689
"[[1], [2, 3, 4]]",0.949548214983825
"[[1], [2, 3, 4]]",0.949543242654626
"[[1], [2, 3, 4]]",0.9495282475983978
"[[1], [2, 3, 4]]",0.9506688890012818
"[[1], [2, 3, 4]]",0.9507933583813015
"[[1], [2, 3, 4]]",0.951633434854456
"[[1], [2, 3, 4]]",0.9519121261121946
"[[1], [2, 3, 4]]",0.9521938914260911
"[[1], [2, 3, 4]]",0.9517009622280337
"[[1], [2, 3, 4]]",0.9510917681729838
"[[1], [2, 3, 4]]",0.9507924349699276
"[[1], [2, 3, 4]]",0.9506989513612911
"[[1], [2, 3, 4]]",0.9506960907548119
"[[1], [2, 3, 4]]",0.9507254696792389
"[[1], [2, 3, 4]]",0.9508169039602805
"[[1], [2, 3, 4]]",0.9509715883724
"[[1], [2, 3, 4]]",0.9511000769009271
"[[1], [2, 3, 4]]",0.9512566619292973
"[[1], [2, 3, 4]]",0.9514447255411087
"[[1], [2, 3, 4]]",0.9517943887843723
"[[1], [2, 3, 4]]",0.952196542642926
"[[1], [2, 3, 4]]",0.9525486477832186
"[[1], [2, 3, 4]]",0.9523601683103642
"[[1], [2, 3, 4]]",0.9525962684000242
"[[1], [2, 3, 4]]",0.954096892535696
"[[1], [2, 3, 4]]",0.9594835270447901
"[[1], [2, 3, 4]]",0.964502345775927
"[[1], [2, 3, 4]]",0.9688348928891368
"[[1], [2, 3, 4]]",0.9711122724526633
"[[1], [2, 3, 4]]",0.9760049902807129
"[[4], [1, 2, 3]]",0.9801204553117866
"[[4], [1, 2, 3]]",0.982029653357726
"[[4], [1, 2, 3]]",0.9821198125031109
"[[4], [1, 2, 3]]",0.9815186920336344
"[[4], [1, 2, 3]]",0.981141322694328
"[[4], [1, 2, 3]]",0.981027554437053
"[[4], [1, 2, 3]]",0.9810185516016207
"[[4], [1, 2, 3]]",0.9810247889496264
"[[4], [1, 2, 3]]",0.9810439865783978
"[[4], [1, 2, 3]]",0.981044122382053
"[[4], [1, 2, 3]]",0.98104549309351
"[[4], [1, 2, 3]]",0.9810292339619089
"[[4], [1, 2, 3]]",0.980985277544071
"[[4], [1, 2, 3]]",0.9809041879226073
"[[4], [1, 2, 3]]",0.9808657287386424
"[[4], [1, 2, 3]]",0.9807703577336455
"[[4], [1, 2, 3]]",0.9807256408854713
"[[4], [1, 2, 3]]",0.9807204764065166
"[[4], [1, 2, 3]]",0.980746032136625
"[[4], [1, 2, 3]]",0.9807498627470621
"[[4], [1, 2, 3]]",0.9801427266804074
"[[4], [1, 2, 3]]",0.9776851297687736
"[[1], [2, 3, 4]]",0.9764469789541383
"[[1], [2, 3, 4]]",0.974224996561563
"[[1], [2, 3, 4]]",0.9739491179853863
"[[1], [2, 3, 4]]",0.9739157976929902
"[[1], [2, 3, 4]]",0.9742693254048873
"[[1], [2, 3, 4]]",0.9742370796774367
"[[1], [2, 3, 4]]",0.9742044753006078
"[[1], [2, 3, 4]]",0.9741414445827283
"[[1], [2, 3, 4]]",0.974161424467765
"[[1], [2, 3, 4]]",0.974141490968095
"[[1], [2, 3, 4]]",0.9741497679651656
"[[1], [2, 3, 4]]",0.9741755847979043
"[[1], [2, 3, 4]]",0.9741565189387626
"[[1], [2, 3, 4]]",0.9741571569053521
"[[1], [2, 3, 4]]",0.9741680606356544
"[[1], [2, 3, 4]]",0.9741371159488479
"[[1], [2, 3, 4]]",0.9741043991074938
"[[1], [2, 3, 4]]",0.9740955155300703
"[[1], [2, 3, 4]]",0.9743996327728466
"[[1], [2, 3, 4]]",0.9744063833089692
"[[1], [2, 3, 4]]",0.9744062395216371
"[[1], [2, 3, 4]]",0.9745183144156623
"[[1], [2, 3, 4]]",0.9744527454666208
"[[1], [2, 3, 4]]",0.9745253326434102
"[[1], [2, 3, 4]]",0.9754601045314615
"[[1], [2, 3, 4]]",0.9752771565908775
"[[1], [2, 3, 4]]",0.9757060107504681
"[[1], [2, 3, 4]]",0.9759116570052866
"[[1], [2, 3, 4]]",0.9757115744144003
"[[1], [2, 3, 4]]",0.9760950547568178
"[[1], [2, 3, 4]]",0.9763200823074083
"[[1], [2, 3, 4]]",0.9764298915174476
"[[1], [2, 3, 4]]",0.9764430012314318
"[[1], [2, 3, 4]]",0.9764218743445228
"[[1], [2, 3, 4]]",0.9763869356920507
"[[1], [2, 3, 4]]",0.9763529601779617
"[[1], [2, 3, 4]]",0.9763093625681483
"[[1], [2, 3, 4]]",0.9763035944840144
"[[1], [2, 3, 4]]",0.9763225286518715
"[[1], [2, 3, 4]]",0.9763144494930505
"[[1], [2, 3, 4]]",0.9763566563699108
"[[1], [2, 3, 4]]",0.9763974223665771
"[[1], [2, 3, 4]]",0.9764289746139144
"[[1], [2, 3, 4]]",0.9764445475930766
"[[1], [2, 3, 4]]",0.9764445234783017
"[[1], [2, 3, 4]]",0.9765755604821108
"[[4], [1, 2, 3]]",0.9771932812909797
"[[4], [1, 2, 3]]",0.9797737534263902
"[[4], [1, 2, 3]]",0.9825973583339163
"[[4], [1, 2, 3]]",0.9848984648001264
"[[4], [1, 2, 3]]",0.9852012935776837
"[[4], [1, 2, 3]]",0.985236384468454
"[[4], [1, 2, 3]]",0.9851189856585505
"[[4], [1, 2, 3]]",0.9851581698147232
"[[4], [1, 2, 3]]",0.9853133337435066
"[[4], [1, 2, 3]]",0.9855580488604474
"[[4], [1, 2, 3]]",0.9855677370458942
"[[4], [1, 2, 3]]",0.9855688544184724
"[[4], [1, 2, 3]]",0.9855591858729686
"[[4], [1, 2, 3]]",0.985482556981822
"[[4], [1, 2, 3]]",0.9852654020420086
"[[4], [1, 2, 3]]",0.9852063695464757
"[[4], [1, 2, 3]]",0.9850925045603042
"[[4], [1, 2, 3]]",0.9849657760236592
"[[4], [1, 2, 3]]",0.9848386730151639
"[[4], [1, 2, 3]]",0.9847934743333533
"[[4], [1, 2, 3]]",0.9848225887736933
"[[4], [1, 2, 3]]",0.9848104344929953
"[[4], [1, 2, 3]]",0.984646692740627
"[[4], [1, 2, 3]]",0.9845436288177833
"[[4], [1, 2, 3]]",0.9831632576651547
"[[4], [1, 2, 3]]",0.9805816292481315
"[[4], [1, 2, 3]]",0.9781614216820735
"[[4], [1, 2, 3]]",0.9766655560789164
"[[4], [1, 2, 3]]",0.97622777691649
"[[4], [1, 2, 3]]",0.9761624927930769
"[[4], [1, 2, 3]]",0.976427557600394
"[[4], [1, 2, 3]]",0.9766613434881297
"[[4], [1, 2, 3]]",0.9768871521308555
"[[4], [1, 2, 3]]",0.9769317583155215
"[[4], [1, 2, 3]]",0.9769314247976875
"[[4], [1, 2, 3]]",0.9769394906935871
"[[4], [1, 2, 3]]",0.9769442569909288
"[[4], [1, 2, 3]]",0.9769749318091426
"[[4], [1, 2, 3]]",0.976984250908123
"[[4], [1, 2, 3]]",0.9769590160857109
"[[4], [1, 2, 3]]",0.9769323288956044
"[[4], [1, 2, 3]]",0.9771375894066548
"[[4], [1, 2, 3]]",0.9771590388295113
"[[4], [1, 2, 3]]",0.9773111508054422
"[[4], [1, 2, 3]]",0.9776080905808242
"[[4], [1, 2, 3]]",0.9775253593644824
"[[4], [1, 2, 3]]",0.9773119806524122
"[[4], [1, 2, 3]]",0.9772648563272675
"[[4], [1, 2, 3]]",0.9769911032330916
"[[4], [1, 2, 3]]",0.9777117711811589
"[[4], [1, 2, 3]]",0.9796776771991353
"[[4], [1, 2, 3]]",0.9797984755333251
"[[4], [1, 2, 3]]",0.9798141778289586
"[[4], [1, 2, 3]]",0.979916994031558
"[[4], [1, 2, 3]]",0.9801624539251443
"[[4], [1, 2, 3]]",0.981092110944052
"[[4], [1, 2, 3]]",0.9816950588425436
"[[4], [1, 2, 3]]",0.981825731669882
"[[4], [1, 2, 3]]",0.9818782528484702
"[[4], [1, 2, 3]]",0.9818999942269675
"[[4], [1, 2, 3]]",0.9819796441933587
"[[4], [1, 2, 3]]",0.9822168513596685
"[[4], [1, 2, 3]]",0.9827127343152424
"[[4], [1, 2, 3]]",0.9829374109425086
"[[4], [1, 2, 3]]",0.9832826405093129
"[[4], [1, 2, 3]]",0.9839009549816914
"[[4], [1, 2, 3]]",0.9845013348926916
"[[4], [1, 2, 3]]",0.9849156016084071
"[[4], [1, 2, 3]]",0.9850569234087814
"[[4], [1, 2, 3]]",0.9850672463060434
"[[4], [1, 2, 3]]",0.9850970611945407
"[[4], [1, 2, 3]]",0.9850841724217968
"[[4], [1, 2, 3]]",0.9864181606573058
"[[4], [1, 2, 3]]",0.9894951394243137
"[[4], [1, 2, 3]]",0.9905754485957345
"[[4], [1, 2, 3]]",0.9915906071622272
"[[4], [1, 2, 3]]",0.9915741316864779
"[[4], [1, 2, 3]]",0.9915639947993014
"[[4], [1, 2, 3]]",0.9907788853191701
"[[4], [1, 2, 3]]",0.9896533938208601
"[[4], [1, 2, 3]]",0.9886238085221546
"[[4], [1, 2, 3]]",0.9884880406247449
"[[4], [1, 2, 3]]",0.9885143033764665
"[[4], [1, 2, 3]]",0.9885398145010474
"[[4], [1, 2, 3]]",0.9885962367402261
"[[4], [1, 2, 3]]",0.9885976401548304
"[[4], [1, 2, 3]]",0.9886604930163221
"[[4], [1, 2, 3]]",0.9887323596390367
"[[4], [1, 2, 3]]",0.9888366507113651
"[[4], [1, 2, 3]]",0.9888309508973885
"[[4], [1, 2, 3]]",0.9889024972830296
"[[4], [1, 2, 3]]",0.9888259789570224
"[[4], [1, 2, 3]]",0.9886415212038331
"[[4], [1, 2, 3]]",0.9884561530370988
"[[4], [1, 2, 3]]",0.9885395145700271
"[[4], [1, 2, 3]]",0.9887240016357604
"[[4], [1, 2, 3]]",0.9893240326196712
"[[4], [1, 2, 3]]",0.9894112471024553
"[[4], [1, 2, 3]]",0.9890818770626186
"[[4], [1, 2, 3]]",0.9891226363614751
"[[4], [1, 2, 3]]",0.9891931913314365
"[[4], [1, 2, 3]]",0.9891988685397104
"[[4], [1, 2, 3]]",0.9883274969684431
"[[4], [1, 2, 3]]",0.9874773415995309
"[[4], [1, 2, 3]]",0.9867445157677586
"[[4], [1, 2, 3]]",0.9866864446775749
"[[4], [1, 2, 3]]",0.9866967442270212
"[[4], [1, 2, 3]]",0.9867128054679091
"[[4], [1, 2, 3]]",0.9867054959384507
"[[4], [1, 2, 3]]",0.9867958067348053
"[[4], [1, 2, 3]]",0.986873170953593
"[[4], [1, 2, 3]]",0.986920383550744
"[[4], [1, 2, 3]]",0.9869552712731602
"[[4], [1, 2, 3]]",0.9869287040908168
"[[4], [1, 2, 3]]",0.9868797822321382
"[[4], [1, 2, 3]]",0.9868458109623695
"[[4], [1, 2, 3]]",0.9867730048069621
"[[4], [1, 2, 3]]",0.9867832414647144
"[[4], [1, 2, 3]]",0.9867539120302167
"[[4], [1, 2, 3]]",0.9867284046382634
"[[4], [1, 2, 3]]",0.9861781816259805
"[[4], [1, 2, 3]]",0.9844438416121426
"[[4], [1, 2, 3]]",0.9839778847021681
"[[4], [1, 2, 3]]",0.9843809655064044
"[[4], [1, 2, 3]]",0.9846754549177967
"[[4], [1, 2, 3]]",0.9846761313590557
"[[4], [1, 2, 3]]",0.9849368635716567
"[[4], [1, 2, 3]]",0.9852901464293431
"[[4], [1, 2, 3]]",0.9857933456711054
"[[4], [1, 2, 3]]",0.9858299538539579
"[[4], [1, 2, 3]]",0.9858420768286398
"[[4], [1, 2, 3]]",0.9858597735986171
"[[4], [1, 2, 3]]",0.9858543244361964
"[[4], [1, 2, 3]]",0.9858213031442362
"[[4], [1, 2, 3]]",0.98580409905261
"[[4], [1, 2, 3]]",0.9858343770785027
"[[4], [1, 2, 3]]",0.9858547239130511
"[[4], [1, 2, 3]]",0.9856960256039105
"[[4], [1, 2, 3]]",0.9856301987840435
"[[4], [1, 2, 3]]",0.9856188056160733
"[[4], [1, 2, 3]]",0.9855571109268275
"[[4], [1, 2, 3]]",0.9854472337664788
"[[4], [1, 2, 3]]",0.9854276975104697
"[[4], [1, 2, 3]]",0.9853352779286905
"[[4], [1, 2, 3]]",0.9850734070622269
"[[4], [1, 2, 3]]",0.9850390900824582
"[[4], [1, 2, 3]]",0.9852941887178759
"[[4], [1, 2, 3]]",0.985425655058517
"[[4], [1, 2, 3]]",0.9854221391928181
"[[4], [1, 2, 3]]",0.9854204988570792
"[[4], [1, 2, 3]]",0.985769783694392
"[[4], [1, 2, 3]]",0.9859089773189235
"[[4], [1, 2, 3]]",0.9861362440721491
"[[4], [1, 2, 3]]",0.9861486077182133
"[[4], [1, 2, 3]]",0.9861107518784877
"[[4], [1, 2, 3]]",0.9861287448622518
"[[4], [1, 2, 3]]",0.9861308174029184
"[[4], [1, 2, 3]]",0.9861156430120137
"[[4], [1, 2, 3]]",0.9861274381201129
"[[4], [1, 2, 3]]",0.986115374201903
"[[4], [1, 2, 3]]",0.9860974049702338
"[[4], [1, 2, 3]]",0.9860009023761951
"[[4], [1, 2, 3]]",0.9859347220225951
"[[4], [1, 2, 3]]",0.985902391810586
"[[4], [1, 2, 3]]",0.9857974919348116
"[[4], [1, 2, 3]]",0.9857534540609718
"[[4], [1, 2, 3]]",0.9857951960128676
"[[4], [1, 2, 3]]",0.985850739403719
"[[4], [1, 2, 3]]",0.986429896039771
"[[4], [1, 2, 3]]",0.9876239644904837
"[[4], [1, 2, 3]]",0.9881111035693666
"[[4], [1, 2, 3]]",0.9881639123379622
"[[4], [1, 2, 3]]",0.9880205197737488
"[[4], [1, 2, 3]]",0.9880184967839339
"[[4], [1, 2, 3]]",0.9877771140629903
"[[4], [1, 2, 3]]",0.9874631387374184
"[[4], [1, 2, 3]]",0.9870455880154769
"[[4], [1, 2, 3]]",0.9870257320157008
"[[4], [1, 2, 3]]",0.9870222527305661
"[[4], [1, 2, 3]]",0.9870322546831021
"[[4], [1, 2, 3]]",0.987040485685005
"[[4], [1, 2, 3]]",0.9870320824707284
"[[4], [1, 2, 3]]",0.987019565196219
"[[4], [1, 2, 3]]",0.9869893782242771
"[[4], [1, 2, 3]]",0.9869641140836161
"[[4], [1, 2, 3]]",0.987054948201803
"[[4], [1, 2, 3]]",0.9870834603729863
"[[4], [1, 2, 3]]",0.9870911531426263
"[[4], [1, 2, 3]]",0.987143127533278
"[[4], [1, 2, 3]]",0.9871403812967212
"[[4], [1, 2, 3]]",0.9868663219304086
"[[4], [1, 2, 3]]",0.9860211119290028
"[[4], [1, 2, 3]]",0.9836002874006465
"[[4], [1, 2, 3]]",0.9794211091735905
"[[1], [2, 3, 4]]",0.9755422319138238
"[[1], [2, 3, 4]]",0.9723828443629814
"[[1], [2, 3, 4]]",0.9703422876349959
"[[1], [2, 3, 4]]",0.9699117581063506
"[[1], [2, 3, 4]]",0.9701008177450094
"[[1], [2, 3, 4]]",0.9707226933095077
"[[1], [2, 3, 4]]",0.9712693121440272
"[[1], [2, 3, 4]]",0.9712776266011627
"[[1], [2, 3, 4]]",0.9713218321416626
"[[1], [2, 3, 4]]",0.9712426726040613
"[[1], [2, 3, 4]]",0.9712317694933417
"[[1], [2, 3, 4]]",0.9713172552376652
"[[1], [2, 3, 4]]",0.971324858270886
"[[1], [2, 3, 4]]",0.971401544638695
"[[1], [2, 3, 4]]",0.9715334056422241
"[[1], [2, 3, 4]]",0.9718568070457159
"[[1], [2, 3, 4]]",0.9721825252780574
"[[1], [2, 3, 4]]",0.972430842102484
"[[1], [2, 3, 4]]",0.9729156389096116
"[[1], [2, 3, 4]]",0.9730673162292308
"[[1], [2, 3, 4]]",0.9728626982291555
"[[1], [2, 3, 4]]",0.9725257735707169
"[[1], [2, 3, 4]]",0.9724650086346294
"[[1], [2, 3, 4]]",0.9728933692846908
"[[1], [2, 3, 4]]",0.9760526212697331
"[[1], [2, 3, 4]]",0.9761807813304952
"[[1], [2, 3, 4]]",0.9761300742165703
"[[1], [2, 3, 4]]",0.9759432023963923
"[[4], [1, 2, 3]]",0.9767422473608178
"[[4], [1, 2, 3]]",0.9782225224463035
"[[4], [1, 2, 3]]",0.9798427536704986
"[[4], [1, 2, 3]]",0.9803017476825687
"[[4], [1, 2, 3]]",0.9807404209983399
"[[4], [1, 2, 3]]",0.9809686319179065
"[[4], [1, 2, 3]]",0.9812767133758871
"[[4], [1, 2, 3]]",0.9817039346712341
"[[4], [1, 2, 3]]",0.981935266423465
"[[4], [1, 2, 3]]",0.9821429284808527
"[[4], [1, 2, 3]]",0.9824697062911697
"[[4], [1, 2, 3]]",0.9827712331401988
"[[4], [1, 2, 3]]",0.9830680845784879
"[[4], [1, 2, 3]]",0.983213926605707
"[[4], [1, 2, 3]]",0.9832481133209747
"[[4], [1, 2, 3]]",0.9831870312603537
"[[4], [1, 2, 3]]",0.9831339979129485
"[[4], [1, 2, 3]]",0.983401525410601
"[[4], [1, 2, 3]]",0.9855296525119763
"[[4], [1, 2, 3]]",0.9894902800446905
"[[4], [1, 2, 3]]",0.9924244129281874
"[[4], [1, 2, 3]]",0.9949171758052613
"[[4], [1, 2, 3]]",0.9962564166075945
"[[4], [1, 2, 3]]",0.9963257822164926
"[[4], [1, 2, 3]]",0.9961759397893668
"[[4], [1, 2, 3]]",0.9957685327722811
"[[4], [1, 2, 3]]",0.9954822016169544
"[[4], [1, 2, 3]]",0.9954587997046505
"[[4], [1, 2, 3]]",0.9954636417389303
"[[4], [1, 2, 3]]",0.9954748116565952
"[[4], [1, 2, 3]]",0.9954893334053092
"[[4], [1, 2, 3]]",0.9955132025483225
"[[4], [1, 2, 3]]",0.9954685461990445
"[[4], [1, 2, 3]]",0.9954804929278297
"[[4], [1, 2, 3]]",0.9955249349094764
"[[4], [1, 2, 3]]",0.995496080665007
"[[4], [1, 2, 3]]",0.9954796384924205
"[[4], [1, 2, 3]]",0.9955012091206179
"[[4], [1, 2, 3]]",0.9954733167495469
"[[4], [1, 2, 3]]",0.9954299178141992
"[[4], [1, 2, 3]]",0.9955062084636985
"[[4], [1, 2, 3]]",0.9957061161763823
"[[4], [1, 2, 3]]",0.9956995360421681
"[[4], [1, 2, 3]]",0.9955831527025124
"[[4], [1, 2, 3]]",0.9941106016371091
"[[4], [1, 2, 3]]",0.9941495316662083
"[[4], [1, 2, 3]]",0.9942149789874095
"[[4], [1, 2, 3]]",0.9942888841991935
"[[4], [1, 2, 3]]",0.9939222491318749
"[[4], [1, 2, 3]]",0.993599476195034
"[[4], [1, 2, 3]]",0.9932889187966545
"[[4], [1, 2, 3]]",0.9932314645929669
"[[4], [1, 2, 3]]",0.993224099085785
"[[4], [1, 2, 3]]",0.9932350599607325
"[[4], [1, 2, 3]]",0.9932423920604074
"[[4], [1, 2, 3]]",0.9932623219654004
"[[4], [1, 2, 3]]",0.9932839219522159
"[[4], [1, 2, 3]]",0.993295189885455
"[[4], [1, 2, 3]]",0.9933217005417279
"[[4], [1, 2, 3]]",0.9933504706301706
"[[4], [1, 2, 3]]",0.9933830774027752
"[[4], [1, 2, 3]]",0.9934035391424273
"[[4], [1, 2, 3]]",0.9934049419167523
"[[4], [1, 2, 3]]",0.9934064923218205
"[[4], [1, 2, 3]]",0.9933875425589815
"[[4], [1, 2, 3]]",0.9932872273252871
"[[4], [1, 2, 3]]",0.9933339590143143
"[[4], [1, 2, 3]]",0.9934835038339918
"[[4], [1, 2, 3]]",0.9945093372804885
"[[4], [1, 2, 3]]",0.9947102053591723
"[[4], [1, 2, 3]]",0.9947814106774295
"[[4], [1, 2, 3]]",0.9947906309055086
"[[4], [1, 2, 3]]",0.9945941715036889
"[[4], [1, 2, 3]]",0.9945682954872976
"[[4], [1, 2, 3]]",0.9945580893348825
"[[4], [1, 2, 3]]",0.994527237577761
"[[4], [1, 2, 3]]",0.9945497490908675
"[[4], [1, 2, 3]]",0.9945645257636834
"[[4], [1, 2, 3]]",0.9945675240130938
"[[4], [1, 2, 3]]",0.9945705174213249
"[[4], [1, 2, 3]]",0.9945740856321788
"[[4], [1, 2, 3]]",0.9945745376078041
"[[4], [1, 2, 3]]",0.9945764751018448
"[[4], [1, 2, 3]]",0.9945968424418561
"[[4], [1, 2, 3]]",0.9945971186554616
"[[4], [1, 2, 3]]",0.9945901982606127
"[[4], [1, 2, 3]]",0.9945909494530263
"[[4], [1, 2, 3]]",0.9945956423852311
"[[4], [1, 2, 3]]",0.9945614028826273
"[[4], [1, 2, 3]]",0.9944509646700521
"[[4], [1, 2, 3]]",0.994169516646403
"[[4], [1, 2, 3]]",0.994187353063269
"[[4], [1, 2, 3]]",0.9950414493360187
"[[4], [1, 2, 3]]",0.9944441468418879
"[[4], [1, 2, 3]]",0.9943403056894049
"[[4], [1, 2, 3]]",0.994252213317368
"[[4], [1, 2, 3]]",0.9944659888110752
"[[4], [1, 2, 3]]",0.9946475724097903
"[[4], [1, 2, 3]]",0.9948724866681868
"[[4], [1, 2, 3]]",0.9949097176043122
"[[4], [1, 2, 3]]",0.9948948292851039
"[[4], [1, 2, 3]]",0.9948646041320875
"[[4], [1, 2, 3]]",0.9948561818213144
"[[4], [1, 2, 3]]",0.9948408528796944
"[[4], [1, 2, 3]]",0.9948459409417247
"[[4], [1, 2, 3]]",0.9948374638839101
"[[4], [1, 2, 3]]",0.9948129709409411
"[[4], [1, 2, 3]]",0.9947481040965336
"[[4], [1, 2, 3]]",0.9947116655253334
"[[4], [1, 2, 3]]",0.99469129510521
"[[4], [1, 2, 3]]",0.9946753625268776
"[[4], [1, 2, 3]]",0.9946757606129573
"[[4], [1, 2, 3]]",0.9946025007180626
"[[4], [1, 2, 3]]",0.9945818783566582
"[[4], [1, 2, 3]]",0.9942220620687001
"[[4], [1, 2, 3]]",0.9937696127836868
"[[4], [1, 2, 3]]",0.9906296289603391
"[[4], [1, 2, 3]]",0.9901220573304583
"[[4], [1, 2, 3]]",0.9901923274535611
"[[4], [1, 2, 3]]",0.9903380528339079
"[[4], [1, 2, 3]]",0.9908158354170238
"[[4], [1, 2, 3]]",0.991178453712958
"[[4], [1, 2, 3]]",0.9915681839840313
"[[4], [1, 2, 3]]",0.9917272227796956
"[[4], [1, 2, 3]]",0.9917888761092322
"[[4], [1, 2, 3]]",0.9917924101700473
"[[4], [1, 2, 3]]",0.9917927328100085
"[[4], [1, 2, 3]]",0.9918231556424619
"[[4], [1, 2, 3]]",0.9918071671359701
"[[4], [1, 2, 3]]",0.9918077079335772
"[[4], [1, 2, 3]]",0.9918083705085923
"[[4], [1, 2, 3]]",0.9918035971626478
"[[4], [1, 2, 3]]",0.9917370394370744
"[[4], [1, 2, 3]]",0.9916081360695167
"[[4], [1, 2, 3]]",0.9915816961724082
"[[4], [1, 2, 3]]",0.9916489008241498
"[[4], [1, 2, 3]]",0.9916483518997776
"[[4], [1, 2, 3]]",0.9916309263828496
"[[4], [1, 2, 3]]",0.9918202320609166
"[[4], [1, 2, 3]]",0.9917827062758189
"[[4], [1, 2, 3]]",0.9919410902127735
"[[4], [1, 2, 3]]",0.9921258598622936
"[[4], [1, 2, 3]]",0.9920541161009204
"[[4], [1, 2, 3]]",0.9919681329030439
"[[4], [1, 2, 3]]",0.9919919078053794
"[[4], [1, 2, 3]]",0.9921672821735634
"[[4], [1, 2, 3]]",0.992222005378655
"[[4], [1, 2, 3]]",0.9922291106175427
"[[4], [1, 2, 3]]",0.992213264664795
"[[4], [1, 2, 3]]",0.9921828755012883
"[[4], [1, 2, 3]]",0.9921583434141333
"[[4], [1, 2, 3]]",0.9921472811796501
"[[4], [1, 2, 3]]",0.9920928849797286
"[[4], [1, 2, 3]]",0.9919877085674121
"[[4], [1, 2, 3]]",0.991775593360628
"[[4], [1, 2, 3]]",0.9916442690062368
"[[4], [1, 2, 3]]",0.9913193248930801
"[[4], [1, 2, 3]]",0.9910845670092202
"[[4], [1, 2, 3]]",0.9911009929043695
"[[4], [1, 2, 3]]",0.9911445729179864
"[[4], [1, 2, 3]]",0.9879218103766644
"[[4], [1, 2, 3]]",0.9826693059207903
"[[4], [1, 2, 3]]",0.9776000887474272
"[[1], [2, 3, 4]]",0.9725765050638187
"[[1], [2, 3, 4]]",0.9703876366305424
"[[1], [2, 3, 4]]",0.9654088249729191
"[[1], [2, 3, 4]]",0.9599360917766089
"[[1], [2, 3, 4]]",0.9548428802480066
"[[1], [2, 3, 4]]",0.9548271333822784
"[[1], [2, 3, 4]]",0.9550414764505244
"[[1], [2, 3, 4]]",0.9551331267132133
"[[1], [2, 3, 4]]",0.955160220604423
"[[1], [2, 3, 4]]",0.9551860121670008
"[[1], [2, 3, 4]]",0.9552130186939547
"[[1], [2, 3, 4]]",0.9552911333600994
"[[1], [2, 3, 4]]",0.9553368182717934
"[[1], [2, 3, 4]]",0.9553965855257741
"[[1], [2, 3, 4]]",0.9554372862832745
"[[1], [2, 3, 4]]",0.9554343720822563
"[[1], [2, 3, 4]]",0.955272190310192
"[[1], [2, 3, 4]]",0.9551467738071101
"[[1], [2, 3, 4]]",0.9549559368233237
"[[1], [2, 3, 4]]",0.9547257298381656
"[[1], [2, 3, 4]]",0.954297721575353
"[[1], [2, 3, 4]]",0.9542563770859305
"[[1], [2, 3, 4]]",0.9543150083552848
"[[1], [2, 3, 4]]",0.9528295260157691
"[[1], [2, 3, 4]]",0.9514824891546316
"[[1], [2, 3, 4]]",0.9485781661837605
"[[1], [2, 3, 4]]",0.948448249691236
"[[1], [2, 3, 4]]",0.948197814918662
"[[1], [2, 3, 4]]",0.9481249714351767
"[[1], [2, 3, 4]]",0.948171160271678
"[[1], [2, 3, 4]]",0.9477903913626755
"[[1], [2, 3, 4]]",0.9476887401691123
"[[1], [2, 3, 4]]",0.9476872498193405
"[[1], [2, 3, 4]]",0.9477389780631622
"[[1], [2, 3, 4]]",0.9476399341072359
"[[1], [2, 3, 4]]",0.9476057708264185
"[[1], [2, 3, 4]]",0.9476958252089547
"[[1], [2, 3, 4]]",0.9478385494256787
"[[1], [2, 3, 4]]",0.9480559175145438
"[[1], [2, 3, 4]]",0.9483580706195727
"[[1], [2, 3, 4]]",0.9487140554413038
"[[1], [2, 3, 4]]",0.9491966285464447
"[[1], [2, 3, 4]]",0.9495907246632405
"[[1], [2, 3, 4]]",0.9497336655045912
"[[1], [2, 3, 4]]",0.9497122548885034
"[[1], [2, 3, 4]]",0.9531713205464325
"[[1], [2, 3, 4]]",0.9585272165943985
"[[1], [2, 3, 4]]",0.9638700264737879
"[[1], [2, 3, 4]]",0.9692006405413969
"[[1], [2, 3, 4]]",0.974231403912674
"[[4], [1, 2, 3]]",0.9794544105670775
"[[4], [1, 2, 3]]",0.9846061152501568
"[[4], [1, 2, 3]]",0.989259150912636
"[[4], [1, 2, 3]]",0.9893028166390803
"[[4], [1, 2, 3]]",0.9892964966808668
"[[4], [1, 2, 3]]",0.9892915219865637
"[[4], [1, 2, 3]]",0.9892658179326284
"[[4], [1, 2, 3]]",0.9892449939168833
"[[4], [1, 2, 3]]",0.9892052676693817
"[[4], [1, 2, 3]]",0.9891943952544318
"[[4], [1, 2, 3]]",0.9891928508624493
"[[4], [1, 2, 3]]",0.9892039245769839
"[[4], [1, 2, 3]]",0.9892291868275196
"[[4], [1, 2, 3]]",0.9892600823241677
"[[4], [1, 2, 3]]",0.9894462630112131
"[[4], [1, 2, 3]]",0.9896468024071463
"[[4], [1, 2, 3]]",0.9899808531523773
"[[4], [1, 2, 3]]",0.9903033370043355
"[[4], [1, 2, 3]]",0.9907866831107055
"[[4], [1, 2, 3]]",0.99085569754659
"[[4], [1, 2, 3]]",0.9908432948086848
"[[4], [1, 2, 3]]",0.9922559192278029
"[[4], [1, 2, 3]]",0.993615075298748
"[[4], [1, 2, 3]]",0.9953013839631242
"[[4], [1, 2, 3]]",0.9955527885247202
"[[4], [1, 2, 3]]",0.9956981762315279
"[[4], [1, 2, 3]]",0.9956778368509824
"[[4], [1, 2, 3]]",0.9956968699429578
"[[4], [1, 2, 3]]",0.9960757658501576
"[[4], [1, 2, 3]]",0.9962504794470358
"[[4], [1, 2, 3]]",0.9963098420145762
"[[4], [1, 2, 3]]",0.9963678477384553
"[[4], [1, 2, 3]]",0.9965055404153139
"[[4], [1, 2, 3]]",0.9965788738634382
"[[4], [1, 2, 3]]",0.9965876257709898
"[[4], [1, 2, 3]]",0.996451812079191
"[[4], [1, 2, 3]]",0.9964480370873097
"[[4], [1, 2, 3]]",0.9964347748018572
"[[4], [1, 2, 3]]",0.9963078448000318
"[[4], [1, 2, 3]]",0.9962888836042713
"[[4], [1, 2, 3]]",0.9963038866104992
"[[4], [1, 2, 3]]",0.9962919836402242
"[[4], [1, 2, 3]]",0.9962785999248831
"[[4], [1, 2, 3]]",0.9962829540424892
"[[4], [1, 2, 3]]",0.9965478024116586
"[[4], [1, 2, 3]]",0.9967370413164054
"[[4], [1, 2, 3]]",0.9966946258689919
"[[4], [1, 2, 3]]",0.9965125903148768
"[[4], [1, 2, 3]]",0.9965274573289225
"[[4], [1, 2, 3]]",0.9965215756456955
"[[4], [1, 2, 3]]",0.9965311067910148
"[[4], [1, 2, 3]]",0.9965743504925338
"[[4], [1, 2, 3]]",0.9960906811690389
"[[4], [1, 2, 3]]",0.9960462709861437
"[[4], [1, 2, 3]]",0.9960350622217983
"[[4], [1, 2, 3]]",0.9960296821488112
"[[4], [1, 2, 3]]",0.9960298194145015
"[[4], [1, 2, 3]]",0.9960333682013705
"[[4], [1, 2, 3]]",0.996038672706205
"[[4], [1, 2, 3]]",0.9960567990256932
"[[4], [1, 2, 3]]",0.9960361397144721
"[[4], [1, 2, 3]]",0.9959884163793051
"[[4], [1, 2, 3]]",0.9959006739219993
"[[4], [1, 2, 3]]",0.9958476883816514
"[[4], [1, 2, 3]]",0.9958329519375579
"[[4], [1, 2, 3]]",0.9958257648060256
"[[4], [1, 2, 3]]",0.9958207823268406
"[[4], [1, 2, 3]]",0.9958241463064506
"[[4], [1, 2, 3]]",0.9958280143907206
"[[4], [1, 2, 3]]",0.9957602918095857
"[[4], [1, 2, 3]]",0.9956575026289511
"[[4], [1, 2, 3]]",0.9958289844122018
"[[4], [1, 2, 3]]",0.9958304300529923
"[[4], [1, 2, 3]]",0.9959360586476601
"[[4], [1, 2, 3]]",0.996065710479566
"[[4], [1, 2, 3]]",0.9960202399479172
"[[4], [1, 2, 3]]",0.9956144463978712
"[[4], [1, 2, 3]]",0.9955494018695664
"[[4], [1, 2, 3]]",0.99547547979701
"[[4], [1, 2, 3]]",0.9954503176647871
"[[4], [1, 2, 3]]",0.9954329929230418
"[[4], [1, 2, 3]]",0.9953532563321754
"[[4], [1, 2, 3]]",0.9953229868283788
"[[4], [1, 2, 3]]",0.995382537807355
"[[4], [1, 2, 3]]",0.9953419703110186
"[[4], [1, 2, 3]]",0.9952676700370562
"[[4], [1, 2, 3]]",0.9953227801898226
"[[4], [1, 2, 3]]",0.9953152919087969
"[[4], [1, 2, 3]]",0.9953056210827063
"[[4], [1, 2, 3]]",0.995276499492683
"[[4], [1, 2, 3]]",0.9952730460153639
"[[4], [1, 2, 3]]",0.9952725638906132
"[[4], [1, 2, 3]]",0.9952586884314212
"[[4], [1, 2, 3]]",0.9950133341721699
"[[4], [1, 2, 3]]",0.9943375453545749
"[[4], [1, 2, 3]]",0.9906298339206248
"[[4], [1, 2, 3]]",0.9897291532244403
"[[4], [1, 2, 3]]",0.989385766673968
"[[4], [1, 2, 3]]",0.9892037014864179
"[[4], [1, 2, 3]]",0.9892247923679026
"[[4], [1, 2, 3]]",0.9895369563130465
"[[4], [1, 2, 3]]",0.9893418444156427
"[[4], [1, 2, 3]]",0.9892682625714941
"[[4], [1, 2, 3]]",0.9892523626663949
"[[4], [1, 2, 3]]",0.9892308094055724
"[[4], [1, 2, 3]]",0.9891914452849355
"[[4], [1, 2, 3]]",0.9891464282326503
"[[4], [1, 2, 3]]",0.9890501749830092
"[[4], [1, 2, 3]]",0.9889293557767831
"[[4], [1, 2, 3]]",0.9888458868564294
"[[4], [1, 2, 3]]",0.9887784360847272
"[[4], [1, 2, 3]]",0.9887255234838574
"[[4], [1, 2, 3]]",0.9886857595743281
"[[4], [1, 2, 3]]",0.9886613707728464
"[[4], [1, 2, 3]]",0.9885924181055483
"[[4], [1, 2, 3]]",0.9885886712676937
"[[4], [1, 2, 3]]",0.9885769053223344
"[[4], [1, 2, 3]]",0.9886990102901612
"[[4], [1, 2, 3]]",0.9882007428606201
"[[4], [1, 2, 3]]",0.9889671054772585
"[[4], [1, 2, 3]]",0.9886027615713919
"[[4], [1, 2, 3]]",0.988492526341563
"[[4], [1, 2, 3]]",0.9884820495080426
"[[4], [1, 2, 3]]",0.9884596237808017
"[[4], [1, 2, 3]]",0.9887840363592154
"[[4], [1, 2, 3]]",0.988450521387802
"[[4], [1, 2, 3]]",0.9883571564987437
"[[4], [1, 2, 3]]",0.9883423352795229
"[[4], [1, 2, 3]]",0.9883583327538721
"[[4], [1, 2, 3]]",0.9884287841708128
"[[4], [1, 2, 3]]",0.9884614845405147
"[[4], [1, 2, 3]]",0.9885693962841577
"[[4], [1, 2, 3]]",0.9886387971983376
"[[4], [1, 2, 3]]",0.9886013496258342
"[[4], [1, 2, 3]]",0.988754085887479
"[[4], [1, 2, 3]]",0.9888715068483938
"[[4], [1, 2, 3]]",0.988948811131535
"[[4], [1, 2, 3]]",0.9890276162097433
"[[4], [1, 2, 3]]",0.9889489210389228
"[[4], [1, 2, 3]]",0.9888269159488281
"[[4], [1, 2, 3]]",0.9880173711458409
"[[4], [1, 2, 3]]",0.9882915088323789
"[[4], [1, 2, 3]]",0.9892216220123091
"[[4], [1, 2, 3]]",0.9933014358496155
"[[4], [1, 2, 3]]",0.994219548474266
"[[4], [1, 2, 3]]",0.9945302577668345
"[[4], [1, 2, 3]]",0.9942392394557029
"[[4], [1, 2, 3]]",0.9935120709099909
"[[4], [1, 2, 3]]",0.9928295400064986
"[[4], [1, 2, 3]]",0.9922554897652304
"[[4], [1, 2, 3]]",0.9916676794586445
"[[4], [1, 2, 3]]",0.9915159660898835
"[[4], [1, 2, 3]]",0.991512430068282
"[[4], [1, 2, 3]]",0.9915203091963953
"[[4], [1, 2, 3]]",0.9914938539717333
"[[4], [1, 2, 3]]",0.9915208425739748
"[[4], [1, 2, 3]]",0.9915620290697449
"[[4], [1, 2, 3]]",0.9916031674376238
"[[4], [1, 2, 3]]",0.991647326022917
"[[4], [1, 2, 3]]",0.9916718437432294
"[[4], [1, 2, 3]]",0.9916914714600632
"[[4], [1, 2, 3]]",0.9917188164766162
"[[4], [1, 2, 3]]",0.9917382259314317
"[[4], [1, 2, 3]]",0.9916448639907081
"[[4], [1, 2, 3]]",0.991632872303666
"[[4], [1, 2, 3]]",0.9916145934255751
"[[4], [1, 2, 3]]",0.9923079244709201
"[[4], [1, 2, 3]]",0.9919398968784224
"[[4], [1, 2, 3]]",0.992298419295206
"[[4], [1, 2, 3]]",0.9922011870001579
"[[4], [1, 2, 3]]",0.9921897645509428
"[[4], [1, 2, 3]]",0.9919151505602145
"[[4], [1, 2, 3]]",0.9910314754732124
"[[4], [1, 2, 3]]",0.9908131506153168
"[[4], [1, 2, 3]]",0.990732780714912
"[[4], [1, 2, 3]]",0.9907454033221742
"[[4], [1, 2, 3]]",0.9908080776675264
"[[4], [1, 2, 3]]",0.9908854238408757
"[[4], [1, 2, 3]]",0.9908906460560021
"[[4], [1, 2, 3]]",0.9909342862869148
"[[4], [1, 2, 3]]",0.991014979199052
"[[4], [1, 2, 3]]",0.9913425015984607
"[[4], [1, 2, 3]]",0.9914262986627975
"[[4], [1, 2, 3]]",0.9915062118982365
"[[4], [1, 2, 3]]",0.9916820444258843
"[[4], [1, 2, 3]]",0.9917745658936581
"[[4], [1, 2, 3]]",0.9917215674210713
"[[4], [1, 2, 3]]",0.9916324970696813
"[[4], [1, 2, 3]]",0.9917896449397849
"[[4], [1, 2, 3]]",0.9913492209766788
"[[4], [1, 2, 3]]",0.9901629667446636
"[[4], [1, 2, 3]]",0.9890741206654803
"[[4], [1, 2, 3]]",0.9888250937459839
"[[4], [1, 2, 3]]",0.9886486763175899
"[[4], [1, 2, 3]]",0.9887316026058272
"[[4], [1, 2, 3]]",0.9888259626414018
"[[4], [1, 2, 3]]",0.9880075670047572
"[[4], [1, 2, 3]]",0.9872227694097675
"[[4], [1, 2, 3]]",0.9872869599968073
"[[4], [1, 2, 3]]",0.9873226742864629
"[[4], [1, 2, 3]]",0.987347285221453
"[[4], [1, 2, 3]]",0.9872472386613829
"[[4], [1, 2, 3]]",0.9872958387362525
"[[4], [1, 2, 3]]",0.9873228983645894
"[[4], [1, 2, 3]]",0.9873437096816848
"[[4], [1, 2, 3]]",0.9873296154371671
"[[4], [1, 2, 3]]",0.9873158361772584
"[[4], [1, 2, 3]]",0.9873279034547362
"[[4], [1, 2, 3]]",0.987331903980274
"[[4], [1, 2, 3]]",0.9873194919626844
"[[4], [1, 2, 3]]",0.987328907523995
"[[4], [1, 2, 3]]",0.987301912844099
"[[4], [1, 2, 3]]",0.9872144876415487
"[[4], [1, 2, 3]]",0.9871491601791283
"[[4], [1, 2, 3]]",0.9869762216804125
"[[4], [1, 2, 3]]",0.9868586841947979
"[[4], [1, 2, 3]]",0.9868953264182907
"[[4], [1, 2, 3]]",0.9868979753820659
"[[4], [1, 2, 3]]",0.986975575622661
"[[4], [1, 2, 3]]",0.9870957278734684
"[[4], [1, 2, 3]]",0.9868885292087668
"[[4], [1, 2, 3]]",0.986749517350368
"[[4], [1, 2, 3]]",0.9867207851281172
"[[4], [1, 2, 3]]",0.9867203456989592
"[[4], [1, 2, 3]]",0.9867047906638643
"[[4], [1, 2, 3]]",0.9867124802502465
"[[4], [1, 2, 3]]",0.9867101600443016
"[[4], [1, 2, 3]]",0.9867125190238741
"[[4], [1, 2, 3]]",0.9867139202377515
"[[4], [1, 2, 3]]",0.9867273951756396
"[[4], [1, 2, 3]]",0.9867046474468102
"[[4], [1, 2, 3]]",0.986689182945341
"[[4], [1, 2, 3]]",0.9866698281739392
"[[4], [1, 2, 3]]",0.9865860602163343
"[[4], [1, 2, 3]]",0.9862217024578335
"[[4], [1, 2, 3]]",0.9863054881896003
"[[4], [1, 2, 3]]",0.9863201217660027
"[[4], [1, 2, 3]]",0.9863480288068938
"[[4], [1, 2, 3]]",0.9872662414279432
"[[4], [1, 2, 3]]",0.9875163782178942
"[[4], [1, 2, 3]]",0.9874882554703096
"[[4], [1, 2, 3]]",0.9874913889626644
"[[4], [1, 2, 3]]",0.9876680192009148
"[[4], [1, 2, 3]]",0.9879329165463704
"[[4], [1, 2, 3]]",0.988287310384707
"[[4], [1, 2, 3]]",0.9893279212789159
"[[4], [1, 2, 3]]",0.9895458519396411
"[[4], [1, 2, 3]]",0.9894661982438838
"[[4], [1, 2, 3]]",0.989450093366382
"[[4], [1, 2, 3]]",0.9895443508430721
"[[4], [1, 2, 3]]",0.9895598354070941
"[[4], [1, 2, 3]]",0.9895106947738124
"[[4], [1, 2, 3]]",0.9894562127749374
"[[4], [1, 2, 3]]",0.9894088124502934
"[[4], [1, 2, 3]]",0.989330907154544
"[[4], [1, 2, 3]]",0.9892763687487407
"[[4], [1, 2, 3]]",0.9892509896471606
"[[4], [1, 2, 3]]",0.9892456739001739
"[[4], [1, 2, 3]]",0.9892332979723448
"[[4], [1, 2, 3]]",0.9892470845373026
"[[4], [1, 2, 3]]",0.9889076832911079
"[[4], [1, 2, 3]]",0.9884732424141581
"[[4], [1, 2, 3]]",0.9877765169045115
"[[4], [1, 2, 3]]",0.9872476666817698
"[[4], [1, 2, 3]]",0.9865413108646086
"[[4], [1, 2, 3]]",0.9857669562505713
"[[4], [1, 2, 3]]",0.9854123576062136
"[[4], [1, 2, 3]]",0.9855423813960168
"[[4], [1, 2, 3]]",0.9866909470992824
"[[4], [1, 2, 3]]",0.9872547385527319
"[[4], [1, 2, 3]]",0.9874348115031445
"[[4], [1, 2, 3]]",0.9874266965800003
"[[4], [1, 2, 3]]",0.9873983665506615
"[[4], [1, 2, 3]]",0.9873824768314616
"[[4], [1, 2, 3]]",0.9873961123549952
"[[4], [1, 2, 3]]",0.9873937331912193
"[[4], [1, 2, 3]]",0.9873907367368207
"[[4], [1, 2, 3]]",0.9873826351783561
"[[4], [1, 2, 3]]",0.9874292066137882
"[[4], [1, 2, 3]]",0.9874564518523119
"[[4], [1, 2, 3]]",0.987484010141253
"[[4], [1, 2, 3]]",0.9875856722651659
"[[4], [1, 2, 3]]",0.9882232289748765
"[[4], [1, 2, 3]]",0.9881583594183109
"[[4], [1, 2, 3]]",0.9879784534158023
"[[4], [1, 2, 3]]",0.9880860397243707
"[[4], [1, 2, 3]]",0.9876452294809251
"[[4], [1, 2, 3]]",0.9876538152733443
"[[4], [1, 2, 3]]",0.987045402014463
"[[4], [1, 2, 3]]",0.9865346392647885
"[[4], [1, 2, 3]]",0.9862651607827825
"[[4], [1, 2, 3]]",0.9863219898552399
"[[4], [1, 2, 3]]",0.9878166976594613
"[[4], [1, 2, 3]]",0.9882358683757131
"[[4], [1, 2, 3]]",0.9886635683595728
"[[4], [1, 2, 3]]",0.9891365804378102
"[[4], [1, 2, 3]]",0.9893321731405083
"[[4], [1, 2, 3]]",0.9895323502116626
"[[4], [1, 2, 3]]",0.9897113537127868
"[[4], [1, 2, 3]]",0.9899526815883157
"[[4], [1, 2, 3]]",0.9901585378277156
"[[4], [1, 2, 3]]",0.9903076886970388
"[[4], [1, 2, 3]]",0.9904663566004455
"[[4], [1, 2, 3]]",0.9906130292095465
"[[4], [1, 2, 3]]",0.9907681308587002
"[[4], [1, 2, 3]]",0.990882789627259
"[[4], [1, 2, 3]]",0.9906853330118621
"[[4], [1, 2, 3]]",0.9906181875658345
"[[4], [1, 2, 3]]",0.9907914405646798
"[[4], [1, 2, 3]]",0.9911218916347826
"[[4], [1, 2, 3]]",0.9918105820655052
"[[4], [1, 2, 3]]",0.9930332575429457
"[[4], [1, 2, 3]]",0.993731200093974
"[[4], [1, 2, 3]]",0.9945765740670649
"[[4], [1, 2, 3]]",0.9947778475536319
"[[4], [1, 2, 3]]",0.99338661255681
"[[4], [1, 2, 3]]",0.9918592447918793
"[[4], [1, 2, 3]]",0.9907186176484093
"[[4], [1, 2, 3]]",0.9896756386299923
"[[4], [1, 2, 3]]",0.9894431846426951
"[[4], [1, 2, 3]]",0.989443330531288
"[[4], [1, 2, 3]]",0.9894533353608261
"[[4], [1, 2, 3]]",0.9894509745187483
"[[4], [1, 2, 3]]",0.9894680690847117
"[[4], [1, 2, 3]]",0.989468426812037
"[[4], [1, 2, 3]]",0.9895230295084901
"[[4], [1, 2, 3]]",0.9895528082146977
"[[4], [1, 2, 3]]",0.9895559266734613
"[[4], [1, 2, 3]]",0.9895469381343448
"[[4], [1, 2, 3]]",0.9895923983033066
"[[4], [1, 2, 3]]",0.9896068488514725
"[[4], [1, 2, 3]]",0.9891697416581593
"[[4], [1, 2, 3]]",0.9885146959603051
"[[4], [1, 2, 3]]",0.9886403326667166
"[[4], [1, 2, 3]]",0.9893565092259127
"[[4], [1, 2, 3]]",0.9901914327885151
"[[4], [1, 2, 3]]",0.9908497160023361
"[[4], [1, 2, 3]]",0.991376062794693
"[[4], [1, 2, 3]]",0.991679941037058
"[[4], [1, 2, 3]]",0.9912441015938298
"[[4], [1, 2, 3]]",0.9906728618690543
"[[4], [1, 2, 3]]",0.9900838592190491
"[[4], [1, 2, 3]]",0.9900235519938722
"[[4], [1, 2, 3]]",0.990043803479855
"[[4], [1, 2, 3]]",0.9899120303752357
"[[4], [1, 2, 3]]",0.989808828399485
"[[4], [1, 2, 3]]",0.9897277138194414
"[[4], [1, 2, 3]]",0.98971742615429
"[[4], [1, 2, 3]]",0.989666357807742
"[[4], [1, 2, 3]]",0.9896434803276167
"[[4], [1, 2, 3]]",0.9896519851401571
"[[4], [1, 2, 3]]",0.9896602424700147
"[[4], [1, 2, 3]]",0.9896193691517974
"[[4], [1, 2, 3]]",0.9895889678226688
"[[4], [1, 2, 3]]",0.9896890736040178
"[[4], [1, 2, 3]]",0.9896148356689867
"[[4], [1, 2, 3]]",0.9896828683224569
"[[4], [1, 2, 3]]",0.989800175282767
"[[4], [1, 2, 3]]",0.9898361618910229
"[[4], [1, 2, 3]]",0.9898661151826779
"[[4], [1, 2, 3]]",0.9899420978010398
"[[4], [1, 2, 3]]",0.9896272382620708
"[[4], [1, 2, 3]]",0.9894359892484512
"[[4], [1, 2, 3]]",0.9894030687332933
"[[4], [1, 2, 3]]",0.9894110993382588
"[[4], [1, 2, 3]]",0.9884418143487079
"[[4], [1, 2, 3]]",0.9884262797321901
"[[4], [1, 2, 3]]",0.9882332062152461
"[[4], [1, 2, 3]]",0.9882334865251171
"[[4], [1, 2, 3]]",0.988277435365861
"[[4], [1, 2, 3]]",0.9883679101292473
"[[4], [1, 2, 3]]",0.9884100223971088
"[[4], [1, 2, 3]]",0.9885032273700429
"[[4], [1, 2, 3]]",0.988557847694163
"[[4], [1, 2, 3]]",0.9885622766747431
"[[4], [1, 2, 3]]",0.9885644332711023
"[[4], [1, 2, 3]]",0.9885728431903258
"[[4], [1, 2, 3]]",0.9885949303470578
"[[4], [1, 2, 3]]",0.9878255062769049
"[[4], [1, 2, 3]]",0.9877964336600402
"[[4], [1, 2, 3]]",0.9880434931946169
"[[4], [1, 2, 3]]",0.9879981325990996
"[[4], [1, 2, 3]]",0.9878290738803726
"[[4], [1, 2, 3]]",0.9876654481808269
"[[4], [1, 2, 3]]",0.9877544809265131
"[[4], [1, 2, 3]]",0.9878394902717802
"[[4], [1, 2, 3]]",0.9879390007219122
"[[4], [1, 2, 3]]",0.9879097834367602
"[[4], [1, 2, 3]]",0.9868625656093895
"[[4], [1, 2, 3]]",0.9861665052037669
"[[4], [1, 2, 3]]",0.9857352028843762
"[[4], [1, 2, 3]]",0.9855169716541392
"[[4], [1, 2, 3]]",0.9855359392859708
"[[4], [1, 2, 3]]",0.9857533687854627
"[[4], [1, 2, 3]]",0.9859928832009961
"[[4], [1, 2, 3]]",0.9860962328485852
"[[4], [1, 2, 3]]",0.9862123606512325
"[[4], [1, 2, 3]]",0.9862870823707073
"[[4], [1, 2, 3]]",0.986333755145598
"[[4], [1, 2, 3]]",0.9863849997399082
"[[4], [1, 2, 3]]",0.9865510768160521
"[[4], [1, 2, 3]]",0.9866754864156344
"[[4], [1, 2, 3]]",0.9857692427435106
"[[4], [1, 2, 3]]",0.9857011746796502
"[[4], [1, 2, 3]]",0.9859205921796657
"[[4], [1, 2, 3]]",0.9858779238836525
"[[4], [1, 2, 3]]",0.9859103582074696
"[[4], [1, 2, 3]]",0.9859018643591391
"[[4], [1, 2, 3]]",0.9858845018364132
"[[4], [1, 2, 3]]",0.9864822863155203
"[[4], [1, 2, 3]]",0.9868483205754088
"[[4], [1, 2, 3]]",0.9869225143906735
"[[4], [1, 2, 3]]",0.9864690734514387
"[[4], [1, 2, 3]]",0.9863771136365892
"[[4], [1, 2, 3]]",0.9860632935002454
"[[4], [1, 2, 3]]",0.9857941983238627
"[[4], [1, 2, 3]]",0.9858037098525125
"[[4], [1, 2, 3]]",0.9858339293567012
"[[4], [1, 2, 3]]",0.9857360812071712
"[[4], [1, 2, 3]]",0.9857408125649523
"[[4], [1, 2, 3]]",0.9857277978242543
"[[4], [1, 2, 3]]",0.9856993570078068
"[[4], [1, 2, 3]]",0.9857647140731884
"[[4], [1, 2, 3]]",0.9858758990487653
"[[4], [1, 2, 3]]",0.9859207205878364
"[[4], [1, 2, 3]]",0.9858636532355562
"[[4], [1, 2, 3]]",0.9861480657858632
"[[4], [1, 2, 3]]",0.9860588203523322
"[[4], [1, 2, 3]]",0.9858308295402212
"[[4], [1, 2, 3]]",0.9860802992368277
"[[4], [1, 2, 3]]",0.9865458572657986
"[[4], [1, 2, 3]]",0.9871753519483591
"[[4], [1, 2, 3]]",0.9875848761332551
"[[4], [1, 2, 3]]",0.9879928855466686
"[[4], [1, 2, 3]]",0.9882118638577374
"[[4], [1, 2, 3]]",0.9882775627888836
"[[4], [1, 2, 3]]",0.9888352987054707
"[[4], [1, 2, 3]]",0.9891265931844422
"[[4], [1, 2, 3]]",0.9891465594625013
"[[4], [1, 2, 3]]",0.9892312015032309
"[[4], [1, 2, 3]]",0.9893396070600031
"[[4], [1, 2, 3]]",0.989404604623416
"[[4], [1, 2, 3]]",0.9894714549928283
"[[4], [1, 2, 3]]",0.9894911309627137
"[[4], [1, 2, 3]]",0.9895488844769191
"[[4], [1, 2, 3]]",0.989570897839165
"[[4], [1, 2, 3]]",0.9895873762213029
"[[4], [1, 2, 3]]",0.9895868552179824
"[[4], [1, 2, 3]]",0.9895973130266302
"[[4], [1, 2, 3]]",0.9895870380869212
"[[4], [1, 2, 3]]",0.9902928730591398
"[[4], [1, 2, 3]]",0.9905049090761986
"[[4], [1, 2, 3]]",0.9902359898409901
"[[4], [1, 2, 3]]",0.9904902769411381
"[[4], [1, 2, 3]]",0.9903859873616008
"[[4], [1, 2, 3]]",0.990450857058914
"[[4], [1, 2, 3]]",0.9903648144356543
"[[4], [1, 2, 3]]",0.9901448586346979
"[[4], [1, 2, 3]]",0.9899796604709017
"[[4], [1, 2, 3]]",0.9898782050887436
"[[4], [1, 2, 3]]",0.9902637476123801
"[[4], [1, 2, 3]]",0.9903941382050665
"[[4], [1, 2, 3]]",0.9906666410165477
"[[4], [1, 2, 3]]",0.9910871368570617
"[[4], [1, 2, 3]]",0.9911637891175158
"[[4], [1, 2, 3]]",0.9911667522783473
"[[4], [1, 2, 3]]",0.9912572102537177
"[[4], [1, 2, 3]]",0.9912732253313981
"[[4], [1, 2, 3]]",0.9913246624932595
"[[4], [1, 2, 3]]",0.9913686965037198
"[[4], [1, 2, 3]]",0.991378533454274
"[[4], [1, 2, 3]]",0.9913793425140862
"[[4], [1, 2, 3]]",0.9913405975671172
"[[4], [1, 2, 3]]",0.990943319572088
"[[4], [1, 2, 3]]",0.9887014241030072
"[[4], [1, 2, 3]]",0.9870746341695245
"[[4], [1, 2, 3]]",0.9857355309077706
"[[4], [1, 2, 3]]",0.9857381535708984
"[[4], [1, 2, 3]]",0.9857381331172126
"[[4], [1, 2, 3]]",0.985625901106771
"[[4], [1, 2, 3]]",0.9856831282848467
"[[4], [1, 2, 3]]",0.9857555439529995
"[[4], [1, 2, 3]]",0.9857771856765836
"[[4], [1, 2, 3]]",0.9842824988186591
"[[4], [1, 2, 3]]",0.9829454864967009
"[[4], [1, 2, 3]]",0.9817338881142559
"[[1], [2, 3, 4]]",0.9806093178273179
"[[1], [2, 3, 4]]",0.979548345840354
"[[1], [2, 3, 4]]",0.9791186598408734
"[[1], [2, 3, 4]]",0.9791052713891354
"[[1], [2, 3, 4]]",0.9792557271832427
"[[1], [2, 3, 4]]",0.9792518206761387
"[[1], [2, 3, 4]]",0.9792599590519351
"[[1], [2, 3, 4]]",0.97934272862313
"[[1], [2, 3, 4]]",0.9793608467463784
"[[1], [2, 3, 4]]",0.9794100818899254
"[[1], [2, 3, 4]]",0.9794822323622635
"[[1], [2, 3, 4]]",0.9794920981096811
"[[1], [2, 3, 4]]",0.9789397201469587
"[[1], [2, 3, 4]]",0.9787095703420231
"[[1], [2, 3, 4]]",0.9793935410680188
"[[1], [2, 3, 4]]",0.9795584809603682
"[[1], [2, 3, 4]]",0.9800854737580783
"[[1], [2, 3, 4]]",0.9802679357347446
"[[2, 3], [1, 4]]",0.9807684628449607
"[[2, 3], [1, 4]]",0.9810308913621786
"[[2, 3], [1, 4]]",0.9814124267629997
"[[2, 3], [1, 4]]",0.9818020727904948
"[[1, 4], [2, 3]]",0.9813517243331977
"[[2, 3], [1, 4]]",0.9809717892258404
"[[1], [2, 3, 4]]",0.9807642248197861
"[[1, 4], [2, 3]]",0.9807562524179252
"[[1, 4], [2, 3]]",0.9809030757744037
"[[1, 4], [2, 3]]",0.9811958375214117
"[[1, 4], [2, 3]]",0.9812945905921449
"[[2, 3], [1, 4]]",0.9815087461344101
"[[2, 3], [1, 4]]",0.9817843459557523
"[[2, 3], [1, 4]]",0.9819600644912334
"[[2, 3], [1, 4]]",0.9820312454758802
"[[2, 3], [1, 4]]",0.9820308192343775
"[[4], [1, 2, 3]]",0.9819670150373476
"[[2, 3], [1, 4]]",0.9819220369820182
"[[2, 3], [1, 4]]",0.9823478682685822
"[[1, 4], [2, 3]]",0.9824979787554933
"[[2, 3], [1, 4]]",0.9826265887461204
"[[2, 3], [1, 4]]",0.9827018792335684
"[[2, 3], [1, 4]]",0.9828841973125456
"[[2, 3], [1, 4]]",0.9831238525634007
"[[2, 3], [1, 4]]",0.9832124578151169
"[[2, 3], [1, 4]]",0.9833329445823273
"[[2, 3], [1, 4]]",0.9832201047213043
"[[2, 3], [1, 4]]",0.9835069373222631
"[[2, 3], [1, 4]]",0.9837595363682361
"[[2, 3], [1, 4]]",0.9840533028895574
"[[2, 3], [1, 4]]",0.9843700731616913
"[[2, 3], [1, 4]]",0.9847734649209833
"[[2, 3], [1, 4]]",0.984987938860101
"[[4], [1, 2, 3]]",0.9848720953358064
"[[2, 3], [1, 4]]",0.9847201253913749
"[[2, 3], [1, 4]]",0.9846874523420104
"[[2, 3], [1, 4]]",0.9845717568760152
"[[2, 3], [1, 4]]",0.9844697732199232
"[[2, 3], [1, 4]]",0.984262063659501
"[[2, 3], [1, 4]]",0.9838818081633348
"[[2, 3], [1, 4]]",0.9835939235210595
"[[4], [1, 2, 3]]",0.983507271801392
"[[2, 3], [1, 4]]",0.9840920768915568
"[[2, 3], [1, 4]]",0.9844243864659667
"[[2, 3], [1, 4]]",0.9843042703421432
"[[2, 3], [1, 4]]",0.9845900910705998
"[[2, 3], [1, 4]]",0.9848323111237263
"[[2, 3], [1, 4]]",0.98523381863559
"[[2, 3], [1, 4]]",0.9852802605873892
"[[4], [1, 2, 3]]",0.9853908716762719
"[[2, 3], [1, 4]]",0.9854265848510707
"[[2, 3], [1, 4]]",0.9856965851123176
"[[2, 3], [1, 4]]",0.9860161029632201
"[[2, 3], [1, 4]]",0.9864707589658621
"[[4], [1, 2, 3]]",0.986850042900294
"[[2, 3], [1, 4]]",0.987204315742316
"[[2, 3], [1, 4]]",0.9872004218091699
"[[4], [1, 2, 3]]",0.9870327434593746
"[[4], [1, 2, 3]]",0.9868473973778189
"[[4], [1, 2, 3]]",0.9866782401548688
"[[2, 3], [1, 4]]",0.9865606224747872
"[[2, 3], [1, 4]]",0.9864277151255287
"[[4], [1, 2, 3]]",0.9862651851515138
"[[4], [1, 2, 3]]",0.9861561844698667
"[[4], [1, 2, 3]]",0.9861314374616885
"[[4], [1, 2, 3]]",0.9861179366695996
"[[4], [1, 2, 3]]",0.9861071849969969
"[[4], [1, 2, 3]]",0.9864543158251489
"[[4], [1, 2, 3]]",0.9868118189800079
"[[4], [1, 2, 3]]",0.986963655138652
"[[4], [1, 2, 3]]",0.9867997867953767
"[[4], [1, 2, 3]]",0.9863527756787986
"[[4], [1, 2, 3]]",0.9861921844421111
"[[4], [1, 2, 3]]",0.9860384716040167
"[[4], [1, 2, 3]]",0.9859925897460837
"[[4], [1, 2, 3]]",0.9856161761229352
"[[4], [1, 2, 3]]",0.9851666246114383
"[[4], [1, 2, 3]]",0.9849023587506045
"[[4], [1, 2, 3]]",0.9845650342922208
"[[4], [1, 2, 3]]",0.9842936332621933
"[[4], [1, 2, 3]]",0.9839106988068125
"[[4], [1, 2, 3]]",0.9838496895065453
"[[4], [1, 2, 3]]",0.9838739951781863
"[[4], [1, 2, 3]]",0.9839534663827786
"[[4], [1, 2, 3]]",0.9841141149603816
"[[4], [1, 2, 3]]",0.9842381065903573
"[[4], [1, 2, 3]]",0.9844291008007091
"[[4], [1, 2, 3]]",0.9848323538752967
"[[4], [1, 2, 3]]",0.9851254841563204
"[[4], [1, 2, 3]]",0.9851292295804922
"[[4], [1, 2, 3]]",0.985099606571978
"[[4], [1, 2, 3]]",0.9853106471653926
"[[4], [1, 2, 3]]",0.9854825565537141
"[[4], [1, 2, 3]]",0.9852031860012468
"[[4], [1, 2, 3]]",0.9851090402534182
"[[4], [1, 2, 3]]",0.985109915679537
"[[4], [1, 2, 3]]",0.9849486387724036
"[[4], [1, 2, 3]]",0.9847302276152754
"[[4], [1, 2, 3]]",0.9847228251678375
"[[4], [1, 2, 3]]",0.9846178039981269
"[[4], [1, 2, 3]]",0.9849452464194697
"[[4], [1, 2, 3]]",0.9851100733958691
"[[4], [1, 2, 3]]",0.9851436940736367
"[[4], [1, 2, 3]]",0.9851203429396109
"[[4], [1, 2, 3]]",0.9851692394189291
"[[4], [1, 2, 3]]",0.9851723349587551
"[[4], [1, 2, 3]]",0.9853338627515832
"[[4], [1, 2, 3]]",0.9854827907028934
"[[4], [1, 2, 3]]",0.985593402552633
"[[4], [1, 2, 3]]",0.9857187850021966
"[[4], [1, 2, 3]]",0.9858783654520036
"[[4], [1, 2, 3]]",0.9860079818458217
"[[4], [1, 2, 3]]",0.9860242906170305
"[[4], [1, 2, 3]]",0.9858267748865588
"[[4], [1, 2, 3]]",0.9859975951451259
"[[4], [1, 2, 3]]",0.986034128941581
"[[4], [1, 2, 3]]",0.9859303733409364
"[[4], [1, 2, 3]]",0.985419472257085
"[[4], [1, 2, 3]]",0.9850157733354423
"[[4], [1, 2, 3]]",0.9849365128145262
"[[4], [1, 2, 3]]",0.9844015775515573
"[[4], [1, 2, 3]]",0.983610020538099
"[[4], [1, 2, 3]]",0.9829593851897699
"[[4], [1, 2, 3]]",0.9836716793154048
"[[4], [1, 2, 3]]",0.9852093490005318
"[[4], [1, 2, 3]]",0.9864771726927217
"[[4], [1, 2, 3]]",0.987859645240405
"[[4], [1, 2, 3]]",0.9891153568329587
"[[4], [1, 2, 3]]",0.9901858324852817
"[[4], [1, 2, 3]]",0.9907014252709405
"[[4], [1, 2, 3]]",0.991067805877548
"[[4], [1, 2, 3]]",0.9913025558007031
"[[4], [1, 2, 3]]",0.9914570347930813
"[[4], [1, 2, 3]]",0.9916035546207103
"[[4], [1, 2, 3]]",0.9916794793786676
"[[4], [1, 2, 3]]",0.991752830511291
"[[4], [1, 2, 3]]",0.9918028136163703
"[[4], [1, 2, 3]]",0.9918042594023875
"[[4], [1, 2, 3]]",0.9912802603306398
"[[4], [1, 2, 3]]",0.9908133313860098
"[[4], [1, 2, 3]]",0.990649921773604
"[[4], [1, 2, 3]]",0.9907028412696722
"[[4], [1, 2, 3]]",0.9908114661247792
"[[4], [1, 2, 3]]",0.9908326759160017
"[[4], [1, 2, 3]]",0.9910081382301564
"[[4], [1, 2, 3]]",0.9912414591564477
"[[4], [1, 2, 3]]",0.99128061857538
"[[4], [1, 2, 3]]",0.9911772578428912
"[[4], [1, 2, 3]]",0.9913364680975749
"[[4], [1, 2, 3]]",0.9916952167687549
"[[4], [1, 2, 3]]",0.9916127691431418
"[[4], [1, 2, 3]]",0.9915296072030582
"[[4], [1, 2, 3]]",0.9914265219732092
"[[4], [1, 2, 3]]",0.9914385421598555
"[[4], [1, 2, 3]]",0.9914458141279833
"[[4], [1, 2, 3]]",0.9914634114707879
"[[4], [1, 2, 3]]",0.99148439114141
"[[4], [1, 2, 3]]",0.9915042306521598
"[[4], [1, 2, 3]]",0.991501586088027
"[[4], [1, 2, 3]]",0.991494369318112
"[[4], [1, 2, 3]]",0.9914545767534534
"[[4], [1, 2, 3]]",0.9911989161521446
"[[4], [1, 2, 3]]",0.9896329001859889
"[[4], [1, 2, 3]]",0.9886214872974504
"[[4], [1, 2, 3]]",0.988885633240032
"[[4], [1, 2, 3]]",0.9892117615420055
"[[4], [1, 2, 3]]",0.9893622933494348
"[[4], [1, 2, 3]]",0.9892239863043361
"[[4], [1, 2, 3]]",0.9894822207676537
"[[4], [1, 2, 3]]",0.9898782699439801
"[[4], [1, 2, 3]]",0.990228739846616
"[[4], [1, 2, 3]]",0.9905348362019746
"[[4], [1, 2, 3]]",0.9901839091628495
"[[4], [1, 2, 3]]",0.9897651535683827
"[[4], [1, 2, 3]]",0.9893508362346826
"[[4], [1, 2, 3]]",0.9893257841181765
"[[4], [1, 2, 3]]",0.989335643996981
"[[4], [1, 2, 3]]",0.9894236763402374
"[[4], [1, 2, 3]]",0.9894716535283805
"[[4], [1, 2, 3]]",0.989490177991444
"[[4], [1, 2, 3]]",0.9895332370639345
"[[4], [1, 2, 3]]",0.9895537714574065
"[[4], [1, 2, 3]]",0.9895350153971811
"[[4], [1, 2, 3]]",0.9895803865695181
"[[4], [1, 2, 3]]",0.9896199494629834
"[[4], [1, 2, 3]]",0.9896260566984794
"[[4], [1, 2, 3]]",0.9896518819516986
"[[4], [1, 2, 3]]",0.9897670805075147
"[[4], [1, 2, 3]]",0.9896761006577941
"[[4], [1, 2, 3]]",0.9894038707688999
"[[4], [1, 2, 3]]",0.9890128281348197
"[[4], [1, 2, 3]]",0.9886197860840955
"[[4], [1, 2, 3]]",0.9882368928317726
"[[4], [1, 2, 3]]",0.9879962241151161
"[[4], [1, 2, 3]]",0.9877846102857706
"[[4], [1, 2, 3]]",0.987705274278582
"[[4], [1, 2, 3]]",0.9877752585795733
"[[4], [1, 2, 3]]",0.9877201380499676
"[[4], [1, 2, 3]]",0.9877745292612794
"[[4], [1, 2, 3]]",0.987774056336014
"[[4], [1, 2, 3]]",0.9877948898710028
"[[4], [1, 2, 3]]",0.9878200105117698
"[[4], [1, 2, 3]]",0.9877812161080659
"[[4], [1, 2, 3]]",0.9877924252904324
"[[4], [1, 2, 3]]",0.9877916065414036
"[[4], [1, 2, 3]]",0.9877892302154928
"[[4], [1, 2, 3]]",0.987799008774277
"[[4], [1, 2, 3]]",0.9877952809266224
"[[4], [1, 2, 3]]",0.9877934952115023
"[[4], [1, 2, 3]]",0.9878450834766904
"[[4], [1, 2, 3]]",0.9891165515226854
"[[4], [1, 2, 3]]",0.9901664612948811
"[[4], [1, 2, 3]]",0.9899191380095068
"[[4], [1, 2, 3]]",0.9892782278807748
"[[4], [1, 2, 3]]",0.9879161774752114
"[[4], [1, 2, 3]]",0.9869472412210593
"[[4], [1, 2, 3]]",0.9861775857777895
"[[4], [1, 2, 3]]",0.9852995608653078
"[[4], [1, 2, 3]]",0.9849633032762452
"[[4], [1, 2, 3]]",0.984789377074331
"[[4], [1, 2, 3]]",0.9853156117814709
"[[4], [1, 2, 3]]",0.9861384788505463
"[[4], [1, 2, 3]]",0.9869748366708273
"[[4], [1, 2, 3]]",0.9871875707078175
"[[4], [1, 2, 3]]",0.9873454295621187
"[[4], [1, 2, 3]]",0.9873665581280158
"[[4], [1, 2, 3]]",0.9873730401405789
"[[4], [1, 2, 3]]",0.9874157119837903
"[[4], [1, 2, 3]]",0.9874766505880295
"[[4], [1, 2, 3]]",0.9875799539697823
"[[4], [1, 2, 3]]",0.9877200561184472
"[[4], [1, 2, 3]]",0.9878042481855878
"[[4], [1, 2, 3]]",0.9878816017489738
"[[4], [1, 2, 3]]",0.9880594337096471
"[[4], [1, 2, 3]]",0.988794865157809
"[[4], [1, 2, 3]]",0.9889775485176164
"[[4], [1, 2, 3]]",0.9886508797334965
"[[4], [1, 2, 3]]",0.9879701236848961
"[[4], [1, 2, 3]]",0.9867616961339478
"[[4], [1, 2, 3]]",0.9858495008119283
"[[4], [1, 2, 3]]",0.9849484781370248
"[[4], [1, 2, 3]]",0.9844349227807827
"[[4], [1, 2, 3]]",0.9841759777355749
"[[4], [1, 2, 3]]",0.9841074699808727
"[[4], [1, 2, 3]]",0.9847511215343288
"[[4], [1, 2, 3]]",0.9853194097590694
"[[4], [1, 2, 3]]",0.9854956466800044
"[[4], [1, 2, 3]]",0.9857607612304311
"[[4], [1, 2, 3]]",0.9857906788471955
"[[4], [1, 2, 3]]",0.9858254207706545
"[[4], [1, 2, 3]]",0.9856462329791625
"[[4], [1, 2, 3]]",0.9857188924390615
"[[4], [1, 2, 3]]",0.9859027692239728
"[[4], [1, 2, 3]]",0.9860229277395307
"[[4], [1, 2, 3]]",0.9861702486598276
"[[4], [1, 2, 3]]",0.9862357277609188
"[[4], [1, 2, 3]]",0.9863371096423634
"[[4], [1, 2, 3]]",0.9862889304178329
"[[4], [1, 2, 3]]",0.9865143658164581
"[[4], [1, 2, 3]]",0.9865620137059359
"[[4], [1, 2, 3]]",0.9864555493662692
"[[4], [1, 2, 3]]",0.986464178600846
"[[4], [1, 2, 3]]",0.9863268768344717
"[[4], [1, 2, 3]]",0.9856634761983564
"[[4], [1, 2, 3]]",0.9845200611904348
"[[4], [1, 2, 3]]",0.9843806260628909
"[[4], [1, 2, 3]]",0.9841866646054231
"[[4], [1, 2, 3]]",0.9841996869208838
"[[4], [1, 2, 3]]",0.984200448645816
"[[4], [1, 2, 3]]",0.9841986567080157
"[[4], [1, 2, 3]]",0.9842033040449149
"[[4], [1, 2, 3]]",0.9841843424859681
"[[4], [1, 2, 3]]",0.9841789937129677
"[[4], [1, 2, 3]]",0.9841740769724258
