Column1,Column2
"[[1, 2], [3, 4]]",0.963101534
"[[1, 2], [3, 4]]",0.963532195
"[[1, 2], [3, 4]]",0.963093924
"[[1, 2], [3, 4]]",0.961800093
"[[1, 2], [3, 4]]",0.962048421
"[[1, 2], [3, 4]]",0.961542843
"[[1, 2], [3, 4]]",0.960647462
"[[1, 2], [3, 4]]",0.960898737
"[[1, 2], [3, 4]]",0.961435045
"[[1, 2], [3, 4]]",0.962092778
"[[1, 2], [3, 4]]",0.963039806
"[[1, 2], [3, 4]]",0.961614672
"[[1, 2], [3, 4]]",0.957407947
"[[1, 2], [3, 4]]",0.947682423
"[[1], [2, 3, 4]]",0.939243303
"[[1], [2, 3, 4]]",0.93503095
"[[1], [2, 3, 4]]",0.934016908
"[[1], [2, 3, 4]]",0.931860172
"[[1], [2, 3, 4]]",0.926753491
"[[1], [2, 3, 4]]",0.924612883
"[[1], [2, 3, 4]]",0.924673172
"[[1], [2, 3, 4]]",0.92602213
"[[1], [2, 3, 4]]",0.927694297
"[[1], [2, 3, 4]]",0.928626417
"[[1], [2, 3, 4]]",0.930244186
"[[1], [2, 3, 4]]",0.931977369
"[[1], [2, 3, 4]]",0.933745795
"[[1], [2, 3, 4]]",0.936884422
"[[1], [2, 3, 4]]",0.938741273
"[[1], [2, 3, 4]]",0.940517657
"[[1], [2, 3, 4]]",0.942265283
"[[1], [2, 3, 4]]",0.943122658
"[[1], [2, 3, 4]]",0.940413981
"[[1], [2, 3, 4]]",0.940224495
"[[1], [2, 3, 4]]",0.94182163
"[[1], [2, 3, 4]]",0.942864089
"[[4], [1, 2, 3]]",0.943724058
"[[4], [1, 2, 3]]",0.943989824
"[[4], [1, 2, 3]]",0.944346524
"[[4], [1, 2, 3]]",0.944761766
"[[4], [1, 2, 3]]",0.945745754
"[[4], [1, 2, 3]]",0.944344386
"[[1], [2, 3, 4]]",0.942775748
"[[1], [2, 3, 4]]",0.941281192
"[[1], [2, 3, 4]]",0.941342311
"[[1], [2, 3, 4]]",0.942539871
"[[4], [1, 2, 3]]",0.943679307
"[[4], [1, 2, 3]]",0.944774195
"[[4], [1, 2, 3]]",0.945883887
"[[4], [1, 2, 3]]",0.947142219
"[[4], [1, 2, 3]]",0.949058654
"[[4], [1, 2, 3]]",0.951433787
"[[4], [1, 2, 3]]",0.952956984
"[[4], [1, 2, 3]]",0.955108081
"[[4], [1, 2, 3]]",0.957578433
"[[4], [1, 2, 3]]",0.959714034
"[[4], [1, 2, 3]]",0.961560393
"[[4], [1, 2, 3]]",0.963387371
"[[4], [1, 2, 3]]",0.964888055
"[[4], [1, 2, 3]]",0.964254077
"[[4], [1, 2, 3]]",0.963353502
"[[4], [1, 2, 3]]",0.96286629
"[[4], [1, 2, 3]]",0.962562086
"[[4], [1, 2, 3]]",0.961526724
"[[4], [1, 2, 3]]",0.960191032
"[[4], [1, 2, 3]]",0.959182326
"[[4], [1, 2, 3]]",0.959325548
"[[4], [1, 2, 3]]",0.958971377
"[[4], [1, 2, 3]]",0.957935896
"[[4], [1, 2, 3]]",0.95665168
"[[4], [1, 2, 3]]",0.955627692
"[[4], [1, 2, 3]]",0.955491177
"[[4], [1, 2, 3]]",0.955482347
"[[4], [1, 2, 3]]",0.954845512
"[[4], [1, 2, 3]]",0.953512464
"[[4], [1, 2, 3]]",0.952123796
"[[4], [1, 2, 3]]",0.950661686
"[[4], [1, 2, 3]]",0.949095474
"[[4], [1, 2, 3]]",0.947855842
"[[4], [1, 2, 3]]",0.947098107
"[[4], [1, 2, 3]]",0.950677994
"[[4], [1, 2, 3]]",0.952216317
"[[4], [1, 2, 3]]",0.951346066
"[[4], [1, 2, 3]]",0.951242379
"[[4], [1, 2, 3]]",0.95119447
"[[4], [1, 2, 3]]",0.951243294
"[[4], [1, 2, 3]]",0.951210573
"[[4], [1, 2, 3]]",0.951074435
"[[4], [1, 2, 3]]",0.950881845
"[[4], [1, 2, 3]]",0.954246415
"[[4], [1, 2, 3]]",0.955848758
"[[4], [1, 2, 3]]",0.95890889
"[[4], [1, 2, 3]]",0.961659361
"[[4], [1, 2, 3]]",0.963231648
"[[4], [1, 2, 3]]",0.964777576
"[[4], [1, 2, 3]]",0.965036891
"[[4], [1, 2, 3]]",0.965976728
"[[4], [1, 2, 3]]",0.967151671
"[[4], [1, 2, 3]]",0.967805741
"[[4], [1, 2, 3]]",0.968321255
"[[4], [1, 2, 3]]",0.968664603
"[[4], [1, 2, 3]]",0.969269281
"[[4], [1, 2, 3]]",0.969501212
"[[4], [1, 2, 3]]",0.970488698
"[[4], [1, 2, 3]]",0.971228481
"[[4], [1, 2, 3]]",0.971620814
"[[4], [1, 2, 3]]",0.970327131
"[[4], [1, 2, 3]]",0.964169785
"[[4], [1, 2, 3]]",0.956412666
"[[4], [1, 2, 3]]",0.951189692
"[[1], [2, 3, 4]]",0.949350825
"[[1], [2, 3, 4]]",0.949712592
"[[4], [1, 2, 3]]",0.950554697
"[[4], [1, 2, 3]]",0.951237712
"[[1], [2, 3, 4]]",0.946899413
"[[1], [2, 3, 4]]",0.946894689
"[[1], [2, 3, 4]]",0.948121635
"[[1], [2, 3, 4]]",0.949512514
"[[4], [1, 2, 3]]",0.950762682
"[[4], [1, 2, 3]]",0.951239706
"[[4], [1, 2, 3]]",0.951556517
"[[4], [1, 2, 3]]",0.952384587
"[[4], [1, 2, 3]]",0.953821962
"[[4], [1, 2, 3]]",0.955322939
"[[4], [1, 2, 3]]",0.956878431
"[[4], [1, 2, 3]]",0.958438922
"[[4], [1, 2, 3]]",0.959876654
"[[4], [1, 2, 3]]",0.961289136
"[[4], [1, 2, 3]]",0.961892921
"[[4], [1, 2, 3]]",0.962984605
"[[4], [1, 2, 3]]",0.963580121
"[[4], [1, 2, 3]]",0.962851105
"[[4], [1, 2, 3]]",0.961877297
"[[4], [1, 2, 3]]",0.961644252
"[[4], [1, 2, 3]]",0.962104678
"[[4], [1, 2, 3]]",0.962578703
"[[4], [1, 2, 3]]",0.963066095
"[[4], [1, 2, 3]]",0.962660899
"[[4], [1, 2, 3]]",0.962071756
"[[4], [1, 2, 3]]",0.961673554
"[[4], [1, 2, 3]]",0.961596967
"[[4], [1, 2, 3]]",0.962243253
"[[4], [1, 2, 3]]",0.962889613
"[[4], [1, 2, 3]]",0.963375882
"[[4], [1, 2, 3]]",0.963678456
"[[4], [1, 2, 3]]",0.964032349
"[[4], [1, 2, 3]]",0.964227917
"[[4], [1, 2, 3]]",0.96462596
"[[2, 3], [1, 4]]",0.964933238
"[[2, 3], [1, 4]]",0.965547906
"[[2, 3], [1, 4]]",0.966299197
"[[2, 3], [1, 4]]",0.966959942
"[[2, 3], [1, 4]]",0.967287588
"[[2, 3], [1, 4]]",0.967146881
"[[2, 3], [1, 4]]",0.967049904
"[[2, 3], [1, 4]]",0.967441463
"[[2, 3], [1, 4]]",0.968556543
"[[2, 3], [1, 4]]",0.969479853
"[[4], [1, 2, 3]]",0.969710015
"[[4], [1, 2, 3]]",0.969515031
"[[4], [1, 2, 3]]",0.969314419
"[[4], [1, 2, 3]]",0.969115343
"[[4], [1, 2, 3]]",0.971269926
"[[4], [1, 2, 3]]",0.971507092
"[[4], [1, 2, 3]]",0.97136569
"[[4], [1, 2, 3]]",0.971164617
"[[4], [1, 2, 3]]",0.970878375
"[[4], [1, 2, 3]]",0.970566079
"[[4], [1, 2, 3]]",0.969807187
"[[4], [1, 2, 3]]",0.967386546
"[[4], [1, 2, 3]]",0.966544132
"[[4], [1, 2, 3]]",0.965704524
"[[4], [1, 2, 3]]",0.964672314
"[[4], [1, 2, 3]]",0.96404233
"[[4], [1, 2, 3]]",0.962436522
"[[4], [1, 2, 3]]",0.961839229
"[[4], [1, 2, 3]]",0.96142968
"[[4], [1, 2, 3]]",0.96105995
"[[4], [1, 2, 3]]",0.961276032
"[[4], [1, 2, 3]]",0.962816507
"[[4], [1, 2, 3]]",0.965078106
"[[4], [1, 2, 3]]",0.966506127
"[[4], [1, 2, 3]]",0.966460065
"[[4], [1, 2, 3]]",0.966333275
"[[4], [1, 2, 3]]",0.966506598
"[[4], [1, 2, 3]]",0.96866591
"[[4], [1, 2, 3]]",0.971568641
"[[4], [1, 2, 3]]",0.973891131
"[[4], [1, 2, 3]]",0.97642515
"[[4], [1, 2, 3]]",0.976990138
"[[4], [1, 2, 3]]",0.976204087
"[[4], [1, 2, 3]]",0.975928474
"[[4], [1, 2, 3]]",0.975745446
"[[4], [1, 2, 3]]",0.975679639
"[[4], [1, 2, 3]]",0.975620635
"[[4], [1, 2, 3]]",0.975521132
"[[4], [1, 2, 3]]",0.975510329
"[[4], [1, 2, 3]]",0.975495896
"[[4], [1, 2, 3]]",0.975538735
"[[4], [1, 2, 3]]",0.975668501
"[[4], [1, 2, 3]]",0.975493599
"[[4], [1, 2, 3]]",0.975600548
"[[4], [1, 2, 3]]",0.97577921
"[[4], [1, 2, 3]]",0.976185314
"[[4], [1, 2, 3]]",0.976764032
"[[4], [1, 2, 3]]",0.976910702
"[[4], [1, 2, 3]]",0.976954823
"[[4], [1, 2, 3]]",0.975790483
"[[4], [1, 2, 3]]",0.97444199
"[[4], [1, 2, 3]]",0.974195887
"[[4], [1, 2, 3]]",0.974359915
"[[4], [1, 2, 3]]",0.973534585
"[[4], [1, 2, 3]]",0.973846069
"[[4], [1, 2, 3]]",0.974208456
"[[4], [1, 2, 3]]",0.974627792
"[[4], [1, 2, 3]]",0.975017899
"[[4], [1, 2, 3]]",0.975701954
"[[4], [1, 2, 3]]",0.977735288
"[[4], [1, 2, 3]]",0.977698073
"[[4], [1, 2, 3]]",0.977911948
"[[4], [1, 2, 3]]",0.978577644
"[[4], [1, 2, 3]]",0.978805686
"[[4], [1, 2, 3]]",0.979981732
"[[4], [1, 2, 3]]",0.979401214
"[[4], [1, 2, 3]]",0.978641442
"[[4], [1, 2, 3]]",0.97809827
"[[4], [1, 2, 3]]",0.978167891
"[[4], [1, 2, 3]]",0.977971272
"[[4], [1, 2, 3]]",0.97792791
"[[4], [1, 2, 3]]",0.977926177
"[[4], [1, 2, 3]]",0.977938312
"[[4], [1, 2, 3]]",0.977970364
"[[4], [1, 2, 3]]",0.977790448
"[[4], [1, 2, 3]]",0.976691534
"[[2, 3], [1, 4]]",0.973310629
"[[2, 3], [1, 4]]",0.969703653
"[[2, 3], [1, 4]]",0.968787104
"[[2, 3], [1, 4]]",0.968285742
"[[2, 3], [1, 4]]",0.967471374
"[[2, 3], [1, 4]]",0.966743465
"[[2, 3], [1, 4]]",0.966395776
"[[2, 3], [1, 4]]",0.966297236
"[[1, 4], [2, 3]]",0.966208016
"[[2, 3], [1, 4]]",0.966290247
"[[1, 4], [2, 3]]",0.966484448
"[[2, 3], [1, 4]]",0.966691305
"[[2, 3], [1, 4]]",0.966824926
"[[1, 4], [2, 3]]",0.96706135
"[[2, 3], [1, 4]]",0.966166779
"[[1, 4], [2, 3]]",0.96588907
"[[2, 3], [1, 4]]",0.965738996
"[[2, 3], [1, 4]]",0.965755289
"[[2, 3], [1, 4]]",0.965715787
"[[1, 4], [2, 3]]",0.965543013
"[[2, 3], [1, 4]]",0.965205573
"[[1, 4], [2, 3]]",0.964666448
"[[1, 4], [2, 3]]",0.964086031
"[[2, 3], [1, 4]]",0.963498398
"[[2, 3], [1, 4]]",0.963159395
"[[2, 3], [1, 4]]",0.962644985
"[[2, 3], [1, 4]]",0.962302729
"[[2, 3], [1, 4]]",0.961979932
"[[2, 3], [1, 4]]",0.961741689
"[[2, 3], [1, 4]]",0.96161365
"[[2, 3], [1, 4]]",0.960795345
"[[2, 3], [1, 4]]",0.960456873
"[[2, 3], [1, 4]]",0.959970962
"[[2, 3], [1, 4]]",0.959489306
"[[2, 3], [1, 4]]",0.958975577
"[[2, 3], [1, 4]]",0.958282958
"[[2, 3], [1, 4]]",0.956183875
"[[2, 3], [1, 4]]",0.95504101
"[[2, 3], [1, 4]]",0.954858013
"[[2, 3], [1, 4]]",0.954853248
"[[2, 3], [1, 4]]",0.954413057
"[[2, 3], [1, 4]]",0.954524043
"[[4], [1, 2, 3]]",0.954550008
"[[2, 3], [1, 4]]",0.954662422
"[[2, 3], [1, 4]]",0.954647362
"[[2, 3], [1, 4]]",0.954384459
"[[2, 3], [1, 4]]",0.954148254
"[[2, 3], [1, 4]]",0.954748864
"[[4], [1, 2, 3]]",0.958730107
"[[4], [1, 2, 3]]",0.96396083
"[[4], [1, 2, 3]]",0.965710284
"[[4], [1, 2, 3]]",0.96698472
"[[4], [1, 2, 3]]",0.968851808
"[[4], [1, 2, 3]]",0.970749721
"[[4], [1, 2, 3]]",0.971915279
"[[4], [1, 2, 3]]",0.972138595
"[[4], [1, 2, 3]]",0.972809668
"[[4], [1, 2, 3]]",0.973143163
"[[4], [1, 2, 3]]",0.973339468
"[[4], [1, 2, 3]]",0.973400205
"[[4], [1, 2, 3]]",0.973443084
"[[4], [1, 2, 3]]",0.974489343
"[[4], [1, 2, 3]]",0.977491582
"[[4], [1, 2, 3]]",0.979304225
"[[4], [1, 2, 3]]",0.980051526
"[[4], [1, 2, 3]]",0.980122595
"[[4], [1, 2, 3]]",0.980169577
"[[4], [1, 2, 3]]",0.980205049
"[[4], [1, 2, 3]]",0.980178119
"[[4], [1, 2, 3]]",0.980065103
"[[4], [1, 2, 3]]",0.979988355
"[[4], [1, 2, 3]]",0.979411398
"[[4], [1, 2, 3]]",0.977229788
"[[4], [1, 2, 3]]",0.976766722
"[[4], [1, 2, 3]]",0.976405296
"[[4], [1, 2, 3]]",0.976482191
"[[4], [1, 2, 3]]",0.976594131
"[[4], [1, 2, 3]]",0.976925395
"[[4], [1, 2, 3]]",0.977222777
"[[4], [1, 2, 3]]",0.97746727
"[[4], [1, 2, 3]]",0.977416243
"[[4], [1, 2, 3]]",0.977700438
"[[4], [1, 2, 3]]",0.977344957
"[[4], [1, 2, 3]]",0.977456277
"[[4], [1, 2, 3]]",0.978080188
"[[4], [1, 2, 3]]",0.977663817
"[[4], [1, 2, 3]]",0.976956284
"[[4], [1, 2, 3]]",0.97645496
"[[4], [1, 2, 3]]",0.976429308
"[[4], [1, 2, 3]]",0.976559381
"[[4], [1, 2, 3]]",0.976566371
"[[4], [1, 2, 3]]",0.976448407
"[[4], [1, 2, 3]]",0.9764553
"[[4], [1, 2, 3]]",0.976719855
"[[4], [1, 2, 3]]",0.976772756
"[[4], [1, 2, 3]]",0.976001162
"[[4], [1, 2, 3]]",0.974450319
"[[4], [1, 2, 3]]",0.973758611
"[[4], [1, 2, 3]]",0.97391361
"[[4], [1, 2, 3]]",0.974197926
"[[4], [1, 2, 3]]",0.974372407
"[[4], [1, 2, 3]]",0.974523423
"[[4], [1, 2, 3]]",0.974755833
"[[4], [1, 2, 3]]",0.974802372
"[[4], [1, 2, 3]]",0.97500003
"[[4], [1, 2, 3]]",0.975377308
"[[4], [1, 2, 3]]",0.975745841
"[[2, 3], [1, 4]]",0.976012184
"[[2, 3], [1, 4]]",0.976247384
"[[4], [1, 2, 3]]",0.976353606
"[[2, 3], [1, 4]]",0.976337557
"[[2, 3], [1, 4]]",0.976202277
"[[2, 3], [1, 4]]",0.976285195
"[[2, 3], [1, 4]]",0.975125043
"[[2, 3], [1, 4]]",0.975166148
"[[2, 3], [1, 4]]",0.975200172
"[[2, 3], [1, 4]]",0.975229593
"[[2, 3], [1, 4]]",0.975164847
"[[2, 3], [1, 4]]",0.974929234
"[[2, 3], [1, 4]]",0.974704092
"[[2, 3], [1, 4]]",0.973715828
"[[2, 3], [1, 4]]",0.973366204
"[[2, 3], [1, 4]]",0.973097633
"[[2, 3], [1, 4]]",0.972750513
"[[2, 3], [1, 4]]",0.972431981
"[[2, 3], [1, 4]]",0.972308174
"[[2, 3], [1, 4]]",0.971972205
"[[2, 3], [1, 4]]",0.971746606
"[[2, 3], [1, 4]]",0.971375039
"[[2, 3], [1, 4]]",0.971335716
"[[2, 3], [1, 4]]",0.970946831
"[[2, 3], [1, 4]]",0.970486751
"[[2, 3], [1, 4]]",0.970151584
"[[2, 3], [1, 4]]",0.970019154
"[[2, 3], [1, 4]]",0.969263103
"[[2, 3], [1, 4]]",0.968983646
"[[2, 3], [1, 4]]",0.96869742
"[[2, 3], [1, 4]]",0.968410846
"[[2, 3], [1, 4]]",0.96840619
"[[4], [1, 2, 3]]",0.968628038
"[[2, 3], [1, 4]]",0.968857807
"[[2, 3], [1, 4]]",0.968580814
"[[2, 3], [1, 4]]",0.968395831
"[[4], [1, 2, 3]]",0.968784396
"[[4], [1, 2, 3]]",0.969905397
"[[4], [1, 2, 3]]",0.970655147
"[[4], [1, 2, 3]]",0.970710784
"[[4], [1, 2, 3]]",0.970680186
"[[4], [1, 2, 3]]",0.970584174
"[[4], [1, 2, 3]]",0.970585831
"[[4], [1, 2, 3]]",0.970612694
"[[4], [1, 2, 3]]",0.970706818
"[[4], [1, 2, 3]]",0.970680799
"[[4], [1, 2, 3]]",0.970625332
"[[4], [1, 2, 3]]",0.970621266
"[[4], [1, 2, 3]]",0.970596983
"[[4], [1, 2, 3]]",0.970682738
"[[4], [1, 2, 3]]",0.970338441
"[[4], [1, 2, 3]]",0.969661195
"[[4], [1, 2, 3]]",0.969276553
"[[4], [1, 2, 3]]",0.969315345
"[[4], [1, 2, 3]]",0.970775964
"[[4], [1, 2, 3]]",0.970704056
"[[4], [1, 2, 3]]",0.970586674
"[[4], [1, 2, 3]]",0.970415015
"[[4], [1, 2, 3]]",0.970267739
"[[4], [1, 2, 3]]",0.970392716
"[[4], [1, 2, 3]]",0.970014317
"[[4], [1, 2, 3]]",0.971467224
"[[4], [1, 2, 3]]",0.971832062
"[[4], [1, 2, 3]]",0.971719117
"[[4], [1, 2, 3]]",0.971690609
"[[4], [1, 2, 3]]",0.971559821
"[[4], [1, 2, 3]]",0.971383543
"[[4], [1, 2, 3]]",0.971167211
"[[4], [1, 2, 3]]",0.971062793
"[[4], [1, 2, 3]]",0.970803412
"[[4], [1, 2, 3]]",0.970503802
"[[4], [1, 2, 3]]",0.97017179
"[[4], [1, 2, 3]]",0.96973184
"[[4], [1, 2, 3]]",0.96909167
"[[4], [1, 2, 3]]",0.968769783
"[[4], [1, 2, 3]]",0.969822032
"[[4], [1, 2, 3]]",0.970086449
"[[4], [1, 2, 3]]",0.970175346
"[[4], [1, 2, 3]]",0.968731599
"[[4], [1, 2, 3]]",0.968313231
"[[4], [1, 2, 3]]",0.968454454
"[[4], [1, 2, 3]]",0.96851232
"[[4], [1, 2, 3]]",0.968557195
"[[4], [1, 2, 3]]",0.968526489
"[[4], [1, 2, 3]]",0.968233517
"[[4], [1, 2, 3]]",0.96525311
"[[4], [1, 2, 3]]",0.964159771
"[[4], [1, 2, 3]]",0.963897759
"[[4], [1, 2, 3]]",0.963702115
"[[4], [1, 2, 3]]",0.963795345
"[[4], [1, 2, 3]]",0.963724549
"[[4], [1, 2, 3]]",0.963684779
"[[4], [1, 2, 3]]",0.96392217
"[[4], [1, 2, 3]]",0.964067767
"[[4], [1, 2, 3]]",0.964082193
"[[4], [1, 2, 3]]",0.963827887
"[[4], [1, 2, 3]]",0.963599526
"[[4], [1, 2, 3]]",0.963544991
"[[4], [1, 2, 3]]",0.964453027
"[[4], [1, 2, 3]]",0.965873818
"[[4], [1, 2, 3]]",0.966921742
"[[4], [1, 2, 3]]",0.967247704
"[[4], [1, 2, 3]]",0.967513074
"[[4], [1, 2, 3]]",0.967759414
"[[4], [1, 2, 3]]",0.967867639
"[[4], [1, 2, 3]]",0.967978566
"[[4], [1, 2, 3]]",0.968025466
"[[4], [1, 2, 3]]",0.968059247
"[[4], [1, 2, 3]]",0.969160576
"[[4], [1, 2, 3]]",0.969740849
"[[4], [1, 2, 3]]",0.970264225
"[[4], [1, 2, 3]]",0.970697202
"[[4], [1, 2, 3]]",0.971007758
"[[4], [1, 2, 3]]",0.971414548
"[[4], [1, 2, 3]]",0.971630077
"[[4], [1, 2, 3]]",0.972125728
"[[4], [1, 2, 3]]",0.972614837
"[[4], [1, 2, 3]]",0.973151492
"[[4], [1, 2, 3]]",0.973767737
"[[4], [1, 2, 3]]",0.974424869
"[[4], [1, 2, 3]]",0.975172638
"[[4], [1, 2, 3]]",0.976032121
"[[2, 3], [1, 4]]",0.97675318
"[[2, 3], [1, 4]]",0.977310032
"[[2, 3], [1, 4]]",0.977625989
"[[2, 3], [1, 4]]",0.977578171
"[[2, 3], [1, 4]]",0.978885003
"[[4], [1, 2, 3]]",0.979389718
"[[2, 3], [1, 4]]",0.97938623
"[[2, 3], [1, 4]]",0.979355666
"[[2, 3], [1, 4]]",0.979328177
"[[4], [1, 2, 3]]",0.979402905
"[[4], [1, 2, 3]]",0.979560117
"[[4], [1, 2, 3]]",0.98125174
"[[4], [1, 2, 3]]",0.98262579
"[[4], [1, 2, 3]]",0.983108946
"[[4], [1, 2, 3]]",0.983508243
"[[4], [1, 2, 3]]",0.983535605
"[[4], [1, 2, 3]]",0.983597316
"[[4], [1, 2, 3]]",0.983535492
"[[4], [1, 2, 3]]",0.983543926
"[[4], [1, 2, 3]]",0.983548596
"[[4], [1, 2, 3]]",0.983497896
"[[4], [1, 2, 3]]",0.983573045
"[[4], [1, 2, 3]]",0.983710112
"[[4], [1, 2, 3]]",0.98367345
"[[4], [1, 2, 3]]",0.983625098
"[[4], [1, 2, 3]]",0.983785747
"[[4], [1, 2, 3]]",0.983997307
"[[4], [1, 2, 3]]",0.98407511
"[[4], [1, 2, 3]]",0.984110589
"[[4], [1, 2, 3]]",0.984044899
"[[4], [1, 2, 3]]",0.984034411
"[[4], [1, 2, 3]]",0.984035903
"[[4], [1, 2, 3]]",0.984043296
"[[4], [1, 2, 3]]",0.984125412
"[[4], [1, 2, 3]]",0.984126338
"[[4], [1, 2, 3]]",0.984551097
"[[4], [1, 2, 3]]",0.984616039
"[[4], [1, 2, 3]]",0.984635082
"[[4], [1, 2, 3]]",0.984928022
"[[4], [1, 2, 3]]",0.984838652
"[[4], [1, 2, 3]]",0.984831556
"[[4], [1, 2, 3]]",0.984856915
"[[4], [1, 2, 3]]",0.984850149
"[[4], [1, 2, 3]]",0.984748166
"[[4], [1, 2, 3]]",0.984644649
"[[4], [1, 2, 3]]",0.984680782
"[[4], [1, 2, 3]]",0.984420178
"[[4], [1, 2, 3]]",0.98433438
"[[4], [1, 2, 3]]",0.983380614
"[[4], [1, 2, 3]]",0.982624092
"[[4], [1, 2, 3]]",0.98258585
"[[4], [1, 2, 3]]",0.982648947
"[[4], [1, 2, 3]]",0.982588428
"[[4], [1, 2, 3]]",0.982569167
"[[4], [1, 2, 3]]",0.982435353
"[[4], [1, 2, 3]]",0.982287148
"[[4], [1, 2, 3]]",0.982206095
"[[4], [1, 2, 3]]",0.982104147
"[[4], [1, 2, 3]]",0.983011017
"[[4], [1, 2, 3]]",0.985615626
"[[4], [1, 2, 3]]",0.985818679
"[[4], [1, 2, 3]]",0.985894485
"[[4], [1, 2, 3]]",0.985931719
"[[4], [1, 2, 3]]",0.985847058
"[[4], [1, 2, 3]]",0.985992839
"[[4], [1, 2, 3]]",0.986444243
"[[4], [1, 2, 3]]",0.986432382
"[[4], [1, 2, 3]]",0.986460277
"[[4], [1, 2, 3]]",0.98643659
"[[4], [1, 2, 3]]",0.986407895
"[[4], [1, 2, 3]]",0.986373362
"[[4], [1, 2, 3]]",0.986343766
"[[4], [1, 2, 3]]",0.986331921
"[[4], [1, 2, 3]]",0.985854113
"[[4], [1, 2, 3]]",0.984606546
"[[4], [1, 2, 3]]",0.983895336
"[[4], [1, 2, 3]]",0.983340924
"[[4], [1, 2, 3]]",0.983318478
"[[4], [1, 2, 3]]",0.983320875
"[[4], [1, 2, 3]]",0.983315364
"[[4], [1, 2, 3]]",0.983310657
"[[4], [1, 2, 3]]",0.983261095
"[[4], [1, 2, 3]]",0.983223772
"[[4], [1, 2, 3]]",0.983291413
"[[4], [1, 2, 3]]",0.983178974
"[[4], [1, 2, 3]]",0.983178245
"[[4], [1, 2, 3]]",0.983170158
"[[4], [1, 2, 3]]",0.983174621
"[[4], [1, 2, 3]]",0.983120714
"[[4], [1, 2, 3]]",0.983074115
"[[4], [1, 2, 3]]",0.983009179
"[[4], [1, 2, 3]]",0.982974558
"[[4], [1, 2, 3]]",0.982937972
"[[4], [1, 2, 3]]",0.982890827
"[[4], [1, 2, 3]]",0.982951747
"[[4], [1, 2, 3]]",0.982722979
"[[4], [1, 2, 3]]",0.984019548
"[[4], [1, 2, 3]]",0.984607848
"[[4], [1, 2, 3]]",0.984528181
"[[4], [1, 2, 3]]",0.98423175
"[[4], [1, 2, 3]]",0.984172471
"[[4], [1, 2, 3]]",0.984118521
"[[4], [1, 2, 3]]",0.984151442
"[[4], [1, 2, 3]]",0.984178388
"[[4], [1, 2, 3]]",0.984185382
"[[4], [1, 2, 3]]",0.984168983
"[[4], [1, 2, 3]]",0.984221399
"[[4], [1, 2, 3]]",0.983979929
"[[4], [1, 2, 3]]",0.983993039
"[[4], [1, 2, 3]]",0.984150225
"[[4], [1, 2, 3]]",0.984230357
"[[4], [1, 2, 3]]",0.98433352
"[[4], [1, 2, 3]]",0.984346504
"[[4], [1, 2, 3]]",0.98429757
"[[4], [1, 2, 3]]",0.984237177
"[[4], [1, 2, 3]]",0.984249087
"[[4], [1, 2, 3]]",0.984335876
"[[4], [1, 2, 3]]",0.984411918
"[[4], [1, 2, 3]]",0.984491802
"[[4], [1, 2, 3]]",0.984615671
"[[4], [1, 2, 3]]",0.984468792
"[[4], [1, 2, 3]]",0.982867827
"[[4], [1, 2, 3]]",0.983950027
"[[4], [1, 2, 3]]",0.984698017
"[[4], [1, 2, 3]]",0.985293022
"[[4], [1, 2, 3]]",0.985335282
"[[4], [1, 2, 3]]",0.985321664
"[[4], [1, 2, 3]]",0.985327586
"[[4], [1, 2, 3]]",0.985335466
"[[4], [1, 2, 3]]",0.985354546
"[[4], [1, 2, 3]]",0.985067006
"[[4], [1, 2, 3]]",0.983434838
"[[4], [1, 2, 3]]",0.982054854
"[[4], [1, 2, 3]]",0.980762778
"[[4], [1, 2, 3]]",0.979928949
"[[4], [1, 2, 3]]",0.979873952
"[[4], [1, 2, 3]]",0.979928106
"[[4], [1, 2, 3]]",0.979995604
"[[4], [1, 2, 3]]",0.979906762
"[[4], [1, 2, 3]]",0.97965606
"[[4], [1, 2, 3]]",0.979470241
"[[4], [1, 2, 3]]",0.978945518
"[[4], [1, 2, 3]]",0.978488236
"[[4], [1, 2, 3]]",0.978169169
"[[4], [1, 2, 3]]",0.976639256
"[[4], [1, 2, 3]]",0.974214957
"[[2, 3], [1, 4]]",0.971323315
"[[2, 3], [1, 4]]",0.96931666
"[[2, 3], [1, 4]]",0.966550194
"[[2, 3], [1, 4]]",0.966567227
"[[2, 3], [1, 4]]",0.966705728
"[[2, 3], [1, 4]]",0.966976441
"[[2, 3], [1, 4]]",0.967335439
"[[2, 3], [1, 4]]",0.96770653
"[[2, 3], [1, 4]]",0.967973898
"[[2, 3], [1, 4]]",0.966901582
"[[2, 3], [1, 4]]",0.966569498
"[[2, 3], [1, 4]]",0.96641487
"[[2, 3], [1, 4]]",0.966649922
"[[2, 3], [1, 4]]",0.966993921
"[[2, 3], [1, 4]]",0.967314726
"[[2, 3], [1, 4]]",0.967843832
"[[2, 3], [1, 4]]",0.968326064
"[[2, 3], [1, 4]]",0.968752618
"[[2, 3], [1, 4]]",0.968992315
"[[2, 3], [1, 4]]",0.969231407
"[[2, 3], [1, 4]]",0.969553114
"[[2, 3], [1, 4]]",0.969179364
"[[2, 3], [1, 4]]",0.968395675
"[[2, 3], [1, 4]]",0.967447364
"[[2, 3], [1, 4]]",0.966741077
"[[2, 3], [1, 4]]",0.967090046
"[[2, 3], [1, 4]]",0.967068385
"[[2, 3], [1, 4]]",0.967035333
"[[2, 3], [1, 4]]",0.96676164
"[[2, 3], [1, 4]]",0.967075164
"[[2, 3], [1, 4]]",0.967511584
"[[2, 3], [1, 4]]",0.967789458
"[[2, 3], [1, 4]]",0.967805158
"[[2, 3], [1, 4]]",0.967868695
"[[2, 3], [1, 4]]",0.967723694
"[[2, 3], [1, 4]]",0.967812448
"[[2, 3], [1, 4]]",0.967799267
"[[2, 3], [1, 4]]",0.967877071
"[[2, 3], [1, 4]]",0.96795077
"[[2, 3], [1, 4]]",0.968263444
"[[2, 3], [1, 4]]",0.968265384
"[[2, 3], [1, 4]]",0.96831403
"[[2, 3], [1, 4]]",0.968366883
"[[2, 3], [1, 4]]",0.968452932
"[[2, 3], [1, 4]]",0.968538871
"[[2, 3], [1, 4]]",0.968580402
"[[2, 3], [1, 4]]",0.968770964
"[[2, 3], [1, 4]]",0.969423675
"[[2, 3], [1, 4]]",0.970702513
"[[2, 3], [1, 4]]",0.972014779
"[[2, 3], [1, 4]]",0.974236969
"[[2, 3], [1, 4]]",0.974333069
"[[2, 3], [1, 4]]",0.974334067
"[[2, 3], [1, 4]]",0.9743056
"[[2, 3], [1, 4]]",0.974186355
"[[2, 3], [1, 4]]",0.974079989
"[[2, 3], [1, 4]]",0.973969942
"[[2, 3], [1, 4]]",0.974289561
"[[2, 3], [1, 4]]",0.973704302
"[[2, 3], [1, 4]]",0.973480007
"[[2, 3], [1, 4]]",0.973503948
"[[2, 3], [1, 4]]",0.973536552
"[[2, 3], [1, 4]]",0.973630545
"[[2, 3], [1, 4]]",0.973581837
"[[2, 3], [1, 4]]",0.973734114
"[[2, 3], [1, 4]]",0.973814361
"[[2, 3], [1, 4]]",0.973903389
"[[2, 3], [1, 4]]",0.97395876
"[[2, 3], [1, 4]]",0.974158194
"[[2, 3], [1, 4]]",0.974417843
"[[2, 3], [1, 4]]",0.974122009
"[[2, 3], [1, 4]]",0.972769572
"[[2, 3], [1, 4]]",0.972910326
"[[2, 3], [1, 4]]",0.972962143
"[[2, 3], [1, 4]]",0.973338927
"[[2, 3], [1, 4]]",0.973696341
"[[2, 3], [1, 4]]",0.974385027
"[[2, 3], [1, 4]]",0.974512255
"[[2, 3], [1, 4]]",0.974363548
"[[2, 3], [1, 4]]",0.974273541
"[[2, 3], [1, 4]]",0.974234079
"[[2, 3], [1, 4]]",0.973744063
"[[2, 3], [1, 4]]",0.973172378
"[[2, 3], [1, 4]]",0.972500424
"[[2, 3], [1, 4]]",0.972311362
"[[2, 3], [1, 4]]",0.97223257
"[[2, 3], [1, 4]]",0.972360905
"[[2, 3], [1, 4]]",0.972375771
"[[2, 3], [1, 4]]",0.972507896
"[[2, 3], [1, 4]]",0.972679462
"[[2, 3], [1, 4]]",0.972871414
"[[2, 3], [1, 4]]",0.972970108
"[[2, 3], [1, 4]]",0.973066717
"[[2, 3], [1, 4]]",0.972776276
"[[2, 3], [1, 4]]",0.972519463
"[[2, 3], [1, 4]]",0.971847201
"[[2, 3], [1, 4]]",0.971981938
"[[2, 3], [1, 4]]",0.972027383
"[[1, 4], [2, 3]]",0.971967415
"[[2, 3], [1, 4]]",0.972055999
"[[1, 4], [2, 3]]",0.972096538
"[[2, 3], [1, 4]]",0.972188279
"[[2, 3], [1, 4]]",0.972150801
"[[2, 3], [1, 4]]",0.971585272
"[[2, 3], [1, 4]]",0.970267696
"[[2, 3], [1, 4]]",0.968759604
"[[1, 4], [2, 3]]",0.966967588
"[[2, 3], [1, 4]]",0.966219162
"[[1, 4], [2, 3]]",0.96623725
"[[1, 4], [2, 3]]",0.966203381
"[[2, 3], [1, 4]]",0.966218912
"[[1, 4], [2, 3]]",0.966341472
"[[1, 4], [2, 3]]",0.966276433
"[[2, 3], [1, 4]]",0.966316721
"[[2, 3], [1, 4]]",0.966418048
"[[1, 4], [2, 3]]",0.966648569
"[[1, 4], [2, 3]]",0.966363954
"[[2, 3], [1, 4]]",0.96617355
"[[2, 3], [1, 4]]",0.966011675
"[[1, 4], [2, 3]]",0.966451371
"[[2, 3], [1, 4]]",0.966245857
"[[1, 4], [2, 3]]",0.966007671
"[[2, 3], [1, 4]]",0.965604323
"[[1, 4], [2, 3]]",0.965229073
"[[1, 4], [2, 3]]",0.965033665
"[[2, 3], [1, 4]]",0.964857137
"[[2, 3], [1, 4]]",0.964664234
"[[2, 3], [1, 4]]",0.964473709
"[[2, 3], [1, 4]]",0.96380573
"[[2, 3], [1, 4]]",0.963400037
"[[2, 3], [1, 4]]",0.963267958
"[[2, 3], [1, 4]]",0.962947349
"[[2, 3], [1, 4]]",0.962347132
"[[2, 3], [1, 4]]",0.961705978
"[[2, 3], [1, 4]]",0.961248483
"[[2, 3], [1, 4]]",0.96067543
"[[2, 3], [1, 4]]",0.959809315
"[[2, 3], [1, 4]]",0.95871882
"[[2, 3], [1, 4]]",0.957458868
"[[2, 3], [1, 4]]",0.955863073
"[[2, 3], [1, 4]]",0.954507029
"[[2, 3], [1, 4]]",0.953155317
"[[2, 3], [1, 4]]",0.952251488
"[[2, 3], [1, 4]]",0.952318258
"[[2, 3], [1, 4]]",0.951586579
"[[2, 3], [1, 4]]",0.951226417
"[[2, 3], [1, 4]]",0.95100078
"[[2, 3], [1, 4]]",0.950389303
"[[2, 3], [1, 4]]",0.949894214
"[[2, 3], [1, 4]]",0.949609571
"[[2, 3], [1, 4]]",0.94936099
"[[2, 3], [1, 4]]",0.949806053
"[[2, 3], [1, 4]]",0.951647349
"[[2, 3], [1, 4]]",0.954314167
"[[2, 3], [1, 4]]",0.958567625
"[[2], [1, 3, 4]]",0.960808017
"[[2], [1, 3, 4]]",0.960625535
"[[2], [1, 3, 4]]",0.960887254
"[[2], [1, 3, 4]]",0.960773355
"[[4], [1, 2, 3]]",0.960610595
"[[4], [1, 2, 3]]",0.960830407
"[[4], [1, 2, 3]]",0.961165179
"[[4], [1, 2, 3]]",0.961329763
"[[4], [1, 2, 3]]",0.961705713
"[[4], [1, 2, 3]]",0.961799249
"[[4], [1, 2, 3]]",0.96141484
"[[4], [1, 2, 3]]",0.960929071
"[[4], [1, 2, 3]]",0.961842487
"[[4], [1, 2, 3]]",0.962696501
"[[4], [1, 2, 3]]",0.962734873
"[[4], [1, 2, 3]]",0.962364722
"[[4], [1, 2, 3]]",0.961498733
"[[4], [1, 2, 3]]",0.959967447
"[[4], [1, 2, 3]]",0.959005422
"[[4], [1, 2, 3]]",0.958254379
"[[4], [1, 2, 3]]",0.958229927
"[[4], [1, 2, 3]]",0.957891153
"[[4], [1, 2, 3]]",0.95756453
"[[4], [1, 2, 3]]",0.956921218
"[[4], [1, 2, 3]]",0.956835485
"[[4], [1, 2, 3]]",0.956947075
"[[4], [1, 2, 3]]",0.95689726
"[[4], [1, 2, 3]]",0.95713729
"[[4], [1, 2, 3]]",0.957420314
"[[4], [1, 2, 3]]",0.957773834
"[[4], [1, 2, 3]]",0.95824495
"[[4], [1, 2, 3]]",0.958817049
"[[4], [1, 2, 3]]",0.959418112
"[[4], [1, 2, 3]]",0.959912589
"[[4], [1, 2, 3]]",0.960389577
"[[4], [1, 2, 3]]",0.960499563
"[[4], [1, 2, 3]]",0.96125134
"[[4], [1, 2, 3]]",0.961824999
"[[4], [1, 2, 3]]",0.961128438
"[[4], [1, 2, 3]]",0.960204496
"[[4], [1, 2, 3]]",0.959916532
"[[4], [1, 2, 3]]",0.959840643
"[[4], [1, 2, 3]]",0.959774029
"[[4], [1, 2, 3]]",0.959735425
"[[4], [1, 2, 3]]",0.959839911
"[[4], [1, 2, 3]]",0.959934814
"[[4], [1, 2, 3]]",0.960731925
"[[4], [1, 2, 3]]",0.961469414
"[[4], [1, 2, 3]]",0.961343339
"[[4], [1, 2, 3]]",0.961517538
"[[4], [1, 2, 3]]",0.961749566
"[[4], [1, 2, 3]]",0.962107411
"[[4], [1, 2, 3]]",0.962515215
"[[4], [1, 2, 3]]",0.962912252
"[[4], [1, 2, 3]]",0.963365978
"[[4], [1, 2, 3]]",0.964067367
"[[4], [1, 2, 3]]",0.964696189
"[[4], [1, 2, 3]]",0.965244398
"[[4], [1, 2, 3]]",0.966071291
"[[4], [1, 2, 3]]",0.966918982
"[[4], [1, 2, 3]]",0.967110751
"[[2, 3], [1, 4]]",0.96725649
"[[1, 4], [2, 3]]",0.967734921
"[[1, 4], [2, 3]]",0.967681382
"[[1, 4], [2, 3]]",0.967643148
"[[2, 3], [1, 4]]",0.967971658
"[[1, 4], [2, 3]]",0.968144984
"[[2, 3], [1, 4]]",0.968381641
"[[4], [1, 2, 3]]",0.968247405
"[[4], [1, 2, 3]]",0.96853605
"[[4], [1, 2, 3]]",0.968516315
"[[4], [1, 2, 3]]",0.968257947
"[[4], [1, 2, 3]]",0.967781505
"[[4], [1, 2, 3]]",0.967644607
"[[4], [1, 2, 3]]",0.967857154
"[[4], [1, 2, 3]]",0.96770908
"[[4], [1, 2, 3]]",0.967609474
"[[4], [1, 2, 3]]",0.967683897
"[[4], [1, 2, 3]]",0.967698221
"[[4], [1, 2, 3]]",0.967744774
"[[4], [1, 2, 3]]",0.967790469
"[[4], [1, 2, 3]]",0.967768652
"[[1, 4], [2, 3]]",0.967179213
"[[1, 4], [2, 3]]",0.965210857
"[[2, 3], [1, 4]]",0.962165268
"[[2, 3], [1, 4]]",0.959301129
"[[2, 3], [1, 4]]",0.956670645
"[[2, 3], [1, 4]]",0.954742181
"[[2, 3], [1, 4]]",0.954894605
"[[2, 3], [1, 4]]",0.95501193
"[[2, 3], [1, 4]]",0.955158584
"[[2, 3], [1, 4]]",0.955255414
"[[2, 3], [1, 4]]",0.955358653
"[[2, 3], [1, 4]]",0.955561306
"[[2, 3], [1, 4]]",0.954403751
"[[2, 3], [1, 4]]",0.952808017
"[[2, 3], [1, 4]]",0.952794664
"[[2, 3], [1, 4]]",0.952718639
"[[2, 3], [1, 4]]",0.9527876
"[[2, 3], [1, 4]]",0.952555709
"[[2, 3], [1, 4]]",0.95224888
"[[2, 3], [1, 4]]",0.951737433
"[[2, 3], [1, 4]]",0.951556135
"[[2, 3], [1, 4]]",0.951347938
"[[2, 3], [1, 4]]",0.950985229
"[[2, 3], [1, 4]]",0.950659353
"[[2, 3], [1, 4]]",0.950695415
"[[2, 3], [1, 4]]",0.950402923
"[[2, 3], [1, 4]]",0.950586994
"[[2, 3], [1, 4]]",0.950855583
"[[2, 3], [1, 4]]",0.950478685
"[[2, 3], [1, 4]]",0.949703329
"[[2, 3], [1, 4]]",0.94879524
"[[2, 3], [1, 4]]",0.947837407
"[[2, 3], [1, 4]]",0.946858353
"[[2, 3], [1, 4]]",0.94574324
"[[2, 3], [1, 4]]",0.944518891
"[[2, 3], [1, 4]]",0.943601509
"[[2, 3], [1, 4]]",0.942965503
"[[2, 3], [1, 4]]",0.942765055
"[[2, 3], [1, 4]]",0.942428701
"[[2, 3], [1, 4]]",0.941984729
"[[2, 3], [1, 4]]",0.941841562
"[[2, 3], [1, 4]]",0.94181135
"[[2, 3], [1, 4]]",0.941764293
"[[2, 3], [1, 4]]",0.941545749
"[[2, 3], [1, 4]]",0.941066384
"[[2, 3], [1, 4]]",0.940436331
"[[1, 4], [2, 3]]",0.939684026
"[[1, 4], [2, 3]]",0.939125221
"[[1, 4], [2, 3]]",0.939034554
"[[1, 4], [2, 3]]",0.940746441
"[[2, 3], [1, 4]]",0.944197987
"[[4], [1, 2, 3]]",0.94834132
"[[4], [1, 2, 3]]",0.953888123
"[[4], [1, 2, 3]]",0.959161473
"[[4], [1, 2, 3]]",0.958053986
"[[4], [1, 2, 3]]",0.955918408
"[[4], [1, 2, 3]]",0.955210743
"[[4], [1, 2, 3]]",0.954445636
"[[4], [1, 2, 3]]",0.953673977
"[[4], [1, 2, 3]]",0.953441824
"[[4], [1, 2, 3]]",0.960813862
"[[4], [1, 2, 3]]",0.973431208
"[[4], [1, 2, 3]]",0.974158075
"[[4], [1, 2, 3]]",0.974560367
"[[4], [1, 2, 3]]",0.976021623
"[[4], [1, 2, 3]]",0.976034155
"[[4], [1, 2, 3]]",0.976079059
"[[4], [1, 2, 3]]",0.976031442
"[[4], [1, 2, 3]]",0.976074288
"[[4], [1, 2, 3]]",0.976152698
"[[4], [1, 2, 3]]",0.976141113
"[[4], [1, 2, 3]]",0.976079434
"[[4], [1, 2, 3]]",0.976339165
"[[4], [1, 2, 3]]",0.976839261
"[[4], [1, 2, 3]]",0.979288771
"[[4], [1, 2, 3]]",0.982600043
"[[4], [1, 2, 3]]",0.982856523
"[[4], [1, 2, 3]]",0.982502563
"[[4], [1, 2, 3]]",0.982045654
"[[4], [1, 2, 3]]",0.981679672
"[[4], [1, 2, 3]]",0.981313456
"[[4], [1, 2, 3]]",0.980931525
"[[4], [1, 2, 3]]",0.980683735
"[[4], [1, 2, 3]]",0.98033002
"[[4], [1, 2, 3]]",0.980581782
"[[4], [1, 2, 3]]",0.980951335
"[[4], [1, 2, 3]]",0.981001674
"[[4], [1, 2, 3]]",0.981182932
"[[4], [1, 2, 3]]",0.982558503
"[[4], [1, 2, 3]]",0.983417747
"[[4], [1, 2, 3]]",0.984296735
"[[4], [1, 2, 3]]",0.985508485
"[[4], [1, 2, 3]]",0.986075497
"[[4], [1, 2, 3]]",0.986197164
"[[4], [1, 2, 3]]",0.986401411
"[[4], [1, 2, 3]]",0.986971454
"[[4], [1, 2, 3]]",0.987363294
"[[4], [1, 2, 3]]",0.98892736
"[[4], [1, 2, 3]]",0.989590996
"[[4], [1, 2, 3]]",0.98981193
"[[1, 2], [3, 4]]",0.987852023
"[[1, 2], [3, 4]]",0.986282723
"[[1, 2], [3, 4]]",0.986595155
"[[1, 2], [3, 4]]",0.987189175
"[[1, 2], [3, 4]]",0.984165544
"[[1, 2], [3, 4]]",0.983387961
"[[1, 2], [3, 4]]",0.982953399
"[[1, 2], [3, 4]]",0.982632466
"[[1, 2], [3, 4]]",0.983212184
"[[1, 2], [3, 4]]",0.984781881
"[[1, 2], [3, 4]]",0.98487296
"[[1, 2], [3, 4]]",0.984949508
"[[1, 2], [3, 4]]",0.985191061
"[[1, 2], [3, 4]]",0.985032879
"[[1, 2], [3, 4]]",0.984806275
"[[1, 2], [3, 4]]",0.984606989
"[[1, 2], [3, 4]]",0.984409234
"[[1, 2], [3, 4]]",0.98426139
"[[1, 2], [3, 4]]",0.984251152
"[[1, 2], [3, 4]]",0.984186364
"[[1, 2], [3, 4]]",0.984003534
"[[1, 2], [3, 4]]",0.984042788
"[[1, 2], [3, 4]]",0.984929969
"[[1, 2], [3, 4]]",0.98517242
"[[1, 2], [3, 4]]",0.984784587
"[[1, 2], [3, 4]]",0.984311105
"[[1, 2], [3, 4]]",0.981747703
"[[1, 2], [3, 4]]",0.979048681
"[[1, 2], [3, 4]]",0.977744736
"[[1, 2], [3, 4]]",0.977394684
"[[1, 2], [3, 4]]",0.976905609
"[[1, 2], [3, 4]]",0.976221835
"[[1, 2], [3, 4]]",0.976588352
"[[1, 2], [3, 4]]",0.976777031
"[[1, 2], [3, 4]]",0.976441652
"[[1, 2], [3, 4]]",0.976091335
"[[1, 2], [3, 4]]",0.975957825
"[[1, 2], [3, 4]]",0.97579834
"[[1, 2], [3, 4]]",0.975196185
"[[1, 2], [3, 4]]",0.974923118
"[[1, 2], [3, 4]]",0.974610455
"[[1, 2], [3, 4]]",0.974269396
"[[1, 2], [3, 4]]",0.97393408
"[[1, 2], [3, 4]]",0.973436275
"[[1, 2], [3, 4]]",0.97282389
"[[1, 2], [3, 4]]",0.972323353
"[[1, 2], [3, 4]]",0.973855249
"[[1, 2], [3, 4]]",0.971742456
"[[1, 2], [3, 4]]",0.965318555
"[[1, 2], [3, 4]]",0.94402984
"[[1], [2, 3, 4]]",0.930604901
"[[1], [2, 3, 4]]",0.919925339
"[[1], [2, 3, 4]]",0.913568075
"[[1], [2, 3, 4]]",0.903637121
"[[1], [2, 3, 4]]",0.895805792
"[[1], [2, 3, 4]]",0.89076375
"[[1], [2, 3, 4]]",0.888220005
"[[1], [2, 3, 4]]",0.884788269
"[[1], [2, 3, 4]]",0.88713776
"[[1], [2, 3, 4]]",0.889715103
"[[1], [2, 3, 4]]",0.892130985
"[[1], [2, 3, 4]]",0.894189307
"[[1], [2, 3, 4]]",0.896096565
"[[1], [2, 3, 4]]",0.898326051
"[[1], [2, 3, 4]]",0.900804969
"[[1], [2, 3, 4]]",0.90348504
"[[1], [2, 3, 4]]",0.906113127
"[[1], [2, 3, 4]]",0.90834674
"[[1], [2, 3, 4]]",0.910506637
"[[1], [2, 3, 4]]",0.91354326
"[[1], [2, 3, 4]]",0.914870615
"[[1], [2, 3, 4]]",0.91512841
"[[1], [2, 3, 4]]",0.917195375
"[[1], [2, 3, 4]]",0.919337483
"[[1], [2, 3, 4]]",0.922221008
"[[1], [2, 3, 4]]",0.925019325
"[[1], [2, 3, 4]]",0.927295979
"[[1], [2, 3, 4]]",0.929199823
"[[1], [2, 3, 4]]",0.931339057
"[[1], [2, 3, 4]]",0.933937704
"[[1], [2, 3, 4]]",0.935559407
"[[1], [2, 3, 4]]",0.93578284
"[[1], [2, 3, 4]]",0.937224417
"[[1], [2, 3, 4]]",0.939522661
"[[1], [2, 3, 4]]",0.941527169
"[[1], [2, 3, 4]]",0.943340239
"[[1], [2, 3, 4]]",0.945003617
"[[1, 4], [2, 3]]",0.946363054
"[[1, 4], [2, 3]]",0.947478241
"[[1, 4], [2, 3]]",0.948927688
"[[2, 3], [1, 4]]",0.950345013
"[[2, 3], [1, 4]]",0.952129219
"[[2, 3], [1, 4]]",0.954331719
"[[2, 3], [1, 4]]",0.956831318
"[[2, 3], [1, 4]]",0.959393114
"[[2, 3], [1, 4]]",0.96042736
"[[2, 3], [1, 4]]",0.960739232
"[[2, 3], [1, 4]]",0.960847438
"[[2, 3], [1, 4]]",0.960894445
"[[2, 3], [1, 4]]",0.960975332
"[[2, 3], [1, 4]]",0.961147845
"[[2, 3], [1, 4]]",0.961653378
"[[2, 3], [1, 4]]",0.962238581
"[[2, 3], [1, 4]]",0.962920172
"[[2, 3], [1, 4]]",0.962747324
"[[2, 3], [1, 4]]",0.963829485
"[[2, 3], [1, 4]]",0.963921528
"[[2, 3], [1, 4]]",0.964092285
"[[2, 3], [1, 4]]",0.96427381
"[[2, 3], [1, 4]]",0.964626418
"[[2, 3], [1, 4]]",0.964882178
"[[2, 3], [1, 4]]",0.965015571
"[[2, 3], [1, 4]]",0.965027837
"[[2, 3], [1, 4]]",0.965026567
"[[2, 3], [1, 4]]",0.964862157
"[[2, 3], [1, 4]]",0.964710448
"[[2, 3], [1, 4]]",0.964589869
"[[2, 3], [1, 4]]",0.96447888
"[[2, 3], [1, 4]]",0.964961381
"[[2, 3], [1, 4]]",0.966197892
"[[2, 3], [1, 4]]",0.966534007
"[[2, 3], [1, 4]]",0.965809627
"[[2, 3], [1, 4]]",0.964916608
"[[2, 3], [1, 4]]",0.963779775
"[[2, 3], [1, 4]]",0.962619488
"[[4], [1, 2, 3]]",0.961358486
"[[4], [1, 2, 3]]",0.960311503
"[[4], [1, 2, 3]]",0.959663425
"[[4], [1, 2, 3]]",0.960394513
"[[4], [1, 2, 3]]",0.963409574
"[[4], [1, 2, 3]]",0.965273194
"[[4], [1, 2, 3]]",0.964914355
"[[4], [1, 2, 3]]",0.963960946
"[[4], [1, 2, 3]]",0.962702389
"[[4], [1, 2, 3]]",0.961564632
"[[4], [1, 2, 3]]",0.96050819
"[[4], [1, 2, 3]]",0.959599095
"[[4], [1, 2, 3]]",0.958347259
"[[4], [1, 2, 3]]",0.9569403
"[[4], [1, 2, 3]]",0.955296377
"[[4], [1, 2, 3]]",0.953351425
"[[4], [1, 2, 3]]",0.951424667
"[[4], [1, 2, 3]]",0.950521519
"[[1], [2, 3, 4]]",0.94932337
"[[1], [2, 3, 4]]",0.948327066
"[[1], [2, 3, 4]]",0.947054721
"[[1], [2, 3, 4]]",0.94586729
"[[1], [2, 3, 4]]",0.944893817
"[[1], [2, 3, 4]]",0.943707667
"[[1], [2, 3, 4]]",0.942345321
"[[1], [2, 3, 4]]",0.940750629
"[[1], [2, 3, 4]]",0.940109018
"[[1], [2, 3, 4]]",0.944300761
"[[1, 2], [3, 4]]",0.946646642
"[[1, 2], [3, 4]]",0.947946864
"[[1, 2], [3, 4]]",0.948684174
"[[1, 2], [3, 4]]",0.949208521
"[[1, 2], [3, 4]]",0.949724412
"[[1, 2], [3, 4]]",0.951944769
"[[1, 2], [3, 4]]",0.952161725
"[[1, 2], [3, 4]]",0.952418678
"[[1, 2], [3, 4]]",0.952887185
"[[1, 2], [3, 4]]",0.953007023
"[[1, 2], [3, 4]]",0.953436785
"[[1, 2], [3, 4]]",0.953913417
"[[1, 2], [3, 4]]",0.959828488
"[[1, 2], [3, 4]]",0.968667832
"[[1, 2], [3, 4]]",0.973614171
"[[1, 2], [3, 4]]",0.984573336
"[[1, 2], [3, 4]]",0.984433897
"[[1, 2], [3, 4]]",0.981514285
"[[1, 2], [3, 4]]",0.980328986
"[[1, 2], [3, 4]]",0.980272435
"[[1, 2], [3, 4]]",0.979552753
"[[1, 2], [3, 4]]",0.979437092
"[[1, 2], [3, 4]]",0.980169408
"[[1, 2], [3, 4]]",0.979022707
"[[1, 2], [3, 4]]",0.976970778
"[[1, 2], [3, 4]]",0.973977864
"[[1, 2], [3, 4]]",0.972627076
"[[1, 2], [3, 4]]",0.9720216
"[[1, 2], [3, 4]]",0.97205295
"[[1, 2], [3, 4]]",0.972118534
"[[1, 2], [3, 4]]",0.971154085
"[[1, 2], [3, 4]]",0.970071767
"[[1, 2], [3, 4]]",0.969069627
"[[1, 2], [3, 4]]",0.967393178
"[[1, 2], [3, 4]]",0.967673672
"[[1, 2], [3, 4]]",0.968445774
"[[1, 2], [3, 4]]",0.968417621
"[[1, 2], [3, 4]]",0.968855222
"[[1, 2], [3, 4]]",0.969172406
"[[1, 2], [3, 4]]",0.969505945
"[[1, 2], [3, 4]]",0.969584383
"[[1, 2], [3, 4]]",0.969626207
"[[1, 2], [3, 4]]",0.969706744
"[[1, 2], [3, 4]]",0.96714643
"[[1, 2], [3, 4]]",0.963400761
"[[1, 2], [3, 4]]",0.962444829
"[[1, 2], [3, 4]]",0.962281129
"[[1, 2], [3, 4]]",0.958723039
"[[1, 2], [3, 4]]",0.957323165
"[[1, 2], [3, 4]]",0.953240811
"[[1, 2], [3, 4]]",0.947623694
"[[1], [2, 3, 4]]",0.928538136
"[[1], [2, 3, 4]]",0.925892319
"[[1], [2, 3, 4]]",0.926639467
"[[1], [2, 3, 4]]",0.92761414
"[[1], [2, 3, 4]]",0.929272326
"[[1], [2, 3, 4]]",0.930895703
"[[1], [2, 3, 4]]",0.93216371
"[[1], [2, 3, 4]]",0.933696757
"[[1], [2, 3, 4]]",0.935075403
"[[4], [1, 2, 3]]",0.936062006
"[[3, 4], [1, 2]]",0.936149825
"[[4], [1, 2, 3]]",0.936190765
"[[1, 2], [3, 4]]",0.936248521
"[[3, 4], [1, 2]]",0.936938913
"[[4], [1, 2, 3]]",0.939479348
"[[4], [1, 2, 3]]",0.941012743
"[[4], [1, 2, 3]]",0.938330366
"[[4], [1, 2, 3]]",0.938428956
"[[4], [1, 2, 3]]",0.93829001
"[[4], [1, 2, 3]]",0.938186974
"[[4], [1, 2, 3]]",0.938145091
"[[4], [1, 2, 3]]",0.938048443
"[[4], [1, 2, 3]]",0.937867159
"[[4], [1, 2, 3]]",0.937765658
"[[4], [1, 2, 3]]",0.937666681
"[[4], [1, 2, 3]]",0.937350541
"[[4], [1, 2, 3]]",0.937008907
"[[4], [1, 2, 3]]",0.936379552
"[[4], [1, 2, 3]]",0.935669453
"[[4], [1, 2, 3]]",0.934667704
"[[1, 2], [3, 4]]",0.933568969
"[[1], [2, 3, 4]]",0.932654058
"[[1], [2, 3, 4]]",0.932716339
"[[1], [2, 3, 4]]",0.932389072
"[[1], [2, 3, 4]]",0.93260162
"[[1], [2, 3, 4]]",0.933147931
"[[1], [2, 3, 4]]",0.932955942
"[[1], [2, 3, 4]]",0.930977385
"[[1], [2, 3, 4]]",0.929062786
"[[1], [2, 3, 4]]",0.927071939
"[[1], [2, 3, 4]]",0.925072432
"[[1], [2, 3, 4]]",0.923630991
"[[1], [2, 3, 4]]",0.921902972
"[[1], [2, 3, 4]]",0.920169979
"[[1], [2, 3, 4]]",0.919994316
"[[1], [2, 3, 4]]",0.919318298
"[[1], [2, 3, 4]]",0.920683335
"[[1], [2, 3, 4]]",0.92490986
"[[1, 2], [3, 4]]",0.956748536
"[[1, 2], [3, 4]]",0.972694742
"[[1, 2], [3, 4]]",0.972296991
"[[1, 2], [3, 4]]",0.971429284
"[[1, 2], [3, 4]]",0.97226065
"[[1, 2], [3, 4]]",0.97203033
"[[1, 2], [3, 4]]",0.971259801
"[[1, 2], [3, 4]]",0.970522234
"[[1, 2], [3, 4]]",0.969914273
"[[1, 2], [3, 4]]",0.970814925
"[[1, 2], [3, 4]]",0.971979108
"[[1, 2], [3, 4]]",0.971988261
"[[1, 2], [3, 4]]",0.971898138
"[[1, 2], [3, 4]]",0.972296657
"[[1, 2], [3, 4]]",0.973067492
"[[1, 2], [3, 4]]",0.973750065
"[[1, 2], [3, 4]]",0.977811747
"[[1, 2], [3, 4]]",0.97850374
"[[1, 2], [3, 4]]",0.978653433
"[[1, 2], [3, 4]]",0.978950847
"[[1, 2], [3, 4]]",0.98135769
"[[1, 2], [3, 4]]",0.983336103
"[[1, 2], [3, 4]]",0.984739651
"[[1, 2], [3, 4]]",0.985829846
"[[1, 2], [3, 4]]",0.986546353
"[[1, 2], [3, 4]]",0.986576424
"[[1, 2], [3, 4]]",0.986211585
"[[1, 2], [3, 4]]",0.985688378
"[[1, 2], [3, 4]]",0.984589099
"[[1, 2], [3, 4]]",0.984230297
"[[1, 2], [3, 4]]",0.98404271
"[[1, 2], [3, 4]]",0.983869787
"[[1, 2], [3, 4]]",0.98371906
"[[1, 2], [3, 4]]",0.985038504
"[[1, 2], [3, 4]]",0.987043831
"[[1, 2], [3, 4]]",0.987801709
"[[1, 2], [3, 4]]",0.987818618
"[[1, 2], [3, 4]]",0.989010505
"[[1, 2], [3, 4]]",0.989957988
"[[1, 2], [3, 4]]",0.990435761
"[[1, 2], [3, 4]]",0.990855531
"[[1, 2], [3, 4]]",0.988420952
"[[1, 2], [3, 4]]",0.988569354
"[[1, 2], [3, 4]]",0.988630937
"[[1, 2], [3, 4]]",0.988602606
"[[1, 2], [3, 4]]",0.987623897
"[[1, 2], [3, 4]]",0.986494143
"[[1, 2], [3, 4]]",0.985615555
"[[1, 2], [3, 4]]",0.985699277
"[[1, 2], [3, 4]]",0.985727462
"[[1, 2], [3, 4]]",0.985741427
"[[1, 2], [3, 4]]",0.986052358
"[[1, 2], [3, 4]]",0.986938748
"[[1, 2], [3, 4]]",0.987262088
"[[1, 2], [3, 4]]",0.987506827
"[[1, 2], [3, 4]]",0.988064298
"[[1, 2], [3, 4]]",0.988340979
"[[1, 2], [3, 4]]",0.988286794
"[[1, 2], [3, 4]]",0.988261824
"[[1, 2], [3, 4]]",0.988177274
"[[1, 2], [3, 4]]",0.988165227
"[[1, 2], [3, 4]]",0.987329666
"[[1, 2], [3, 4]]",0.98411576
"[[1, 2], [3, 4]]",0.982697109
"[[1, 2], [3, 4]]",0.980421907
"[[1, 2], [3, 4]]",0.978766357
"[[1, 2], [3, 4]]",0.977379427
"[[1, 2], [3, 4]]",0.975560522
"[[1, 2], [3, 4]]",0.967789071
"[[1, 2], [3, 4]]",0.962813393
"[[1, 2], [3, 4]]",0.956763373
"[[1, 2], [3, 4]]",0.955560827
"[[1, 2], [3, 4]]",0.955165913
"[[1, 2], [3, 4]]",0.955028771
"[[1, 2], [3, 4]]",0.953301768
"[[1, 2], [3, 4]]",0.953622233
"[[1, 2], [3, 4]]",0.95474924
"[[1, 2], [3, 4]]",0.955396801
"[[1, 2], [3, 4]]",0.955713724
"[[1, 2], [3, 4]]",0.956660532
"[[1, 2], [3, 4]]",0.958225668
"[[1, 2], [3, 4]]",0.958762397
"[[1, 2], [3, 4]]",0.959765235
"[[1, 2], [3, 4]]",0.960473247
"[[1, 2], [3, 4]]",0.960597888
"[[1, 2], [3, 4]]",0.956127174
"[[1, 2], [3, 4]]",0.951863674
"[[1, 2], [3, 4]]",0.944969237
"[[1], [2, 3, 4]]",0.939482024
"[[1], [2, 3, 4]]",0.939563717
"[[1], [2, 3, 4]]",0.940905879
"[[1], [2, 3, 4]]",0.942063915
"[[1], [2, 3, 4]]",0.941355168
"[[1], [2, 3, 4]]",0.937504798
"[[1], [2, 3, 4]]",0.936142208
"[[1], [2, 3, 4]]",0.937105977
"[[1], [2, 3, 4]]",0.938743875
"[[1], [2, 3, 4]]",0.940296364
"[[1], [2, 3, 4]]",0.941739903
"[[1], [2, 3, 4]]",0.943203087
"[[1], [2, 3, 4]]",0.944737327
"[[1], [2, 3, 4]]",0.94628011
"[[4], [1, 2, 3]]",0.947815323
"[[4], [1, 2, 3]]",0.949187882
"[[4], [1, 2, 3]]",0.950699455
"[[4], [1, 2, 3]]",0.952437097
"[[4], [1, 2, 3]]",0.954260575
"[[4], [1, 2, 3]]",0.955427623
"[[4], [1, 2, 3]]",0.956662878
"[[4], [1, 2, 3]]",0.956904541
"[[4], [1, 2, 3]]",0.957211528
"[[4], [1, 2, 3]]",0.957652847
"[[4], [1, 2, 3]]",0.957905515
"[[4], [1, 2, 3]]",0.958223253
"[[4], [1, 2, 3]]",0.958629783
"[[4], [1, 2, 3]]",0.958981293
"[[4], [1, 2, 3]]",0.958980577
"[[4], [1, 2, 3]]",0.958966351
"[[4], [1, 2, 3]]",0.9589392
"[[4], [1, 2, 3]]",0.959047606
"[[2, 3], [1, 4]]",0.959148201
"[[4], [1, 2, 3]]",0.959120842
"[[4], [1, 2, 3]]",0.95885679
"[[4], [1, 2, 3]]",0.958680214
"[[4], [1, 2, 3]]",0.958447284
"[[4], [1, 2, 3]]",0.958227055
"[[4], [1, 2, 3]]",0.957894749
"[[4], [1, 2, 3]]",0.957722086
"[[4], [1, 2, 3]]",0.956545308
"[[4], [1, 2, 3]]",0.957208677
"[[4], [1, 2, 3]]",0.957359785
"[[4], [1, 2, 3]]",0.957549411
"[[4], [1, 2, 3]]",0.957014834
"[[4], [1, 2, 3]]",0.95654576
"[[4], [1, 2, 3]]",0.95602519
"[[4], [1, 2, 3]]",0.956881498
"[[4], [1, 2, 3]]",0.956880261
"[[4], [1, 2, 3]]",0.957153214
"[[4], [1, 2, 3]]",0.956412708
"[[4], [1, 2, 3]]",0.955947303
"[[4], [1, 2, 3]]",0.957053467
"[[4], [1, 2, 3]]",0.961617133
"[[4], [1, 2, 3]]",0.964542107
"[[4], [1, 2, 3]]",0.963851298
"[[4], [1, 2, 3]]",0.963329561
"[[4], [1, 2, 3]]",0.963093014
"[[4], [1, 2, 3]]",0.96305299
"[[4], [1, 2, 3]]",0.962853865
"[[4], [1, 2, 3]]",0.962568855
"[[4], [1, 2, 3]]",0.960403322
"[[4], [1, 2, 3]]",0.957118994
"[[4], [1, 2, 3]]",0.956548058
"[[4], [1, 2, 3]]",0.955228375
"[[4], [1, 2, 3]]",0.954873401
"[[4], [1, 2, 3]]",0.954622721
"[[4], [1, 2, 3]]",0.956304934
"[[4], [1, 2, 3]]",0.955634195
"[[4], [1, 2, 3]]",0.958091201
"[[4], [1, 2, 3]]",0.958429408
"[[4], [1, 2, 3]]",0.957979932
"[[4], [1, 2, 3]]",0.95267676
"[[4], [1, 2, 3]]",0.953022596
"[[4], [1, 2, 3]]",0.953215243
"[[4], [1, 2, 3]]",0.953653642
"[[4], [1, 2, 3]]",0.953995905
"[[4], [1, 2, 3]]",0.95373205
"[[4], [1, 2, 3]]",0.954002988
"[[4], [1, 2, 3]]",0.953678481
"[[4], [1, 2, 3]]",0.953139624
"[[4], [1, 2, 3]]",0.953221642
"[[4], [1, 2, 3]]",0.953124125
"[[4], [1, 2, 3]]",0.952881734
"[[4], [1, 2, 3]]",0.952814304
"[[4], [1, 2, 3]]",0.952739052
"[[4], [1, 2, 3]]",0.952675953
"[[4], [1, 2, 3]]",0.952680308
"[[4], [1, 2, 3]]",0.954873167
"[[4], [1, 2, 3]]",0.95512149
"[[4], [1, 2, 3]]",0.953024988
"[[4], [1, 2, 3]]",0.953229354
"[[4], [1, 2, 3]]",0.953522545
"[[4], [1, 2, 3]]",0.953849448
"[[4], [1, 2, 3]]",0.954223152
"[[4], [1, 2, 3]]",0.954148084
"[[4], [1, 2, 3]]",0.955415556
"[[4], [1, 2, 3]]",0.955050594
"[[4], [1, 2, 3]]",0.954623151
"[[4], [1, 2, 3]]",0.954435396
"[[4], [1, 2, 3]]",0.955410951
"[[4], [1, 2, 3]]",0.956447964
"[[4], [1, 2, 3]]",0.9581083
"[[4], [1, 2, 3]]",0.9599674
"[[4], [1, 2, 3]]",0.961085082
"[[4], [1, 2, 3]]",0.961470905
"[[4], [1, 2, 3]]",0.961644312
"[[4], [1, 2, 3]]",0.961546168
"[[4], [1, 2, 3]]",0.960985249
"[[4], [1, 2, 3]]",0.962610762
"[[4], [1, 2, 3]]",0.965134289
"[[4], [1, 2, 3]]",0.965135662
"[[4], [1, 2, 3]]",0.965735835
"[[4], [1, 2, 3]]",0.965637657
"[[4], [1, 2, 3]]",0.965553705
"[[4], [1, 2, 3]]",0.965480286
"[[4], [1, 2, 3]]",0.967180628
"[[4], [1, 2, 3]]",0.966692705
"[[4], [1, 2, 3]]",0.966237869
"[[4], [1, 2, 3]]",0.966275309
"[[4], [1, 2, 3]]",0.970446631
"[[4], [1, 2, 3]]",0.96987359
"[[4], [1, 2, 3]]",0.969593162
"[[4], [1, 2, 3]]",0.968785656
"[[4], [1, 2, 3]]",0.969254322
"[[4], [1, 2, 3]]",0.970782746
"[[4], [1, 2, 3]]",0.971063386
"[[4], [1, 2, 3]]",0.972272045
"[[4], [1, 2, 3]]",0.973296222
"[[4], [1, 2, 3]]",0.973180851
"[[4], [1, 2, 3]]",0.972654565
"[[4], [1, 2, 3]]",0.972703194
"[[4], [1, 2, 3]]",0.972233973
"[[4], [1, 2, 3]]",0.97210343
"[[4], [1, 2, 3]]",0.970693986
"[[4], [1, 2, 3]]",0.96949587
"[[4], [1, 2, 3]]",0.951037678
"[[4], [1, 2, 3]]",0.950748465
"[[4], [1, 2, 3]]",0.952930262
"[[4], [1, 2, 3]]",0.952294489
"[[4], [1, 2, 3]]",0.951187056
"[[4], [1, 2, 3]]",0.951140011
"[[4], [1, 2, 3]]",0.950376781
"[[1, 2], [3, 4]]",0.947979656
"[[1, 2], [3, 4]]",0.947950739
"[[1, 2], [3, 4]]",0.947908088
"[[1, 2], [3, 4]]",0.947942208
"[[1, 2], [3, 4]]",0.947533582
"[[1, 2], [3, 4]]",0.946588862
"[[1, 2], [3, 4]]",0.946188781
"[[1, 2], [3, 4]]",0.94586157
"[[1, 2], [3, 4]]",0.94465554
"[[4], [1, 2, 3]]",0.944962968
"[[4], [1, 2, 3]]",0.944641206
"[[4], [1, 2, 3]]",0.944565921
"[[4], [1, 2, 3]]",0.94452598
"[[4], [1, 2, 3]]",0.944740844
"[[4], [1, 2, 3]]",0.94485819
"[[4], [1, 2, 3]]",0.94495539
"[[4], [1, 2, 3]]",0.945393245
"[[4], [1, 2, 3]]",0.945350239
"[[4], [1, 2, 3]]",0.943246013
"[[4], [1, 2, 3]]",0.942522045
"[[4], [1, 2, 3]]",0.942978697
"[[4], [1, 2, 3]]",0.943559289
"[[4], [1, 2, 3]]",0.944476454
"[[4], [1, 2, 3]]",0.945208879
"[[4], [1, 2, 3]]",0.946116897
"[[4], [1, 2, 3]]",0.947159092
"[[4], [1, 2, 3]]",0.947897416
"[[4], [1, 2, 3]]",0.948692558
"[[4], [1, 2, 3]]",0.950006562
"[[4], [1, 2, 3]]",0.950519797
"[[4], [1, 2, 3]]",0.950428361
"[[4], [1, 2, 3]]",0.950446047
"[[4], [1, 2, 3]]",0.950487005
"[[4], [1, 2, 3]]",0.951920483
"[[4], [1, 2, 3]]",0.953108698
"[[4], [1, 2, 3]]",0.954340985
"[[4], [1, 2, 3]]",0.955056414
"[[4], [1, 2, 3]]",0.954664806
"[[4], [1, 2, 3]]",0.954271664
"[[4], [1, 2, 3]]",0.953463315
"[[4], [1, 2, 3]]",0.952563416
"[[4], [1, 2, 3]]",0.961514612
"[[4], [1, 2, 3]]",0.961319985
"[[4], [1, 2, 3]]",0.961394575
"[[4], [1, 2, 3]]",0.962272668
"[[4], [1, 2, 3]]",0.962276908
"[[4], [1, 2, 3]]",0.961287346
"[[4], [1, 2, 3]]",0.960340842
"[[4], [1, 2, 3]]",0.961824964
"[[4], [1, 2, 3]]",0.960793384
"[[4], [1, 2, 3]]",0.959623555
"[[4], [1, 2, 3]]",0.958335523
"[[4], [1, 2, 3]]",0.956891576
"[[4], [1, 2, 3]]",0.955667069
"[[4], [1, 2, 3]]",0.954436279
"[[4], [1, 2, 3]]",0.953494697
"[[4], [1, 2, 3]]",0.953903251
"[[4], [1, 2, 3]]",0.953047911
"[[4], [1, 2, 3]]",0.953161287
"[[4], [1, 2, 3]]",0.952961983
"[[4], [1, 2, 3]]",0.952410163
"[[4], [1, 2, 3]]",0.951720775
"[[4], [1, 2, 3]]",0.950862542
"[[4], [1, 2, 3]]",0.950314533
"[[4], [1, 2, 3]]",0.950235567
"[[4], [1, 2, 3]]",0.95126743
"[[4], [1, 2, 3]]",0.958659688
"[[4], [1, 2, 3]]",0.963687387
"[[4], [1, 2, 3]]",0.963733434
"[[4], [1, 2, 3]]",0.964033318
"[[4], [1, 2, 3]]",0.964735528
"[[4], [1, 2, 3]]",0.965064393
"[[4], [1, 2, 3]]",0.965068148
"[[4], [1, 2, 3]]",0.964440539
"[[4], [1, 2, 3]]",0.963964983
"[[1, 2], [3, 4]]",0.963520306
"[[1, 2], [3, 4]]",0.963123173
"[[1, 2], [3, 4]]",0.965720022
"[[1, 2], [3, 4]]",0.966852979
"[[1, 2], [3, 4]]",0.969207991
"[[1, 2], [3, 4]]",0.970523436
"[[1, 2], [3, 4]]",0.973356416
"[[1, 2], [3, 4]]",0.97439405
"[[1, 2], [3, 4]]",0.97522109
"[[1, 2], [3, 4]]",0.976281172
"[[1, 2], [3, 4]]",0.977521248
"[[1, 2], [3, 4]]",0.978552006
"[[1, 2], [3, 4]]",0.978680423
"[[1, 2], [3, 4]]",0.978840917
"[[1, 2], [3, 4]]",0.980865029
"[[1, 2], [3, 4]]",0.987166821
"[[1, 2], [3, 4]]",0.991140789
"[[1, 2], [3, 4]]",0.992553054
"[[1, 2], [3, 4]]",0.992812876
"[[1, 2], [3, 4]]",0.992854822
"[[1, 2], [3, 4]]",0.992888741
"[[1, 2], [3, 4]]",0.992907533
"[[1, 2], [3, 4]]",0.992963424
"[[1, 2], [3, 4]]",0.99310867
"[[1, 2], [3, 4]]",0.993246845
"[[1, 2], [3, 4]]",0.993420103
"[[1, 2], [3, 4]]",0.993419465
"[[1, 2], [3, 4]]",0.993294035
"[[1, 2], [3, 4]]",0.993198463
"[[1, 2], [3, 4]]",0.993355747
"[[1, 2], [3, 4]]",0.993433806
"[[1, 2], [3, 4]]",0.993441832
"[[1, 2], [3, 4]]",0.993472015
"[[1, 2], [3, 4]]",0.993519661
"[[1, 2], [3, 4]]",0.993528509
"[[1, 2], [3, 4]]",0.993556188
"[[1, 2], [3, 4]]",0.993475597
"[[1, 2], [3, 4]]",0.993418695
"[[1, 2], [3, 4]]",0.993423082
"[[1, 2], [3, 4]]",0.993477235
"[[1, 2], [3, 4]]",0.993609127
"[[1, 2], [3, 4]]",0.993622685
"[[1, 2], [3, 4]]",0.993908561
"[[1, 2], [3, 4]]",0.994575634
"[[1, 2], [3, 4]]",0.99572571
"[[1, 2], [3, 4]]",0.995419176
"[[1, 2], [3, 4]]",0.994971501
"[[1, 2], [3, 4]]",0.994180134
"[[1, 2], [3, 4]]",0.994162808
"[[1, 2], [3, 4]]",0.994113895
"[[1, 2], [3, 4]]",0.994111524
"[[1, 2], [3, 4]]",0.993678936
"[[1, 2], [3, 4]]",0.993033365
"[[1, 2], [3, 4]]",0.993134476
"[[1, 2], [3, 4]]",0.993043043
"[[1, 2], [3, 4]]",0.992981231
"[[1, 2], [3, 4]]",0.992942561
"[[1, 2], [3, 4]]",0.992951338
"[[1, 2], [3, 4]]",0.992979607
"[[1, 2], [3, 4]]",0.99300306
"[[1, 2], [3, 4]]",0.993015963
"[[1, 2], [3, 4]]",0.992846838
"[[1, 2], [3, 4]]",0.992468272
"[[1, 2], [3, 4]]",0.99227265
"[[1, 2], [3, 4]]",0.992186668
"[[1, 2], [3, 4]]",0.992008201
"[[1, 2], [3, 4]]",0.991779776
"[[1, 2], [3, 4]]",0.991637733
"[[1, 2], [3, 4]]",0.99157867
"[[1, 2], [3, 4]]",0.99157543
"[[1, 2], [3, 4]]",0.991602235
"[[1, 2], [3, 4]]",0.991664287
"[[1, 2], [3, 4]]",0.991667061
"[[1, 2], [3, 4]]",0.991765507
"[[1, 2], [3, 4]]",0.992073116
"[[1, 2], [3, 4]]",0.992392881
"[[1, 2], [3, 4]]",0.992539428
"[[1, 2], [3, 4]]",0.992565298
"[[1, 2], [3, 4]]",0.992590322
"[[1, 2], [3, 4]]",0.992627
"[[1, 2], [3, 4]]",0.992646487
"[[1, 2], [3, 4]]",0.992648996
"[[1, 2], [3, 4]]",0.992654211
"[[1, 2], [3, 4]]",0.992663431
"[[1, 2], [3, 4]]",0.992699844
"[[1, 2], [3, 4]]",0.992715725
"[[1, 2], [3, 4]]",0.99271801
"[[1, 2], [3, 4]]",0.992342416
"[[1, 2], [3, 4]]",0.992066886
"[[1, 2], [3, 4]]",0.991914253
"[[1, 2], [3, 4]]",0.992269922
"[[1, 2], [3, 4]]",0.992375724
"[[1, 2], [3, 4]]",0.992352528
"[[1, 2], [3, 4]]",0.992063854
"[[4], [1, 2, 3]]",0.99251102
"[[4], [1, 2, 3]]",0.993087334
"[[4], [1, 2, 3]]",0.992925613
"[[4], [1, 2, 3]]",0.992854997
"[[4], [1, 2, 3]]",0.992798317
"[[4], [1, 2, 3]]",0.993985351
"[[4], [1, 2, 3]]",0.994809803
"[[4], [1, 2, 3]]",0.9948146
"[[4], [1, 2, 3]]",0.994734427
"[[4], [1, 2, 3]]",0.994682304
"[[4], [1, 2, 3]]",0.99462617
"[[4], [1, 2, 3]]",0.994560663
"[[4], [1, 2, 3]]",0.994448155
"[[4], [1, 2, 3]]",0.994321942
"[[4], [1, 2, 3]]",0.994226337
"[[4], [1, 2, 3]]",0.994374515
"[[4], [1, 2, 3]]",0.994631544
"[[4], [1, 2, 3]]",0.994746012
"[[4], [1, 2, 3]]",0.994792691
"[[4], [1, 2, 3]]",0.994884711
"[[4], [1, 2, 3]]",0.994868654
"[[4], [1, 2, 3]]",0.994882138
"[[1, 2], [3, 4]]",0.994883888
"[[1, 2], [3, 4]]",0.994854381
"[[1, 2], [3, 4]]",0.994788731
"[[1, 2], [3, 4]]",0.994651851
"[[1, 2], [3, 4]]",0.994504967
"[[1, 2], [3, 4]]",0.994247782
"[[1, 2], [3, 4]]",0.9940743
"[[1, 2], [3, 4]]",0.993956253
"[[1, 2], [3, 4]]",0.993973137
"[[1, 2], [3, 4]]",0.993858725
"[[1, 2], [3, 4]]",0.993651023
"[[1, 2], [3, 4]]",0.993522984
"[[1, 2], [3, 4]]",0.993449731
"[[1, 2], [3, 4]]",0.993405663
"[[1, 2], [3, 4]]",0.993362438
"[[1, 2], [3, 4]]",0.993310828
"[[1, 2], [3, 4]]",0.993274797
"[[1, 2], [3, 4]]",0.993231495
"[[1, 2], [3, 4]]",0.99327965
"[[1, 2], [3, 4]]",0.993950838
"[[1, 2], [3, 4]]",0.994432655
"[[1, 2], [3, 4]]",0.994890434
"[[1, 2], [3, 4]]",0.995006041
"[[1, 2], [3, 4]]",0.991939622
"[[1, 2], [3, 4]]",0.98727986
"[[1, 2], [3, 4]]",0.983239555
"[[1, 2], [3, 4]]",0.977839412
"[[1, 2], [3, 4]]",0.972702251
"[[1, 2], [3, 4]]",0.972463748
"[[1, 2], [3, 4]]",0.971481222
"[[1, 2], [3, 4]]",0.967219286
"[[1, 2], [3, 4]]",0.963877756
"[[4], [1, 2, 3]]",0.962587838
"[[4], [1, 2, 3]]",0.960077976
"[[4], [1, 2, 3]]",0.958350777
"[[4], [1, 2, 3]]",0.956839285
"[[4], [1, 2, 3]]",0.95711894
"[[4], [1, 2, 3]]",0.955464862
"[[4], [1, 2, 3]]",0.955659397
"[[4], [1, 2, 3]]",0.956071534
"[[4], [1, 2, 3]]",0.95507619
"[[4], [1, 2, 3]]",0.954986716
"[[4], [1, 2, 3]]",0.95509136
"[[4], [1, 2, 3]]",0.953868136
"[[4], [1, 2, 3]]",0.954407452
"[[4], [1, 2, 3]]",0.955146196
"[[4], [1, 2, 3]]",0.956019715
"[[4], [1, 2, 3]]",0.956690069
"[[4], [1, 2, 3]]",0.957216979
"[[4], [1, 2, 3]]",0.957745117
"[[4], [1, 2, 3]]",0.958338803
"[[4], [1, 2, 3]]",0.958818555
"[[4], [1, 2, 3]]",0.959588315
"[[4], [1, 2, 3]]",0.960542924
"[[4], [1, 2, 3]]",0.961328825
"[[4], [1, 2, 3]]",0.960571235
"[[4], [1, 2, 3]]",0.960449003
"[[4], [1, 2, 3]]",0.96161784
"[[4], [1, 2, 3]]",0.963055524
"[[4], [1, 2, 3]]",0.96417802
"[[4], [1, 2, 3]]",0.965313462
"[[4], [1, 2, 3]]",0.966365977
"[[4], [1, 2, 3]]",0.967434222
"[[4], [1, 2, 3]]",0.968588435
"[[4], [1, 2, 3]]",0.969728796
"[[4], [1, 2, 3]]",0.970728443
"[[4], [1, 2, 3]]",0.971370409
"[[4], [1, 2, 3]]",0.972118141
"[[4], [1, 2, 3]]",0.973608081
"[[4], [1, 2, 3]]",0.97489116
"[[4], [1, 2, 3]]",0.975082359
"[[4], [1, 2, 3]]",0.974241371
"[[4], [1, 2, 3]]",0.973473621
"[[4], [1, 2, 3]]",0.972463177
"[[4], [1, 2, 3]]",0.971443409
"[[4], [1, 2, 3]]",0.970975274
"[[4], [1, 2, 3]]",0.970243789
"[[4], [1, 2, 3]]",0.969215583
"[[4], [1, 2, 3]]",0.969110354
"[[4], [1, 2, 3]]",0.96949861
"[[4], [1, 2, 3]]",0.968739253
"[[4], [1, 2, 3]]",0.967852752
"[[4], [1, 2, 3]]",0.967163591
"[[4], [1, 2, 3]]",0.96684738
"[[4], [1, 2, 3]]",0.966093335
"[[4], [1, 2, 3]]",0.96641978
"[[4], [1, 2, 3]]",0.965807364
"[[4], [1, 2, 3]]",0.965160675
"[[1, 2], [3, 4]]",0.965696983
"[[1, 2], [3, 4]]",0.96525748
"[[1, 2], [3, 4]]",0.965413278
"[[1, 2], [3, 4]]",0.966725104
"[[1, 2], [3, 4]]",0.966988433
"[[1, 2], [3, 4]]",0.966681998
"[[1, 2], [3, 4]]",0.96595
"[[1, 2], [3, 4]]",0.965374297
"[[1, 2], [3, 4]]",0.964755417
"[[1, 2], [3, 4]]",0.964191273
"[[1, 2], [3, 4]]",0.963623758
"[[1, 2], [3, 4]]",0.963289956
"[[1, 2], [3, 4]]",0.962828346
"[[1, 2], [3, 4]]",0.962762542
"[[1, 2], [3, 4]]",0.962838192
"[[1, 2], [3, 4]]",0.966364219
"[[1, 2], [3, 4]]",0.969299136
"[[1, 2], [3, 4]]",0.970243576
"[[1, 2], [3, 4]]",0.969368592
"[[1, 2], [3, 4]]",0.970307138
"[[1, 2], [3, 4]]",0.970072175
"[[1, 2], [3, 4]]",0.97068092
"[[1, 2], [3, 4]]",0.970218113
"[[1, 2], [3, 4]]",0.969796438
"[[1, 2], [3, 4]]",0.971252521
"[[1, 2], [3, 4]]",0.973788949
"[[1, 2], [3, 4]]",0.979134955
"[[1, 2], [3, 4]]",0.985665339
"[[1, 2], [3, 4]]",0.991150118
"[[1, 2], [3, 4]]",0.99228568
"[[1, 2], [3, 4]]",0.992178741
"[[1, 2], [3, 4]]",0.992021382
"[[1, 2], [3, 4]]",0.991836332
"[[1, 2], [3, 4]]",0.985478872
"[[1, 2], [3, 4]]",0.981119094
"[[1, 2], [3, 4]]",0.978510047
"[[1, 2], [3, 4]]",0.978435757
"[[1, 2], [3, 4]]",0.978399086
"[[1, 2], [3, 4]]",0.978461882
"[[1, 2], [3, 4]]",0.978958985
"[[1, 2], [3, 4]]",0.978806214
"[[1, 2], [3, 4]]",0.978871775
"[[1, 2], [3, 4]]",0.978944958
"[[1, 2], [3, 4]]",0.979076331
"[[1, 2], [3, 4]]",0.978996911
"[[1, 2], [3, 4]]",0.978849482
"[[1, 2], [3, 4]]",0.97870494
"[[1, 2], [3, 4]]",0.978512314
"[[1, 2], [3, 4]]",0.97830786
"[[1, 2], [3, 4]]",0.978092455
"[[1, 2], [3, 4]]",0.978069845
"[[1, 2], [3, 4]]",0.978875201
"[[1, 2], [3, 4]]",0.97935541
"[[1, 2], [3, 4]]",0.979334313
"[[1, 2], [3, 4]]",0.979311832
"[[1, 2], [3, 4]]",0.979236291
"[[1, 2], [3, 4]]",0.979240584
"[[1, 2], [3, 4]]",0.979292841
"[[1, 2], [3, 4]]",0.979310969
"[[1, 2], [3, 4]]",0.979297873
"[[1, 2], [3, 4]]",0.979424748
"[[1, 2], [3, 4]]",0.979480795
"[[1, 2], [3, 4]]",0.979531336
"[[1, 2], [3, 4]]",0.979865689
"[[1, 2], [3, 4]]",0.979723859
"[[1, 2], [3, 4]]",0.979697484
"[[1, 2], [3, 4]]",0.979719064
"[[1, 2], [3, 4]]",0.97974508
"[[1, 2], [3, 4]]",0.979687085
"[[1, 2], [3, 4]]",0.979576103
"[[1, 2], [3, 4]]",0.979443886
"[[1, 2], [3, 4]]",0.979281906
"[[1, 2], [3, 4]]",0.979111666
"[[1, 2], [3, 4]]",0.978893256
"[[1, 2], [3, 4]]",0.978936885
"[[1, 2], [3, 4]]",0.980097029
"[[1, 2], [3, 4]]",0.98038935
"[[1, 2], [3, 4]]",0.980239665
"[[1, 2], [3, 4]]",0.980113513
"[[1, 2], [3, 4]]",0.980046704
"[[1, 2], [3, 4]]",0.980086173
"[[1, 2], [3, 4]]",0.987006424
"[[1, 2], [3, 4]]",0.991872742
"[[1, 2], [3, 4]]",0.994439494
"[[1, 2], [3, 4]]",0.994429845
"[[1, 2], [3, 4]]",0.994443876
"[[1, 2], [3, 4]]",0.994325425
"[[1, 2], [3, 4]]",0.994267691
"[[1, 2], [3, 4]]",0.994309771
"[[1, 2], [3, 4]]",0.994349169
"[[1, 2], [3, 4]]",0.994222963
"[[1, 2], [3, 4]]",0.994130551
"[[1, 2], [3, 4]]",0.994145906
"[[1, 2], [3, 4]]",0.994244137
"[[1, 2], [3, 4]]",0.994201683
"[[1, 2], [3, 4]]",0.994306198
"[[1, 2], [3, 4]]",0.994383633
"[[1, 2], [3, 4]]",0.994444071
"[[1, 2], [3, 4]]",0.994376706
"[[1, 2], [3, 4]]",0.994265474
"[[1, 2], [3, 4]]",0.994140497
"[[1, 2], [3, 4]]",0.994075338
"[[1, 2], [3, 4]]",0.994094984
"[[1, 2], [3, 4]]",0.994086646
"[[1, 2], [3, 4]]",0.994039705
"[[1, 2], [3, 4]]",0.993993758
"[[1, 2], [3, 4]]",0.993930554
"[[1, 2], [3, 4]]",0.993809357
"[[1, 2], [3, 4]]",0.993608171
"[[1, 2], [3, 4]]",0.993477382
"[[1, 2], [3, 4]]",0.9934996
"[[1, 2], [3, 4]]",0.993514524
"[[1, 2], [3, 4]]",0.993432054
"[[1, 2], [3, 4]]",0.993306579
"[[1, 2], [3, 4]]",0.993261138
"[[1, 2], [3, 4]]",0.993377594
"[[1, 2], [3, 4]]",0.993419031
"[[1, 2], [3, 4]]",0.993538197
"[[1, 2], [3, 4]]",0.99368541
"[[1, 2], [3, 4]]",0.993861831
"[[1, 2], [3, 4]]",0.994001797
"[[1, 2], [3, 4]]",0.994232624
"[[1, 2], [3, 4]]",0.994194573
"[[1, 2], [3, 4]]",0.994272544
"[[1, 2], [3, 4]]",0.994230181
"[[1, 2], [3, 4]]",0.994400706
"[[1, 2], [3, 4]]",0.994488652
"[[1, 2], [3, 4]]",0.994567008
"[[1, 2], [3, 4]]",0.994621545
"[[1, 2], [3, 4]]",0.994676676
"[[1, 2], [3, 4]]",0.994689008
"[[1, 2], [3, 4]]",0.994720229
"[[1, 2], [3, 4]]",0.994733904
"[[1, 2], [3, 4]]",0.994426646
"[[1, 2], [3, 4]]",0.994557945
"[[1, 2], [3, 4]]",0.994355938
"[[1, 2], [3, 4]]",0.994146542
"[[1, 2], [3, 4]]",0.994132256
"[[1, 2], [3, 4]]",0.994186005
"[[1, 2], [3, 4]]",0.994100617
"[[1, 2], [3, 4]]",0.994101182
"[[1, 2], [3, 4]]",0.994050599
"[[1, 2], [3, 4]]",0.994176672
"[[1, 2], [3, 4]]",0.994194398
"[[1, 2], [3, 4]]",0.994225046
"[[1, 2], [3, 4]]",0.994295303
"[[1, 2], [3, 4]]",0.993890153
"[[1, 2], [3, 4]]",0.993573832
"[[1, 2], [3, 4]]",0.993674117
"[[1, 2], [3, 4]]",0.993744228
"[[1, 2], [3, 4]]",0.993776342
"[[1, 2], [3, 4]]",0.993865217
"[[1, 2], [3, 4]]",0.993999041
"[[1, 2], [3, 4]]",0.994051481
"[[1, 2], [3, 4]]",0.994186638
"[[1, 2], [3, 4]]",0.994229288
"[[1, 2], [3, 4]]",0.994469626
"[[1, 2], [3, 4]]",0.994627467
"[[1, 2], [3, 4]]",0.994506817
"[[1, 2], [3, 4]]",0.994291638
"[[1, 2], [3, 4]]",0.994253588
"[[1, 2], [3, 4]]",0.994504649
"[[1, 2], [3, 4]]",0.994731317
"[[1, 2], [3, 4]]",0.994546856
"[[1, 2], [3, 4]]",0.994426871
"[[1, 2], [3, 4]]",0.994356967
"[[1, 2], [3, 4]]",0.994238405
"[[1, 2], [3, 4]]",0.994245626
"[[1, 2], [3, 4]]",0.994195622
"[[1, 2], [3, 4]]",0.994247033
"[[1, 2], [3, 4]]",0.993702117
"[[1, 2], [3, 4]]",0.991785653
"[[1, 2], [3, 4]]",0.991786044
"[[1, 2], [3, 4]]",0.991554101
"[[1, 2], [3, 4]]",0.991567386
"[[1, 2], [3, 4]]",0.991222772
"[[1, 2], [3, 4]]",0.99123203
"[[1, 2], [3, 4]]",0.991207403
"[[1, 2], [3, 4]]",0.990658543
"[[1, 2], [3, 4]]",0.988796931
"[[1, 2], [3, 4]]",0.988405608
"[[1, 2], [3, 4]]",0.988442881
"[[1, 2], [3, 4]]",0.987895436
"[[1, 2], [3, 4]]",0.987373426
"[[1, 2], [3, 4]]",0.987045981
"[[1, 2], [3, 4]]",0.987049977
"[[1, 2], [3, 4]]",0.987087269
"[[1, 2], [3, 4]]",0.987229509
"[[1, 2], [3, 4]]",0.987133842
"[[1, 2], [3, 4]]",0.987081732
"[[1, 2], [3, 4]]",0.987041015
"[[1, 2], [3, 4]]",0.986855809
"[[1, 2], [3, 4]]",0.98665404
"[[1, 2], [3, 4]]",0.986511205
"[[1, 2], [3, 4]]",0.986638701
"[[1, 2], [3, 4]]",0.985981205
"[[1, 2], [3, 4]]",0.986090846
"[[1, 2], [3, 4]]",0.986010804
"[[1, 2], [3, 4]]",0.986063682
"[[1, 2], [3, 4]]",0.98618357
"[[1, 2], [3, 4]]",0.986245438
"[[1, 2], [3, 4]]",0.986376077
"[[1, 2], [3, 4]]",0.986499233
"[[1, 2], [3, 4]]",0.986843259
"[[1, 2], [3, 4]]",0.986939529
"[[1, 2], [3, 4]]",0.987010059
"[[1, 2], [3, 4]]",0.987210846
"[[1, 2], [3, 4]]",0.987033804
"[[1, 2], [3, 4]]",0.987241156
"[[1, 2], [3, 4]]",0.987150761
"[[1, 2], [3, 4]]",0.986976757
"[[1, 2], [3, 4]]",0.986921902
"[[1, 2], [3, 4]]",0.986992315
"[[1, 2], [3, 4]]",0.986940805
"[[1, 2], [3, 4]]",0.987047057
"[[1, 2], [3, 4]]",0.986996917
"[[1, 2], [3, 4]]",0.986952243
"[[1, 2], [3, 4]]",0.986901649
"[[1, 2], [3, 4]]",0.987457098
"[[1, 2], [3, 4]]",0.989489324
"[[1, 2], [3, 4]]",0.989717105
"[[1, 2], [3, 4]]",0.989974991
"[[1, 2], [3, 4]]",0.990143914
"[[1, 2], [3, 4]]",0.990569502
"[[1, 2], [3, 4]]",0.99068627
"[[1, 2], [3, 4]]",0.990833398
"[[1, 2], [3, 4]]",0.991530973
"[[1, 2], [3, 4]]",0.993255321
"[[1, 2], [3, 4]]",0.993495928
"[[1, 2], [3, 4]]",0.993526954
"[[1, 2], [3, 4]]",0.993971381
"[[1, 2], [3, 4]]",0.994615612
"[[1, 2], [3, 4]]",0.995027485
"[[1, 2], [3, 4]]",0.995054038
"[[1, 2], [3, 4]]",0.995211195
"[[1, 2], [3, 4]]",0.995182227
"[[1, 2], [3, 4]]",0.994752766
"[[4], [1, 2, 3]]",0.994218681
"[[4], [1, 2, 3]]",0.994264793
"[[4], [1, 2, 3]]",0.994440915
"[[4], [1, 2, 3]]",0.994346206
"[[4], [1, 2, 3]]",0.993141634
"[[4], [1, 2, 3]]",0.987210011
"[[4], [1, 2, 3]]",0.985792805
"[[4], [1, 2, 3]]",0.985177138
"[[4], [1, 2, 3]]",0.985511486
"[[4], [1, 2, 3]]",0.985636761
"[[4], [1, 2, 3]]",0.985699104
"[[4], [1, 2, 3]]",0.985730401
"[[4], [1, 2, 3]]",0.985794114
"[[4], [1, 2, 3]]",0.985803105
"[[4], [1, 2, 3]]",0.985866476
"[[4], [1, 2, 3]]",0.98592114
"[[4], [1, 2, 3]]",0.985671881
"[[4], [1, 2, 3]]",0.985683614
"[[4], [1, 2, 3]]",0.985781099
"[[4], [1, 2, 3]]",0.98578703
"[[4], [1, 2, 3]]",0.98577123
"[[4], [1, 2, 3]]",0.985809782
"[[4], [1, 2, 3]]",0.986209882
"[[4], [1, 2, 3]]",0.986339049
"[[4], [1, 2, 3]]",0.985955471
"[[4], [1, 2, 3]]",0.984969465
"[[4], [1, 2, 3]]",0.984779846
"[[4], [1, 2, 3]]",0.984978098
"[[4], [1, 2, 3]]",0.985137778
"[[4], [1, 2, 3]]",0.985212027
"[[4], [1, 2, 3]]",0.985148337
"[[4], [1, 2, 3]]",0.985114004
"[[4], [1, 2, 3]]",0.984749361
"[[4], [1, 2, 3]]",0.984582991
"[[4], [1, 2, 3]]",0.984385848
"[[4], [1, 2, 3]]",0.98433114
"[[4], [1, 2, 3]]",0.983595413
"[[4], [1, 2, 3]]",0.983670338
"[[4], [1, 2, 3]]",0.983818157
"[[4], [1, 2, 3]]",0.98419556
"[[4], [1, 2, 3]]",0.984232428
"[[4], [1, 2, 3]]",0.984210072
"[[4], [1, 2, 3]]",0.984302192
"[[4], [1, 2, 3]]",0.984310542
"[[4], [1, 2, 3]]",0.984146571
"[[4], [1, 2, 3]]",0.983722467
"[[4], [1, 2, 3]]",0.983502077
"[[4], [1, 2, 3]]",0.98337886
"[[4], [1, 2, 3]]",0.983380331
"[[4], [1, 2, 3]]",0.983110379
"[[4], [1, 2, 3]]",0.982815978
"[[4], [1, 2, 3]]",0.980886725
"[[4], [1, 2, 3]]",0.980921296
"[[4], [1, 2, 3]]",0.985806682
"[[4], [1, 2, 3]]",0.987610851
"[[1, 2], [3, 4]]",0.988219051
"[[1, 2], [3, 4]]",0.987975224
"[[1, 2], [3, 4]]",0.987773827
"[[1, 2], [3, 4]]",0.987467306
"[[1, 2], [3, 4]]",0.987171195
"[[1, 2], [3, 4]]",0.986975985
"[[1, 2], [3, 4]]",0.98687229
"[[1, 2], [3, 4]]",0.986619891
"[[1, 2], [3, 4]]",0.98492764
"[[1, 2], [3, 4]]",0.980798202
"[[1, 2], [3, 4]]",0.977396549
"[[1, 2], [3, 4]]",0.976230309
"[[1, 2], [3, 4]]",0.974435199
"[[1, 2], [3, 4]]",0.974124414
"[[1, 2], [3, 4]]",0.974778953
"[[1, 2], [3, 4]]",0.974737576
"[[1, 2], [3, 4]]",0.974894694
"[[1, 2], [3, 4]]",0.975172676
"[[1, 2], [3, 4]]",0.976056444
"[[1, 2], [3, 4]]",0.976319121
"[[1, 2], [3, 4]]",0.976394461
"[[1, 2], [3, 4]]",0.976517937
"[[1, 2], [3, 4]]",0.975424531
"[[1, 2], [3, 4]]",0.972157973
"[[1, 2], [3, 4]]",0.972243081
"[[1, 2], [3, 4]]",0.972826196
"[[4], [1, 2, 3]]",0.972606058
"[[4], [1, 2, 3]]",0.972596828
"[[4], [1, 2, 3]]",0.971909019
"[[4], [1, 2, 3]]",0.971319369
"[[4], [1, 2, 3]]",0.969364806
"[[4], [1, 2, 3]]",0.965459434
"[[4], [1, 2, 3]]",0.960241958
"[[4], [1, 2, 3]]",0.944670018
"[[4], [1, 2, 3]]",0.936047295
"[[1], [2, 3, 4]]",0.932386947
"[[1], [2, 3, 4]]",0.929528424
"[[1], [2, 3, 4]]",0.928783538
"[[1], [2, 3, 4]]",0.929358175
"[[1], [2, 3, 4]]",0.927641974
"[[1], [2, 3, 4]]",0.913451449
"[[1], [2, 3, 4]]",0.907621275
"[[1], [2, 3, 4]]",0.902608115
"[[1], [2, 3, 4]]",0.897945112
"[[1], [2, 3, 4]]",0.898675652
"[[1], [2, 3, 4]]",0.893551129
"[[1], [2, 3, 4]]",0.887743852
"[[1], [2, 3, 4]]",0.882710915
"[[1], [2, 3, 4]]",0.873800873
"[[1], [2, 3, 4]]",0.875817745
"[[1], [2, 3, 4]]",0.876543165
"[[1], [2, 3, 4]]",0.877357423
"[[1], [2, 3, 4]]",0.878079104
"[[1], [2, 3, 4]]",0.879221647
"[[1], [2, 3, 4]]",0.879929021
"[[1], [2, 3, 4]]",0.880750343
"[[1], [2, 3, 4]]",0.881022322
"[[1], [2, 3, 4]]",0.880902253
"[[1], [2, 3, 4]]",0.881601949
"[[1], [2, 3, 4]]",0.883244616
"[[1], [2, 3, 4]]",0.884783698
"[[1], [2, 3, 4]]",0.886359475
"[[1], [2, 3, 4]]",0.888793498
"[[1], [2, 3, 4]]",0.890463677
"[[1], [2, 3, 4]]",0.891713108
"[[1], [2, 3, 4]]",0.892951242
"[[1], [2, 3, 4]]",0.893771125
"[[1], [2, 3, 4]]",0.894457745
"[[1], [2, 3, 4]]",0.895438378
"[[1], [2, 3, 4]]",0.896357792
"[[1], [2, 3, 4]]",0.897521142
"[[1], [2, 3, 4]]",0.898283441
"[[1], [2, 3, 4]]",0.898112008
"[[1], [2, 3, 4]]",0.898192795
"[[1], [2, 3, 4]]",0.897359517
"[[1], [2, 3, 4]]",0.896747316
"[[1], [2, 3, 4]]",0.89579236
"[[1], [2, 3, 4]]",0.8947669
"[[1], [2, 3, 4]]",0.893203825
"[[1], [2, 3, 4]]",0.891108527
"[[1], [2, 3, 4]]",0.888703525
"[[1], [2, 3, 4]]",0.886014594
"[[1], [2, 3, 4]]",0.882994983
"[[1], [2, 3, 4]]",0.880023168
"[[1], [2, 3, 4]]",0.876765328
"[[1], [2, 3, 4]]",0.873068141
"[[1], [2, 3, 4]]",0.869462836
"[[1], [2, 3, 4]]",0.866014127
"[[1], [2, 3, 4]]",0.864429025
"[[1], [2, 3, 4]]",0.861871609
"[[1], [2, 3, 4]]",0.859522294
"[[1], [2, 3, 4]]",0.857830926
"[[1], [2, 3, 4]]",0.855341734
"[[1], [2, 3, 4]]",0.856221588
"[[1], [2, 3, 4]]",0.860102975
"[[1], [2, 3, 4]]",0.869395539
"[[1], [2, 3, 4]]",0.904975928
"[[1], [2, 3, 4]]",0.924162486
"[[1], [2, 3, 4]]",0.92373611
"[[1], [2, 3, 4]]",0.923694175
"[[1], [2, 3, 4]]",0.923417033
"[[1], [2, 3, 4]]",0.924560369
"[[1], [2, 3, 4]]",0.923980674
"[[1], [2, 3, 4]]",0.92413126
"[[1], [2, 3, 4]]",0.924597956
"[[1], [2, 3, 4]]",0.924741954
"[[1], [2, 3, 4]]",0.926835512
"[[1], [2, 3, 4]]",0.938014776
"[[4], [1, 2, 3]]",0.954121622
"[[4], [1, 2, 3]]",0.958519239
"[[4], [1, 2, 3]]",0.962191522
"[[4], [1, 2, 3]]",0.963414091
"[[4], [1, 2, 3]]",0.963685469
"[[4], [1, 2, 3]]",0.96455433
"[[4], [1, 2, 3]]",0.964612561
"[[4], [1, 2, 3]]",0.964305309
"[[4], [1, 2, 3]]",0.964268558
"[[1, 2], [3, 4]]",0.964578058
"[[1, 2], [3, 4]]",0.97653526
"[[4], [1, 2, 3]]",0.993369564
"[[4], [1, 2, 3]]",0.993355336
"[[4], [1, 2, 3]]",0.993117547
"[[4], [1, 2, 3]]",0.993127634
"[[4], [1, 2, 3]]",0.992816338
"[[4], [1, 2, 3]]",0.992518315
"[[4], [1, 2, 3]]",0.992517044
"[[4], [1, 2, 3]]",0.992526297
"[[4], [1, 2, 3]]",0.992539653
"[[4], [1, 2, 3]]",0.992555781
"[[4], [1, 2, 3]]",0.992549364
"[[4], [1, 2, 3]]",0.992495148
"[[4], [1, 2, 3]]",0.992457663
"[[4], [1, 2, 3]]",0.99244088
"[[4], [1, 2, 3]]",0.992532804
"[[4], [1, 2, 3]]",0.992618814
"[[4], [1, 2, 3]]",0.992691206
"[[4], [1, 2, 3]]",0.992731438
"[[4], [1, 2, 3]]",0.992853117
"[[4], [1, 2, 3]]",0.992925226
"[[4], [1, 2, 3]]",0.992941609
"[[4], [1, 2, 3]]",0.992964916
"[[4], [1, 2, 3]]",0.993010909
"[[4], [1, 2, 3]]",0.993037357
"[[4], [1, 2, 3]]",0.993591575
"[[4], [1, 2, 3]]",0.993943816
"[[4], [1, 2, 3]]",0.993220714
"[[1, 2], [3, 4]]",0.991769625
"[[1, 2], [3, 4]]",0.991745887
"[[1, 2], [3, 4]]",0.990937963
"[[1, 2], [3, 4]]",0.98871066
"[[1, 2], [3, 4]]",0.986682091
"[[1, 2], [3, 4]]",0.985683561
"[[1, 2], [3, 4]]",0.977410961
"[[1, 2], [3, 4]]",0.977490429
"[[1, 2], [3, 4]]",0.977300934
"[[1, 2], [3, 4]]",0.977135916
"[[1, 2], [3, 4]]",0.977143471
"[[1, 2], [3, 4]]",0.977285378
"[[1, 2], [3, 4]]",0.977487355
"[[1, 2], [3, 4]]",0.977525774
"[[1, 2], [3, 4]]",0.977500049
"[[1, 2], [3, 4]]",0.977489828
"[[1, 2], [3, 4]]",0.977500823
"[[1, 2], [3, 4]]",0.977494792
"[[1, 2], [3, 4]]",0.977465507
"[[1, 2], [3, 4]]",0.977384988
"[[1, 2], [3, 4]]",0.977313856
"[[1, 2], [3, 4]]",0.978022648
"[[1, 2], [3, 4]]",0.978785556
"[[1, 2], [3, 4]]",0.979180811
"[[1, 2], [3, 4]]",0.979121269
"[[1, 2], [3, 4]]",0.97962779
"[[1, 2], [3, 4]]",0.980170422
"[[1, 2], [3, 4]]",0.980127633
"[[1, 2], [3, 4]]",0.980062947
"[[1, 2], [3, 4]]",0.979711416
"[[1, 2], [3, 4]]",0.979533704
"[[1, 2], [3, 4]]",0.978337445
"[[1, 2], [3, 4]]",0.975733426
"[[1, 2], [3, 4]]",0.974723078
"[[1, 2], [3, 4]]",0.973857907
"[[1, 2], [3, 4]]",0.97354984
"[[1, 2], [3, 4]]",0.973020196
"[[1, 2], [3, 4]]",0.97313348
"[[1, 2], [3, 4]]",0.973164715
"[[1, 2], [3, 4]]",0.973180916
"[[1, 2], [3, 4]]",0.973191885
"[[1, 2], [3, 4]]",0.973207981
"[[1, 2], [3, 4]]",0.973242874
"[[1, 2], [3, 4]]",0.973217882
"[[1, 2], [3, 4]]",0.972164867
"[[1, 2], [3, 4]]",0.971608719
"[[1, 2], [3, 4]]",0.971695162
"[[1, 2], [3, 4]]",0.972774795
"[[1, 2], [3, 4]]",0.97482818
"[[1, 2], [3, 4]]",0.974862333
"[[1, 2], [3, 4]]",0.975806548
"[[1, 2], [3, 4]]",0.978428469
"[[1, 2], [3, 4]]",0.979409361
"[[1, 2], [3, 4]]",0.975595277
"[[1, 2], [3, 4]]",0.984114018
"[[1, 2], [3, 4]]",0.984241839
"[[1, 2], [3, 4]]",0.984245506
"[[1, 2], [3, 4]]",0.984354307
"[[1, 2], [3, 4]]",0.984350552
"[[1, 2], [3, 4]]",0.984430235
"[[1, 2], [3, 4]]",0.9846177
"[[1, 2], [3, 4]]",0.984878123
"[[1, 2], [3, 4]]",0.985074556
"[[1, 2], [3, 4]]",0.985180846
"[[1, 2], [3, 4]]",0.985243815
"[[1, 2], [3, 4]]",0.985444309
"[[1, 2], [3, 4]]",0.985625298
"[[1, 2], [3, 4]]",0.985785629
"[[1, 2], [3, 4]]",0.984384173
"[[1, 2], [3, 4]]",0.983297102
"[[1, 2], [3, 4]]",0.983159367
"[[1, 2], [3, 4]]",0.983300188
"[[1, 2], [3, 4]]",0.983262981
"[[1, 2], [3, 4]]",0.98329466
"[[1, 2], [3, 4]]",0.983340685
"[[1, 2], [3, 4]]",0.983321559
"[[1, 2], [3, 4]]",0.983252784
"[[1, 2], [3, 4]]",0.982297631
"[[1, 2], [3, 4]]",0.9821599
"[[1, 2], [3, 4]]",0.982420935
"[[1, 2], [3, 4]]",0.983312373
"[[1, 2], [3, 4]]",0.982220385
"[[1, 2], [3, 4]]",0.981861076
"[[1, 2], [3, 4]]",0.981672721
"[[1, 2], [3, 4]]",0.981998158
"[[1, 2], [3, 4]]",0.982159831
"[[1, 2], [3, 4]]",0.982030015
"[[1, 2], [3, 4]]",0.981988758
"[[1, 2], [3, 4]]",0.981993713
"[[1, 2], [3, 4]]",0.981988134
"[[1, 2], [3, 4]]",0.982001475
"[[1, 2], [3, 4]]",0.981892912
"[[1, 2], [3, 4]]",0.98231378
"[[1, 2], [3, 4]]",0.98254272
"[[1, 2], [3, 4]]",0.982518405
"[[1, 2], [3, 4]]",0.982635563
"[[1, 2], [3, 4]]",0.982722012
"[[1, 2], [3, 4]]",0.982829576
"[[1, 2], [3, 4]]",0.982928275
"[[1, 2], [3, 4]]",0.983046089
"[[1, 2], [3, 4]]",0.98428214
"[[1, 2], [3, 4]]",0.988857805
"[[1, 2], [3, 4]]",0.988992846
"[[1, 2], [3, 4]]",0.989002352
"[[4], [1, 2, 3]]",0.989059051
"[[4], [1, 2, 3]]",0.988728836
"[[4], [1, 2, 3]]",0.988800121
"[[4], [1, 2, 3]]",0.988827657
"[[4], [1, 2, 3]]",0.988870388
"[[4], [1, 2, 3]]",0.988665073
"[[4], [1, 2, 3]]",0.988480061
"[[4], [1, 2, 3]]",0.988559589
"[[4], [1, 2, 3]]",0.988593374
"[[4], [1, 2, 3]]",0.988604967
"[[4], [1, 2, 3]]",0.988597591
"[[4], [1, 2, 3]]",0.988631989
"[[4], [1, 2, 3]]",0.990020499
"[[4], [1, 2, 3]]",0.991358174
"[[4], [1, 2, 3]]",0.991774838
"[[4], [1, 2, 3]]",0.991814862
"[[4], [1, 2, 3]]",0.991920184
"[[4], [1, 2, 3]]",0.991984268
"[[4], [1, 2, 3]]",0.992043275
"[[4], [1, 2, 3]]",0.992080854
"[[4], [1, 2, 3]]",0.992142931
"[[4], [1, 2, 3]]",0.992878415
"[[4], [1, 2, 3]]",0.992951988
"[[4], [1, 2, 3]]",0.992955708
"[[4], [1, 2, 3]]",0.993323384
"[[4], [1, 2, 3]]",0.994857775
"[[4], [1, 2, 3]]",0.995656673
"[[4], [1, 2, 3]]",0.996112421
"[[4], [1, 2, 3]]",0.996169343
"[[4], [1, 2, 3]]",0.99606912
"[[4], [1, 2, 3]]",0.996143094
"[[4], [1, 2, 3]]",0.99615861
"[[4], [1, 2, 3]]",0.996124587
"[[4], [1, 2, 3]]",0.99611538
"[[4], [1, 2, 3]]",0.996137906
"[[4], [1, 2, 3]]",0.996195347
"[[4], [1, 2, 3]]",0.996472337
"[[4], [1, 2, 3]]",0.996275777
"[[4], [1, 2, 3]]",0.995842314
"[[4], [1, 2, 3]]",0.995843715
"[[4], [1, 2, 3]]",0.99584487
"[[4], [1, 2, 3]]",0.995824181
"[[4], [1, 2, 3]]",0.995821946
"[[4], [1, 2, 3]]",0.995814907
"[[4], [1, 2, 3]]",0.99581894
"[[4], [1, 2, 3]]",0.995836553
"[[4], [1, 2, 3]]",0.995821983
"[[4], [1, 2, 3]]",0.995936107
"[[4], [1, 2, 3]]",0.995974257
"[[4], [1, 2, 3]]",0.996275785
"[[4], [1, 2, 3]]",0.9947192
"[[4], [1, 2, 3]]",0.994442469
"[[4], [1, 2, 3]]",0.994427086
"[[4], [1, 2, 3]]",0.99451327
"[[4], [1, 2, 3]]",0.994649466
"[[4], [1, 2, 3]]",0.994657234
"[[4], [1, 2, 3]]",0.994665205
"[[4], [1, 2, 3]]",0.994617303
"[[4], [1, 2, 3]]",0.994627533
"[[4], [1, 2, 3]]",0.994645264
"[[4], [1, 2, 3]]",0.993839147
"[[4], [1, 2, 3]]",0.993666199
"[[4], [1, 2, 3]]",0.993297299
"[[4], [1, 2, 3]]",0.992420162
"[[4], [1, 2, 3]]",0.992434628
"[[4], [1, 2, 3]]",0.992390708
"[[4], [1, 2, 3]]",0.992208848
"[[4], [1, 2, 3]]",0.992235558
"[[4], [1, 2, 3]]",0.99225983
"[[4], [1, 2, 3]]",0.992208747
"[[4], [1, 2, 3]]",0.992142014
"[[4], [1, 2, 3]]",0.992096052
"[[4], [1, 2, 3]]",0.992044079
"[[4], [1, 2, 3]]",0.991852721
"[[4], [1, 2, 3]]",0.990717
"[[4], [1, 2, 3]]",0.990692543
"[[4], [1, 2, 3]]",0.99047619
"[[4], [1, 2, 3]]",0.990528062
"[[4], [1, 2, 3]]",0.990575342
"[[4], [1, 2, 3]]",0.990569833
"[[4], [1, 2, 3]]",0.990511501
"[[4], [1, 2, 3]]",0.990518246
"[[4], [1, 2, 3]]",0.990385474
"[[4], [1, 2, 3]]",0.990195286
"[[4], [1, 2, 3]]",0.990107438
"[[4], [1, 2, 3]]",0.990267103
"[[4], [1, 2, 3]]",0.990600653
"[[4], [1, 2, 3]]",0.990505283
"[[4], [1, 2, 3]]",0.99045121
"[[4], [1, 2, 3]]",0.990480344
"[[4], [1, 2, 3]]",0.990501368
"[[4], [1, 2, 3]]",0.990517916
"[[4], [1, 2, 3]]",0.990517786
"[[4], [1, 2, 3]]",0.990533785
"[[4], [1, 2, 3]]",0.99056089
"[[4], [1, 2, 3]]",0.990531671
"[[4], [1, 2, 3]]",0.990008902
"[[4], [1, 2, 3]]",0.989614004
"[[4], [1, 2, 3]]",0.989968701
"[[4], [1, 2, 3]]",0.990061075
"[[4], [1, 2, 3]]",0.990033649
"[[4], [1, 2, 3]]",0.989923566
"[[4], [1, 2, 3]]",0.989786744
"[[4], [1, 2, 3]]",0.989675195
"[[4], [1, 2, 3]]",0.989607016
"[[4], [1, 2, 3]]",0.989663872
"[[4], [1, 2, 3]]",0.989595739
"[[4], [1, 2, 3]]",0.989603912
"[[4], [1, 2, 3]]",0.989286552
"[[4], [1, 2, 3]]",0.988938735
"[[4], [1, 2, 3]]",0.98921135
"[[4], [1, 2, 3]]",0.989933847
"[[4], [1, 2, 3]]",0.989839907
"[[4], [1, 2, 3]]",0.989833871
"[[4], [1, 2, 3]]",0.990022233
"[[4], [1, 2, 3]]",0.989984116
"[[4], [1, 2, 3]]",0.989925814
"[[4], [1, 2, 3]]",0.989904904
"[[4], [1, 2, 3]]",0.98989229
"[[4], [1, 2, 3]]",0.989910293
"[[4], [1, 2, 3]]",0.989394679
"[[4], [1, 2, 3]]",0.988535145
"[[4], [1, 2, 3]]",0.988822699
"[[4], [1, 2, 3]]",0.988684742
"[[4], [1, 2, 3]]",0.988886482
"[[4], [1, 2, 3]]",0.988743737
"[[4], [1, 2, 3]]",0.988431815
"[[4], [1, 2, 3]]",0.988303351
"[[4], [1, 2, 3]]",0.988269963
"[[4], [1, 2, 3]]",0.988128393
"[[4], [1, 2, 3]]",0.98803193
"[[4], [1, 2, 3]]",0.988140835
"[[4], [1, 2, 3]]",0.988278427
"[[4], [1, 2, 3]]",0.98740047
"[[4], [1, 2, 3]]",0.986576927
"[[4], [1, 2, 3]]",0.986050557
"[[4], [1, 2, 3]]",0.984831108
"[[4], [1, 2, 3]]",0.984025298
"[[4], [1, 2, 3]]",0.984028519
"[[4], [1, 2, 3]]",0.984000175
"[[4], [1, 2, 3]]",0.984018371
"[[4], [1, 2, 3]]",0.983990611
"[[4], [1, 2, 3]]",0.983874513
"[[4], [1, 2, 3]]",0.98380184
"[[4], [1, 2, 3]]",0.983793646
"[[4], [1, 2, 3]]",0.98364004
"[[4], [1, 2, 3]]",0.983999338
"[[4], [1, 2, 3]]",0.984002699
"[[4], [1, 2, 3]]",0.984123872
"[[4], [1, 2, 3]]",0.984175317
"[[4], [1, 2, 3]]",0.98408079
"[[4], [1, 2, 3]]",0.983923433
"[[4], [1, 2, 3]]",0.983674319
"[[4], [1, 2, 3]]",0.983353845
"[[4], [1, 2, 3]]",0.983108104
"[[4], [1, 2, 3]]",0.982896936
"[[4], [1, 2, 3]]",0.983636357
"[[4], [1, 2, 3]]",0.983996116
"[[4], [1, 2, 3]]",0.983851637
"[[4], [1, 2, 3]]",0.983788081
"[[4], [1, 2, 3]]",0.983773101
"[[4], [1, 2, 3]]",0.98378112
"[[4], [1, 2, 3]]",0.983767989
"[[4], [1, 2, 3]]",0.983792026
"[[4], [1, 2, 3]]",0.98371903
"[[4], [1, 2, 3]]",0.983692792
"[[4], [1, 2, 3]]",0.983671217
"[[4], [1, 2, 3]]",0.983715108
"[[4], [1, 2, 3]]",0.984149535
"[[4], [1, 2, 3]]",0.984909356
"[[4], [1, 2, 3]]",0.985731264
"[[4], [1, 2, 3]]",0.985826369
"[[4], [1, 2, 3]]",0.985311705
"[[4], [1, 2, 3]]",0.985172664
"[[4], [1, 2, 3]]",0.985143617
"[[4], [1, 2, 3]]",0.984995579
"[[4], [1, 2, 3]]",0.984695941
"[[4], [1, 2, 3]]",0.984408919
"[[4], [1, 2, 3]]",0.984146245
"[[4], [1, 2, 3]]",0.983909087
"[[4], [1, 2, 3]]",0.983747024
"[[4], [1, 2, 3]]",0.984896119
"[[4], [1, 2, 3]]",0.986095833
"[[4], [1, 2, 3]]",0.987177379
"[[4], [1, 2, 3]]",0.989531632
"[[4], [1, 2, 3]]",0.991505152
"[[4], [1, 2, 3]]",0.991467205
"[[4], [1, 2, 3]]",0.991451893
"[[4], [1, 2, 3]]",0.991457666
"[[4], [1, 2, 3]]",0.991466124
"[[4], [1, 2, 3]]",0.991480049
"[[4], [1, 2, 3]]",0.991824463
"[[4], [1, 2, 3]]",0.992882536
"[[4], [1, 2, 3]]",0.994435519
"[[4], [1, 2, 3]]",0.995273104
"[[4], [1, 2, 3]]",0.995490889
"[[4], [1, 2, 3]]",0.995330734
"[[4], [1, 2, 3]]",0.995167325
"[[4], [1, 2, 3]]",0.995112146
"[[4], [1, 2, 3]]",0.995135625
"[[4], [1, 2, 3]]",0.995193857
"[[4], [1, 2, 3]]",0.995249038
"[[4], [1, 2, 3]]",0.995297334
"[[4], [1, 2, 3]]",0.995225274
"[[4], [1, 2, 3]]",0.994718034
"[[4], [1, 2, 3]]",0.994206553
"[[4], [1, 2, 3]]",0.994179184
"[[4], [1, 2, 3]]",0.994113746
"[[4], [1, 2, 3]]",0.994101175
"[[4], [1, 2, 3]]",0.994071521
"[[4], [1, 2, 3]]",0.994035149
"[[4], [1, 2, 3]]",0.994035181
"[[4], [1, 2, 3]]",0.994021123
"[[4], [1, 2, 3]]",0.993999274
"[[4], [1, 2, 3]]",0.993951702
"[[4], [1, 2, 3]]",0.993874826
"[[4], [1, 2, 3]]",0.993504301
"[[4], [1, 2, 3]]",0.993430375
"[[4], [1, 2, 3]]",0.993272747
"[[4], [1, 2, 3]]",0.993087477
"[[4], [1, 2, 3]]",0.993266164
"[[4], [1, 2, 3]]",0.99340112
"[[4], [1, 2, 3]]",0.993502451
"[[4], [1, 2, 3]]",0.992895076
"[[4], [1, 2, 3]]",0.993175627
"[[4], [1, 2, 3]]",0.993450726
"[[4], [1, 2, 3]]",0.993725758
"[[4], [1, 2, 3]]",0.993830089
"[[4], [1, 2, 3]]",0.99389234
"[[4], [1, 2, 3]]",0.993830477
"[[4], [1, 2, 3]]",0.993824235
"[[4], [1, 2, 3]]",0.993854505
"[[4], [1, 2, 3]]",0.9938652
"[[4], [1, 2, 3]]",0.993882415
"[[4], [1, 2, 3]]",0.99390166
"[[4], [1, 2, 3]]",0.993917466
"[[4], [1, 2, 3]]",0.993934139
"[[4], [1, 2, 3]]",0.993915161
"[[4], [1, 2, 3]]",0.993857133
"[[4], [1, 2, 3]]",0.993135039
"[[4], [1, 2, 3]]",0.992261061
"[[4], [1, 2, 3]]",0.991468227
"[[4], [1, 2, 3]]",0.991316639
"[[4], [1, 2, 3]]",0.991744732
"[[4], [1, 2, 3]]",0.992339132
"[[4], [1, 2, 3]]",0.992874917
"[[4], [1, 2, 3]]",0.993095241
"[[4], [1, 2, 3]]",0.993247822
"[[4], [1, 2, 3]]",0.993234459
"[[4], [1, 2, 3]]",0.993272536
"[[4], [1, 2, 3]]",0.993352993
"[[4], [1, 2, 3]]",0.993275079
"[[4], [1, 2, 3]]",0.993505041
"[[4], [1, 2, 3]]",0.993753119
"[[4], [1, 2, 3]]",0.993735711
"[[4], [1, 2, 3]]",0.993926363
"[[4], [1, 2, 3]]",0.993911342
"[[4], [1, 2, 3]]",0.993807231
"[[4], [1, 2, 3]]",0.993802669
"[[4], [1, 2, 3]]",0.99380082
"[[4], [1, 2, 3]]",0.993797815
"[[4], [1, 2, 3]]",0.993801453
"[[4], [1, 2, 3]]",0.993786716
"[[4], [1, 2, 3]]",0.993789771
"[[4], [1, 2, 3]]",0.994072663
"[[4], [1, 2, 3]]",0.994381645
"[[4], [1, 2, 3]]",0.994660243
"[[4], [1, 2, 3]]",0.994672036
"[[4], [1, 2, 3]]",0.994743195
"[[4], [1, 2, 3]]",0.994782644
"[[4], [1, 2, 3]]",0.994778607
"[[4], [1, 2, 3]]",0.995170492
"[[4], [1, 2, 3]]",0.995168042
"[[4], [1, 2, 3]]",0.995261631
"[[4], [1, 2, 3]]",0.99528431
"[[4], [1, 2, 3]]",0.995418483
"[[4], [1, 2, 3]]",0.995333341
"[[4], [1, 2, 3]]",0.99534636
"[[4], [1, 2, 3]]",0.995334997
"[[4], [1, 2, 3]]",0.995218507
"[[4], [1, 2, 3]]",0.995202306
"[[4], [1, 2, 3]]",0.995192825
"[[4], [1, 2, 3]]",0.994229114
"[[4], [1, 2, 3]]",0.994125135
"[[4], [1, 2, 3]]",0.993925213
"[[4], [1, 2, 3]]",0.993933464
"[[4], [1, 2, 3]]",0.993955477
"[[4], [1, 2, 3]]",0.994466981
"[[4], [1, 2, 3]]",0.994584928
"[[4], [1, 2, 3]]",0.993820063
"[[4], [1, 2, 3]]",0.994070372
"[[4], [1, 2, 3]]",0.994042984
"[[4], [1, 2, 3]]",0.994067154
"[[4], [1, 2, 3]]",0.994063364
"[[4], [1, 2, 3]]",0.994239047
"[[4], [1, 2, 3]]",0.994256415
"[[4], [1, 2, 3]]",0.994365156
"[[4], [1, 2, 3]]",0.994438094
"[[4], [1, 2, 3]]",0.994421899
"[[4], [1, 2, 3]]",0.994417567
"[[4], [1, 2, 3]]",0.994447826
"[[4], [1, 2, 3]]",0.994025982
"[[4], [1, 2, 3]]",0.993366669
"[[4], [1, 2, 3]]",0.993324512
"[[4], [1, 2, 3]]",0.993423299
"[[4], [1, 2, 3]]",0.993524284
"[[4], [1, 2, 3]]",0.993548766
"[[4], [1, 2, 3]]",0.993550466
"[[4], [1, 2, 3]]",0.993590063
"[[4], [1, 2, 3]]",0.993589294
"[[4], [1, 2, 3]]",0.993603559
"[[4], [1, 2, 3]]",0.993582142
"[[4], [1, 2, 3]]",0.993063624
"[[4], [1, 2, 3]]",0.992319447
"[[4], [1, 2, 3]]",0.991335489
"[[4], [1, 2, 3]]",0.991378893
"[[4], [1, 2, 3]]",0.99143244
"[[4], [1, 2, 3]]",0.991363936
"[[4], [1, 2, 3]]",0.991383356
"[[4], [1, 2, 3]]",0.99141138
"[[4], [1, 2, 3]]",0.991416105
"[[4], [1, 2, 3]]",0.991420353
"[[4], [1, 2, 3]]",0.991422687
"[[4], [1, 2, 3]]",0.991462544
"[[4], [1, 2, 3]]",0.990888214
"[[4], [1, 2, 3]]",0.98979289
"[[4], [1, 2, 3]]",0.989859749
"[[4], [1, 2, 3]]",0.990043319
"[[4], [1, 2, 3]]",0.990049178
"[[4], [1, 2, 3]]",0.989925118
"[[4], [1, 2, 3]]",0.990807474
"[[4], [1, 2, 3]]",0.990863881
"[[4], [1, 2, 3]]",0.991007662
"[[4], [1, 2, 3]]",0.99095657
"[[4], [1, 2, 3]]",0.990935558
"[[4], [1, 2, 3]]",0.990867029
"[[4], [1, 2, 3]]",0.99080915
"[[4], [1, 2, 3]]",0.991599425
"[[4], [1, 2, 3]]",0.991448514
"[[4], [1, 2, 3]]",0.990847051
"[[4], [1, 2, 3]]",0.990643703
"[[4], [1, 2, 3]]",0.990559418
"[[4], [1, 2, 3]]",0.990484486
"[[4], [1, 2, 3]]",0.990437183
"[[4], [1, 2, 3]]",0.99034225
"[[4], [1, 2, 3]]",0.990253179
"[[4], [1, 2, 3]]",0.989974027
"[[4], [1, 2, 3]]",0.989891018
"[[4], [1, 2, 3]]",0.989938723
"[[4], [1, 2, 3]]",0.990143462
"[[4], [1, 2, 3]]",0.990429551
"[[4], [1, 2, 3]]",0.990326686
"[[4], [1, 2, 3]]",0.990249707
"[[4], [1, 2, 3]]",0.990199423
"[[4], [1, 2, 3]]",0.990098191
"[[4], [1, 2, 3]]",0.990067472
"[[4], [1, 2, 3]]",0.990037936
"[[4], [1, 2, 3]]",0.990024465
"[[4], [1, 2, 3]]",0.990013405
"[[4], [1, 2, 3]]",0.989963732
"[[4], [1, 2, 3]]",0.990056444
"[[4], [1, 2, 3]]",0.990113517
"[[4], [1, 2, 3]]",0.990673647
"[[4], [1, 2, 3]]",0.990636762
"[[4], [1, 2, 3]]",0.990523311
"[[4], [1, 2, 3]]",0.990487641
"[[4], [1, 2, 3]]",0.990452036
"[[4], [1, 2, 3]]",0.990408294
"[[4], [1, 2, 3]]",0.990402799
"[[4], [1, 2, 3]]",0.990383069
"[[4], [1, 2, 3]]",0.990380597
"[[4], [1, 2, 3]]",0.990212359
"[[4], [1, 2, 3]]",0.99000288
"[[4], [1, 2, 3]]",0.989306945
"[[4], [1, 2, 3]]",0.989262482
"[[4], [1, 2, 3]]",0.989231
"[[4], [1, 2, 3]]",0.989227523
"[[4], [1, 2, 3]]",0.989370852
"[[4], [1, 2, 3]]",0.989384533
"[[4], [1, 2, 3]]",0.989392988
"[[4], [1, 2, 3]]",0.989470166
"[[4], [1, 2, 3]]",0.98946917
"[[4], [1, 2, 3]]",0.989472886
"[[4], [1, 2, 3]]",0.989100685
"[[4], [1, 2, 3]]",0.987953369
"[[4], [1, 2, 3]]",0.986818178
"[[4], [1, 2, 3]]",0.985661413
"[[4], [1, 2, 3]]",0.985620391
"[[4], [1, 2, 3]]",0.985540458
"[[4], [1, 2, 3]]",0.985331083
"[[4], [1, 2, 3]]",0.985374794
"[[4], [1, 2, 3]]",0.985380518
"[[4], [1, 2, 3]]",0.985520807
"[[4], [1, 2, 3]]",0.985737607
"[[4], [1, 2, 3]]",0.986123167
"[[4], [1, 2, 3]]",0.986116944
"[[4], [1, 2, 3]]",0.986035621
"[[4], [1, 2, 3]]",0.985859849
"[[4], [1, 2, 3]]",0.985806888
"[[4], [1, 2, 3]]",0.985885806
"[[4], [1, 2, 3]]",0.985952124
"[[4], [1, 2, 3]]",0.985964502
"[[4], [1, 2, 3]]",0.986063666
"[[4], [1, 2, 3]]",0.986049778
"[[4], [1, 2, 3]]",0.986072369
"[[4], [1, 2, 3]]",0.986103728
"[[4], [1, 2, 3]]",0.986189756
"[[4], [1, 2, 3]]",0.98593449
"[[4], [1, 2, 3]]",0.9859877
"[[4], [1, 2, 3]]",0.986205238
"[[4], [1, 2, 3]]",0.986269441
"[[4], [1, 2, 3]]",0.986106907
"[[4], [1, 2, 3]]",0.98630178
"[[4], [1, 2, 3]]",0.986700182
"[[4], [1, 2, 3]]",0.986956842
"[[4], [1, 2, 3]]",0.98713995
"[[4], [1, 2, 3]]",0.98702845
"[[4], [1, 2, 3]]",0.986826036
"[[4], [1, 2, 3]]",0.986846554
"[[4], [1, 2, 3]]",0.986748363
"[[4], [1, 2, 3]]",0.986561004
"[[4], [1, 2, 3]]",0.987589974
"[[4], [1, 2, 3]]",0.987354473
"[[4], [1, 2, 3]]",0.986988217
"[[4], [1, 2, 3]]",0.986814115
"[[4], [1, 2, 3]]",0.986753004
"[[4], [1, 2, 3]]",0.986772352
"[[4], [1, 2, 3]]",0.986784478
"[[4], [1, 2, 3]]",0.986713494
"[[4], [1, 2, 3]]",0.986730507
"[[4], [1, 2, 3]]",0.986688991
"[[4], [1, 2, 3]]",0.987059973
"[[4], [1, 2, 3]]",0.988049542
"[[4], [1, 2, 3]]",0.988742461
"[[4], [1, 2, 3]]",0.989834197
"[[4], [1, 2, 3]]",0.990517406
"[[4], [1, 2, 3]]",0.990592922
"[[4], [1, 2, 3]]",0.990741458
"[[4], [1, 2, 3]]",0.990837321
"[[4], [1, 2, 3]]",0.991025441
"[[4], [1, 2, 3]]",0.991075389
"[[4], [1, 2, 3]]",0.991134495
"[[4], [1, 2, 3]]",0.991298748
"[[4], [1, 2, 3]]",0.991681968
"[[4], [1, 2, 3]]",0.991483313
"[[4], [1, 2, 3]]",0.990886482
"[[4], [1, 2, 3]]",0.990412047
"[[4], [1, 2, 3]]",0.990291921
"[[4], [1, 2, 3]]",0.990263497
"[[4], [1, 2, 3]]",0.990269287
"[[4], [1, 2, 3]]",0.990286459
"[[4], [1, 2, 3]]",0.990304489
"[[4], [1, 2, 3]]",0.990288025
"[[4], [1, 2, 3]]",0.990221475
"[[4], [1, 2, 3]]",0.990214762
"[[4], [1, 2, 3]]",0.990878438
"[[4], [1, 2, 3]]",0.991096978
"[[4], [1, 2, 3]]",0.991115085
"[[4], [1, 2, 3]]",0.991150334
"[[4], [1, 2, 3]]",0.991580609
"[[4], [1, 2, 3]]",0.991234199
"[[4], [1, 2, 3]]",0.99101213
"[[4], [1, 2, 3]]",0.990928404
"[[4], [1, 2, 3]]",0.990822687
"[[4], [1, 2, 3]]",0.990658379
"[[4], [1, 2, 3]]",0.990570058
"[[4], [1, 2, 3]]",0.990442162
"[[4], [1, 2, 3]]",0.990366279
"[[4], [1, 2, 3]]",0.990577427
"[[4], [1, 2, 3]]",0.990638123
"[[4], [1, 2, 3]]",0.990634486
"[[4], [1, 2, 3]]",0.990514377
"[[4], [1, 2, 3]]",0.990170886
"[[4], [1, 2, 3]]",0.989998893
"[[4], [1, 2, 3]]",0.990059242
"[[4], [1, 2, 3]]",0.990140712
"[[4], [1, 2, 3]]",0.989949528
"[[4], [1, 2, 3]]",0.989495623
"[[4], [1, 2, 3]]",0.989161994
"[[4], [1, 2, 3]]",0.988653286
"[[4], [1, 2, 3]]",0.988619578
"[[4], [1, 2, 3]]",0.988783848
"[[4], [1, 2, 3]]",0.988997406
"[[4], [1, 2, 3]]",0.988998872
"[[4], [1, 2, 3]]",0.989088335
"[[4], [1, 2, 3]]",0.989228809
"[[4], [1, 2, 3]]",0.989023663
"[[4], [1, 2, 3]]",0.989032509
"[[4], [1, 2, 3]]",0.989070773
"[[4], [1, 2, 3]]",0.98907857
"[[4], [1, 2, 3]]",0.98905628
"[[4], [1, 2, 3]]",0.98915188
"[[4], [1, 2, 3]]",0.989524468
"[[4], [1, 2, 3]]",0.990074794
"[[4], [1, 2, 3]]",0.990590936
"[[4], [1, 2, 3]]",0.990795909
"[[4], [1, 2, 3]]",0.990740985
"[[4], [1, 2, 3]]",0.9904688
"[[4], [1, 2, 3]]",0.990474475
"[[4], [1, 2, 3]]",0.990495636
"[[4], [1, 2, 3]]",0.990546637
"[[4], [1, 2, 3]]",0.99062083
"[[4], [1, 2, 3]]",0.99067444
"[[4], [1, 2, 3]]",0.990549872
"[[4], [1, 2, 3]]",0.990003682
"[[4], [1, 2, 3]]",0.988748066
"[[4], [1, 2, 3]]",0.987932682
"[[4], [1, 2, 3]]",0.987635427
"[[4], [1, 2, 3]]",0.987959558
"[[4], [1, 2, 3]]",0.988219461
"[[4], [1, 2, 3]]",0.988629364
"[[4], [1, 2, 3]]",0.988841452
"[[4], [1, 2, 3]]",0.989125228
"[[4], [1, 2, 3]]",0.989362214
"[[4], [1, 2, 3]]",0.989654312
"[[4], [1, 2, 3]]",0.989700816
"[[4], [1, 2, 3]]",0.988808695
"[[4], [1, 2, 3]]",0.987931292
"[[4], [1, 2, 3]]",0.987858285
"[[4], [1, 2, 3]]",0.987819827
"[[4], [1, 2, 3]]",0.987764356
"[[4], [1, 2, 3]]",0.987683535
"[[4], [1, 2, 3]]",0.98763801
"[[4], [1, 2, 3]]",0.987555343
"[[4], [1, 2, 3]]",0.987489582
"[[4], [1, 2, 3]]",0.987601061
"[[4], [1, 2, 3]]",0.987675789
"[[4], [1, 2, 3]]",0.98781265
"[[4], [1, 2, 3]]",0.987812411
"[[4], [1, 2, 3]]",0.986760314
"[[4], [1, 2, 3]]",0.983188715
"[[4], [1, 2, 3]]",0.982828742
"[[4], [1, 2, 3]]",0.982941679
"[[4], [1, 2, 3]]",0.983218998
"[[4], [1, 2, 3]]",0.98375388
"[[4], [1, 2, 3]]",0.984029234
"[[4], [1, 2, 3]]",0.984182329
"[[4], [1, 2, 3]]",0.984496232
"[[4], [1, 2, 3]]",0.984679664
"[[4], [1, 2, 3]]",0.98467025
"[[4], [1, 2, 3]]",0.984568054
"[[4], [1, 2, 3]]",0.984592763
"[[4], [1, 2, 3]]",0.984747346
"[[4], [1, 2, 3]]",0.983005685
"[[4], [1, 2, 3]]",0.982409481
"[[4], [1, 2, 3]]",0.982170979
"[[4], [1, 2, 3]]",0.979289746
"[[4], [1, 2, 3]]",0.978098184
"[[1, 2], [3, 4]]",0.975814887
"[[1, 2], [3, 4]]",0.975372969
"[[1, 2], [3, 4]]",0.975343239
"[[1, 2], [3, 4]]",0.975135727
"[[1, 2], [3, 4]]",0.975111134
"[[1, 2], [3, 4]]",0.975678106
"[[1, 2], [3, 4]]",0.976097645
"[[1, 2], [3, 4]]",0.976293764
"[[1, 2], [3, 4]]",0.975953453
"[[1, 2], [3, 4]]",0.975657691
"[[1, 2], [3, 4]]",0.975535687
"[[1, 2], [3, 4]]",0.97542039
"[[1, 2], [3, 4]]",0.97523453
"[[1, 2], [3, 4]]",0.975143036
"[[1, 2], [3, 4]]",0.974895885
"[[1, 2], [3, 4]]",0.974810388
"[[1, 2], [3, 4]]",0.975732486
"[[1, 2], [3, 4]]",0.976699859
"[[1, 2], [3, 4]]",0.976570875
"[[1, 2], [3, 4]]",0.976087087
"[[1, 2], [3, 4]]",0.971159517
"[[1, 2], [3, 4]]",0.971083088
"[[1, 2], [3, 4]]",0.970975376
"[[1, 2], [3, 4]]",0.970368651
"[[1, 2], [3, 4]]",0.969815823
"[[1, 2], [3, 4]]",0.969102436
"[[1, 2], [3, 4]]",0.968731489
"[[1, 2], [3, 4]]",0.968909987
"[[1, 2], [3, 4]]",0.969459991
"[[1, 2], [3, 4]]",0.971116327
"[[1, 2], [3, 4]]",0.976407524
"[[1, 2], [3, 4]]",0.977349175
"[[1, 2], [3, 4]]",0.978196209
"[[1, 2], [3, 4]]",0.978700687
"[[1, 2], [3, 4]]",0.978449709
"[[1, 2], [3, 4]]",0.978489067
"[[1, 2], [3, 4]]",0.978459817
"[[1, 2], [3, 4]]",0.978450702
"[[1, 2], [3, 4]]",0.97830734
"[[1, 2], [3, 4]]",0.978911191
"[[1, 2], [3, 4]]",0.979490446
"[[1, 2], [3, 4]]",0.979543503
"[[1, 2], [3, 4]]",0.979510419
"[[1, 2], [3, 4]]",0.981098444
"[[1, 2], [3, 4]]",0.981300589
"[[1, 2], [3, 4]]",0.981236072
"[[1, 2], [3, 4]]",0.984269949
"[[1, 2], [3, 4]]",0.98515202
"[[1, 2], [3, 4]]",0.987232363
"[[1, 2], [3, 4]]",0.987436614
"[[1, 2], [3, 4]]",0.987455008
"[[1, 2], [3, 4]]",0.986864652
"[[1, 2], [3, 4]]",0.985596689
"[[1, 2], [3, 4]]",0.984632913
"[[1, 2], [3, 4]]",0.983810773
"[[1, 2], [3, 4]]",0.983603643
"[[1, 2], [3, 4]]",0.983471765
"[[1, 2], [3, 4]]",0.983671933
"[[1, 2], [3, 4]]",0.983504127
"[[1, 2], [3, 4]]",0.983343889
"[[1, 2], [3, 4]]",0.983246138
"[[1, 2], [3, 4]]",0.983098574
"[[1, 2], [3, 4]]",0.983011388
"[[1, 2], [3, 4]]",0.983084528
"[[1, 2], [3, 4]]",0.983026315
"[[1, 2], [3, 4]]",0.981736179
"[[1, 2], [3, 4]]",0.981144954
"[[1, 2], [3, 4]]",0.980677158
"[[4], [1, 2, 3]]",0.984556315
"[[4], [1, 2, 3]]",0.983884756
"[[4], [1, 2, 3]]",0.982797809
"[[4], [1, 2, 3]]",0.981463347
"[[4], [1, 2, 3]]",0.981536021
"[[4], [1, 2, 3]]",0.981640821
"[[4], [1, 2, 3]]",0.980553388
"[[4], [1, 2, 3]]",0.978545367
"[[4], [1, 2, 3]]",0.977537419
"[[4], [1, 2, 3]]",0.977446844
"[[4], [1, 2, 3]]",0.977390618
"[[4], [1, 2, 3]]",0.977191487
"[[4], [1, 2, 3]]",0.977256661
"[[4], [1, 2, 3]]",0.977051424
"[[4], [1, 2, 3]]",0.976952386
"[[4], [1, 2, 3]]",0.977084057
"[[4], [1, 2, 3]]",0.977304091
"[[4], [1, 2, 3]]",0.97755313
"[[4], [1, 2, 3]]",0.977686833
"[[4], [1, 2, 3]]",0.977761888
"[[4], [1, 2, 3]]",0.977841602
"[[4], [1, 2, 3]]",0.977641515
"[[4], [1, 2, 3]]",0.977924808
"[[4], [1, 2, 3]]",0.978223137
"[[4], [1, 2, 3]]",0.978293161
"[[4], [1, 2, 3]]",0.97834226
"[[4], [1, 2, 3]]",0.978419014
"[[4], [1, 2, 3]]",0.978500756
"[[4], [1, 2, 3]]",0.978557793
"[[4], [1, 2, 3]]",0.978622248
"[[4], [1, 2, 3]]",0.978854252
"[[4], [1, 2, 3]]",0.978941604
"[[4], [1, 2, 3]]",0.979046008
"[[4], [1, 2, 3]]",0.97912884
"[[4], [1, 2, 3]]",0.979146955
"[[4], [1, 2, 3]]",0.97915953
"[[4], [1, 2, 3]]",0.978878813
"[[4], [1, 2, 3]]",0.978555519
"[[4], [1, 2, 3]]",0.978746353
"[[4], [1, 2, 3]]",0.978970088
"[[4], [1, 2, 3]]",0.979156349
"[[4], [1, 2, 3]]",0.979343824
"[[4], [1, 2, 3]]",0.979553904
"[[4], [1, 2, 3]]",0.97944329
"[[4], [1, 2, 3]]",0.979297956
"[[4], [1, 2, 3]]",0.97950071
"[[4], [1, 2, 3]]",0.97935811
"[[4], [1, 2, 3]]",0.979371361
"[[4], [1, 2, 3]]",0.979469062
"[[4], [1, 2, 3]]",0.979555736
"[[4], [1, 2, 3]]",0.98004341
"[[4], [1, 2, 3]]",0.981186912
"[[4], [1, 2, 3]]",0.981579499
"[[4], [1, 2, 3]]",0.982004518
"[[4], [1, 2, 3]]",0.983235433
"[[4], [1, 2, 3]]",0.985013304
"[[4], [1, 2, 3]]",0.986265476
"[[4], [1, 2, 3]]",0.986508416
"[[4], [1, 2, 3]]",0.98673907
"[[4], [1, 2, 3]]",0.98685423
"[[4], [1, 2, 3]]",0.986724539
"[[4], [1, 2, 3]]",0.986784577
"[[4], [1, 2, 3]]",0.986704285
"[[4], [1, 2, 3]]",0.986581252
"[[4], [1, 2, 3]]",0.98678207
"[[4], [1, 2, 3]]",0.987023637
"[[4], [1, 2, 3]]",0.987040183
"[[4], [1, 2, 3]]",0.986982737
"[[4], [1, 2, 3]]",0.986851723
"[[4], [1, 2, 3]]",0.987457099
"[[4], [1, 2, 3]]",0.987659029
"[[4], [1, 2, 3]]",0.98775593
"[[4], [1, 2, 3]]",0.987681439
"[[4], [1, 2, 3]]",0.987622068
"[[4], [1, 2, 3]]",0.987537541
"[[4], [1, 2, 3]]",0.987409547
"[[4], [1, 2, 3]]",0.987318191
"[[4], [1, 2, 3]]",0.987241096
"[[4], [1, 2, 3]]",0.987223347
"[[4], [1, 2, 3]]",0.987186038
"[[4], [1, 2, 3]]",0.987159609
"[[4], [1, 2, 3]]",0.987040504
"[[4], [1, 2, 3]]",0.986861184
"[[4], [1, 2, 3]]",0.986982289
"[[4], [1, 2, 3]]",0.987050284
"[[4], [1, 2, 3]]",0.987464833
"[[4], [1, 2, 3]]",0.987725582
"[[4], [1, 2, 3]]",0.987978816
"[[4], [1, 2, 3]]",0.988306541
"[[4], [1, 2, 3]]",0.988639893
"[[4], [1, 2, 3]]",0.988494963
"[[4], [1, 2, 3]]",0.988202822
"[[4], [1, 2, 3]]",0.98823369
"[[4], [1, 2, 3]]",0.988423731
"[[4], [1, 2, 3]]",0.988917837
"[[4], [1, 2, 3]]",0.989376635
"[[4], [1, 2, 3]]",0.989807026
"[[4], [1, 2, 3]]",0.990316651
"[[4], [1, 2, 3]]",0.99058886
"[[4], [1, 2, 3]]",0.990568617
"[[4], [1, 2, 3]]",0.99052676
"[[4], [1, 2, 3]]",0.990811159
"[[4], [1, 2, 3]]",0.991196686
"[[4], [1, 2, 3]]",0.991869773
"[[4], [1, 2, 3]]",0.992016169
"[[4], [1, 2, 3]]",0.991522044
"[[4], [1, 2, 3]]",0.990894492
"[[4], [1, 2, 3]]",0.990921556
"[[4], [1, 2, 3]]",0.991027965
"[[4], [1, 2, 3]]",0.991003782
"[[4], [1, 2, 3]]",0.991032811
"[[4], [1, 2, 3]]",0.991048033
"[[4], [1, 2, 3]]",0.99097835
"[[4], [1, 2, 3]]",0.990915939
"[[4], [1, 2, 3]]",0.990873975
"[[4], [1, 2, 3]]",0.990895302
"[[4], [1, 2, 3]]",0.991064311
"[[4], [1, 2, 3]]",0.991130658
"[[4], [1, 2, 3]]",0.991176726
"[[4], [1, 2, 3]]",0.991198477
"[[4], [1, 2, 3]]",0.991265437
"[[4], [1, 2, 3]]",0.991324275
"[[4], [1, 2, 3]]",0.991377539
"[[4], [1, 2, 3]]",0.991505113
"[[4], [1, 2, 3]]",0.99162671
"[[4], [1, 2, 3]]",0.99170772
"[[4], [1, 2, 3]]",0.99176959
"[[4], [1, 2, 3]]",0.991821072
"[[4], [1, 2, 3]]",0.991152675
"[[4], [1, 2, 3]]",0.989161186
"[[4], [1, 2, 3]]",0.988049824
"[[4], [1, 2, 3]]",0.987642804
"[[4], [1, 2, 3]]",0.987331038
"[[4], [1, 2, 3]]",0.987163454
"[[4], [1, 2, 3]]",0.985596278
"[[4], [1, 2, 3]]",0.985033341
"[[4], [1, 2, 3]]",0.98460617
"[[4], [1, 2, 3]]",0.984285711
"[[4], [1, 2, 3]]",0.983803915
"[[4], [1, 2, 3]]",0.981409031
"[[4], [1, 2, 3]]",0.981090763
"[[4], [1, 2, 3]]",0.980405571
"[[4], [1, 2, 3]]",0.980310251
"[[4], [1, 2, 3]]",0.980314897
"[[4], [1, 2, 3]]",0.980349841
"[[4], [1, 2, 3]]",0.980317709
"[[4], [1, 2, 3]]",0.980312032
"[[4], [1, 2, 3]]",0.980281562
"[[4], [1, 2, 3]]",0.980264754
"[[4], [1, 2, 3]]",0.980249847
"[[4], [1, 2, 3]]",0.980194815
"[[4], [1, 2, 3]]",0.980196743
"[[4], [1, 2, 3]]",0.98016878
"[[4], [1, 2, 3]]",0.979814481
"[[4], [1, 2, 3]]",0.979160918
"[[4], [1, 2, 3]]",0.978978196
"[[4], [1, 2, 3]]",0.978860215
"[[4], [1, 2, 3]]",0.978887966
"[[4], [1, 2, 3]]",0.978849081
"[[4], [1, 2, 3]]",0.978444006
"[[4], [1, 2, 3]]",0.977954417
"[[4], [1, 2, 3]]",0.977106459
"[[4], [1, 2, 3]]",0.9762774
"[[4], [1, 2, 3]]",0.974690785
"[[4], [1, 2, 3]]",0.972826344
"[[4], [1, 2, 3]]",0.971756736
"[[4], [1, 2, 3]]",0.97181411
"[[4], [1, 2, 3]]",0.972006492
"[[4], [1, 2, 3]]",0.972200528
"[[4], [1, 2, 3]]",0.972396178
"[[4], [1, 2, 3]]",0.972693909
"[[4], [1, 2, 3]]",0.972818648
"[[4], [1, 2, 3]]",0.972825633
"[[4], [1, 2, 3]]",0.972925661
"[[4], [1, 2, 3]]",0.97277274
"[[4], [1, 2, 3]]",0.973184144
"[[4], [1, 2, 3]]",0.972717584
"[[4], [1, 2, 3]]",0.972926773
"[[4], [1, 2, 3]]",0.972927912
"[[4], [1, 2, 3]]",0.972825117
"[[4], [1, 2, 3]]",0.972416198
"[[4], [1, 2, 3]]",0.971400568
"[[4], [1, 2, 3]]",0.971130079
"[[4], [1, 2, 3]]",0.970761788
"[[4], [1, 2, 3]]",0.970465716
"[[4], [1, 2, 3]]",0.970224823
"[[4], [1, 2, 3]]",0.970325243
"[[4], [1, 2, 3]]",0.972123088
"[[4], [1, 2, 3]]",0.972188214
"[[4], [1, 2, 3]]",0.972622342
"[[4], [1, 2, 3]]",0.972738126
"[[4], [1, 2, 3]]",0.972566466
"[[4], [1, 2, 3]]",0.972455752
"[[4], [1, 2, 3]]",0.972396532
"[[4], [1, 2, 3]]",0.972324439
"[[4], [1, 2, 3]]",0.97222281
"[[4], [1, 2, 3]]",0.972094933
"[[4], [1, 2, 3]]",0.97185118
"[[4], [1, 2, 3]]",0.97167411
"[[4], [1, 2, 3]]",0.971486938
"[[4], [1, 2, 3]]",0.971508421
"[[4], [1, 2, 3]]",0.971774657
"[[4], [1, 2, 3]]",0.972398341
"[[4], [1, 2, 3]]",0.97249755
"[[4], [1, 2, 3]]",0.972175881
"[[4], [1, 2, 3]]",0.971605377
"[[4], [1, 2, 3]]",0.971150485
"[[4], [1, 2, 3]]",0.971321043
"[[4], [1, 2, 3]]",0.971924463
"[[4], [1, 2, 3]]",0.973148755
"[[4], [1, 2, 3]]",0.974817665
"[[4], [1, 2, 3]]",0.977962299
"[[4], [1, 2, 3]]",0.982165572
"[[4], [1, 2, 3]]",0.985337139
"[[4], [1, 2, 3]]",0.985194654
"[[4], [1, 2, 3]]",0.984871242
"[[4], [1, 2, 3]]",0.984840956
"[[4], [1, 2, 3]]",0.984765177
"[[4], [1, 2, 3]]",0.984686328
"[[4], [1, 2, 3]]",0.984650491
"[[4], [1, 2, 3]]",0.984622237
"[[4], [1, 2, 3]]",0.984596079
"[[4], [1, 2, 3]]",0.984619297
"[[4], [1, 2, 3]]",0.984797994
"[[4], [1, 2, 3]]",0.987147929
"[[4], [1, 2, 3]]",0.988933876
"[[4], [1, 2, 3]]",0.990838034
"[[4], [1, 2, 3]]",0.991763648
"[[4], [1, 2, 3]]",0.991402259
"[[4], [1, 2, 3]]",0.991033127
"[[4], [1, 2, 3]]",0.99083765
"[[4], [1, 2, 3]]",0.990859109
"[[4], [1, 2, 3]]",0.990804278
"[[4], [1, 2, 3]]",0.990759509
"[[4], [1, 2, 3]]",0.990746566
"[[4], [1, 2, 3]]",0.990864912
"[[4], [1, 2, 3]]",0.992329441
"[[4], [1, 2, 3]]",0.993281274
"[[4], [1, 2, 3]]",0.994256563
"[[4], [1, 2, 3]]",0.994249749
"[[4], [1, 2, 3]]",0.994299301
"[[4], [1, 2, 3]]",0.994390386
"[[4], [1, 2, 3]]",0.994456287
"[[4], [1, 2, 3]]",0.994426205
"[[4], [1, 2, 3]]",0.994368583
"[[4], [1, 2, 3]]",0.994361883
"[[4], [1, 2, 3]]",0.993593105
"[[4], [1, 2, 3]]",0.992555536
"[[4], [1, 2, 3]]",0.992016734
"[[4], [1, 2, 3]]",0.992494939
"[[4], [1, 2, 3]]",0.992556812
"[[4], [1, 2, 3]]",0.992691881
"[[4], [1, 2, 3]]",0.99267999
"[[4], [1, 2, 3]]",0.99267648
"[[4], [1, 2, 3]]",0.992722453
"[[4], [1, 2, 3]]",0.992713817
"[[4], [1, 2, 3]]",0.992714531
"[[4], [1, 2, 3]]",0.992761532
"[[4], [1, 2, 3]]",0.992766741
"[[4], [1, 2, 3]]",0.992683688
"[[4], [1, 2, 3]]",0.99267631
"[[4], [1, 2, 3]]",0.993132742
"[[4], [1, 2, 3]]",0.993100948
"[[4], [1, 2, 3]]",0.993270358
"[[4], [1, 2, 3]]",0.9932813
"[[4], [1, 2, 3]]",0.993309965
"[[4], [1, 2, 3]]",0.99334525
"[[4], [1, 2, 3]]",0.993360989
"[[4], [1, 2, 3]]",0.993344447
"[[4], [1, 2, 3]]",0.993181145
"[[4], [1, 2, 3]]",0.992817503
"[[4], [1, 2, 3]]",0.991903592
"[[4], [1, 2, 3]]",0.989809854
"[[4], [1, 2, 3]]",0.987423901
"[[4], [1, 2, 3]]",0.986291019
"[[4], [1, 2, 3]]",0.986206481
"[[4], [1, 2, 3]]",0.986706187
"[[4], [1, 2, 3]]",0.987314606
"[[4], [1, 2, 3]]",0.986902904
"[[4], [1, 2, 3]]",0.986887324
"[[4], [1, 2, 3]]",0.986986393
"[[4], [1, 2, 3]]",0.986950762
"[[4], [1, 2, 3]]",0.987069846
"[[4], [1, 2, 3]]",0.986941671
"[[4], [1, 2, 3]]",0.987025226
"[[4], [1, 2, 3]]",0.98690418
"[[4], [1, 2, 3]]",0.987064218
"[[4], [1, 2, 3]]",0.987118083
"[[4], [1, 2, 3]]",0.987126815
"[[4], [1, 2, 3]]",0.987179561
"[[4], [1, 2, 3]]",0.987120001
"[[4], [1, 2, 3]]",0.987160397
"[[4], [1, 2, 3]]",0.98706905
"[[4], [1, 2, 3]]",0.987041669
"[[4], [1, 2, 3]]",0.98691381
"[[4], [1, 2, 3]]",0.987303473
"[[4], [1, 2, 3]]",0.987601286
"[[4], [1, 2, 3]]",0.987628166
"[[4], [1, 2, 3]]",0.98782543
"[[4], [1, 2, 3]]",0.987904258
"[[4], [1, 2, 3]]",0.988135955
"[[4], [1, 2, 3]]",0.988475094
"[[4], [1, 2, 3]]",0.988684396
"[[4], [1, 2, 3]]",0.988752037
"[[4], [1, 2, 3]]",0.988685755
"[[4], [1, 2, 3]]",0.98845036
"[[4], [1, 2, 3]]",0.988235398
"[[4], [1, 2, 3]]",0.987986812
"[[4], [1, 2, 3]]",0.987907414
"[[4], [1, 2, 3]]",0.98777046
"[[4], [1, 2, 3]]",0.987773459
"[[4], [1, 2, 3]]",0.987842798
"[[4], [1, 2, 3]]",0.987718126
"[[4], [1, 2, 3]]",0.987672402
"[[4], [1, 2, 3]]",0.987721325
"[[4], [1, 2, 3]]",0.987711558
"[[4], [1, 2, 3]]",0.987595886
"[[4], [1, 2, 3]]",0.987621323
"[[4], [1, 2, 3]]",0.987777315
"[[4], [1, 2, 3]]",0.987191805
"[[4], [1, 2, 3]]",0.987721235
"[[4], [1, 2, 3]]",0.989204261
"[[4], [1, 2, 3]]",0.98999864
"[[4], [1, 2, 3]]",0.990299417
"[[4], [1, 2, 3]]",0.990395587
"[[4], [1, 2, 3]]",0.990341262
"[[4], [1, 2, 3]]",0.991159642
"[[4], [1, 2, 3]]",0.991219027
"[[4], [1, 2, 3]]",0.990915433
"[[4], [1, 2, 3]]",0.99083335
"[[4], [1, 2, 3]]",0.990777011
"[[4], [1, 2, 3]]",0.990651319
"[[4], [1, 2, 3]]",0.99045292
"[[4], [1, 2, 3]]",0.990663908
"[[4], [1, 2, 3]]",0.990533728
"[[4], [1, 2, 3]]",0.990502821
"[[4], [1, 2, 3]]",0.990507332
"[[4], [1, 2, 3]]",0.990550592
"[[4], [1, 2, 3]]",0.990734116
"[[4], [1, 2, 3]]",0.99067908
"[[4], [1, 2, 3]]",0.990863396
"[[4], [1, 2, 3]]",0.991108358
"[[4], [1, 2, 3]]",0.991615816
"[[4], [1, 2, 3]]",0.990623203
"[[4], [1, 2, 3]]",0.990472301
"[[4], [1, 2, 3]]",0.990732107
"[[4], [1, 2, 3]]",0.990780116
"[[4], [1, 2, 3]]",0.990685734
"[[4], [1, 2, 3]]",0.990498393
"[[4], [1, 2, 3]]",0.990319289
"[[4], [1, 2, 3]]",0.99022369
"[[4], [1, 2, 3]]",0.990240151
"[[4], [1, 2, 3]]",0.990310177
"[[4], [1, 2, 3]]",0.99044909
"[[4], [1, 2, 3]]",0.990563723
"[[4], [1, 2, 3]]",0.990663391
"[[4], [1, 2, 3]]",0.99072262
"[[4], [1, 2, 3]]",0.990806079
"[[4], [1, 2, 3]]",0.990777728
"[[4], [1, 2, 3]]",0.99071249
"[[4], [1, 2, 3]]",0.990750398
"[[4], [1, 2, 3]]",0.990706181
"[[4], [1, 2, 3]]",0.990411807
"[[4], [1, 2, 3]]",0.990177496
"[[4], [1, 2, 3]]",0.990204375
"[[4], [1, 2, 3]]",0.990150547
"[[4], [1, 2, 3]]",0.990086201
"[[4], [1, 2, 3]]",0.991532571
"[[4], [1, 2, 3]]",0.992664087
"[[4], [1, 2, 3]]",0.992924245
"[[4], [1, 2, 3]]",0.993302023
"[[4], [1, 2, 3]]",0.993281812
"[[4], [1, 2, 3]]",0.993238674
"[[4], [1, 2, 3]]",0.99318495
"[[4], [1, 2, 3]]",0.993193263
"[[4], [1, 2, 3]]",0.9932217
"[[4], [1, 2, 3]]",0.993497708
"[[4], [1, 2, 3]]",0.993644052
"[[4], [1, 2, 3]]",0.993546214
"[[4], [1, 2, 3]]",0.992375519
"[[4], [1, 2, 3]]",0.991784818
"[[4], [1, 2, 3]]",0.990807422
"[[4], [1, 2, 3]]",0.99066285
"[[4], [1, 2, 3]]",0.990643031
"[[4], [1, 2, 3]]",0.990487364
"[[4], [1, 2, 3]]",0.99043458
"[[4], [1, 2, 3]]",0.990128172
"[[4], [1, 2, 3]]",0.989959164
"[[4], [1, 2, 3]]",0.989873459
"[[4], [1, 2, 3]]",0.989695438
"[[4], [1, 2, 3]]",0.989747932
"[[4], [1, 2, 3]]",0.989610974
"[[4], [1, 2, 3]]",0.985589816
"[[1], [2, 3, 4]]",0.936996717
"[[1], [2, 3, 4]]",0.905613202
"[[1], [2, 3, 4]]",0.907096385
"[[1], [2, 3, 4]]",0.907975447
"[[1], [2, 3, 4]]",0.90878835
"[[1], [2, 3, 4]]",0.909414504
"[[1], [2, 3, 4]]",0.909565232
"[[1], [2, 3, 4]]",0.909680163
"[[1], [2, 3, 4]]",0.909861606
"[[1], [2, 3, 4]]",0.910193813
"[[1], [2, 3, 4]]",0.910087408
"[[1], [2, 3, 4]]",0.909947477
"[[1], [2, 3, 4]]",0.910028781
"[[1], [2, 3, 4]]",0.910973076
"[[1], [2, 3, 4]]",0.912235436
"[[1], [2, 3, 4]]",0.913342108
"[[1], [2, 3, 4]]",0.914167682
"[[1], [2, 3, 4]]",0.915217888
"[[1], [2, 3, 4]]",0.915476861
"[[1], [2, 3, 4]]",0.915694482
"[[1], [2, 3, 4]]",0.915892389
"[[1], [2, 3, 4]]",0.916058666
"[[1], [2, 3, 4]]",0.916148088
"[[1], [2, 3, 4]]",0.916037607
"[[1], [2, 3, 4]]",0.915934781
"[[1], [2, 3, 4]]",0.91671414
"[[1], [2, 3, 4]]",0.917024485
"[[1], [2, 3, 4]]",0.917106226
"[[1], [2, 3, 4]]",0.917257241
"[[1], [2, 3, 4]]",0.917166495
"[[1], [2, 3, 4]]",0.916856445
"[[1], [2, 3, 4]]",0.916351062
"[[1], [2, 3, 4]]",0.915987508
"[[1], [2, 3, 4]]",0.91528001
"[[1], [2, 3, 4]]",0.914352724
"[[1], [2, 3, 4]]",0.913672442
"[[1], [2, 3, 4]]",0.913354449
"[[1], [2, 3, 4]]",0.913303615
"[[1], [2, 3, 4]]",0.913312345
"[[1], [2, 3, 4]]",0.913313239
"[[1], [2, 3, 4]]",0.913581411
"[[1], [2, 3, 4]]",0.914167932
"[[1], [2, 3, 4]]",0.914644922
"[[1], [2, 3, 4]]",0.914637102
"[[1], [2, 3, 4]]",0.914506667
"[[1], [2, 3, 4]]",0.914285468
"[[1], [2, 3, 4]]",0.914000216
"[[1], [2, 3, 4]]",0.914301289
"[[1], [2, 3, 4]]",0.942383579
"[[4], [1, 2, 3]]",0.990119192
"[[4], [1, 2, 3]]",0.991591878
"[[4], [1, 2, 3]]",0.991373269
"[[4], [1, 2, 3]]",0.990997606
"[[4], [1, 2, 3]]",0.990964157
"[[4], [1, 2, 3]]",0.991097237
"[[4], [1, 2, 3]]",0.990968694
"[[4], [1, 2, 3]]",0.990716104
"[[4], [1, 2, 3]]",0.990564505
"[[4], [1, 2, 3]]",0.988949604
"[[4], [1, 2, 3]]",0.988864668
"[[4], [1, 2, 3]]",0.988821627
"[[4], [1, 2, 3]]",0.989212541
"[[4], [1, 2, 3]]",0.990673732
"[[4], [1, 2, 3]]",0.989080992
"[[1, 2], [3, 4]]",0.969021171
"[[1], [2, 3, 4]]",0.937174897
"[[1], [2, 3, 4]]",0.904323578
"[[1], [2, 3, 4]]",0.900539501
"[[1], [2, 3, 4]]",0.900079226
"[[1], [2, 3, 4]]",0.899827075
"[[1], [2, 3, 4]]",0.899470428
"[[1], [2, 3, 4]]",0.89911195
"[[1], [2, 3, 4]]",0.899290516
"[[1], [2, 3, 4]]",0.899002078
"[[1], [2, 3, 4]]",0.898791123
"[[1], [2, 3, 4]]",0.898922167
"[[1], [2, 3, 4]]",0.899049966
"[[1], [2, 3, 4]]",0.898906023
"[[1], [2, 3, 4]]",0.898610967
"[[1], [2, 3, 4]]",0.898582008
"[[1], [2, 3, 4]]",0.898560602
"[[1], [2, 3, 4]]",0.898368846
"[[1], [2, 3, 4]]",0.897885182
"[[1], [2, 3, 4]]",0.897464298
"[[1], [2, 3, 4]]",0.89639854
"[[1], [2, 3, 4]]",0.893546029
"[[1], [2, 3, 4]]",0.892507031
"[[1], [2, 3, 4]]",0.892221298
"[[1], [2, 3, 4]]",0.892152772
"[[1], [2, 3, 4]]",0.892466963
"[[1], [2, 3, 4]]",0.89292755
"[[1], [2, 3, 4]]",0.893408933
"[[1], [2, 3, 4]]",0.893732763
"[[1], [2, 3, 4]]",0.894101932
"[[1], [2, 3, 4]]",0.894347164
"[[1], [2, 3, 4]]",0.893091276
"[[1], [2, 3, 4]]",0.893541073
"[[1], [2, 3, 4]]",0.894317823
"[[1], [2, 3, 4]]",0.895200899
"[[1], [2, 3, 4]]",0.895949975
"[[1], [2, 3, 4]]",0.896608672
"[[1], [2, 3, 4]]",0.897207859
"[[1], [2, 3, 4]]",0.897602498
"[[1], [2, 3, 4]]",0.897817492
"[[1], [2, 3, 4]]",0.89807292
"[[1], [2, 3, 4]]",0.898206882
"[[1], [2, 3, 4]]",0.900193547
"[[1], [2, 3, 4]]",0.900353445
"[[1], [2, 3, 4]]",0.900487799
"[[1], [2, 3, 4]]",0.900435406
"[[1], [2, 3, 4]]",0.900261439
"[[1], [2, 3, 4]]",0.902826032
"[[1], [2, 3, 4]]",0.919935025
"[[1], [2, 3, 4]]",0.948798158
"[[4], [1, 2, 3]]",0.97938652
"[[4], [1, 2, 3]]",0.982030327
"[[4], [1, 2, 3]]",0.981986205
"[[4], [1, 2, 3]]",0.981960009
"[[4], [1, 2, 3]]",0.982321501
"[[4], [1, 2, 3]]",0.982871568
"[[4], [1, 2, 3]]",0.982902686
"[[4], [1, 2, 3]]",0.982802203
"[[4], [1, 2, 3]]",0.982749318
"[[4], [1, 2, 3]]",0.982397663
"[[4], [1, 2, 3]]",0.981956356
"[[4], [1, 2, 3]]",0.981852007
"[[4], [1, 2, 3]]",0.981958761
"[[4], [1, 2, 3]]",0.981887076
"[[4], [1, 2, 3]]",0.982039716
"[[4], [1, 2, 3]]",0.982221825
"[[4], [1, 2, 3]]",0.982795687
"[[4], [1, 2, 3]]",0.983307104
"[[4], [1, 2, 3]]",0.984159465
"[[4], [1, 2, 3]]",0.986279547
"[[4], [1, 2, 3]]",0.986584433
"[[4], [1, 2, 3]]",0.986620431
"[[4], [1, 2, 3]]",0.986670607
"[[4], [1, 2, 3]]",0.986688454
"[[4], [1, 2, 3]]",0.986662958
"[[4], [1, 2, 3]]",0.986689197
"[[4], [1, 2, 3]]",0.987165892
"[[4], [1, 2, 3]]",0.987642453
"[[4], [1, 2, 3]]",0.987574342
"[[4], [1, 2, 3]]",0.987465439
"[[4], [1, 2, 3]]",0.986002717
"[[4], [1, 2, 3]]",0.985177352
"[[4], [1, 2, 3]]",0.984890289
"[[4], [1, 2, 3]]",0.984926463
"[[4], [1, 2, 3]]",0.985110185
"[[4], [1, 2, 3]]",0.984994718
"[[4], [1, 2, 3]]",0.984271042
"[[4], [1, 2, 3]]",0.984269473
"[[4], [1, 2, 3]]",0.982893887
"[[4], [1, 2, 3]]",0.981924766
"[[4], [1, 2, 3]]",0.981365348
"[[4], [1, 2, 3]]",0.981494648
"[[4], [1, 2, 3]]",0.981113186
"[[4], [1, 2, 3]]",0.981331884
"[[4], [1, 2, 3]]",0.981542316
"[[4], [1, 2, 3]]",0.982129766
"[[4], [1, 2, 3]]",0.9821929
"[[4], [1, 2, 3]]",0.982257221
"[[4], [1, 2, 3]]",0.982318062
"[[4], [1, 2, 3]]",0.982382665
"[[4], [1, 2, 3]]",0.982437539
"[[4], [1, 2, 3]]",0.982035621
"[[4], [1, 2, 3]]",0.979281657
"[[4], [1, 2, 3]]",0.977685084
"[[4], [1, 2, 3]]",0.977285535
"[[4], [1, 2, 3]]",0.976986358
"[[4], [1, 2, 3]]",0.977354179
"[[4], [1, 2, 3]]",0.978147504
"[[4], [1, 2, 3]]",0.979032812
"[[4], [1, 2, 3]]",0.979628779
"[[4], [1, 2, 3]]",0.980318908
"[[4], [1, 2, 3]]",0.981239516
"[[4], [1, 2, 3]]",0.982060976
"[[4], [1, 2, 3]]",0.982961493
"[[4], [1, 2, 3]]",0.983502434
"[[4], [1, 2, 3]]",0.983563002
"[[4], [1, 2, 3]]",0.98223991
"[[4], [1, 2, 3]]",0.982269004
"[[4], [1, 2, 3]]",0.982682597
"[[4], [1, 2, 3]]",0.982835859
"[[4], [1, 2, 3]]",0.982945163
"[[4], [1, 2, 3]]",0.982995599
"[[4], [1, 2, 3]]",0.983069428
"[[4], [1, 2, 3]]",0.983155891
"[[4], [1, 2, 3]]",0.983154733
"[[4], [1, 2, 3]]",0.983107658
"[[4], [1, 2, 3]]",0.983126176
"[[4], [1, 2, 3]]",0.983270503
"[[4], [1, 2, 3]]",0.983590573
"[[4], [1, 2, 3]]",0.983488275
"[[4], [1, 2, 3]]",0.9831111
"[[4], [1, 2, 3]]",0.983274449
"[[4], [1, 2, 3]]",0.983738002
"[[4], [1, 2, 3]]",0.983755681
"[[4], [1, 2, 3]]",0.983742895
"[[4], [1, 2, 3]]",0.983260586
"[[4], [1, 2, 3]]",0.983162874
"[[4], [1, 2, 3]]",0.983371691
"[[4], [1, 2, 3]]",0.981345058
"[[4], [1, 2, 3]]",0.981080535
"[[4], [1, 2, 3]]",0.981160869
"[[4], [1, 2, 3]]",0.980592537
"[[4], [1, 2, 3]]",0.980534376
"[[4], [1, 2, 3]]",0.980666987
"[[4], [1, 2, 3]]",0.980866241
"[[4], [1, 2, 3]]",0.981023303
"[[4], [1, 2, 3]]",0.980769348
"[[4], [1, 2, 3]]",0.980638028
"[[4], [1, 2, 3]]",0.980126639
"[[4], [1, 2, 3]]",0.979471647
"[[4], [1, 2, 3]]",0.979027614
"[[4], [1, 2, 3]]",0.97957774
"[[4], [1, 2, 3]]",0.979298846
"[[4], [1, 2, 3]]",0.979051562
"[[4], [1, 2, 3]]",0.978743132
"[[4], [1, 2, 3]]",0.978323447
"[[4], [1, 2, 3]]",0.977584023
"[[4], [1, 2, 3]]",0.977109461
"[[4], [1, 2, 3]]",0.976682789
"[[4], [1, 2, 3]]",0.976313959
"[[4], [1, 2, 3]]",0.976035499
"[[4], [1, 2, 3]]",0.975749338
"[[4], [1, 2, 3]]",0.975552791
"[[4], [1, 2, 3]]",0.975263375
"[[4], [1, 2, 3]]",0.976051948
"[[4], [1, 2, 3]]",0.976008633
"[[4], [1, 2, 3]]",0.976058751
"[[4], [1, 2, 3]]",0.97600959
"[[4], [1, 2, 3]]",0.975928328
"[[4], [1, 2, 3]]",0.975848104
"[[4], [1, 2, 3]]",0.975791262
"[[4], [1, 2, 3]]",0.975775289
"[[4], [1, 2, 3]]",0.975631759
"[[4], [1, 2, 3]]",0.975434062
"[[4], [1, 2, 3]]",0.975216469
"[[4], [1, 2, 3]]",0.975660989
"[[4], [1, 2, 3]]",0.97536182
"[[4], [1, 2, 3]]",0.975180484
"[[4], [1, 2, 3]]",0.975212741
"[[4], [1, 2, 3]]",0.97504489
"[[4], [1, 2, 3]]",0.974544075
"[[4], [1, 2, 3]]",0.974194335
"[[4], [1, 2, 3]]",0.973928475
"[[4], [1, 2, 3]]",0.974001902
"[[4], [1, 2, 3]]",0.973997098
"[[4], [1, 2, 3]]",0.973681126
"[[4], [1, 2, 3]]",0.976663264
"[[4], [1, 2, 3]]",0.976553871
"[[4], [1, 2, 3]]",0.976442035
"[[4], [1, 2, 3]]",0.977601738
"[[4], [1, 2, 3]]",0.978685093
"[[4], [1, 2, 3]]",0.979222558
"[[4], [1, 2, 3]]",0.979228432
"[[4], [1, 2, 3]]",0.979096743
"[[4], [1, 2, 3]]",0.980485129
"[[4], [1, 2, 3]]",0.981947069
"[[4], [1, 2, 3]]",0.984947903
"[[4], [1, 2, 3]]",0.988881775
"[[4], [1, 2, 3]]",0.996687075
"[[4], [1, 2, 3]]",0.997528466
"[[4], [1, 2, 3]]",0.997553086
"[[4], [1, 2, 3]]",0.997509811
"[[4], [1, 2, 3]]",0.997384432
"[[4], [1, 2, 3]]",0.997146943
"[[4], [1, 2, 3]]",0.996940764
"[[4], [1, 2, 3]]",0.996949079
"[[4], [1, 2, 3]]",0.996900993
"[[4], [1, 2, 3]]",0.996877196
"[[4], [1, 2, 3]]",0.9968711
"[[4], [1, 2, 3]]",0.996885012
"[[4], [1, 2, 3]]",0.996902629
"[[4], [1, 2, 3]]",0.996756287
"[[4], [1, 2, 3]]",0.9957722
"[[4], [1, 2, 3]]",0.99562069
"[[4], [1, 2, 3]]",0.995711141
"[[4], [1, 2, 3]]",0.995671153
"[[4], [1, 2, 3]]",0.99558459
"[[4], [1, 2, 3]]",0.995405463
"[[4], [1, 2, 3]]",0.995291736
"[[4], [1, 2, 3]]",0.995329391
"[[4], [1, 2, 3]]",0.995178349
"[[4], [1, 2, 3]]",0.994624884
"[[4], [1, 2, 3]]",0.990261554
"[[4], [1, 2, 3]]",0.984572333
"[[4], [1, 2, 3]]",0.982982074
"[[1, 2], [3, 4]]",0.98174571
"[[4], [1, 2, 3]]",0.980549806
"[[4], [1, 2, 3]]",0.980742965
"[[1, 2], [3, 4]]",0.981112376
"[[4], [1, 2, 3]]",0.981334351
"[[4], [1, 2, 3]]",0.981464793
"[[4], [1, 2, 3]]",0.981513866
"[[4], [1, 2, 3]]",0.981590195
"[[4], [1, 2, 3]]",0.981495235
"[[4], [1, 2, 3]]",0.981150017
"[[4], [1, 2, 3]]",0.980985467
"[[4], [1, 2, 3]]",0.981104478
"[[4], [1, 2, 3]]",0.981278544
"[[4], [1, 2, 3]]",0.981436649
"[[4], [1, 2, 3]]",0.98158869
"[[4], [1, 2, 3]]",0.981809296
"[[4], [1, 2, 3]]",0.981995236
"[[4], [1, 2, 3]]",0.982144901
"[[4], [1, 2, 3]]",0.982280458
"[[4], [1, 2, 3]]",0.982429852
"[[4], [1, 2, 3]]",0.982503536
"[[4], [1, 2, 3]]",0.982295295
"[[4], [1, 2, 3]]",0.981761911
"[[4], [1, 2, 3]]",0.981344176
"[[4], [1, 2, 3]]",0.981645779
"[[4], [1, 2, 3]]",0.982071539
"[[4], [1, 2, 3]]",0.982086867
"[[4], [1, 2, 3]]",0.982223027
"[[4], [1, 2, 3]]",0.982339471
"[[4], [1, 2, 3]]",0.982640168
"[[4], [1, 2, 3]]",0.982892378
"[[4], [1, 2, 3]]",0.983003749
"[[4], [1, 2, 3]]",0.982317778
"[[4], [1, 2, 3]]",0.982580154
"[[4], [1, 2, 3]]",0.982919352
"[[4], [1, 2, 3]]",0.984044916
"[[4], [1, 2, 3]]",0.98439202
"[[4], [1, 2, 3]]",0.984527017
"[[4], [1, 2, 3]]",0.984442139
"[[4], [1, 2, 3]]",0.984427068
"[[4], [1, 2, 3]]",0.984406192
"[[4], [1, 2, 3]]",0.984508908
"[[4], [1, 2, 3]]",0.984603233
"[[4], [1, 2, 3]]",0.984609386
"[[4], [1, 2, 3]]",0.984643989
"[[4], [1, 2, 3]]",0.985976762
"[[4], [1, 2, 3]]",0.988193573
"[[4], [1, 2, 3]]",0.98883515
"[[4], [1, 2, 3]]",0.989379551
"[[4], [1, 2, 3]]",0.990150054
"[[4], [1, 2, 3]]",0.99012734
"[[4], [1, 2, 3]]",0.990213406
"[[4], [1, 2, 3]]",0.990220146
"[[4], [1, 2, 3]]",0.99019512
"[[4], [1, 2, 3]]",0.990314617
"[[4], [1, 2, 3]]",0.990417253
"[[4], [1, 2, 3]]",0.990553697
"[[4], [1, 2, 3]]",0.990952735
"[[4], [1, 2, 3]]",0.991209703
"[[4], [1, 2, 3]]",0.990922081
"[[4], [1, 2, 3]]",0.990653084
"[[4], [1, 2, 3]]",0.990110255
"[[4], [1, 2, 3]]",0.99008046
"[[4], [1, 2, 3]]",0.990017083
"[[4], [1, 2, 3]]",0.989971557
"[[4], [1, 2, 3]]",0.989291853
"[[4], [1, 2, 3]]",0.989331663
"[[4], [1, 2, 3]]",0.989340427
"[[4], [1, 2, 3]]",0.988977405
"[[4], [1, 2, 3]]",0.988518463
"[[4], [1, 2, 3]]",0.988922413
"[[4], [1, 2, 3]]",0.98951547
"[[4], [1, 2, 3]]",0.989591947
"[[4], [1, 2, 3]]",0.989685979
"[[4], [1, 2, 3]]",0.99021983
"[[4], [1, 2, 3]]",0.990603211
"[[4], [1, 2, 3]]",0.990636702
"[[4], [1, 2, 3]]",0.990683335
"[[4], [1, 2, 3]]",0.990566572
"[[4], [1, 2, 3]]",0.990605657
"[[4], [1, 2, 3]]",0.991580263
"[[4], [1, 2, 3]]",0.991577502
"[[4], [1, 2, 3]]",0.99165165
"[[4], [1, 2, 3]]",0.991639495
"[[4], [1, 2, 3]]",0.991596674
"[[4], [1, 2, 3]]",0.991626683
"[[4], [1, 2, 3]]",0.99177327
"[[4], [1, 2, 3]]",0.991811481
"[[4], [1, 2, 3]]",0.991860869
"[[4], [1, 2, 3]]",0.991865238
"[[4], [1, 2, 3]]",0.991954746
"[[4], [1, 2, 3]]",0.991940752
"[[4], [1, 2, 3]]",0.991906146
"[[4], [1, 2, 3]]",0.991855465
"[[4], [1, 2, 3]]",0.991780107
"[[4], [1, 2, 3]]",0.99173242
"[[4], [1, 2, 3]]",0.991749896
"[[4], [1, 2, 3]]",0.991726007
"[[4], [1, 2, 3]]",0.991737173
"[[4], [1, 2, 3]]",0.99167006
"[[4], [1, 2, 3]]",0.991547302
"[[4], [1, 2, 3]]",0.991240938
"[[4], [1, 2, 3]]",0.991227759
"[[4], [1, 2, 3]]",0.991261869
"[[4], [1, 2, 3]]",0.991251756
"[[4], [1, 2, 3]]",0.991283967
"[[4], [1, 2, 3]]",0.991267761
"[[4], [1, 2, 3]]",0.991333502
"[[4], [1, 2, 3]]",0.990623172
"[[4], [1, 2, 3]]",0.99012598
"[[4], [1, 2, 3]]",0.990116082
"[[4], [1, 2, 3]]",0.990058099
"[[4], [1, 2, 3]]",0.990086375
"[[4], [1, 2, 3]]",0.990645755
"[[4], [1, 2, 3]]",0.990568228
"[[4], [1, 2, 3]]",0.990542122
"[[4], [1, 2, 3]]",0.990657419
"[[4], [1, 2, 3]]",0.99048408
"[[4], [1, 2, 3]]",0.989294719
"[[4], [1, 2, 3]]",0.988498701
"[[4], [1, 2, 3]]",0.988231561
"[[4], [1, 2, 3]]",0.98794874
"[[4], [1, 2, 3]]",0.987606076
"[[4], [1, 2, 3]]",0.987674957
"[[4], [1, 2, 3]]",0.987668355
"[[4], [1, 2, 3]]",0.987636605
"[[4], [1, 2, 3]]",0.987886815
"[[4], [1, 2, 3]]",0.988099019
"[[4], [1, 2, 3]]",0.988338537
"[[4], [1, 2, 3]]",0.9882789
"[[4], [1, 2, 3]]",0.988284399
"[[4], [1, 2, 3]]",0.98819983
"[[4], [1, 2, 3]]",0.988114573
"[[4], [1, 2, 3]]",0.98801744
"[[4], [1, 2, 3]]",0.987908461
"[[4], [1, 2, 3]]",0.987930371
"[[4], [1, 2, 3]]",0.98792855
"[[4], [1, 2, 3]]",0.98799187
"[[4], [1, 2, 3]]",0.988024278
"[[4], [1, 2, 3]]",0.988080736
"[[4], [1, 2, 3]]",0.98809521
"[[4], [1, 2, 3]]",0.986994495
"[[4], [1, 2, 3]]",0.985984267
"[[4], [1, 2, 3]]",0.985557029
"[[4], [1, 2, 3]]",0.985546143
"[[4], [1, 2, 3]]",0.985585065
"[[4], [1, 2, 3]]",0.985464432
"[[4], [1, 2, 3]]",0.985056387
"[[4], [1, 2, 3]]",0.984955857
"[[4], [1, 2, 3]]",0.984684543
"[[4], [1, 2, 3]]",0.984433431
"[[4], [1, 2, 3]]",0.983940265
"[[4], [1, 2, 3]]",0.983326132
"[[4], [1, 2, 3]]",0.982953322
"[[4], [1, 2, 3]]",0.982784419
"[[4], [1, 2, 3]]",0.982615902
"[[4], [1, 2, 3]]",0.983130629
"[[4], [1, 2, 3]]",0.983780409
"[[4], [1, 2, 3]]",0.983706649
"[[4], [1, 2, 3]]",0.983724562
"[[4], [1, 2, 3]]",0.983704885
"[[4], [1, 2, 3]]",0.983689904
"[[4], [1, 2, 3]]",0.983741526
"[[4], [1, 2, 3]]",0.983737378
"[[4], [1, 2, 3]]",0.983873341
"[[4], [1, 2, 3]]",0.984348385
"[[4], [1, 2, 3]]",0.985536359
"[[4], [1, 2, 3]]",0.986203969
"[[4], [1, 2, 3]]",0.986423931
"[[4], [1, 2, 3]]",0.986626748
"[[4], [1, 2, 3]]",0.987015056
"[[4], [1, 2, 3]]",0.986994856
"[[4], [1, 2, 3]]",0.987019438
"[[4], [1, 2, 3]]",0.986828388
"[[4], [1, 2, 3]]",0.986629981
"[[4], [1, 2, 3]]",0.986511074
"[[4], [1, 2, 3]]",0.986462205
"[[4], [1, 2, 3]]",0.986619645
"[[4], [1, 2, 3]]",0.986277109
"[[4], [1, 2, 3]]",0.985686415
"[[4], [1, 2, 3]]",0.985644722
"[[4], [1, 2, 3]]",0.985674884
"[[4], [1, 2, 3]]",0.985705958
"[[4], [1, 2, 3]]",0.985691219
"[[4], [1, 2, 3]]",0.985686094
"[[4], [1, 2, 3]]",0.985000557
"[[4], [1, 2, 3]]",0.984620242
"[[4], [1, 2, 3]]",0.984566656
"[[4], [1, 2, 3]]",0.984674707
"[[4], [1, 2, 3]]",0.986055265
"[[4], [1, 2, 3]]",0.987205722
"[[4], [1, 2, 3]]",0.988221701
"[[4], [1, 2, 3]]",0.988618652
"[[4], [1, 2, 3]]",0.98859186
"[[4], [1, 2, 3]]",0.988782058
"[[4], [1, 2, 3]]",0.988859776
"[[4], [1, 2, 3]]",0.988824726
"[[4], [1, 2, 3]]",0.988908659
"[[4], [1, 2, 3]]",0.988881308
"[[4], [1, 2, 3]]",0.989022373
"[[4], [1, 2, 3]]",0.989342662
"[[4], [1, 2, 3]]",0.989534926
"[[4], [1, 2, 3]]",0.989298202
"[[4], [1, 2, 3]]",0.988766584
"[[4], [1, 2, 3]]",0.988662814
"[[4], [1, 2, 3]]",0.98871016
"[[4], [1, 2, 3]]",0.988762798
"[[4], [1, 2, 3]]",0.988782969
"[[4], [1, 2, 3]]",0.98879347
"[[4], [1, 2, 3]]",0.988798397
"[[4], [1, 2, 3]]",0.988804381
"[[4], [1, 2, 3]]",0.988795136
"[[4], [1, 2, 3]]",0.988561167
"[[4], [1, 2, 3]]",0.988409374
"[[4], [1, 2, 3]]",0.988073147
"[[4], [1, 2, 3]]",0.987961722
"[[4], [1, 2, 3]]",0.987992151
"[[4], [1, 2, 3]]",0.98802678
"[[4], [1, 2, 3]]",0.987934985
"[[4], [1, 2, 3]]",0.987840704
"[[4], [1, 2, 3]]",0.98772054
"[[4], [1, 2, 3]]",0.987618166
"[[4], [1, 2, 3]]",0.987639157
"[[4], [1, 2, 3]]",0.987643709
"[[4], [1, 2, 3]]",0.987570688
"[[4], [1, 2, 3]]",0.987497413
"[[4], [1, 2, 3]]",0.987801516
"[[4], [1, 2, 3]]",0.988424615
"[[4], [1, 2, 3]]",0.988343865
"[[4], [1, 2, 3]]",0.988101324
"[[4], [1, 2, 3]]",0.988094474
"[[4], [1, 2, 3]]",0.987910259
"[[4], [1, 2, 3]]",0.987864928
"[[4], [1, 2, 3]]",0.988409845
"[[4], [1, 2, 3]]",0.988793522
"[[4], [1, 2, 3]]",0.988621137
"[[4], [1, 2, 3]]",0.988522716
"[[4], [1, 2, 3]]",0.988374483
"[[4], [1, 2, 3]]",0.988575636
"[[4], [1, 2, 3]]",0.988466423
"[[4], [1, 2, 3]]",0.98866847
"[[4], [1, 2, 3]]",0.988658711
"[[4], [1, 2, 3]]",0.988501719
"[[4], [1, 2, 3]]",0.988415602
"[[4], [1, 2, 3]]",0.988289867
"[[4], [1, 2, 3]]",0.988238209
"[[4], [1, 2, 3]]",0.988108784
"[[4], [1, 2, 3]]",0.988051294
"[[4], [1, 2, 3]]",0.987889907
"[[4], [1, 2, 3]]",0.987726864
"[[4], [1, 2, 3]]",0.988045697
"[[4], [1, 2, 3]]",0.988688679
"[[4], [1, 2, 3]]",0.988886226
"[[4], [1, 2, 3]]",0.98891056
"[[4], [1, 2, 3]]",0.988869366
"[[4], [1, 2, 3]]",0.988814763
"[[4], [1, 2, 3]]",0.98875989
"[[4], [1, 2, 3]]",0.988733054
"[[4], [1, 2, 3]]",0.9887082
"[[4], [1, 2, 3]]",0.988685718
"[[4], [1, 2, 3]]",0.989059306
"[[4], [1, 2, 3]]",0.98969901
"[[4], [1, 2, 3]]",0.990293897
"[[4], [1, 2, 3]]",0.990618558
"[[4], [1, 2, 3]]",0.990587466
"[[4], [1, 2, 3]]",0.990555013
"[[4], [1, 2, 3]]",0.990337068
"[[4], [1, 2, 3]]",0.990176742
"[[4], [1, 2, 3]]",0.990130114
"[[4], [1, 2, 3]]",0.990199391
"[[4], [1, 2, 3]]",0.99024021
"[[4], [1, 2, 3]]",0.990310643
"[[4], [1, 2, 3]]",0.990335685
"[[4], [1, 2, 3]]",0.990401176
"[[4], [1, 2, 3]]",0.990282455
"[[4], [1, 2, 3]]",0.990209838
"[[4], [1, 2, 3]]",0.990528047
"[[4], [1, 2, 3]]",0.99115148
"[[4], [1, 2, 3]]",0.991337827
"[[4], [1, 2, 3]]",0.991910596
"[[4], [1, 2, 3]]",0.992251204
"[[4], [1, 2, 3]]",0.992642316
"[[4], [1, 2, 3]]",0.992895526
"[[4], [1, 2, 3]]",0.993698842
"[[4], [1, 2, 3]]",0.994155881
"[[4], [1, 2, 3]]",0.994990047
"[[4], [1, 2, 3]]",0.995248675
"[[4], [1, 2, 3]]",0.995995603
"[[4], [1, 2, 3]]",0.996046615
"[[4], [1, 2, 3]]",0.995980165
"[[4], [1, 2, 3]]",0.995966852
"[[4], [1, 2, 3]]",0.995952832
"[[4], [1, 2, 3]]",0.995951265
"[[4], [1, 2, 3]]",0.995950463
"[[4], [1, 2, 3]]",0.995541968
"[[4], [1, 2, 3]]",0.995119911
"[[4], [1, 2, 3]]",0.99453537
"[[4], [1, 2, 3]]",0.994231531
"[[4], [1, 2, 3]]",0.993379019
"[[4], [1, 2, 3]]",0.992202973
"[[4], [1, 2, 3]]",0.991789667
"[[4], [1, 2, 3]]",0.991731788
"[[4], [1, 2, 3]]",0.991391379
"[[4], [1, 2, 3]]",0.990655028
"[[4], [1, 2, 3]]",0.990695982
"[[4], [1, 2, 3]]",0.990731392
"[[4], [1, 2, 3]]",0.990760873
"[[4], [1, 2, 3]]",0.990782177
"[[4], [1, 2, 3]]",0.990775019
"[[4], [1, 2, 3]]",0.990763939
"[[4], [1, 2, 3]]",0.990065231
"[[4], [1, 2, 3]]",0.989805085
"[[4], [1, 2, 3]]",0.989172117
"[[4], [1, 2, 3]]",0.989207319
"[[4], [1, 2, 3]]",0.989379352
"[[4], [1, 2, 3]]",0.989586683
"[[4], [1, 2, 3]]",0.989621994
"[[4], [1, 2, 3]]",0.989610873
"[[4], [1, 2, 3]]",0.989279029
"[[4], [1, 2, 3]]",0.988442407
"[[4], [1, 2, 3]]",0.988216997
"[[4], [1, 2, 3]]",0.986466696
"[[4], [1, 2, 3]]",0.984257206
"[[4], [1, 2, 3]]",0.9835996
"[[4], [1, 2, 3]]",0.983732153
"[[4], [1, 2, 3]]",0.983392911
"[[4], [1, 2, 3]]",0.982556794
"[[4], [1, 2, 3]]",0.981563661
"[[4], [1, 2, 3]]",0.980599131
"[[4], [1, 2, 3]]",0.979768535
"[[4], [1, 2, 3]]",0.978388472
"[[4], [1, 2, 3]]",0.978288868
"[[4], [1, 2, 3]]",0.975864297
"[[4], [1, 2, 3]]",0.947172978
"[[4], [1, 2, 3]]",0.939583853
"[[1], [2, 3, 4]]",0.937331191
"[[1], [2, 3, 4]]",0.937955377
"[[4], [1, 2, 3]]",0.938930855
"[[4], [1, 2, 3]]",0.939162342
"[[4], [1, 2, 3]]",0.939552905
"[[4], [1, 2, 3]]",0.939741111
"[[4], [1, 2, 3]]",0.939977835
"[[4], [1, 2, 3]]",0.939611783
"[[1], [2, 3, 4]]",0.938951117
"[[1], [2, 3, 4]]",0.938129858
"[[1], [2, 3, 4]]",0.937685372
"[[1], [2, 3, 4]]",0.936940853
"[[1], [2, 3, 4]]",0.936429358
"[[1], [2, 3, 4]]",0.935956562
"[[1], [2, 3, 4]]",0.935762951
"[[1], [2, 3, 4]]",0.935375802
"[[1], [2, 3, 4]]",0.934907098
"[[1], [2, 3, 4]]",0.934784469
"[[1], [2, 3, 4]]",0.934745175
"[[1], [2, 3, 4]]",0.934722131
"[[1], [2, 3, 4]]",0.934739094
"[[1], [2, 3, 4]]",0.934832231
"[[1], [2, 3, 4]]",0.935185762
"[[1], [2, 3, 4]]",0.935186426
"[[1], [2, 3, 4]]",0.93534865
"[[1], [2, 3, 4]]",0.934836149
"[[1], [2, 3, 4]]",0.934094218
"[[1], [2, 3, 4]]",0.933705589
"[[1], [2, 3, 4]]",0.932976253
"[[1], [2, 3, 4]]",0.932328099
"[[1], [2, 3, 4]]",0.931812777
"[[1], [2, 3, 4]]",0.931034746
"[[1], [2, 3, 4]]",0.930115099
"[[1], [2, 3, 4]]",0.929371901
"[[1], [2, 3, 4]]",0.928759718
"[[1], [2, 3, 4]]",0.928482805
"[[1], [2, 3, 4]]",0.928048185
"[[1], [2, 3, 4]]",0.927551634
"[[1], [2, 3, 4]]",0.926960467
"[[1], [2, 3, 4]]",0.926459889
"[[1], [2, 3, 4]]",0.92604339
"[[1], [2, 3, 4]]",0.92561511
"[[1], [2, 3, 4]]",0.925148577
"[[1], [2, 3, 4]]",0.924903752
"[[1], [2, 3, 4]]",0.924244541
"[[1], [2, 3, 4]]",0.925109591
"[[4], [1, 2, 3]]",0.954122079
"[[4], [1, 2, 3]]",0.972433731
"[[4], [1, 2, 3]]",0.986416104
"[[4], [1, 2, 3]]",0.993465357
"[[4], [1, 2, 3]]",0.995187454
"[[4], [1, 2, 3]]",0.994791203
"[[4], [1, 2, 3]]",0.994423955
"[[4], [1, 2, 3]]",0.994266994
"[[4], [1, 2, 3]]",0.994270578
"[[4], [1, 2, 3]]",0.994247756
"[[4], [1, 2, 3]]",0.99419669
"[[4], [1, 2, 3]]",0.994155938
"[[4], [1, 2, 3]]",0.99412606
"[[4], [1, 2, 3]]",0.994098278
"[[4], [1, 2, 3]]",0.994051561
"[[4], [1, 2, 3]]",0.994006643
"[[4], [1, 2, 3]]",0.993971319
"[[4], [1, 2, 3]]",0.993593638
"[[4], [1, 2, 3]]",0.993628925
"[[4], [1, 2, 3]]",0.993700296
"[[4], [1, 2, 3]]",0.9937931
"[[4], [1, 2, 3]]",0.993843264
"[[4], [1, 2, 3]]",0.993877305
"[[4], [1, 2, 3]]",0.99405415
"[[4], [1, 2, 3]]",0.994788927
"[[4], [1, 2, 3]]",0.9956035
"[[4], [1, 2, 3]]",0.996424001
"[[4], [1, 2, 3]]",0.996507375
"[[4], [1, 2, 3]]",0.996445451
"[[4], [1, 2, 3]]",0.9964209
"[[4], [1, 2, 3]]",0.996368668
"[[4], [1, 2, 3]]",0.996365093
"[[4], [1, 2, 3]]",0.996352082
"[[4], [1, 2, 3]]",0.996350889
"[[4], [1, 2, 3]]",0.996363581
"[[4], [1, 2, 3]]",0.996357333
"[[4], [1, 2, 3]]",0.996337382
"[[4], [1, 2, 3]]",0.996324371
"[[4], [1, 2, 3]]",0.996268932
"[[4], [1, 2, 3]]",0.994625492
"[[4], [1, 2, 3]]",0.99458837
"[[4], [1, 2, 3]]",0.994534742
"[[4], [1, 2, 3]]",0.994449856
"[[4], [1, 2, 3]]",0.994372815
"[[4], [1, 2, 3]]",0.993913324
"[[4], [1, 2, 3]]",0.99383841
"[[4], [1, 2, 3]]",0.993834153
"[[4], [1, 2, 3]]",0.993988291
"[[4], [1, 2, 3]]",0.994297927
"[[4], [1, 2, 3]]",0.994493458
"[[4], [1, 2, 3]]",0.994536573
"[[4], [1, 2, 3]]",0.994451552
"[[4], [1, 2, 3]]",0.994558516
"[[4], [1, 2, 3]]",0.994784259
"[[4], [1, 2, 3]]",0.994994293
"[[4], [1, 2, 3]]",0.994987845
"[[4], [1, 2, 3]]",0.994958765
"[[4], [1, 2, 3]]",0.994763015
"[[4], [1, 2, 3]]",0.994437223
"[[4], [1, 2, 3]]",0.994444967
"[[4], [1, 2, 3]]",0.994451807
"[[4], [1, 2, 3]]",0.994461737
"[[4], [1, 2, 3]]",0.994534115
"[[4], [1, 2, 3]]",0.994529195
"[[4], [1, 2, 3]]",0.994555887
"[[4], [1, 2, 3]]",0.995022395
"[[4], [1, 2, 3]]",0.994986883
"[[4], [1, 2, 3]]",0.994937175
"[[4], [1, 2, 3]]",0.994909813
"[[4], [1, 2, 3]]",0.994894574
"[[4], [1, 2, 3]]",0.994895419
"[[4], [1, 2, 3]]",0.994894769
"[[4], [1, 2, 3]]",0.994864606
"[[4], [1, 2, 3]]",0.994880299
"[[4], [1, 2, 3]]",0.994869921
"[[4], [1, 2, 3]]",0.994877275
"[[4], [1, 2, 3]]",0.994882073
"[[4], [1, 2, 3]]",0.994974284
"[[4], [1, 2, 3]]",0.994851135
"[[4], [1, 2, 3]]",0.994772957
"[[4], [1, 2, 3]]",0.994613944
"[[4], [1, 2, 3]]",0.994499945
"[[4], [1, 2, 3]]",0.99442083
"[[4], [1, 2, 3]]",0.994328691
"[[4], [1, 2, 3]]",0.994292134
"[[4], [1, 2, 3]]",0.994209753
"[[4], [1, 2, 3]]",0.994264527
"[[4], [1, 2, 3]]",0.995943708
"[[4], [1, 2, 3]]",0.995947383
"[[4], [1, 2, 3]]",0.995637278
"[[4], [1, 2, 3]]",0.995734512
"[[4], [1, 2, 3]]",0.995811722
"[[4], [1, 2, 3]]",0.996269732
"[[4], [1, 2, 3]]",0.996338343
"[[4], [1, 2, 3]]",0.996350253
"[[4], [1, 2, 3]]",0.996377855
"[[4], [1, 2, 3]]",0.996426994
"[[4], [1, 2, 3]]",0.996479006
"[[4], [1, 2, 3]]",0.996507519
"[[4], [1, 2, 3]]",0.996477847
"[[4], [1, 2, 3]]",0.996435765
"[[4], [1, 2, 3]]",0.996400499
"[[4], [1, 2, 3]]",0.996329967
"[[4], [1, 2, 3]]",0.996255149
"[[4], [1, 2, 3]]",0.996214383
"[[4], [1, 2, 3]]",0.996637019
"[[4], [1, 2, 3]]",0.997321467
"[[4], [1, 2, 3]]",0.997448216
"[[4], [1, 2, 3]]",0.997395417
"[[4], [1, 2, 3]]",0.99739266
"[[4], [1, 2, 3]]",0.997378526
"[[4], [1, 2, 3]]",0.997524699
"[[4], [1, 2, 3]]",0.99759492
"[[4], [1, 2, 3]]",0.997601196
"[[4], [1, 2, 3]]",0.997564225
"[[4], [1, 2, 3]]",0.997583601
"[[4], [1, 2, 3]]",0.997529608
"[[4], [1, 2, 3]]",0.997506659
"[[4], [1, 2, 3]]",0.997458743
"[[4], [1, 2, 3]]",0.997458905
"[[4], [1, 2, 3]]",0.997141095
"[[4], [1, 2, 3]]",0.996041663
"[[4], [1, 2, 3]]",0.995123946
"[[4], [1, 2, 3]]",0.994883276
"[[4], [1, 2, 3]]",0.994833047
"[[4], [1, 2, 3]]",0.99492938
"[[4], [1, 2, 3]]",0.995013357
"[[4], [1, 2, 3]]",0.99503542
"[[4], [1, 2, 3]]",0.99506683
"[[4], [1, 2, 3]]",0.995145835
"[[4], [1, 2, 3]]",0.995181453
"[[4], [1, 2, 3]]",0.995232902
"[[1, 2], [3, 4]]",0.98410035
"[[1, 2], [3, 4]]",0.984225189
"[[1, 2], [3, 4]]",0.984272328
"[[1, 2], [3, 4]]",0.984308025
"[[1, 2], [3, 4]]",0.984446415
"[[1, 2], [3, 4]]",0.985040856
"[[1, 2], [3, 4]]",0.985094567
"[[1, 2], [3, 4]]",0.985131598
"[[1, 2], [3, 4]]",0.985479875
"[[1, 2], [3, 4]]",0.985713873
"[[1, 2], [3, 4]]",0.985794489
"[[4], [1, 2, 3]]",0.985856167
"[[4], [1, 2, 3]]",0.985710788
"[[4], [1, 2, 3]]",0.985484631
"[[4], [1, 2, 3]]",0.985577589
"[[4], [1, 2, 3]]",0.98582648
"[[4], [1, 2, 3]]",0.985960679
"[[4], [1, 2, 3]]",0.986191439
"[[4], [1, 2, 3]]",0.986566441
"[[4], [1, 2, 3]]",0.986833743
"[[4], [1, 2, 3]]",0.98705274
"[[4], [1, 2, 3]]",0.986878585
"[[4], [1, 2, 3]]",0.986819791
"[[4], [1, 2, 3]]",0.986774404
"[[4], [1, 2, 3]]",0.986720936
"[[4], [1, 2, 3]]",0.986741563
"[[4], [1, 2, 3]]",0.986810359
"[[4], [1, 2, 3]]",0.98691123
"[[4], [1, 2, 3]]",0.987063772
"[[4], [1, 2, 3]]",0.987151931
"[[4], [1, 2, 3]]",0.987216346
"[[4], [1, 2, 3]]",0.987224385
"[[4], [1, 2, 3]]",0.987212767
"[[4], [1, 2, 3]]",0.987158092
"[[4], [1, 2, 3]]",0.987081677
"[[4], [1, 2, 3]]",0.98698671
"[[4], [1, 2, 3]]",0.987008859
"[[4], [1, 2, 3]]",0.987180846
"[[4], [1, 2, 3]]",0.987288328
"[[4], [1, 2, 3]]",0.987052328
"[[4], [1, 2, 3]]",0.98676734
"[[4], [1, 2, 3]]",0.986430331
"[[4], [1, 2, 3]]",0.986073582
"[[4], [1, 2, 3]]",0.985803619
"[[4], [1, 2, 3]]",0.985598798
"[[4], [1, 2, 3]]",0.985337691
"[[4], [1, 2, 3]]",0.985119432
"[[4], [1, 2, 3]]",0.984954367
"[[4], [1, 2, 3]]",0.994154321
"[[4], [1, 2, 3]]",0.994119423
"[[4], [1, 2, 3]]",0.994143968
"[[4], [1, 2, 3]]",0.994118199
"[[4], [1, 2, 3]]",0.994147909
"[[4], [1, 2, 3]]",0.994125553
"[[4], [1, 2, 3]]",0.994200035
"[[4], [1, 2, 3]]",0.994270517
"[[4], [1, 2, 3]]",0.994288208
"[[4], [1, 2, 3]]",0.994282653
"[[4], [1, 2, 3]]",0.994297183
"[[4], [1, 2, 3]]",0.994436983
"[[4], [1, 2, 3]]",0.994898814
"[[4], [1, 2, 3]]",0.995374331
"[[4], [1, 2, 3]]",0.995672701
"[[4], [1, 2, 3]]",0.995801875
"[[4], [1, 2, 3]]",0.995770686
"[[4], [1, 2, 3]]",0.995781227
"[[4], [1, 2, 3]]",0.995824758
"[[4], [1, 2, 3]]",0.995736829
"[[4], [1, 2, 3]]",0.995761642
"[[4], [1, 2, 3]]",0.995680955
"[[4], [1, 2, 3]]",0.995544832
"[[4], [1, 2, 3]]",0.995453823
"[[4], [1, 2, 3]]",0.995385981
"[[4], [1, 2, 3]]",0.995381971
"[[4], [1, 2, 3]]",0.995428697
"[[4], [1, 2, 3]]",0.995892333
"[[4], [1, 2, 3]]",0.996111846
"[[4], [1, 2, 3]]",0.996163037
"[[4], [1, 2, 3]]",0.996240389
"[[4], [1, 2, 3]]",0.996820762
"[[4], [1, 2, 3]]",0.995278852
"[[4], [1, 2, 3]]",0.992922809
"[[4], [1, 2, 3]]",0.990649309
"[[4], [1, 2, 3]]",0.988598786
"[[4], [1, 2, 3]]",0.985623032
"[[4], [1, 2, 3]]",0.982698596
"[[4], [1, 2, 3]]",0.981319651
"[[4], [1, 2, 3]]",0.981246463
"[[4], [1, 2, 3]]",0.981423766
"[[4], [1, 2, 3]]",0.981695321
"[[4], [1, 2, 3]]",0.982075066
"[[4], [1, 2, 3]]",0.982432944
"[[4], [1, 2, 3]]",0.982685644
"[[4], [1, 2, 3]]",0.982925909
"[[4], [1, 2, 3]]",0.983180447
"[[4], [1, 2, 3]]",0.983330081
"[[4], [1, 2, 3]]",0.983567546
"[[4], [1, 2, 3]]",0.983685561
"[[4], [1, 2, 3]]",0.983734721
"[[4], [1, 2, 3]]",0.983854857
"[[4], [1, 2, 3]]",0.983886849
"[[4], [1, 2, 3]]",0.983876705
"[[4], [1, 2, 3]]",0.983838033
"[[4], [1, 2, 3]]",0.983710976
"[[4], [1, 2, 3]]",0.983625424
"[[4], [1, 2, 3]]",0.98351164
"[[4], [1, 2, 3]]",0.983519668
"[[4], [1, 2, 3]]",0.983562331
"[[4], [1, 2, 3]]",0.983199682
"[[4], [1, 2, 3]]",0.982421709
"[[4], [1, 2, 3]]",0.98194128
"[[4], [1, 2, 3]]",0.981872701
"[[4], [1, 2, 3]]",0.982050728
"[[4], [1, 2, 3]]",0.982064318
"[[4], [1, 2, 3]]",0.982223721
"[[4], [1, 2, 3]]",0.982560447
"[[4], [1, 2, 3]]",0.982679572
"[[4], [1, 2, 3]]",0.982889909
"[[4], [1, 2, 3]]",0.982897199
"[[4], [1, 2, 3]]",0.982639521
"[[4], [1, 2, 3]]",0.982362893
"[[4], [1, 2, 3]]",0.982008142
"[[4], [1, 2, 3]]",0.981687561
"[[4], [1, 2, 3]]",0.981579579
"[[4], [1, 2, 3]]",0.981588605
"[[4], [1, 2, 3]]",0.981578363
"[[4], [1, 2, 3]]",0.981544363
"[[4], [1, 2, 3]]",0.98153522
"[[4], [1, 2, 3]]",0.981991159
"[[4], [1, 2, 3]]",0.982999891
"[[4], [1, 2, 3]]",0.98410612
"[[4], [1, 2, 3]]",0.985260939
"[[4], [1, 2, 3]]",0.9869604
"[[4], [1, 2, 3]]",0.989171088
"[[4], [1, 2, 3]]",0.990423086
"[[4], [1, 2, 3]]",0.990790447
"[[4], [1, 2, 3]]",0.991015435
"[[4], [1, 2, 3]]",0.991274023
"[[4], [1, 2, 3]]",0.991198233
"[[4], [1, 2, 3]]",0.990972123
"[[4], [1, 2, 3]]",0.990748089
"[[4], [1, 2, 3]]",0.990532934
"[[4], [1, 2, 3]]",0.990359651
"[[4], [1, 2, 3]]",0.990236644
"[[4], [1, 2, 3]]",0.990155942
"[[4], [1, 2, 3]]",0.990128094
"[[4], [1, 2, 3]]",0.990090789
"[[4], [1, 2, 3]]",0.989547854
"[[4], [1, 2, 3]]",0.988980151
"[[4], [1, 2, 3]]",0.988547753
"[[4], [1, 2, 3]]",0.988061458
"[[4], [1, 2, 3]]",0.987825079
"[[4], [1, 2, 3]]",0.987861439
"[[4], [1, 2, 3]]",0.988021868
"[[4], [1, 2, 3]]",0.98808777
"[[4], [1, 2, 3]]",0.987945355
"[[4], [1, 2, 3]]",0.988381264
"[[4], [1, 2, 3]]",0.989399753
"[[4], [1, 2, 3]]",0.990254492
"[[4], [1, 2, 3]]",0.990642665
"[[4], [1, 2, 3]]",0.990601277
"[[4], [1, 2, 3]]",0.990333635
"[[4], [1, 2, 3]]",0.990391307
"[[4], [1, 2, 3]]",0.990230138
"[[4], [1, 2, 3]]",0.990156968
"[[4], [1, 2, 3]]",0.989884808
"[[4], [1, 2, 3]]",0.989769745
"[[4], [1, 2, 3]]",0.989864176
"[[4], [1, 2, 3]]",0.989934093
"[[4], [1, 2, 3]]",0.990081433
"[[4], [1, 2, 3]]",0.990213764
"[[4], [1, 2, 3]]",0.990287867
"[[4], [1, 2, 3]]",0.990271397
"[[4], [1, 2, 3]]",0.990282772
"[[4], [1, 2, 3]]",0.990271783
"[[4], [1, 2, 3]]",0.990242845
"[[4], [1, 2, 3]]",0.990201971
"[[4], [1, 2, 3]]",0.990162229
"[[4], [1, 2, 3]]",0.990212991
"[[4], [1, 2, 3]]",0.990254755
"[[4], [1, 2, 3]]",0.990192258
"[[4], [1, 2, 3]]",0.98967976
"[[4], [1, 2, 3]]",0.989520276
"[[4], [1, 2, 3]]",0.989388265
"[[4], [1, 2, 3]]",0.989347489
"[[4], [1, 2, 3]]",0.989262311
"[[4], [1, 2, 3]]",0.98891067
"[[4], [1, 2, 3]]",0.989019388
"[[4], [1, 2, 3]]",0.989226394
"[[4], [1, 2, 3]]",0.988933471
"[[4], [1, 2, 3]]",0.989177128
"[[4], [1, 2, 3]]",0.989362113
"[[4], [1, 2, 3]]",0.987896233
"[[4], [1, 2, 3]]",0.987947861
"[[4], [1, 2, 3]]",0.987945245
"[[4], [1, 2, 3]]",0.988393389
"[[4], [1, 2, 3]]",0.989000472
"[[4], [1, 2, 3]]",0.989587999
"[[4], [1, 2, 3]]",0.990316547
"[[4], [1, 2, 3]]",0.990851001
"[[4], [1, 2, 3]]",0.991031617
"[[4], [1, 2, 3]]",0.991070903
"[[4], [1, 2, 3]]",0.991019769
"[[4], [1, 2, 3]]",0.991074464
"[[4], [1, 2, 3]]",0.990257456
"[[4], [1, 2, 3]]",0.9900347
"[[4], [1, 2, 3]]",0.990022609
"[[4], [1, 2, 3]]",0.990044084
"[[4], [1, 2, 3]]",0.990028956
"[[4], [1, 2, 3]]",0.989930972
"[[4], [1, 2, 3]]",0.989719953
"[[4], [1, 2, 3]]",0.989664329
"[[4], [1, 2, 3]]",0.989726963
"[[4], [1, 2, 3]]",0.989915328
"[[4], [1, 2, 3]]",0.990040467
"[[4], [1, 2, 3]]",0.99015078
"[[4], [1, 2, 3]]",0.990313456
"[[4], [1, 2, 3]]",0.990348311
"[[4], [1, 2, 3]]",0.990399919
"[[4], [1, 2, 3]]",0.990420818
"[[4], [1, 2, 3]]",0.990440121
"[[4], [1, 2, 3]]",0.990421726
"[[4], [1, 2, 3]]",0.990382569
"[[4], [1, 2, 3]]",0.990367428
"[[4], [1, 2, 3]]",0.990361266
"[[4], [1, 2, 3]]",0.990377634
"[[4], [1, 2, 3]]",0.990405842
"[[4], [1, 2, 3]]",0.990402477
"[[4], [1, 2, 3]]",0.990990068
"[[4], [1, 2, 3]]",0.991770672
"[[4], [1, 2, 3]]",0.99220889
"[[4], [1, 2, 3]]",0.992518987
"[[4], [1, 2, 3]]",0.992540431
"[[4], [1, 2, 3]]",0.992463964
"[[4], [1, 2, 3]]",0.99259556
"[[4], [1, 2, 3]]",0.992513254
"[[4], [1, 2, 3]]",0.992270102
"[[4], [1, 2, 3]]",0.992708046
"[[4], [1, 2, 3]]",0.992454785
"[[4], [1, 2, 3]]",0.992367637
"[[4], [1, 2, 3]]",0.994686595
"[[4], [1, 2, 3]]",0.994626739
"[[4], [1, 2, 3]]",0.994618221
"[[4], [1, 2, 3]]",0.994607887
"[[4], [1, 2, 3]]",0.994597601
"[[4], [1, 2, 3]]",0.994582016
"[[4], [1, 2, 3]]",0.994575499
"[[4], [1, 2, 3]]",0.994534369
"[[4], [1, 2, 3]]",0.994393162
"[[4], [1, 2, 3]]",0.993560287
"[[4], [1, 2, 3]]",0.991863717
"[[4], [1, 2, 3]]",0.989730605
"[[4], [1, 2, 3]]",0.986758875
"[[4], [1, 2, 3]]",0.985604826
"[[4], [1, 2, 3]]",0.983905056
"[[4], [1, 2, 3]]",0.983905944
"[[4], [1, 2, 3]]",0.98395147
"[[4], [1, 2, 3]]",0.984378222
"[[4], [1, 2, 3]]",0.984593709
"[[4], [1, 2, 3]]",0.984892299
"[[4], [1, 2, 3]]",0.98453515
"[[4], [1, 2, 3]]",0.984735674
"[[4], [1, 2, 3]]",0.984792636
"[[4], [1, 2, 3]]",0.984900145
"[[4], [1, 2, 3]]",0.984893897
"[[4], [1, 2, 3]]",0.984890586
"[[4], [1, 2, 3]]",0.984851824
"[[4], [1, 2, 3]]",0.984845848
"[[4], [1, 2, 3]]",0.984848742
"[[4], [1, 2, 3]]",0.98479206
"[[4], [1, 2, 3]]",0.984707943
"[[4], [1, 2, 3]]",0.984663819
"[[4], [1, 2, 3]]",0.984599191
"[[4], [1, 2, 3]]",0.984506457
"[[4], [1, 2, 3]]",0.984478001
"[[4], [1, 2, 3]]",0.984406172
"[[4], [1, 2, 3]]",0.981884849
"[[4], [1, 2, 3]]",0.981260861
"[[4], [1, 2, 3]]",0.981290793
"[[4], [1, 2, 3]]",0.981333169
"[[4], [1, 2, 3]]",0.981358736
"[[4], [1, 2, 3]]",0.9817247
"[[4], [1, 2, 3]]",0.982119835
"[[4], [1, 2, 3]]",0.982220959
"[[4], [1, 2, 3]]",0.982241048
"[[4], [1, 2, 3]]",0.982322982
"[[4], [1, 2, 3]]",0.982606517
"[[4], [1, 2, 3]]",0.98272126
"[[4], [1, 2, 3]]",0.982670435
"[[4], [1, 2, 3]]",0.982540434
"[[4], [1, 2, 3]]",0.982357107
"[[4], [1, 2, 3]]",0.982209916
"[[4], [1, 2, 3]]",0.98211272
"[[4], [1, 2, 3]]",0.981954531
"[[4], [1, 2, 3]]",0.98187912
"[[4], [1, 2, 3]]",0.981757123
"[[4], [1, 2, 3]]",0.981600029
"[[4], [1, 2, 3]]",0.981733625
"[[4], [1, 2, 3]]",0.982478972
"[[4], [1, 2, 3]]",0.983747675
"[[4], [1, 2, 3]]",0.986813871
"[[4], [1, 2, 3]]",0.988158002
"[[4], [1, 2, 3]]",0.990095478
"[[4], [1, 2, 3]]",0.989838738
"[[4], [1, 2, 3]]",0.989404792
"[[4], [1, 2, 3]]",0.988826098
"[[4], [1, 2, 3]]",0.988458173
"[[4], [1, 2, 3]]",0.988195376
"[[4], [1, 2, 3]]",0.988985546
"[[4], [1, 2, 3]]",0.988726898
"[[4], [1, 2, 3]]",0.9884447
"[[4], [1, 2, 3]]",0.988167176
"[[4], [1, 2, 3]]",0.987897881
"[[4], [1, 2, 3]]",0.987767166
"[[4], [1, 2, 3]]",0.987511402
"[[4], [1, 2, 3]]",0.987207201
"[[4], [1, 2, 3]]",0.986161925
"[[1, 2], [3, 4]]",0.982504564
"[[1, 2], [3, 4]]",0.982442282
"[[1, 2], [3, 4]]",0.982375462
"[[1, 2], [3, 4]]",0.982321217
"[[1, 2], [3, 4]]",0.982283252
"[[1, 2], [3, 4]]",0.982222066
"[[1, 2], [3, 4]]",0.982513624
"[[1, 2], [3, 4]]",0.987733639
"[[1, 2], [3, 4]]",0.990155147
"[[1, 2], [3, 4]]",0.99073832
"[[1, 2], [3, 4]]",0.990811269
"[[1, 2], [3, 4]]",0.990654541
"[[1, 2], [3, 4]]",0.990884397
"[[1, 2], [3, 4]]",0.990690156
"[[1, 2], [3, 4]]",0.990429719
"[[1, 2], [3, 4]]",0.990262767
"[[1, 2], [3, 4]]",0.99001305
"[[1, 2], [3, 4]]",0.989757809
"[[1, 2], [3, 4]]",0.989528382
"[[1, 2], [3, 4]]",0.989358375
"[[1, 2], [3, 4]]",0.989192964
"[[1, 2], [3, 4]]",0.989056947
"[[1, 2], [3, 4]]",0.989028151
"[[1, 2], [3, 4]]",0.989011563
"[[1, 2], [3, 4]]",0.989042875
"[[1, 2], [3, 4]]",0.989119611
"[[1, 2], [3, 4]]",0.989235613
"[[1, 2], [3, 4]]",0.989327825
"[[1, 2], [3, 4]]",0.989341799
"[[1, 2], [3, 4]]",0.989304122
"[[1, 2], [3, 4]]",0.989244839
"[[1, 2], [3, 4]]",0.989209884
"[[1, 2], [3, 4]]",0.989345219
"[[1, 2], [3, 4]]",0.989406562
"[[1, 2], [3, 4]]",0.98923809
"[[1, 2], [3, 4]]",0.989065126
"[[1, 2], [3, 4]]",0.988908357
"[[1, 2], [3, 4]]",0.988729181
"[[1, 2], [3, 4]]",0.988713302
"[[1, 2], [3, 4]]",0.988738808
"[[1, 2], [3, 4]]",0.988588609
"[[1, 2], [3, 4]]",0.988536394
"[[1, 2], [3, 4]]",0.988528368
"[[1, 2], [3, 4]]",0.988583621
"[[1, 2], [3, 4]]",0.98862964
"[[1, 2], [3, 4]]",0.988662347
"[[4], [1, 2, 3]]",0.988667044
"[[4], [1, 2, 3]]",0.989063333
"[[4], [1, 2, 3]]",0.992539463
"[[4], [1, 2, 3]]",0.992413947
"[[4], [1, 2, 3]]",0.992448381
"[[4], [1, 2, 3]]",0.992437347
"[[4], [1, 2, 3]]",0.992409746
"[[4], [1, 2, 3]]",0.992397059
"[[4], [1, 2, 3]]",0.992245029
"[[4], [1, 2, 3]]",0.991722158
"[[4], [1, 2, 3]]",0.99075388
"[[4], [1, 2, 3]]",0.990083692
"[[4], [1, 2, 3]]",0.989823642
"[[4], [1, 2, 3]]",0.989937124
"[[4], [1, 2, 3]]",0.990176301
"[[4], [1, 2, 3]]",0.990352341
"[[4], [1, 2, 3]]",0.990358465
"[[4], [1, 2, 3]]",0.990445236
"[[4], [1, 2, 3]]",0.990414535
"[[4], [1, 2, 3]]",0.990461547
"[[4], [1, 2, 3]]",0.990462596
"[[4], [1, 2, 3]]",0.990540501
"[[4], [1, 2, 3]]",0.990693753
"[[4], [1, 2, 3]]",0.990817158
"[[4], [1, 2, 3]]",0.990856774
"[[4], [1, 2, 3]]",0.99090499
"[[4], [1, 2, 3]]",0.99088905
"[[4], [1, 2, 3]]",0.990862483
"[[4], [1, 2, 3]]",0.990836771
"[[4], [1, 2, 3]]",0.990822712
"[[4], [1, 2, 3]]",0.990905152
"[[4], [1, 2, 3]]",0.991042759
"[[4], [1, 2, 3]]",0.990850313
"[[4], [1, 2, 3]]",0.990559929
"[[4], [1, 2, 3]]",0.990129072
"[[4], [1, 2, 3]]",0.989663208
"[[4], [1, 2, 3]]",0.989975682
"[[4], [1, 2, 3]]",0.990506866
"[[4], [1, 2, 3]]",0.990868194
"[[4], [1, 2, 3]]",0.991053899
"[[4], [1, 2, 3]]",0.991278243
"[[4], [1, 2, 3]]",0.991347426
"[[4], [1, 2, 3]]",0.991582608
"[[4], [1, 2, 3]]",0.99174075
"[[4], [1, 2, 3]]",0.991820731
"[[4], [1, 2, 3]]",0.991858418
"[[4], [1, 2, 3]]",0.991827098
"[[4], [1, 2, 3]]",0.991779508
"[[4], [1, 2, 3]]",0.991753923
"[[4], [1, 2, 3]]",0.991822078
"[[4], [1, 2, 3]]",0.991811415
"[[4], [1, 2, 3]]",0.991790705
"[[4], [1, 2, 3]]",0.99176562
"[[4], [1, 2, 3]]",0.991573963
"[[4], [1, 2, 3]]",0.991016721
"[[4], [1, 2, 3]]",0.9908042
"[[4], [1, 2, 3]]",0.990564233
"[[4], [1, 2, 3]]",0.99014881
"[[4], [1, 2, 3]]",0.987505409
"[[4], [1, 2, 3]]",0.987224325
"[[4], [1, 2, 3]]",0.986990353
"[[4], [1, 2, 3]]",0.986913251
"[[4], [1, 2, 3]]",0.987014113
"[[4], [1, 2, 3]]",0.987378691
"[[4], [1, 2, 3]]",0.98790409
"[[4], [1, 2, 3]]",0.988211812
"[[4], [1, 2, 3]]",0.988643904
"[[4], [1, 2, 3]]",0.989158101
"[[4], [1, 2, 3]]",0.989487358
"[[4], [1, 2, 3]]",0.989659558
"[[4], [1, 2, 3]]",0.989710924
"[[4], [1, 2, 3]]",0.989818991
"[[4], [1, 2, 3]]",0.989900948
"[[4], [1, 2, 3]]",0.989978016
"[[4], [1, 2, 3]]",0.99011052
"[[4], [1, 2, 3]]",0.99019116
"[[4], [1, 2, 3]]",0.990217239
"[[4], [1, 2, 3]]",0.990196757
"[[4], [1, 2, 3]]",0.990146454
"[[4], [1, 2, 3]]",0.990111936
"[[4], [1, 2, 3]]",0.990125043
"[[4], [1, 2, 3]]",0.989991143
"[[4], [1, 2, 3]]",0.989826768
"[[4], [1, 2, 3]]",0.989791644
"[[4], [1, 2, 3]]",0.989757264
"[[4], [1, 2, 3]]",0.989710533
"[[4], [1, 2, 3]]",0.990153551
"[[4], [1, 2, 3]]",0.990792453
"[[4], [1, 2, 3]]",0.990962288
"[[4], [1, 2, 3]]",0.99111331
"[[4], [1, 2, 3]]",0.991574598
"[[4], [1, 2, 3]]",0.991804201
"[[4], [1, 2, 3]]",0.992225288
"[[4], [1, 2, 3]]",0.992169074
"[[4], [1, 2, 3]]",0.992066905
"[[4], [1, 2, 3]]",0.991968827
"[[4], [1, 2, 3]]",0.991954745
"[[4], [1, 2, 3]]",0.991972621
"[[4], [1, 2, 3]]",0.991966222
"[[4], [1, 2, 3]]",0.991923752
"[[4], [1, 2, 3]]",0.991896504
"[[4], [1, 2, 3]]",0.991881106
"[[4], [1, 2, 3]]",0.992088852
"[[4], [1, 2, 3]]",0.99209412
"[[4], [1, 2, 3]]",0.99215224
"[[4], [1, 2, 3]]",0.992303363
"[[4], [1, 2, 3]]",0.994282371
"[[4], [1, 2, 3]]",0.994469139
"[[4], [1, 2, 3]]",0.994597634
"[[4], [1, 2, 3]]",0.994619066
"[[4], [1, 2, 3]]",0.994759944
"[[4], [1, 2, 3]]",0.994734695
"[[4], [1, 2, 3]]",0.994625828
"[[4], [1, 2, 3]]",0.994485809
"[[4], [1, 2, 3]]",0.994368045
"[[4], [1, 2, 3]]",0.993949946
"[[4], [1, 2, 3]]",0.993894004
"[[4], [1, 2, 3]]",0.993944415
"[[4], [1, 2, 3]]",0.994015198
"[[4], [1, 2, 3]]",0.994091283
"[[4], [1, 2, 3]]",0.994129379
"[[4], [1, 2, 3]]",0.994130753
"[[4], [1, 2, 3]]",0.994138915
"[[4], [1, 2, 3]]",0.99412965
"[[4], [1, 2, 3]]",0.994131562
"[[4], [1, 2, 3]]",0.994143847
"[[4], [1, 2, 3]]",0.994170087
"[[4], [1, 2, 3]]",0.994187296
"[[4], [1, 2, 3]]",0.994232036
"[[4], [1, 2, 3]]",0.993288572
"[[4], [1, 2, 3]]",0.990811299
"[[4], [1, 2, 3]]",0.990841504
"[[4], [1, 2, 3]]",0.990833762
"[[4], [1, 2, 3]]",0.990880452
"[[4], [1, 2, 3]]",0.990447161
"[[4], [1, 2, 3]]",0.990076722
"[[4], [1, 2, 3]]",0.990074342
"[[4], [1, 2, 3]]",0.990177792
"[[4], [1, 2, 3]]",0.989881383
"[[4], [1, 2, 3]]",0.989729972
"[[4], [1, 2, 3]]",0.989442213
"[[4], [1, 2, 3]]",0.989528952
"[[4], [1, 2, 3]]",0.989688019
"[[4], [1, 2, 3]]",0.989860822
"[[4], [1, 2, 3]]",0.98991251
"[[4], [1, 2, 3]]",0.989949967
"[[4], [1, 2, 3]]",0.989983725
"[[4], [1, 2, 3]]",0.990018438
"[[4], [1, 2, 3]]",0.990051487
"[[4], [1, 2, 3]]",0.990098288
"[[4], [1, 2, 3]]",0.989898398
"[[4], [1, 2, 3]]",0.989657813
"[[4], [1, 2, 3]]",0.989195752
"[[4], [1, 2, 3]]",0.983712868
"[[4], [1, 2, 3]]",0.982572081
"[[4], [1, 2, 3]]",0.982058621
"[[4], [1, 2, 3]]",0.981680196
"[[4], [1, 2, 3]]",0.981469502
"[[4], [1, 2, 3]]",0.981570946
"[[4], [1, 2, 3]]",0.981568231
"[[4], [1, 2, 3]]",0.981844142
"[[4], [1, 2, 3]]",0.982191588
"[[4], [1, 2, 3]]",0.982650625
"[[4], [1, 2, 3]]",0.982965849
"[[4], [1, 2, 3]]",0.983165629
"[[4], [1, 2, 3]]",0.98347578
"[[4], [1, 2, 3]]",0.983387747
"[[4], [1, 2, 3]]",0.983232241
"[[4], [1, 2, 3]]",0.983301438
"[[4], [1, 2, 3]]",0.983439133
"[[4], [1, 2, 3]]",0.983460199
"[[4], [1, 2, 3]]",0.983577792
"[[4], [1, 2, 3]]",0.983657639
"[[4], [1, 2, 3]]",0.983749991
"[[4], [1, 2, 3]]",0.98390463
"[[4], [1, 2, 3]]",0.983949977
"[[4], [1, 2, 3]]",0.984019104
"[[4], [1, 2, 3]]",0.984506154
"[[4], [1, 2, 3]]",0.985158927
"[[4], [1, 2, 3]]",0.985131014
"[[4], [1, 2, 3]]",0.9851222
"[[4], [1, 2, 3]]",0.985083035
"[[4], [1, 2, 3]]",0.985179773
"[[4], [1, 2, 3]]",0.985341361
"[[4], [1, 2, 3]]",0.984854443
"[[4], [1, 2, 3]]",0.985137395
"[[4], [1, 2, 3]]",0.985064172
"[[4], [1, 2, 3]]",0.98500729
"[[4], [1, 2, 3]]",0.98494592
"[[4], [1, 2, 3]]",0.984937767
"[[4], [1, 2, 3]]",0.985132335
"[[4], [1, 2, 3]]",0.984895762
"[[4], [1, 2, 3]]",0.98482953
"[[4], [1, 2, 3]]",0.984796474
"[[4], [1, 2, 3]]",0.984847696
"[[4], [1, 2, 3]]",0.98490283
"[[4], [1, 2, 3]]",0.984961559
"[[4], [1, 2, 3]]",0.985014423
"[[4], [1, 2, 3]]",0.985081273
"[[4], [1, 2, 3]]",0.984871676
"[[4], [1, 2, 3]]",0.982017016
"[[4], [1, 2, 3]]",0.984918634
"[[4], [1, 2, 3]]",0.98555924
"[[4], [1, 2, 3]]",0.985620397
"[[4], [1, 2, 3]]",0.985812412
"[[4], [1, 2, 3]]",0.985982589
"[[4], [1, 2, 3]]",0.985998933
"[[4], [1, 2, 3]]",0.986004429
"[[4], [1, 2, 3]]",0.986013159
"[[4], [1, 2, 3]]",0.985797029
"[[4], [1, 2, 3]]",0.985495362
"[[4], [1, 2, 3]]",0.985351722
"[[4], [1, 2, 3]]",0.985144194
"[[4], [1, 2, 3]]",0.98483208
"[[4], [1, 2, 3]]",0.985154488
"[[4], [1, 2, 3]]",0.985562277
"[[4], [1, 2, 3]]",0.985657765
"[[4], [1, 2, 3]]",0.985634698
"[[4], [1, 2, 3]]",0.985645198
"[[4], [1, 2, 3]]",0.985621322
"[[4], [1, 2, 3]]",0.985605764
"[[4], [1, 2, 3]]",0.985581588
"[[4], [1, 2, 3]]",0.985523908
"[[4], [1, 2, 3]]",0.985525989
"[[4], [1, 2, 3]]",0.985405741
"[[4], [1, 2, 3]]",0.984505374
"[[4], [1, 2, 3]]",0.984581367
"[[4], [1, 2, 3]]",0.98461706
"[[4], [1, 2, 3]]",0.98461798
"[[4], [1, 2, 3]]",0.984667664
"[[4], [1, 2, 3]]",0.985104237
"[[4], [1, 2, 3]]",0.985454466
"[[4], [1, 2, 3]]",0.985667924
"[[4], [1, 2, 3]]",0.985452277
"[[4], [1, 2, 3]]",0.985645448
"[[4], [1, 2, 3]]",0.985699506
"[[4], [1, 2, 3]]",0.985748784
"[[4], [1, 2, 3]]",0.98572637
"[[4], [1, 2, 3]]",0.985205121
"[[4], [1, 2, 3]]",0.985306339
"[[4], [1, 2, 3]]",0.98531447
"[[4], [1, 2, 3]]",0.985251359
"[[4], [1, 2, 3]]",0.985179048
"[[4], [1, 2, 3]]",0.985105681
"[[4], [1, 2, 3]]",0.985022371
"[[4], [1, 2, 3]]",0.984866815
"[[4], [1, 2, 3]]",0.984736514
"[[4], [1, 2, 3]]",0.985051053
"[[4], [1, 2, 3]]",0.989128148
"[[4], [1, 2, 3]]",0.990227189
"[[4], [1, 2, 3]]",0.990956966
"[[4], [1, 2, 3]]",0.991674465
"[[4], [1, 2, 3]]",0.99190334
"[[4], [1, 2, 3]]",0.991924524
"[[4], [1, 2, 3]]",0.991566165
"[[4], [1, 2, 3]]",0.991431104
"[[4], [1, 2, 3]]",0.991354324
"[[4], [1, 2, 3]]",0.991368841
"[[4], [1, 2, 3]]",0.991467606
"[[4], [1, 2, 3]]",0.9915218
"[[4], [1, 2, 3]]",0.991594155
"[[4], [1, 2, 3]]",0.99154525
"[[4], [1, 2, 3]]",0.991380915
"[[4], [1, 2, 3]]",0.99128728
"[[4], [1, 2, 3]]",0.991228115
"[[4], [1, 2, 3]]",0.991160165
"[[4], [1, 2, 3]]",0.991142142
"[[4], [1, 2, 3]]",0.991102454
"[[4], [1, 2, 3]]",0.990731438
"[[4], [1, 2, 3]]",0.989980754
"[[4], [1, 2, 3]]",0.988896406
"[[4], [1, 2, 3]]",0.988174021
"[[4], [1, 2, 3]]",0.986524148
"[[4], [1, 2, 3]]",0.983498825
"[[4], [1, 2, 3]]",0.982324824
"[[4], [1, 2, 3]]",0.981868761
"[[4], [1, 2, 3]]",0.980714592
"[[4], [1, 2, 3]]",0.98001164
"[[4], [1, 2, 3]]",0.979860285
"[[4], [1, 2, 3]]",0.979670653
"[[4], [1, 2, 3]]",0.979774066
"[[4], [1, 2, 3]]",0.980091676
"[[4], [1, 2, 3]]",0.980394446
"[[4], [1, 2, 3]]",0.980859345
"[[4], [1, 2, 3]]",0.981277711
"[[4], [1, 2, 3]]",0.981733243
"[[4], [1, 2, 3]]",0.981852683
"[[4], [1, 2, 3]]",0.982098132
"[[4], [1, 2, 3]]",0.981573096
"[[4], [1, 2, 3]]",0.980102926
"[[4], [1, 2, 3]]",0.976720915
"[[4], [1, 2, 3]]",0.972705978
"[[4], [1, 2, 3]]",0.972102706
"[[4], [1, 2, 3]]",0.971927222
"[[4], [1, 2, 3]]",0.971992534
"[[4], [1, 2, 3]]",0.971788894
"[[4], [1, 2, 3]]",0.972288751
"[[4], [1, 2, 3]]",0.972846267
"[[4], [1, 2, 3]]",0.973023746
"[[4], [1, 2, 3]]",0.973381018
"[[4], [1, 2, 3]]",0.973968743
"[[4], [1, 2, 3]]",0.97464358
"[[4], [1, 2, 3]]",0.975538264
"[[4], [1, 2, 3]]",0.975986541
"[[4], [1, 2, 3]]",0.976447195
"[[4], [1, 2, 3]]",0.976765411
"[[4], [1, 2, 3]]",0.97685872
"[[4], [1, 2, 3]]",0.977204384
"[[4], [1, 2, 3]]",0.977563287
"[[4], [1, 2, 3]]",0.978134715
"[[4], [1, 2, 3]]",0.973578649
"[[4], [1, 2, 3]]",0.974235438
"[[4], [1, 2, 3]]",0.974758108
"[[4], [1, 2, 3]]",0.975133846
"[[4], [1, 2, 3]]",0.975437747
"[[4], [1, 2, 3]]",0.975630633
"[[4], [1, 2, 3]]",0.97560356
"[[4], [1, 2, 3]]",0.975188777
"[[4], [1, 2, 3]]",0.974432079
"[[4], [1, 2, 3]]",0.972542585
"[[4], [1, 2, 3]]",0.969459409
"[[4], [1, 2, 3]]",0.963234984
"[[4], [1, 2, 3]]",0.961546819
"[[4], [1, 2, 3]]",0.960268132
"[[4], [1, 2, 3]]",0.960080184
"[[4], [1, 2, 3]]",0.958963695
"[[4], [1, 2, 3]]",0.959122775
"[[4], [1, 2, 3]]",0.959065964
"[[4], [1, 2, 3]]",0.959255968
"[[4], [1, 2, 3]]",0.95997438
"[[4], [1, 2, 3]]",0.96074931
"[[4], [1, 2, 3]]",0.961207329
"[[4], [1, 2, 3]]",0.961755783
"[[4], [1, 2, 3]]",0.962418283
"[[4], [1, 2, 3]]",0.962315634
"[[4], [1, 2, 3]]",0.962519824
"[[4], [1, 2, 3]]",0.96237122
"[[4], [1, 2, 3]]",0.962272794
"[[4], [1, 2, 3]]",0.962021642
"[[4], [1, 2, 3]]",0.961797685
"[[4], [1, 2, 3]]",0.959984924
"[[4], [1, 2, 3]]",0.954558477
"[[4], [1, 2, 3]]",0.949789258
"[[4], [1, 2, 3]]",0.94458066
"[[1], [2, 3, 4]]",0.940457359
"[[1], [2, 3, 4]]",0.899161157
"[[1], [2, 3, 4]]",0.869189528
"[[1], [2, 3, 4]]",0.859557972
"[[1], [2, 3, 4]]",0.862906564
"[[1], [2, 3, 4]]",0.866768265
"[[1], [2, 3, 4]]",0.869545167
"[[1], [2, 3, 4]]",0.871583045
"[[1], [2, 3, 4]]",0.873523857
"[[1], [2, 3, 4]]",0.875177214
"[[1], [2, 3, 4]]",0.876833541
"[[1], [2, 3, 4]]",0.878165428
"[[1], [2, 3, 4]]",0.879266948
"[[1], [2, 3, 4]]",0.88152664
"[[1], [2, 3, 4]]",0.882044141
"[[1], [2, 3, 4]]",0.88411944
"[[1], [2, 3, 4]]",0.885689269
"[[1], [2, 3, 4]]",0.886854628
"[[1], [2, 3, 4]]",0.88869636
"[[1], [2, 3, 4]]",0.890381685
"[[1], [2, 3, 4]]",0.891093402
"[[1], [2, 3, 4]]",0.890888918
"[[1], [2, 3, 4]]",0.891641002
"[[1], [2, 3, 4]]",0.892685176
"[[1], [2, 3, 4]]",0.893298836
"[[1], [2, 3, 4]]",0.893279177
"[[1], [2, 3, 4]]",0.893562598
"[[1], [2, 3, 4]]",0.894275226
"[[1], [2, 3, 4]]",0.895685046
"[[1], [2, 3, 4]]",0.896043727
"[[1], [2, 3, 4]]",0.897093446
"[[1], [2, 3, 4]]",0.898958823
"[[1], [2, 3, 4]]",0.901403797
"[[1], [2, 3, 4]]",0.903374463
"[[1], [2, 3, 4]]",0.904967511
"[[1], [2, 3, 4]]",0.906754502
"[[1], [2, 3, 4]]",0.90835324
"[[1], [2, 3, 4]]",0.910008167
"[[1], [2, 3, 4]]",0.911914564
"[[1], [2, 3, 4]]",0.912547783
"[[1], [2, 3, 4]]",0.913877752
"[[1], [2, 3, 4]]",0.914597629
"[[1], [2, 3, 4]]",0.914184123
"[[1], [2, 3, 4]]",0.91370674
"[[1], [2, 3, 4]]",0.913207786
"[[1], [2, 3, 4]]",0.912896537
"[[1], [2, 3, 4]]",0.912586857
"[[1], [2, 3, 4]]",0.912391685
"[[1], [2, 3, 4]]",0.912383601
"[[1], [2, 3, 4]]",0.919851344
"[[1, 4], [2, 3]]",0.934753325
"[[2, 3], [1, 4]]",0.94927268
"[[2, 3], [1, 4]]",0.950640552
"[[2, 3], [1, 4]]",0.950442897
"[[2, 3], [1, 4]]",0.949543425
"[[2, 3], [1, 4]]",0.949062513
"[[2, 3], [1, 4]]",0.948344971
"[[2, 3], [1, 4]]",0.948289293
"[[2, 3], [1, 4]]",0.948050464
"[[2, 3], [1, 4]]",0.947580687
"[[2, 3], [1, 4]]",0.947148825
"[[2, 3], [1, 4]]",0.945745648
"[[1, 4], [2, 3]]",0.944149406
"[[1, 4], [2, 3]]",0.942793436
"[[1, 4], [2, 3]]",0.941736371
"[[1, 4], [2, 3]]",0.941170103
"[[1, 4], [2, 3]]",0.940400417
"[[1, 4], [2, 3]]",0.940053325
"[[1, 4], [2, 3]]",0.943584662
"[[2, 3], [1, 4]]",0.950523645
"[[2, 3], [1, 4]]",0.955679009
"[[4], [1, 2, 3]]",0.957138526
"[[4], [1, 2, 3]]",0.95729874
"[[4], [1, 2, 3]]",0.957203608
"[[2, 3], [1, 4]]",0.949837119
"[[2, 3], [1, 4]]",0.948871948
"[[2, 3], [1, 4]]",0.948688203
"[[2, 3], [1, 4]]",0.94791774
"[[4], [1, 2, 3]]",0.946686784
"[[1, 4], [2, 3]]",0.945288424
"[[2, 3], [1, 4]]",0.945523314
"[[2, 3], [1, 4]]",0.946705501
"[[2, 3], [1, 4]]",0.945138727
"[[1], [2, 3, 4]]",0.943847348
"[[1], [2, 3, 4]]",0.942407853
"[[1], [2, 3, 4]]",0.942683268
"[[1], [2, 3, 4]]",0.943901374
"[[1], [2, 3, 4]]",0.943043213
"[[1], [2, 3, 4]]",0.943400153
"[[1], [2, 3, 4]]",0.943431519
"[[1], [2, 3, 4]]",0.943392609
"[[1], [2, 3, 4]]",0.943275772
"[[1], [2, 3, 4]]",0.942837544
"[[1], [2, 3, 4]]",0.9430155
"[[1], [2, 3, 4]]",0.943152509
"[[1], [2, 3, 4]]",0.942752497
"[[1], [2, 3, 4]]",0.945562158
"[[1], [2, 3, 4]]",0.936630714
"[[1], [2, 3, 4]]",0.916538087
"[[1], [2, 3, 4]]",0.915705108
"[[1], [2, 3, 4]]",0.915285456
"[[1], [2, 3, 4]]",0.91612199
"[[1], [2, 3, 4]]",0.916226419
"[[1], [2, 3, 4]]",0.915952112
"[[1], [2, 3, 4]]",0.91612862
"[[1], [2, 3, 4]]",0.915792248
"[[1], [2, 3, 4]]",0.915364859
"[[1], [2, 3, 4]]",0.915287357
"[[1], [2, 3, 4]]",0.915287537
"[[1], [2, 3, 4]]",0.915783438
"[[1], [2, 3, 4]]",0.917083698
"[[1], [2, 3, 4]]",0.917935417
"[[1], [2, 3, 4]]",0.918880443
"[[1], [2, 3, 4]]",0.919713232
"[[1], [2, 3, 4]]",0.920705968
"[[1], [2, 3, 4]]",0.921618822
"[[1], [2, 3, 4]]",0.922283655
"[[1], [2, 3, 4]]",0.922621426
"[[1], [2, 3, 4]]",0.922256173
"[[1], [2, 3, 4]]",0.921389426
"[[1], [2, 3, 4]]",0.920771159
"[[1], [2, 3, 4]]",0.920745743
"[[1], [2, 3, 4]]",0.927173331
"[[1], [2, 3, 4]]",0.927963685
"[[1], [2, 3, 4]]",0.927219295
"[[1], [2, 3, 4]]",0.926827823
"[[1], [2, 3, 4]]",0.926670163
"[[1], [2, 3, 4]]",0.926189496
"[[1], [2, 3, 4]]",0.926005382
"[[1], [2, 3, 4]]",0.926183864
"[[1], [2, 3, 4]]",0.926339606
"[[1], [2, 3, 4]]",0.926334382
"[[1], [2, 3, 4]]",0.926450708
"[[1], [2, 3, 4]]",0.926601179
"[[1], [2, 3, 4]]",0.926942303
"[[1], [2, 3, 4]]",0.926993599
"[[1], [2, 3, 4]]",0.927001054
"[[1], [2, 3, 4]]",0.926816982
"[[1], [2, 3, 4]]",0.926140652
"[[1], [2, 3, 4]]",0.925181319
"[[1], [2, 3, 4]]",0.924284774
"[[1], [2, 3, 4]]",0.923267775
"[[1], [2, 3, 4]]",0.922153552
"[[1], [2, 3, 4]]",0.921619379
"[[1], [2, 3, 4]]",0.920444313
"[[1], [2, 3, 4]]",0.927015845
"[[4], [1, 2, 3]]",0.958366708
"[[4], [1, 2, 3]]",0.963714116
"[[4], [1, 2, 3]]",0.970400793
"[[4], [1, 2, 3]]",0.973719504
"[[4], [1, 2, 3]]",0.97285266
"[[4], [1, 2, 3]]",0.972001474
"[[4], [1, 2, 3]]",0.971288262
"[[4], [1, 2, 3]]",0.970908842
"[[4], [1, 2, 3]]",0.970503513
"[[4], [1, 2, 3]]",0.970117783
"[[4], [1, 2, 3]]",0.969817595
"[[4], [1, 2, 3]]",0.969428069
"[[4], [1, 2, 3]]",0.970579244
"[[4], [1, 2, 3]]",0.970838029
"[[4], [1, 2, 3]]",0.971531337
"[[4], [1, 2, 3]]",0.97240944
"[[4], [1, 2, 3]]",0.97707921
"[[4], [1, 2, 3]]",0.980440523
"[[4], [1, 2, 3]]",0.982401063
"[[4], [1, 2, 3]]",0.983186873
"[[4], [1, 2, 3]]",0.983080344
"[[4], [1, 2, 3]]",0.983057174
"[[4], [1, 2, 3]]",0.983322191
"[[4], [1, 2, 3]]",0.986646834
"[[4], [1, 2, 3]]",0.99088764
"[[4], [1, 2, 3]]",0.993411286
"[[4], [1, 2, 3]]",0.994335189
"[[4], [1, 2, 3]]",0.994995094
"[[4], [1, 2, 3]]",0.995117687
"[[4], [1, 2, 3]]",0.995057748
"[[4], [1, 2, 3]]",0.995036379
"[[4], [1, 2, 3]]",0.995236264
"[[4], [1, 2, 3]]",0.99525042
"[[4], [1, 2, 3]]",0.995251226
"[[4], [1, 2, 3]]",0.995250749
"[[4], [1, 2, 3]]",0.995285529
"[[4], [1, 2, 3]]",0.995208848
"[[4], [1, 2, 3]]",0.995247389
"[[4], [1, 2, 3]]",0.995257438
"[[4], [1, 2, 3]]",0.995090649
"[[4], [1, 2, 3]]",0.995071839
"[[4], [1, 2, 3]]",0.994588017
"[[4], [1, 2, 3]]",0.992389719
"[[4], [1, 2, 3]]",0.988140443
"[[4], [1, 2, 3]]",0.984295517
"[[4], [1, 2, 3]]",0.982185222
"[[4], [1, 2, 3]]",0.952060604
"[[1], [2, 3, 4]]",0.930045402
"[[1], [2, 3, 4]]",0.911143263
"[[1], [2, 3, 4]]",0.910486279
"[[1], [2, 3, 4]]",0.910029579
"[[1], [2, 3, 4]]",0.911749994
"[[1], [2, 3, 4]]",0.913240393
"[[1], [2, 3, 4]]",0.914420671
"[[1], [2, 3, 4]]",0.916064133
"[[1], [2, 3, 4]]",0.916987905
"[[1], [2, 3, 4]]",0.918218321
"[[1], [2, 3, 4]]",0.91905228
"[[1], [2, 3, 4]]",0.91980807
"[[1], [2, 3, 4]]",0.920578269
"[[1], [2, 3, 4]]",0.921618473
"[[1], [2, 3, 4]]",0.922157256
"[[1], [2, 3, 4]]",0.922886789
"[[1], [2, 3, 4]]",0.923623014
"[[1], [2, 3, 4]]",0.923905145
"[[1], [2, 3, 4]]",0.924216802
"[[1], [2, 3, 4]]",0.924557229
"[[1], [2, 3, 4]]",0.924943131
"[[1], [2, 3, 4]]",0.925256839
"[[1], [2, 3, 4]]",0.925536695
"[[1], [2, 3, 4]]",0.925978984
"[[1], [2, 3, 4]]",0.926126848
"[[1], [2, 3, 4]]",0.926216175
"[[1], [2, 3, 4]]",0.926970192
"[[1], [2, 3, 4]]",0.927648049
"[[1], [2, 3, 4]]",0.92856515
"[[1], [2, 3, 4]]",0.929629286
"[[1], [2, 3, 4]]",0.931231439
"[[1], [2, 3, 4]]",0.932522116
"[[1], [2, 3, 4]]",0.933579367
"[[1], [2, 3, 4]]",0.934743774
"[[1], [2, 3, 4]]",0.93579195
"[[1], [2, 3, 4]]",0.936952413
"[[1], [2, 3, 4]]",0.937972457
"[[1], [2, 3, 4]]",0.938363715
"[[1], [2, 3, 4]]",0.938839604
"[[1], [2, 3, 4]]",0.939278735
"[[1], [2, 3, 4]]",0.939508561
"[[1], [2, 3, 4]]",0.939917773
"[[1], [2, 3, 4]]",0.939945813
"[[1], [2, 3, 4]]",0.939475363
"[[1], [2, 3, 4]]",0.938797391
"[[1], [2, 3, 4]]",0.938154126
"[[1], [2, 3, 4]]",0.937632836
"[[4], [1, 2, 3]]",0.944784694
"[[4], [1, 2, 3]]",0.954857727
"[[4], [1, 2, 3]]",0.973119404
"[[4], [1, 2, 3]]",0.977331141
"[[4], [1, 2, 3]]",0.983185369
"[[4], [1, 2, 3]]",0.982942047
"[[4], [1, 2, 3]]",0.98288916
"[[4], [1, 2, 3]]",0.982587339
"[[4], [1, 2, 3]]",0.982047628
"[[4], [1, 2, 3]]",0.981586521
"[[4], [1, 2, 3]]",0.98136134
"[[4], [1, 2, 3]]",0.980956235
"[[4], [1, 2, 3]]",0.980565616
"[[4], [1, 2, 3]]",0.980086079
"[[4], [1, 2, 3]]",0.979777162
"[[4], [1, 2, 3]]",0.979458433
"[[4], [1, 2, 3]]",0.979265881
"[[4], [1, 2, 3]]",0.976450487
"[[4], [1, 2, 3]]",0.976246886
"[[4], [1, 2, 3]]",0.97611467
"[[4], [1, 2, 3]]",0.97597545
"[[4], [1, 2, 3]]",0.975965946
"[[4], [1, 2, 3]]",0.976051365
"[[4], [1, 2, 3]]",0.976065579
"[[4], [1, 2, 3]]",0.976469511
"[[4], [1, 2, 3]]",0.976538115
"[[4], [1, 2, 3]]",0.976410429
"[[4], [1, 2, 3]]",0.976509602
"[[4], [1, 2, 3]]",0.976212492
"[[4], [1, 2, 3]]",0.976326907
"[[4], [1, 2, 3]]",0.976036564
"[[4], [1, 2, 3]]",0.976341926
"[[4], [1, 2, 3]]",0.97637117
"[[4], [1, 2, 3]]",0.976422481
"[[4], [1, 2, 3]]",0.978164621
"[[4], [1, 2, 3]]",0.983583789
"[[4], [1, 2, 3]]",0.98447623
"[[4], [1, 2, 3]]",0.985412464
"[[4], [1, 2, 3]]",0.98582136
"[[4], [1, 2, 3]]",0.986075057
"[[4], [1, 2, 3]]",0.986400212
"[[4], [1, 2, 3]]",0.986868684
"[[4], [1, 2, 3]]",0.987430616
"[[4], [1, 2, 3]]",0.988084742
"[[4], [1, 2, 3]]",0.988547368
"[[4], [1, 2, 3]]",0.98877813
"[[4], [1, 2, 3]]",0.98909223
"[[4], [1, 2, 3]]",0.989545008
"[[4], [1, 2, 3]]",0.990718111
"[[4], [1, 2, 3]]",0.991907307
"[[4], [1, 2, 3]]",0.993399141
"[[4], [1, 2, 3]]",0.994354251
"[[4], [1, 2, 3]]",0.994387077
"[[4], [1, 2, 3]]",0.994386951
"[[4], [1, 2, 3]]",0.994685316
"[[4], [1, 2, 3]]",0.994562937
"[[4], [1, 2, 3]]",0.994494602
"[[4], [1, 2, 3]]",0.994472852
"[[4], [1, 2, 3]]",0.994464261
"[[4], [1, 2, 3]]",0.994451593
"[[4], [1, 2, 3]]",0.994434452
"[[4], [1, 2, 3]]",0.994425268
"[[4], [1, 2, 3]]",0.994426561
"[[4], [1, 2, 3]]",0.994427222
"[[4], [1, 2, 3]]",0.994438419
"[[4], [1, 2, 3]]",0.997279805
"[[4], [1, 2, 3]]",0.997327381
"[[4], [1, 2, 3]]",0.997450004
"[[4], [1, 2, 3]]",0.997352313
"[[4], [1, 2, 3]]",0.995930414
"[[4], [1, 2, 3]]",0.994449099
"[[4], [1, 2, 3]]",0.993893246
"[[4], [1, 2, 3]]",0.992442834
"[[4], [1, 2, 3]]",0.989703309
"[[4], [1, 2, 3]]",0.987982333
"[[4], [1, 2, 3]]",0.987032613
"[[4], [1, 2, 3]]",0.986551497
"[[4], [1, 2, 3]]",0.98636918
"[[4], [1, 2, 3]]",0.986448832
"[[4], [1, 2, 3]]",0.986512798
"[[4], [1, 2, 3]]",0.986673203
"[[4], [1, 2, 3]]",0.986848242
"[[4], [1, 2, 3]]",0.986864
"[[4], [1, 2, 3]]",0.986854027
"[[4], [1, 2, 3]]",0.986786098
"[[4], [1, 2, 3]]",0.986826218
"[[4], [1, 2, 3]]",0.986881552
"[[4], [1, 2, 3]]",0.986927649
"[[4], [1, 2, 3]]",0.986546594
"[[4], [1, 2, 3]]",0.985653224
"[[4], [1, 2, 3]]",0.984198752
"[[4], [1, 2, 3]]",0.984196828
"[[4], [1, 2, 3]]",0.984081711
"[[4], [1, 2, 3]]",0.983624005
"[[4], [1, 2, 3]]",0.982953072
"[[4], [1, 2, 3]]",0.981230935
"[[4], [1, 2, 3]]",0.978071697
"[[4], [1, 2, 3]]",0.966230687
"[[1], [2, 3, 4]]",0.948001745
"[[1], [2, 3, 4]]",0.945166523
"[[1], [2, 3, 4]]",0.945457047
"[[1], [2, 3, 4]]",0.94644823
"[[1], [2, 3, 4]]",0.947290718
"[[1], [2, 3, 4]]",0.947496204
"[[1], [2, 3, 4]]",0.947995738
"[[1], [2, 3, 4]]",0.94803626
"[[1], [2, 3, 4]]",0.947818749
"[[1], [2, 3, 4]]",0.947642045
"[[1], [2, 3, 4]]",0.947546969
"[[1], [2, 3, 4]]",0.947446413
"[[1], [2, 3, 4]]",0.947382969
"[[1], [2, 3, 4]]",0.947221977
"[[1], [2, 3, 4]]",0.947243443
"[[1], [2, 3, 4]]",0.947496539
"[[1], [2, 3, 4]]",0.947743102
"[[1], [2, 3, 4]]",0.948122039
"[[1], [2, 3, 4]]",0.948226184
"[[1], [2, 3, 4]]",0.945475263
"[[1], [2, 3, 4]]",0.942491787
"[[1], [2, 3, 4]]",0.94083747
"[[1], [2, 3, 4]]",0.938605523
"[[1], [2, 3, 4]]",0.937457065
"[[1], [2, 3, 4]]",0.93509597
"[[1], [2, 3, 4]]",0.93387987
"[[1], [2, 3, 4]]",0.933776302
"[[1], [2, 3, 4]]",0.934280533
"[[1], [2, 3, 4]]",0.933987127
"[[1], [2, 3, 4]]",0.933774384
"[[1], [2, 3, 4]]",0.934514538
"[[1], [2, 3, 4]]",0.935686076
"[[1], [2, 3, 4]]",0.937048395
"[[1], [2, 3, 4]]",0.938098273
"[[1], [2, 3, 4]]",0.939173874
"[[1], [2, 3, 4]]",0.940348055
"[[1], [2, 3, 4]]",0.941119378
"[[1], [2, 3, 4]]",0.941516293
"[[1], [2, 3, 4]]",0.941200417
"[[1], [2, 3, 4]]",0.940878105
"[[1], [2, 3, 4]]",0.940487376
"[[1], [2, 3, 4]]",0.940761861
"[[1], [2, 3, 4]]",0.941132854
"[[1], [2, 3, 4]]",0.941353424
"[[1], [2, 3, 4]]",0.941444087
"[[1], [2, 3, 4]]",0.941446315
"[[1], [2, 3, 4]]",0.941492627
"[[1], [2, 3, 4]]",0.943944613
"[[4], [1, 2, 3]]",0.951158913
"[[4], [1, 2, 3]]",0.952675755
"[[4], [1, 2, 3]]",0.952872727
"[[4], [1, 2, 3]]",0.953024668
"[[4], [1, 2, 3]]",0.953113193
"[[4], [1, 2, 3]]",0.953379032
"[[4], [1, 2, 3]]",0.953409165
"[[4], [1, 2, 3]]",0.953897012
"[[4], [1, 2, 3]]",0.954623016
"[[4], [1, 2, 3]]",0.955111953
"[[4], [1, 2, 3]]",0.955351421
"[[4], [1, 2, 3]]",0.955661353
"[[4], [1, 2, 3]]",0.955825808
"[[4], [1, 2, 3]]",0.956110829
"[[4], [1, 2, 3]]",0.956349387
"[[4], [1, 2, 3]]",0.95650003
"[[4], [1, 2, 3]]",0.956606436
"[[4], [1, 2, 3]]",0.956725687
"[[4], [1, 2, 3]]",0.956711163
"[[4], [1, 2, 3]]",0.958487658
"[[4], [1, 2, 3]]",0.960663857
"[[4], [1, 2, 3]]",0.962511611
"[[4], [1, 2, 3]]",0.964885351
"[[4], [1, 2, 3]]",0.962614439
"[[4], [1, 2, 3]]",0.962867189
"[[4], [1, 2, 3]]",0.964278337
"[[4], [1, 2, 3]]",0.965795454
"[[4], [1, 2, 3]]",0.965473194
"[[4], [1, 2, 3]]",0.965928717
"[[4], [1, 2, 3]]",0.966154642
"[[4], [1, 2, 3]]",0.96600959
"[[4], [1, 2, 3]]",0.966528417
"[[4], [1, 2, 3]]",0.966344964
"[[4], [1, 2, 3]]",0.966310004
"[[4], [1, 2, 3]]",0.96610824
"[[4], [1, 2, 3]]",0.965884367
"[[4], [1, 2, 3]]",0.965557159
"[[4], [1, 2, 3]]",0.965440776
"[[4], [1, 2, 3]]",0.965642495
"[[4], [1, 2, 3]]",0.965603282
"[[4], [1, 2, 3]]",0.965739211
"[[4], [1, 2, 3]]",0.965619626
"[[4], [1, 2, 3]]",0.965466728
"[[4], [1, 2, 3]]",0.965379515
"[[4], [1, 2, 3]]",0.96525702
"[[4], [1, 2, 3]]",0.96509339
"[[4], [1, 2, 3]]",0.964959361
"[[4], [1, 2, 3]]",0.964822856
"[[4], [1, 2, 3]]",0.964258543
"[[4], [1, 2, 3]]",0.964202709
"[[4], [1, 2, 3]]",0.96404799
"[[4], [1, 2, 3]]",0.96419749
"[[4], [1, 2, 3]]",0.96465248
"[[4], [1, 2, 3]]",0.965605755
"[[4], [1, 2, 3]]",0.966408549
"[[4], [1, 2, 3]]",0.966877305
"[[4], [1, 2, 3]]",0.967264316
"[[4], [1, 2, 3]]",0.967425189
"[[4], [1, 2, 3]]",0.967885662
"[[4], [1, 2, 3]]",0.968696441
"[[4], [1, 2, 3]]",0.969533098
"[[4], [1, 2, 3]]",0.969855053
"[[4], [1, 2, 3]]",0.970293545
"[[4], [1, 2, 3]]",0.970274002
"[[4], [1, 2, 3]]",0.969243646
"[[4], [1, 2, 3]]",0.966396104
"[[4], [1, 2, 3]]",0.961450996
"[[2, 3], [1, 4]]",0.95324402
"[[2, 3], [1, 4]]",0.952300832
"[[2, 3], [1, 4]]",0.95250172
"[[2, 3], [1, 4]]",0.951432641
"[[2, 3], [1, 4]]",0.951789532
"[[2, 3], [1, 4]]",0.950238733
"[[1, 4], [2, 3]]",0.949481246
"[[1, 4], [2, 3]]",0.949338751
"[[2, 3], [1, 4]]",0.94969886
"[[2, 3], [1, 4]]",0.94958133
"[[1, 4], [2, 3]]",0.949203715
"[[1, 4], [2, 3]]",0.948694211
"[[1, 4], [2, 3]]",0.948367877
"[[1, 4], [2, 3]]",0.948368206
"[[1, 4], [2, 3]]",0.948215367
"[[1, 4], [2, 3]]",0.948917415
"[[1, 4], [2, 3]]",0.947997632
"[[1, 4], [2, 3]]",0.948920939
"[[1, 4], [2, 3]]",0.949805907
"[[1, 4], [2, 3]]",0.949089454
"[[1, 4], [2, 3]]",0.949338374
"[[1, 4], [2, 3]]",0.949454894
"[[1, 4], [2, 3]]",0.948301763
"[[1, 4], [2, 3]]",0.945470341
"[[1, 4], [2, 3]]",0.944521476
"[[1, 4], [2, 3]]",0.944624185
"[[1, 4], [2, 3]]",0.944764066
"[[1, 4], [2, 3]]",0.944858473
"[[1, 4], [2, 3]]",0.945113048
"[[1, 4], [2, 3]]",0.945043998
"[[1, 4], [2, 3]]",0.945475769
"[[1, 4], [2, 3]]",0.945693155
"[[1, 4], [2, 3]]",0.945384668
"[[1, 4], [2, 3]]",0.944953281
"[[1, 4], [2, 3]]",0.944389961
"[[1, 4], [2, 3]]",0.94345266
"[[1, 4], [2, 3]]",0.943359128
"[[1, 4], [2, 3]]",0.943413694
"[[1, 4], [2, 3]]",0.944330821
"[[1, 4], [2, 3]]",0.944307916
"[[1, 4], [2, 3]]",0.943397162
"[[1, 4], [2, 3]]",0.943041097
"[[1, 4], [2, 3]]",0.943202277
"[[1, 4], [2, 3]]",0.942747432
"[[1, 4], [2, 3]]",0.941797001
"[[1, 4], [2, 3]]",0.941291108
"[[1, 4], [2, 3]]",0.940638469
"[[1], [2, 3, 4]]",0.940895006
"[[1], [2, 3, 4]]",0.94337323
"[[1], [2, 3, 4]]",0.942767484
"[[1], [2, 3, 4]]",0.941882811
"[[1], [2, 3, 4]]",0.941981573
"[[1], [2, 3, 4]]",0.942293503
"[[1], [2, 3, 4]]",0.943816833
"[[1], [2, 3, 4]]",0.944117879
"[[1], [2, 3, 4]]",0.943796012
"[[1], [2, 3, 4]]",0.942033588
"[[1], [2, 3, 4]]",0.94051788
"[[1], [2, 3, 4]]",0.939728147
"[[1], [2, 3, 4]]",0.939094713
"[[1], [2, 3, 4]]",0.938589013
"[[1], [2, 3, 4]]",0.937437851
"[[1], [2, 3, 4]]",0.936441329
"[[1], [2, 3, 4]]",0.935138871
"[[1], [2, 3, 4]]",0.937288192
"[[1], [2, 3, 4]]",0.93726462
"[[1], [2, 3, 4]]",0.937016968
"[[1], [2, 3, 4]]",0.939464316
"[[1], [2, 3, 4]]",0.938693825
"[[1], [2, 3, 4]]",0.937918644
"[[1], [2, 3, 4]]",0.94120604
"[[4], [1, 2, 3]]",0.950787427
"[[4], [1, 2, 3]]",0.957188915
"[[4], [1, 2, 3]]",0.960084023
"[[4], [1, 2, 3]]",0.962577277
"[[4], [1, 2, 3]]",0.964956391
"[[4], [1, 2, 3]]",0.968402352
"[[4], [1, 2, 3]]",0.975418388
"[[4], [1, 2, 3]]",0.983498251
"[[4], [1, 2, 3]]",0.9855118
"[[4], [1, 2, 3]]",0.985437195
"[[4], [1, 2, 3]]",0.985228385
"[[4], [1, 2, 3]]",0.984980773
"[[4], [1, 2, 3]]",0.984811506
"[[4], [1, 2, 3]]",0.984775487
"[[4], [1, 2, 3]]",0.984694068
"[[4], [1, 2, 3]]",0.98519021
"[[4], [1, 2, 3]]",0.984907357
"[[4], [1, 2, 3]]",0.984730389
"[[4], [1, 2, 3]]",0.984675625
"[[4], [1, 2, 3]]",0.984670569
"[[4], [1, 2, 3]]",0.98455956
"[[4], [1, 2, 3]]",0.984445365
"[[4], [1, 2, 3]]",0.984762854
"[[4], [1, 2, 3]]",0.984648787
"[[4], [1, 2, 3]]",0.984565772
"[[4], [1, 2, 3]]",0.984499246
"[[4], [1, 2, 3]]",0.984437305
"[[4], [1, 2, 3]]",0.98440939
"[[4], [1, 2, 3]]",0.985086285
"[[4], [1, 2, 3]]",0.986347241
"[[4], [1, 2, 3]]",0.98725159
"[[4], [1, 2, 3]]",0.98767027
"[[4], [1, 2, 3]]",0.987637141
"[[4], [1, 2, 3]]",0.987347174
"[[4], [1, 2, 3]]",0.987150651
"[[4], [1, 2, 3]]",0.987037765
"[[4], [1, 2, 3]]",0.986937038
"[[4], [1, 2, 3]]",0.986906653
"[[4], [1, 2, 3]]",0.986894953
"[[4], [1, 2, 3]]",0.986887454
"[[4], [1, 2, 3]]",0.986855554
"[[4], [1, 2, 3]]",0.988636374
"[[4], [1, 2, 3]]",0.989867121
"[[4], [1, 2, 3]]",0.992409403
"[[4], [1, 2, 3]]",0.995468355
"[[4], [1, 2, 3]]",0.995650761
"[[4], [1, 2, 3]]",0.995654442
"[[4], [1, 2, 3]]",0.995642686
"[[4], [1, 2, 3]]",0.995635021
"[[4], [1, 2, 3]]",0.995721512
"[[4], [1, 2, 3]]",0.995805673
"[[4], [1, 2, 3]]",0.995883361
"[[4], [1, 2, 3]]",0.995889728
"[[4], [1, 2, 3]]",0.996084591
"[[4], [1, 2, 3]]",0.996404002
"[[4], [1, 2, 3]]",0.996621261
"[[4], [1, 2, 3]]",0.997020322
"[[4], [1, 2, 3]]",0.996934778
"[[4], [1, 2, 3]]",0.996637172
"[[4], [1, 2, 3]]",0.996455305
"[[4], [1, 2, 3]]",0.996427133
"[[4], [1, 2, 3]]",0.996377673
"[[4], [1, 2, 3]]",0.996272563
"[[4], [1, 2, 3]]",0.996179135
"[[4], [1, 2, 3]]",0.996109649
"[[4], [1, 2, 3]]",0.996010413
"[[4], [1, 2, 3]]",0.995855157
"[[4], [1, 2, 3]]",0.995604516
"[[4], [1, 2, 3]]",0.995272715
"[[4], [1, 2, 3]]",0.995102934
"[[4], [1, 2, 3]]",0.994973591
"[[4], [1, 2, 3]]",0.994888283
"[[4], [1, 2, 3]]",0.994748912
"[[4], [1, 2, 3]]",0.99469196
"[[4], [1, 2, 3]]",0.994619591
"[[4], [1, 2, 3]]",0.994618137
"[[4], [1, 2, 3]]",0.994579341
"[[4], [1, 2, 3]]",0.994603814
"[[4], [1, 2, 3]]",0.994526712
"[[4], [1, 2, 3]]",0.994227417
"[[4], [1, 2, 3]]",0.994035086
"[[4], [1, 2, 3]]",0.994244531
"[[4], [1, 2, 3]]",0.994470859
"[[4], [1, 2, 3]]",0.994525591
"[[4], [1, 2, 3]]",0.994628754
"[[4], [1, 2, 3]]",0.994633238
"[[4], [1, 2, 3]]",0.994614241
"[[4], [1, 2, 3]]",0.994616106
"[[4], [1, 2, 3]]",0.994637126
"[[4], [1, 2, 3]]",0.994648779
"[[4], [1, 2, 3]]",0.994766262
"[[4], [1, 2, 3]]",0.994822036
"[[4], [1, 2, 3]]",0.994840341
"[[4], [1, 2, 3]]",0.994825462
"[[4], [1, 2, 3]]",0.994864063
"[[4], [1, 2, 3]]",0.994867274
"[[4], [1, 2, 3]]",0.994817294
"[[4], [1, 2, 3]]",0.994696886
"[[4], [1, 2, 3]]",0.994525374
"[[4], [1, 2, 3]]",0.99437884
"[[4], [1, 2, 3]]",0.993821797
"[[4], [1, 2, 3]]",0.992013944
"[[4], [1, 2, 3]]",0.991436531
"[[4], [1, 2, 3]]",0.991551441
"[[4], [1, 2, 3]]",0.991370221
"[[4], [1, 2, 3]]",0.991755253
"[[4], [1, 2, 3]]",0.99215442
"[[4], [1, 2, 3]]",0.99242746
"[[4], [1, 2, 3]]",0.992479837
"[[4], [1, 2, 3]]",0.992371943
"[[4], [1, 2, 3]]",0.992288321
"[[4], [1, 2, 3]]",0.992299028
"[[4], [1, 2, 3]]",0.992296514
"[[4], [1, 2, 3]]",0.992314859
"[[4], [1, 2, 3]]",0.992348799
"[[4], [1, 2, 3]]",0.992430914
"[[4], [1, 2, 3]]",0.992582611
"[[4], [1, 2, 3]]",0.992634596
"[[4], [1, 2, 3]]",0.992673772
"[[4], [1, 2, 3]]",0.992690669
"[[4], [1, 2, 3]]",0.992751562
"[[4], [1, 2, 3]]",0.992761668
"[[4], [1, 2, 3]]",0.992801268
"[[4], [1, 2, 3]]",0.992805468
"[[4], [1, 2, 3]]",0.99241901
"[[4], [1, 2, 3]]",0.992255065
"[[4], [1, 2, 3]]",0.992216822
"[[4], [1, 2, 3]]",0.992287831
"[[4], [1, 2, 3]]",0.992344095
"[[4], [1, 2, 3]]",0.992384174
"[[4], [1, 2, 3]]",0.992527159
"[[4], [1, 2, 3]]",0.992595448
"[[4], [1, 2, 3]]",0.99226912
"[[4], [1, 2, 3]]",0.992156059
"[[4], [1, 2, 3]]",0.992105649
"[[4], [1, 2, 3]]",0.992107707
"[[4], [1, 2, 3]]",0.992090238
"[[4], [1, 2, 3]]",0.992034373
"[[4], [1, 2, 3]]",0.992010987
"[[4], [1, 2, 3]]",0.991954163
"[[4], [1, 2, 3]]",0.991682744
"[[4], [1, 2, 3]]",0.991346092
"[[4], [1, 2, 3]]",0.990848083
"[[4], [1, 2, 3]]",0.990287317
"[[4], [1, 2, 3]]",0.989873498
"[[4], [1, 2, 3]]",0.989228018
"[[4], [1, 2, 3]]",0.988654739
"[[4], [1, 2, 3]]",0.988577766
"[[4], [1, 2, 3]]",0.98866849
"[[4], [1, 2, 3]]",0.989504804
"[[4], [1, 2, 3]]",0.989683774
"[[4], [1, 2, 3]]",0.989399284
"[[4], [1, 2, 3]]",0.989203049
"[[4], [1, 2, 3]]",0.989261135
"[[4], [1, 2, 3]]",0.989414048
"[[4], [1, 2, 3]]",0.989190254
"[[4], [1, 2, 3]]",0.989100659
"[[4], [1, 2, 3]]",0.988774187
"[[4], [1, 2, 3]]",0.988710648
"[[4], [1, 2, 3]]",0.988670069
"[[4], [1, 2, 3]]",0.988640639
"[[4], [1, 2, 3]]",0.988610247
"[[4], [1, 2, 3]]",0.988579877
"[[4], [1, 2, 3]]",0.988547596
"[[4], [1, 2, 3]]",0.988529633
"[[4], [1, 2, 3]]",0.98851481
"[[4], [1, 2, 3]]",0.988499776
"[[4], [1, 2, 3]]",0.988380927
"[[4], [1, 2, 3]]",0.987654678
"[[4], [1, 2, 3]]",0.987497949
"[[4], [1, 2, 3]]",0.987132008
"[[4], [1, 2, 3]]",0.98708575
"[[4], [1, 2, 3]]",0.986894005
"[[4], [1, 2, 3]]",0.986541326
"[[4], [1, 2, 3]]",0.986533856
"[[4], [1, 2, 3]]",0.986476392
"[[4], [1, 2, 3]]",0.986489926
"[[4], [1, 2, 3]]",0.986518469
"[[4], [1, 2, 3]]",0.98632389
"[[4], [1, 2, 3]]",0.985867864
"[[4], [1, 2, 3]]",0.985542563
"[[4], [1, 2, 3]]",0.985507085
"[[4], [1, 2, 3]]",0.985393232
"[[4], [1, 2, 3]]",0.985326825
"[[4], [1, 2, 3]]",0.985264256
"[[4], [1, 2, 3]]",0.98524818
"[[4], [1, 2, 3]]",0.985201269
"[[4], [1, 2, 3]]",0.985192175
"[[4], [1, 2, 3]]",0.985270214
"[[4], [1, 2, 3]]",0.985366365
"[[4], [1, 2, 3]]",0.985600349
"[[4], [1, 2, 3]]",0.985926427
"[[4], [1, 2, 3]]",0.986178861
"[[4], [1, 2, 3]]",0.986650772
"[[4], [1, 2, 3]]",0.987114927
"[[4], [1, 2, 3]]",0.987184777
"[[4], [1, 2, 3]]",0.987065859
"[[4], [1, 2, 3]]",0.98444364
"[[4], [1, 2, 3]]",0.982187057
"[[4], [1, 2, 3]]",0.982416335
"[[4], [1, 2, 3]]",0.982517438
"[[4], [1, 2, 3]]",0.982460506
"[[4], [1, 2, 3]]",0.982046007
"[[4], [1, 2, 3]]",0.981994603
"[[4], [1, 2, 3]]",0.982050429
"[[4], [1, 2, 3]]",0.982247914
"[[4], [1, 2, 3]]",0.982252252
"[[4], [1, 2, 3]]",0.982272114
"[[4], [1, 2, 3]]",0.98226477
"[[4], [1, 2, 3]]",0.982301994
"[[4], [1, 2, 3]]",0.982347039
"[[4], [1, 2, 3]]",0.982370234
"[[4], [1, 2, 3]]",0.982409703
"[[4], [1, 2, 3]]",0.982432761
"[[4], [1, 2, 3]]",0.98248978
"[[4], [1, 2, 3]]",0.982712028
"[[4], [1, 2, 3]]",0.983735967
"[[4], [1, 2, 3]]",0.984094325
"[[4], [1, 2, 3]]",0.98486044
"[[4], [1, 2, 3]]",0.985097472
"[[4], [1, 2, 3]]",0.985628656
"[[4], [1, 2, 3]]",0.985682922
"[[4], [1, 2, 3]]",0.98542361
"[[4], [1, 2, 3]]",0.985274974
"[[4], [1, 2, 3]]",0.985393656
"[[4], [1, 2, 3]]",0.985441831
"[[4], [1, 2, 3]]",0.98563657
"[[4], [1, 2, 3]]",0.985734531
"[[4], [1, 2, 3]]",0.985795128
"[[4], [1, 2, 3]]",0.985815264
"[[4], [1, 2, 3]]",0.985859413
"[[4], [1, 2, 3]]",0.985914777
"[[4], [1, 2, 3]]",0.985783149
"[[4], [1, 2, 3]]",0.985682456
"[[4], [1, 2, 3]]",0.985162603
"[[4], [1, 2, 3]]",0.984990762
"[[4], [1, 2, 3]]",0.984938007
"[[4], [1, 2, 3]]",0.98488549
"[[4], [1, 2, 3]]",0.984898453
"[[4], [1, 2, 3]]",0.984874306
"[[4], [1, 2, 3]]",0.984881852
"[[4], [1, 2, 3]]",0.984905145
"[[4], [1, 2, 3]]",0.984904932
"[[4], [1, 2, 3]]",0.984872283
"[[4], [1, 2, 3]]",0.985088235
"[[4], [1, 2, 3]]",0.987936818
"[[4], [1, 2, 3]]",0.990926245
"[[4], [1, 2, 3]]",0.990947835
"[[4], [1, 2, 3]]",0.990939473
"[[4], [1, 2, 3]]",0.990868616
"[[4], [1, 2, 3]]",0.991048543
"[[4], [1, 2, 3]]",0.991284601
"[[4], [1, 2, 3]]",0.991409888
"[[4], [1, 2, 3]]",0.991468061
"[[4], [1, 2, 3]]",0.991514782
"[[4], [1, 2, 3]]",0.991522349
"[[4], [1, 2, 3]]",0.991544551
"[[4], [1, 2, 3]]",0.991569125
"[[4], [1, 2, 3]]",0.991061489
"[[4], [1, 2, 3]]",0.990481904
"[[4], [1, 2, 3]]",0.989914661
"[[4], [1, 2, 3]]",0.989495249
"[[4], [1, 2, 3]]",0.988889008
"[[4], [1, 2, 3]]",0.988279624
"[[4], [1, 2, 3]]",0.987691916
"[[4], [1, 2, 3]]",0.987678088
"[[4], [1, 2, 3]]",0.987271826
"[[4], [1, 2, 3]]",0.98717232
"[[4], [1, 2, 3]]",0.987040985
"[[4], [1, 2, 3]]",0.987454249
"[[4], [1, 2, 3]]",0.987609098
"[[4], [1, 2, 3]]",0.987595749
"[[4], [1, 2, 3]]",0.987602866
"[[4], [1, 2, 3]]",0.987450382
"[[4], [1, 2, 3]]",0.987482195
"[[4], [1, 2, 3]]",0.98764225
"[[4], [1, 2, 3]]",0.987817881
"[[4], [1, 2, 3]]",0.987811686
"[[4], [1, 2, 3]]",0.987803909
"[[4], [1, 2, 3]]",0.987801569
"[[4], [1, 2, 3]]",0.987892239
"[[4], [1, 2, 3]]",0.987308275
"[[4], [1, 2, 3]]",0.987719586
"[[4], [1, 2, 3]]",0.987812191
"[[4], [1, 2, 3]]",0.987756014
"[[4], [1, 2, 3]]",0.98712949
"[[4], [1, 2, 3]]",0.986453665
"[[4], [1, 2, 3]]",0.986463185
"[[4], [1, 2, 3]]",0.986522242
"[[4], [1, 2, 3]]",0.98653674
"[[4], [1, 2, 3]]",0.98657215
"[[4], [1, 2, 3]]",0.986649904
"[[4], [1, 2, 3]]",0.986681587
"[[4], [1, 2, 3]]",0.986576466
"[[4], [1, 2, 3]]",0.986560916
"[[4], [1, 2, 3]]",0.98647472
"[[4], [1, 2, 3]]",0.986428703
"[[4], [1, 2, 3]]",0.986429117
"[[4], [1, 2, 3]]",0.986576438
"[[4], [1, 2, 3]]",0.986508963
"[[4], [1, 2, 3]]",0.986443514
"[[4], [1, 2, 3]]",0.986449369
"[[4], [1, 2, 3]]",0.986325855
"[[4], [1, 2, 3]]",0.986269625
"[[4], [1, 2, 3]]",0.986243093
"[[4], [1, 2, 3]]",0.986175541
"[[4], [1, 2, 3]]",0.986535285
"[[4], [1, 2, 3]]",0.987009968
"[[4], [1, 2, 3]]",0.98751807
"[[4], [1, 2, 3]]",0.987961274
"[[4], [1, 2, 3]]",0.988650045
"[[4], [1, 2, 3]]",0.989424101
"[[4], [1, 2, 3]]",0.990285172
"[[4], [1, 2, 3]]",0.990432295
"[[4], [1, 2, 3]]",0.99117961
"[[4], [1, 2, 3]]",0.991148964
"[[4], [1, 2, 3]]",0.990900308
"[[4], [1, 2, 3]]",0.989800874
"[[4], [1, 2, 3]]",0.985128853
"[[4], [1, 2, 3]]",0.985234661
"[[4], [1, 2, 3]]",0.985233204
"[[4], [1, 2, 3]]",0.98541559
"[[4], [1, 2, 3]]",0.985447448
"[[4], [1, 2, 3]]",0.98526336
"[[4], [1, 2, 3]]",0.985236263
"[[4], [1, 2, 3]]",0.985077416
"[[4], [1, 2, 3]]",0.985084189
"[[4], [1, 2, 3]]",0.985035023
"[[4], [1, 2, 3]]",0.985010941
"[[4], [1, 2, 3]]",0.985683342
"[[4], [1, 2, 3]]",0.985728581
"[[4], [1, 2, 3]]",0.985800917
"[[4], [1, 2, 3]]",0.985920137
"[[4], [1, 2, 3]]",0.986602748
"[[4], [1, 2, 3]]",0.987465768
"[[4], [1, 2, 3]]",0.987463891
"[[4], [1, 2, 3]]",0.987358888
"[[4], [1, 2, 3]]",0.986724073
"[[4], [1, 2, 3]]",0.985786856
"[[4], [1, 2, 3]]",0.98461436
"[[4], [1, 2, 3]]",0.982903504
"[[4], [1, 2, 3]]",0.980547911
"[[4], [1, 2, 3]]",0.978753974
"[[4], [1, 2, 3]]",0.978656144
"[[4], [1, 2, 3]]",0.978718712
"[[4], [1, 2, 3]]",0.979064772
"[[4], [1, 2, 3]]",0.979059203
"[[4], [1, 2, 3]]",0.97909859
"[[4], [1, 2, 3]]",0.979360855
"[[4], [1, 2, 3]]",0.97944863
"[[4], [1, 2, 3]]",0.979553111
"[[4], [1, 2, 3]]",0.979659777
"[[4], [1, 2, 3]]",0.97975377
"[[4], [1, 2, 3]]",0.979825003
"[[4], [1, 2, 3]]",0.979877097
"[[4], [1, 2, 3]]",0.979845777
"[[4], [1, 2, 3]]",0.979852488
"[[4], [1, 2, 3]]",0.979909157
"[[4], [1, 2, 3]]",0.979932565
"[[4], [1, 2, 3]]",0.979935216
"[[4], [1, 2, 3]]",0.979777666
"[[4], [1, 2, 3]]",0.97864749
"[[4], [1, 2, 3]]",0.977174702
"[[4], [1, 2, 3]]",0.974618447
"[[4], [1, 2, 3]]",0.974633293
"[[4], [1, 2, 3]]",0.97487301
"[[4], [1, 2, 3]]",0.977408881
"[[4], [1, 2, 3]]",0.977414166
"[[4], [1, 2, 3]]",0.977413266
"[[4], [1, 2, 3]]",0.977450344
"[[4], [1, 2, 3]]",0.977218678
"[[4], [1, 2, 3]]",0.977111263
"[[4], [1, 2, 3]]",0.976961789
"[[4], [1, 2, 3]]",0.976943916
"[[4], [1, 2, 3]]",0.977046515
"[[4], [1, 2, 3]]",0.977202255
"[[4], [1, 2, 3]]",0.977293968
"[[4], [1, 2, 3]]",0.977265583
"[[4], [1, 2, 3]]",0.977259971
"[[4], [1, 2, 3]]",0.977245954
"[[4], [1, 2, 3]]",0.97724917
"[[4], [1, 2, 3]]",0.977210456
"[[4], [1, 2, 3]]",0.977199693
"[[4], [1, 2, 3]]",0.977131846
"[[4], [1, 2, 3]]",0.977089572
"[[4], [1, 2, 3]]",0.977240852
"[[4], [1, 2, 3]]",0.977563391
"[[4], [1, 2, 3]]",0.978043149
"[[4], [1, 2, 3]]",0.978983465
"[[4], [1, 2, 3]]",0.980510199
"[[4], [1, 2, 3]]",0.981803388
"[[4], [1, 2, 3]]",0.981933083
"[[4], [1, 2, 3]]",0.982024924
"[[4], [1, 2, 3]]",0.982015733
"[[4], [1, 2, 3]]",0.981798447
"[[4], [1, 2, 3]]",0.981999534
"[[4], [1, 2, 3]]",0.981975786
"[[4], [1, 2, 3]]",0.981965333
"[[4], [1, 2, 3]]",0.982018135
"[[4], [1, 2, 3]]",0.982056989
"[[4], [1, 2, 3]]",0.982075005
"[[4], [1, 2, 3]]",0.982069735
"[[4], [1, 2, 3]]",0.982029795
"[[4], [1, 2, 3]]",0.981955437
"[[4], [1, 2, 3]]",0.981924875
"[[4], [1, 2, 3]]",0.981869054
"[[4], [1, 2, 3]]",0.98181844
"[[4], [1, 2, 3]]",0.981769957
"[[4], [1, 2, 3]]",0.981923282
"[[4], [1, 2, 3]]",0.983363262
"[[4], [1, 2, 3]]",0.985595399
"[[4], [1, 2, 3]]",0.990109204
"[[4], [1, 2, 3]]",0.989805881
"[[4], [1, 2, 3]]",0.989116329
"[[4], [1, 2, 3]]",0.988054332
"[[4], [1, 2, 3]]",0.987368575
"[[4], [1, 2, 3]]",0.987514097
"[[4], [1, 2, 3]]",0.98768125
"[[4], [1, 2, 3]]",0.987647724
"[[4], [1, 2, 3]]",0.987799768
"[[4], [1, 2, 3]]",0.987916309
"[[4], [1, 2, 3]]",0.987837936
"[[4], [1, 2, 3]]",0.987831265
"[[4], [1, 2, 3]]",0.98772663
"[[4], [1, 2, 3]]",0.987678643
"[[4], [1, 2, 3]]",0.987627178
"[[4], [1, 2, 3]]",0.987596605
"[[4], [1, 2, 3]]",0.987582975
"[[4], [1, 2, 3]]",0.987608472
"[[4], [1, 2, 3]]",0.987710989
"[[4], [1, 2, 3]]",0.987736559
"[[4], [1, 2, 3]]",0.988000476
"[[4], [1, 2, 3]]",0.988002563
"[[4], [1, 2, 3]]",0.988029199
"[[4], [1, 2, 3]]",0.987597639
"[[4], [1, 2, 3]]",0.986985379
"[[4], [1, 2, 3]]",0.979316907
"[[4], [1, 2, 3]]",0.971625628
"[[4], [1, 2, 3]]",0.969838025
"[[4], [1, 2, 3]]",0.969766436
"[[4], [1, 2, 3]]",0.969761202
"[[4], [1, 2, 3]]",0.969857704
"[[4], [1, 2, 3]]",0.970473756
"[[4], [1, 2, 3]]",0.970298783
"[[4], [1, 2, 3]]",0.970204939
"[[4], [1, 2, 3]]",0.970332508
"[[4], [1, 2, 3]]",0.970227658
"[[4], [1, 2, 3]]",0.970056868
"[[4], [1, 2, 3]]",0.969903337
"[[4], [1, 2, 3]]",0.969897112
"[[4], [1, 2, 3]]",0.970036283
"[[4], [1, 2, 3]]",0.970272367
"[[4], [1, 2, 3]]",0.970293137
"[[4], [1, 2, 3]]",0.970276375
"[[4], [1, 2, 3]]",0.97031369
"[[4], [1, 2, 3]]",0.970358101
"[[4], [1, 2, 3]]",0.970500533
"[[4], [1, 2, 3]]",0.970388215
"[[4], [1, 2, 3]]",0.969966226
"[[4], [1, 2, 3]]",0.967339305
"[[4], [1, 2, 3]]",0.966511189
"[[4], [1, 2, 3]]",0.965094284
"[[4], [1, 2, 3]]",0.96531803
"[[4], [1, 2, 3]]",0.965419382
"[[4], [1, 2, 3]]",0.965446112
"[[4], [1, 2, 3]]",0.96576761
"[[4], [1, 2, 3]]",0.965862357
"[[4], [1, 2, 3]]",0.965454796
"[[4], [1, 2, 3]]",0.965185139
"[[4], [1, 2, 3]]",0.965281819
"[[4], [1, 2, 3]]",0.965292709
"[[4], [1, 2, 3]]",0.96542099
"[[4], [1, 2, 3]]",0.965357429
"[[4], [1, 2, 3]]",0.965217535
"[[4], [1, 2, 3]]",0.965179011
"[[4], [1, 2, 3]]",0.965135738
"[[4], [1, 2, 3]]",0.965006063
"[[4], [1, 2, 3]]",0.964933824
"[[4], [1, 2, 3]]",0.964866355
"[[4], [1, 2, 3]]",0.964782343
"[[4], [1, 2, 3]]",0.964654772
"[[4], [1, 2, 3]]",0.964514662
"[[4], [1, 2, 3]]",0.964387104
"[[4], [1, 2, 3]]",0.964277148
"[[4], [1, 2, 3]]",0.968955657
"[[4], [1, 2, 3]]",0.975795062
"[[4], [1, 2, 3]]",0.978222204
"[[4], [1, 2, 3]]",0.978424848
"[[4], [1, 2, 3]]",0.978326053
"[[4], [1, 2, 3]]",0.977768921
"[[4], [1, 2, 3]]",0.977270655
"[[4], [1, 2, 3]]",0.977062269
"[[4], [1, 2, 3]]",0.976923015
"[[4], [1, 2, 3]]",0.976742673
"[[4], [1, 2, 3]]",0.976733571
"[[4], [1, 2, 3]]",0.976758861
"[[4], [1, 2, 3]]",0.976768865
"[[4], [1, 2, 3]]",0.976691203
"[[4], [1, 2, 3]]",0.976652938
"[[4], [1, 2, 3]]",0.976495842
"[[4], [1, 2, 3]]",0.976414253
"[[4], [1, 2, 3]]",0.97633441
"[[4], [1, 2, 3]]",0.976236303
"[[4], [1, 2, 3]]",0.97611507
"[[4], [1, 2, 3]]",0.976056291
"[[4], [1, 2, 3]]",0.976654238
"[[4], [1, 2, 3]]",0.978018208
"[[4], [1, 2, 3]]",0.984241037
"[[4], [1, 2, 3]]",0.987658251
"[[4], [1, 2, 3]]",0.993236376
"[[4], [1, 2, 3]]",0.993731093
"[[4], [1, 2, 3]]",0.994347076
"[[4], [1, 2, 3]]",0.99488422
"[[4], [1, 2, 3]]",0.995011032
"[[4], [1, 2, 3]]",0.994953345
"[[4], [1, 2, 3]]",0.995122647
"[[4], [1, 2, 3]]",0.994876318
"[[4], [1, 2, 3]]",0.994379473
"[[4], [1, 2, 3]]",0.994167351
"[[4], [1, 2, 3]]",0.994082144
"[[4], [1, 2, 3]]",0.993897689
"[[4], [1, 2, 3]]",0.993621234
"[[4], [1, 2, 3]]",0.993135432
"[[4], [1, 2, 3]]",0.993057894
"[[4], [1, 2, 3]]",0.99298457
"[[4], [1, 2, 3]]",0.992893631
"[[4], [1, 2, 3]]",0.992788128
"[[4], [1, 2, 3]]",0.992632062
"[[4], [1, 2, 3]]",0.992498194
"[[4], [1, 2, 3]]",0.992373046
"[[4], [1, 2, 3]]",0.992237701
"[[4], [1, 2, 3]]",0.992146287
"[[4], [1, 2, 3]]",0.991768502
"[[4], [1, 2, 3]]",0.990036788
"[[4], [1, 2, 3]]",0.988183574
"[[4], [1, 2, 3]]",0.987532028
"[[4], [1, 2, 3]]",0.987236971
"[[4], [1, 2, 3]]",0.987628504
"[[4], [1, 2, 3]]",0.987936673
"[[4], [1, 2, 3]]",0.987906104
"[[4], [1, 2, 3]]",0.987893507
"[[4], [1, 2, 3]]",0.987864005
"[[4], [1, 2, 3]]",0.987836895
"[[4], [1, 2, 3]]",0.987734537
"[[4], [1, 2, 3]]",0.987676553
"[[4], [1, 2, 3]]",0.987616025
"[[4], [1, 2, 3]]",0.987564814
"[[4], [1, 2, 3]]",0.987519261
"[[4], [1, 2, 3]]",0.987473336
"[[4], [1, 2, 3]]",0.987467744
"[[4], [1, 2, 3]]",0.987434073
"[[4], [1, 2, 3]]",0.987430094
"[[4], [1, 2, 3]]",0.987405049
"[[4], [1, 2, 3]]",0.987388741
"[[4], [1, 2, 3]]",0.987379935
"[[4], [1, 2, 3]]",0.987365777
"[[4], [1, 2, 3]]",0.987354564
"[[4], [1, 2, 3]]",0.987487302
"[[4], [1, 2, 3]]",0.987627427
"[[4], [1, 2, 3]]",0.987462006
"[[4], [1, 2, 3]]",0.987285055
"[[4], [1, 2, 3]]",0.986995075
"[[4], [1, 2, 3]]",0.986684755
"[[4], [1, 2, 3]]",0.986394409
"[[4], [1, 2, 3]]",0.986465099
"[[4], [1, 2, 3]]",0.986919406
"[[4], [1, 2, 3]]",0.987051763
"[[4], [1, 2, 3]]",0.987126478
"[[4], [1, 2, 3]]",0.987299015
"[[4], [1, 2, 3]]",0.987584022
"[[4], [1, 2, 3]]",0.988076866
"[[4], [1, 2, 3]]",0.988179586
"[[4], [1, 2, 3]]",0.988233823
"[[4], [1, 2, 3]]",0.988331343
"[[4], [1, 2, 3]]",0.988451849
"[[4], [1, 2, 3]]",0.988617736
"[[4], [1, 2, 3]]",0.988706432
"[[4], [1, 2, 3]]",0.988569923
"[[4], [1, 2, 3]]",0.988149878
"[[4], [1, 2, 3]]",0.987870675
"[[4], [1, 2, 3]]",0.987076987
"[[4], [1, 2, 3]]",0.987181947
"[[4], [1, 2, 3]]",0.988789939
"[[4], [1, 2, 3]]",0.989293537
"[[4], [1, 2, 3]]",0.98964748
"[[4], [1, 2, 3]]",0.989677465
"[[4], [1, 2, 3]]",0.989595562
"[[4], [1, 2, 3]]",0.989398933
"[[4], [1, 2, 3]]",0.989357921
"[[4], [1, 2, 3]]",0.989403849
"[[4], [1, 2, 3]]",0.989434029
"[[4], [1, 2, 3]]",0.989497535
"[[4], [1, 2, 3]]",0.989403324
"[[4], [1, 2, 3]]",0.989325811
"[[4], [1, 2, 3]]",0.989296648
"[[4], [1, 2, 3]]",0.989345121
"[[4], [1, 2, 3]]",0.989398795
"[[4], [1, 2, 3]]",0.988447782
"[[4], [1, 2, 3]]",0.986199297
"[[4], [1, 2, 3]]",0.984359992
"[[4], [1, 2, 3]]",0.982406695
"[[4], [1, 2, 3]]",0.981256764
"[[4], [1, 2, 3]]",0.979990526
"[[4], [1, 2, 3]]",0.977853131
"[[4], [1, 2, 3]]",0.976717364
"[[4], [1, 2, 3]]",0.975601954
"[[4], [1, 2, 3]]",0.975424019
"[[4], [1, 2, 3]]",0.975934341
"[[4], [1, 2, 3]]",0.976417664
"[[4], [1, 2, 3]]",0.977225304
"[[4], [1, 2, 3]]",0.977470287
"[[4], [1, 2, 3]]",0.978213812
"[[4], [1, 2, 3]]",0.978691252
"[[4], [1, 2, 3]]",0.9788731
"[[4], [1, 2, 3]]",0.978738201
"[[4], [1, 2, 3]]",0.978835113
"[[4], [1, 2, 3]]",0.979069312
"[[4], [1, 2, 3]]",0.975434541
"[[4], [1, 2, 3]]",0.974243543
"[[4], [1, 2, 3]]",0.97458559
"[[4], [1, 2, 3]]",0.974960333
"[[4], [1, 2, 3]]",0.975300434
"[[4], [1, 2, 3]]",0.975583939
"[[4], [1, 2, 3]]",0.975583106
"[[4], [1, 2, 3]]",0.975624786
"[[4], [1, 2, 3]]",0.975714744
"[[4], [1, 2, 3]]",0.975752893
"[[4], [1, 2, 3]]",0.975597906
"[[4], [1, 2, 3]]",0.975392666
"[[4], [1, 2, 3]]",0.97529209
"[[4], [1, 2, 3]]",0.975001612
"[[4], [1, 2, 3]]",0.974734061
"[[4], [1, 2, 3]]",0.974499743
"[[4], [1, 2, 3]]",0.974149579
"[[4], [1, 2, 3]]",0.973557219
"[[4], [1, 2, 3]]",0.973205132
"[[4], [1, 2, 3]]",0.972785899
"[[4], [1, 2, 3]]",0.972623426
"[[4], [1, 2, 3]]",0.97235778
"[[4], [1, 2, 3]]",0.972114381
"[[4], [1, 2, 3]]",0.971673596
"[[4], [1, 2, 3]]",0.971395501
"[[4], [1, 2, 3]]",0.971187071
"[[4], [1, 2, 3]]",0.971065967
"[[4], [1, 2, 3]]",0.971010227
"[[4], [1, 2, 3]]",0.970828166
"[[4], [1, 2, 3]]",0.97116235
"[[4], [1, 2, 3]]",0.971525979
"[[4], [1, 2, 3]]",0.972140972
"[[4], [1, 2, 3]]",0.972413309
"[[4], [1, 2, 3]]",0.972902004
"[[4], [1, 2, 3]]",0.974291855
"[[4], [1, 2, 3]]",0.975162208
"[[4], [1, 2, 3]]",0.976382333
"[[4], [1, 2, 3]]",0.976874859
"[[4], [1, 2, 3]]",0.976731249
"[[4], [1, 2, 3]]",0.976480342
"[[4], [1, 2, 3]]",0.976158519
"[[4], [1, 2, 3]]",0.977017431
"[[4], [1, 2, 3]]",0.976576983
"[[4], [1, 2, 3]]",0.976273226
"[[4], [1, 2, 3]]",0.976090028
"[[4], [1, 2, 3]]",0.975915275
"[[4], [1, 2, 3]]",0.975734822
"[[4], [1, 2, 3]]",0.975507454
"[[4], [1, 2, 3]]",0.983766608
"[[4], [1, 2, 3]]",0.989201477
"[[4], [1, 2, 3]]",0.98973854
"[[4], [1, 2, 3]]",0.9902776
"[[4], [1, 2, 3]]",0.99045416
"[[4], [1, 2, 3]]",0.990886514
"[[4], [1, 2, 3]]",0.993373217
"[[4], [1, 2, 3]]",0.99566281
"[[4], [1, 2, 3]]",0.99630606
"[[4], [1, 2, 3]]",0.996808454
"[[4], [1, 2, 3]]",0.996877642
"[[4], [1, 2, 3]]",0.996822184
"[[4], [1, 2, 3]]",0.996669065
"[[4], [1, 2, 3]]",0.996613076
"[[4], [1, 2, 3]]",0.996661731
"[[4], [1, 2, 3]]",0.996709702
"[[4], [1, 2, 3]]",0.99657672
"[[4], [1, 2, 3]]",0.996494283
"[[4], [1, 2, 3]]",0.996357281
"[[4], [1, 2, 3]]",0.996256943
"[[4], [1, 2, 3]]",0.9962101
"[[4], [1, 2, 3]]",0.996148029
"[[4], [1, 2, 3]]",0.996110623
"[[4], [1, 2, 3]]",0.996078804
"[[4], [1, 2, 3]]",0.996059621
"[[4], [1, 2, 3]]",0.996083551
"[[4], [1, 2, 3]]",0.996088844
"[[4], [1, 2, 3]]",0.996091833
"[[4], [1, 2, 3]]",0.996107398
"[[4], [1, 2, 3]]",0.996103078
"[[4], [1, 2, 3]]",0.996086097
"[[4], [1, 2, 3]]",0.996077846
"[[4], [1, 2, 3]]",0.996071986
"[[4], [1, 2, 3]]",0.99602007
"[[4], [1, 2, 3]]",0.996015603
"[[4], [1, 2, 3]]",0.995835443
"[[4], [1, 2, 3]]",0.995511119
"[[4], [1, 2, 3]]",0.995349482
"[[4], [1, 2, 3]]",0.995128625
"[[4], [1, 2, 3]]",0.995132681
"[[4], [1, 2, 3]]",0.995258253
"[[4], [1, 2, 3]]",0.995358712
"[[4], [1, 2, 3]]",0.995363591
"[[4], [1, 2, 3]]",0.995407591
"[[4], [1, 2, 3]]",0.99482539
"[[4], [1, 2, 3]]",0.994560013
"[[4], [1, 2, 3]]",0.994562109
"[[4], [1, 2, 3]]",0.994543163
"[[4], [1, 2, 3]]",0.994563052
"[[4], [1, 2, 3]]",0.994544119
"[[4], [1, 2, 3]]",0.995067227
"[[4], [1, 2, 3]]",0.994935902
"[[4], [1, 2, 3]]",0.994964753
"[[4], [1, 2, 3]]",0.994982057
"[[4], [1, 2, 3]]",0.995012231
"[[4], [1, 2, 3]]",0.994983096
"[[4], [1, 2, 3]]",0.994982747
"[[4], [1, 2, 3]]",0.995027297
"[[4], [1, 2, 3]]",0.995060434
"[[4], [1, 2, 3]]",0.995140642
"[[4], [1, 2, 3]]",0.995127643
"[[4], [1, 2, 3]]",0.994895248
"[[4], [1, 2, 3]]",0.994894413
"[[4], [1, 2, 3]]",0.994864393
"[[4], [1, 2, 3]]",0.994864493
"[[4], [1, 2, 3]]",0.994753264
"[[4], [1, 2, 3]]",0.994901427
"[[4], [1, 2, 3]]",0.995020473
"[[4], [1, 2, 3]]",0.995056827
"[[4], [1, 2, 3]]",0.995043039
"[[4], [1, 2, 3]]",0.995027432
"[[4], [1, 2, 3]]",0.9950002
"[[4], [1, 2, 3]]",0.994996389
"[[4], [1, 2, 3]]",0.994918801
"[[4], [1, 2, 3]]",0.994874906
"[[4], [1, 2, 3]]",0.994895038
"[[4], [1, 2, 3]]",0.99486139
"[[4], [1, 2, 3]]",0.994873622
"[[4], [1, 2, 3]]",0.994475052
"[[4], [1, 2, 3]]",0.994366413
"[[4], [1, 2, 3]]",0.994210683
"[[4], [1, 2, 3]]",0.994254937
"[[4], [1, 2, 3]]",0.994256231
"[[4], [1, 2, 3]]",0.994283657
"[[4], [1, 2, 3]]",0.994460859
"[[4], [1, 2, 3]]",0.994560003
"[[4], [1, 2, 3]]",0.994715359
"[[4], [1, 2, 3]]",0.994549661
"[[4], [1, 2, 3]]",0.994545027
"[[4], [1, 2, 3]]",0.99452988
"[[4], [1, 2, 3]]",0.994629866
"[[4], [1, 2, 3]]",0.994628713
"[[4], [1, 2, 3]]",0.995067336
"[[4], [1, 2, 3]]",0.995251999
"[[4], [1, 2, 3]]",0.995223163
"[[4], [1, 2, 3]]",0.995280545
"[[4], [1, 2, 3]]",0.995322636
"[[4], [1, 2, 3]]",0.995469919
"[[4], [1, 2, 3]]",0.995391211
"[[4], [1, 2, 3]]",0.995629145
"[[4], [1, 2, 3]]",0.995662641
"[[4], [1, 2, 3]]",0.995730087
"[[4], [1, 2, 3]]",0.995790975
"[[4], [1, 2, 3]]",0.995888392
"[[4], [1, 2, 3]]",0.995976737
"[[4], [1, 2, 3]]",0.996022097
"[[4], [1, 2, 3]]",0.996044608
"[[4], [1, 2, 3]]",0.996026798
"[[4], [1, 2, 3]]",0.996054053
"[[4], [1, 2, 3]]",0.995649361
"[[4], [1, 2, 3]]",0.995422422
"[[4], [1, 2, 3]]",0.995509048
"[[4], [1, 2, 3]]",0.995611032
"[[4], [1, 2, 3]]",0.99566831
"[[4], [1, 2, 3]]",0.995693299
"[[4], [1, 2, 3]]",0.995690053
"[[4], [1, 2, 3]]",0.995700932
"[[4], [1, 2, 3]]",0.995680449
"[[4], [1, 2, 3]]",0.99564153
"[[4], [1, 2, 3]]",0.995643165
"[[4], [1, 2, 3]]",0.995653259
"[[4], [1, 2, 3]]",0.995704526
"[[4], [1, 2, 3]]",0.995741398
"[[4], [1, 2, 3]]",0.995690574
"[[4], [1, 2, 3]]",0.995669807
"[[4], [1, 2, 3]]",0.995670073
"[[4], [1, 2, 3]]",0.996154014
"[[4], [1, 2, 3]]",0.996377114
"[[4], [1, 2, 3]]",0.996668247
"[[4], [1, 2, 3]]",0.996670885
"[[4], [1, 2, 3]]",0.996676373
"[[4], [1, 2, 3]]",0.996700933
"[[4], [1, 2, 3]]",0.996576404
"[[4], [1, 2, 3]]",0.996287644
"[[4], [1, 2, 3]]",0.996141115
"[[4], [1, 2, 3]]",0.99627224
"[[4], [1, 2, 3]]",0.99628355
"[[4], [1, 2, 3]]",0.996169651
"[[4], [1, 2, 3]]",0.996055187
"[[4], [1, 2, 3]]",0.996081414
"[[4], [1, 2, 3]]",0.9957678
"[[4], [1, 2, 3]]",0.995811872
"[[4], [1, 2, 3]]",0.995851892
"[[4], [1, 2, 3]]",0.995854234
"[[4], [1, 2, 3]]",0.995838319
"[[4], [1, 2, 3]]",0.995819428
"[[4], [1, 2, 3]]",0.995892898
"[[4], [1, 2, 3]]",0.995876646
"[[4], [1, 2, 3]]",0.995872359
"[[4], [1, 2, 3]]",0.995833587
"[[4], [1, 2, 3]]",0.995771503
"[[4], [1, 2, 3]]",0.995669278
"[[4], [1, 2, 3]]",0.995585306
"[[4], [1, 2, 3]]",0.995521214
"[[4], [1, 2, 3]]",0.99546183
"[[4], [1, 2, 3]]",0.995347123
"[[4], [1, 2, 3]]",0.995198863
"[[4], [1, 2, 3]]",0.995280896
"[[4], [1, 2, 3]]",0.995100504
"[[4], [1, 2, 3]]",0.995078649
"[[4], [1, 2, 3]]",0.995065842
"[[4], [1, 2, 3]]",0.995208243
"[[4], [1, 2, 3]]",0.995299988
"[[4], [1, 2, 3]]",0.995207628
"[[4], [1, 2, 3]]",0.995135384
"[[4], [1, 2, 3]]",0.995265895
"[[4], [1, 2, 3]]",0.995393827
"[[4], [1, 2, 3]]",0.995478135
"[[4], [1, 2, 3]]",0.99543605
"[[4], [1, 2, 3]]",0.994417909
"[[4], [1, 2, 3]]",0.993891665
"[[4], [1, 2, 3]]",0.993842184
"[[4], [1, 2, 3]]",0.993798087
"[[4], [1, 2, 3]]",0.993719154
"[[4], [1, 2, 3]]",0.99368929
"[[4], [1, 2, 3]]",0.993598901
"[[4], [1, 2, 3]]",0.993479816
"[[4], [1, 2, 3]]",0.99336781
"[[4], [1, 2, 3]]",0.993305125
"[[4], [1, 2, 3]]",0.99288102
"[[4], [1, 2, 3]]",0.991355443
"[[4], [1, 2, 3]]",0.989974231
"[[4], [1, 2, 3]]",0.989035954
"[[4], [1, 2, 3]]",0.988874869
"[[4], [1, 2, 3]]",0.988891522
"[[4], [1, 2, 3]]",0.989073362
"[[4], [1, 2, 3]]",0.989291784
"[[4], [1, 2, 3]]",0.989252364
"[[4], [1, 2, 3]]",0.98923906
"[[4], [1, 2, 3]]",0.989150207
"[[4], [1, 2, 3]]",0.989234414
"[[4], [1, 2, 3]]",0.989296373
"[[4], [1, 2, 3]]",0.989267962
"[[4], [1, 2, 3]]",0.989179415
"[[4], [1, 2, 3]]",0.989139817
"[[4], [1, 2, 3]]",0.989190895
"[[4], [1, 2, 3]]",0.989177888
"[[4], [1, 2, 3]]",0.989158147
"[[4], [1, 2, 3]]",0.98912931
"[[4], [1, 2, 3]]",0.989100872
"[[4], [1, 2, 3]]",0.989039961
"[[4], [1, 2, 3]]",0.988985455
"[[4], [1, 2, 3]]",0.9889077
"[[4], [1, 2, 3]]",0.988864507
"[[4], [1, 2, 3]]",0.988911446
"[[4], [1, 2, 3]]",0.989084539
"[[4], [1, 2, 3]]",0.989179258
"[[4], [1, 2, 3]]",0.989070701
"[[4], [1, 2, 3]]",0.988914465
"[[4], [1, 2, 3]]",0.988652436
"[[4], [1, 2, 3]]",0.988422985
"[[4], [1, 2, 3]]",0.98827912
"[[4], [1, 2, 3]]",0.98812213
"[[4], [1, 2, 3]]",0.988060972
"[[4], [1, 2, 3]]",0.987924901
"[[4], [1, 2, 3]]",0.987774007
"[[1, 2], [3, 4]]",0.987702563
"[[4], [1, 2, 3]]",0.98866854
"[[4], [1, 2, 3]]",0.988915565
"[[4], [1, 2, 3]]",0.988878128
"[[4], [1, 2, 3]]",0.988861389
"[[1, 2], [3, 4]]",0.988838575
"[[1, 2], [3, 4]]",0.988885397
"[[4], [1, 2, 3]]",0.988959508
"[[4], [1, 2, 3]]",0.989037128
"[[4], [1, 2, 3]]",0.989099455
"[[4], [1, 2, 3]]",0.989126831
"[[4], [1, 2, 3]]",0.989601516
"[[4], [1, 2, 3]]",0.991585132
"[[4], [1, 2, 3]]",0.993720146
"[[4], [1, 2, 3]]",0.995289469
"[[4], [1, 2, 3]]",0.995380737
"[[4], [1, 2, 3]]",0.995003318
"[[4], [1, 2, 3]]",0.994752098
"[[4], [1, 2, 3]]",0.994420145
"[[4], [1, 2, 3]]",0.99420082
"[[4], [1, 2, 3]]",0.994004945
"[[4], [1, 2, 3]]",0.993880167
"[[4], [1, 2, 3]]",0.99369794
"[[4], [1, 2, 3]]",0.993715652
"[[4], [1, 2, 3]]",0.993718198
"[[4], [1, 2, 3]]",0.99405269
"[[4], [1, 2, 3]]",0.994263993
"[[4], [1, 2, 3]]",0.99435802
"[[4], [1, 2, 3]]",0.994376075
"[[4], [1, 2, 3]]",0.994432436
"[[4], [1, 2, 3]]",0.994557899
"[[4], [1, 2, 3]]",0.994712728
"[[4], [1, 2, 3]]",0.994843755
"[[4], [1, 2, 3]]",0.994902049
"[[4], [1, 2, 3]]",0.994842701
"[[4], [1, 2, 3]]",0.994532848
"[[4], [1, 2, 3]]",0.993820137
"[[4], [1, 2, 3]]",0.992669864
"[[4], [1, 2, 3]]",0.991698094
"[[4], [1, 2, 3]]",0.991075299
"[[4], [1, 2, 3]]",0.990824963
"[[4], [1, 2, 3]]",0.990756459
"[[4], [1, 2, 3]]",0.990910071
"[[4], [1, 2, 3]]",0.990914564
"[[4], [1, 2, 3]]",0.990937143
"[[4], [1, 2, 3]]",0.990866276
"[[4], [1, 2, 3]]",0.990830933
"[[4], [1, 2, 3]]",0.990864856
"[[4], [1, 2, 3]]",0.990800768
"[[4], [1, 2, 3]]",0.990903777
"[[4], [1, 2, 3]]",0.991400129
"[[4], [1, 2, 3]]",0.991354848
"[[4], [1, 2, 3]]",0.99136263
"[[4], [1, 2, 3]]",0.991361265
"[[4], [1, 2, 3]]",0.991427938
"[[4], [1, 2, 3]]",0.991554118
"[[4], [1, 2, 3]]",0.991661312
"[[4], [1, 2, 3]]",0.991736802
"[[4], [1, 2, 3]]",0.991831762
"[[4], [1, 2, 3]]",0.991939422
"[[4], [1, 2, 3]]",0.992019043
"[[4], [1, 2, 3]]",0.992054636
"[[4], [1, 2, 3]]",0.992136718
"[[4], [1, 2, 3]]",0.992281842
"[[4], [1, 2, 3]]",0.992324086
"[[4], [1, 2, 3]]",0.992220533
"[[4], [1, 2, 3]]",0.992232402
"[[4], [1, 2, 3]]",0.992162986
"[[4], [1, 2, 3]]",0.992151374
"[[4], [1, 2, 3]]",0.992104452
"[[4], [1, 2, 3]]",0.992044707
"[[4], [1, 2, 3]]",0.991920756
"[[4], [1, 2, 3]]",0.991773246
"[[4], [1, 2, 3]]",0.991755862
"[[4], [1, 2, 3]]",0.991754262
"[[4], [1, 2, 3]]",0.991782155
"[[4], [1, 2, 3]]",0.991787616
"[[4], [1, 2, 3]]",0.991780953
"[[4], [1, 2, 3]]",0.991791664
"[[4], [1, 2, 3]]",0.991808267
"[[4], [1, 2, 3]]",0.99191257
"[[4], [1, 2, 3]]",0.992012147
"[[4], [1, 2, 3]]",0.992263708
"[[4], [1, 2, 3]]",0.992693659
"[[4], [1, 2, 3]]",0.993507085
"[[4], [1, 2, 3]]",0.994975141
"[[4], [1, 2, 3]]",0.996235671
"[[4], [1, 2, 3]]",0.997135475
"[[4], [1, 2, 3]]",0.997616428
"[[4], [1, 2, 3]]",0.997993
"[[4], [1, 2, 3]]",0.997983562
"[[4], [1, 2, 3]]",0.997883857
"[[4], [1, 2, 3]]",0.997836215
"[[4], [1, 2, 3]]",0.997774561
"[[4], [1, 2, 3]]",0.997729468
"[[4], [1, 2, 3]]",0.997713809
"[[4], [1, 2, 3]]",0.99770261
"[[4], [1, 2, 3]]",0.99763243
"[[4], [1, 2, 3]]",0.996928872
"[[4], [1, 2, 3]]",0.996424976
"[[4], [1, 2, 3]]",0.996396619
"[[4], [1, 2, 3]]",0.996291411
"[[4], [1, 2, 3]]",0.995666194
"[[4], [1, 2, 3]]",0.995093405
"[[4], [1, 2, 3]]",0.994919951
"[[4], [1, 2, 3]]",0.99489399
"[[4], [1, 2, 3]]",0.99487595
"[[4], [1, 2, 3]]",0.994850401
"[[4], [1, 2, 3]]",0.994845103
"[[4], [1, 2, 3]]",0.994765308
"[[4], [1, 2, 3]]",0.994523207
"[[4], [1, 2, 3]]",0.994518383
"[[4], [1, 2, 3]]",0.994514244
"[[4], [1, 2, 3]]",0.994429544
"[[4], [1, 2, 3]]",0.994296578
"[[4], [1, 2, 3]]",0.994276441
"[[4], [1, 2, 3]]",0.994259928
"[[4], [1, 2, 3]]",0.994149268
"[[4], [1, 2, 3]]",0.994174449
"[[4], [1, 2, 3]]",0.99421768
"[[4], [1, 2, 3]]",0.994313625
"[[4], [1, 2, 3]]",0.994163323
"[[4], [1, 2, 3]]",0.99296359
"[[4], [1, 2, 3]]",0.988888178
"[[4], [1, 2, 3]]",0.985576233
"[[4], [1, 2, 3]]",0.982867001
"[[4], [1, 2, 3]]",0.980695138
"[[4], [1, 2, 3]]",0.979618628
"[[4], [1, 2, 3]]",0.978646356
"[[4], [1, 2, 3]]",0.978818038
"[[4], [1, 2, 3]]",0.978687993
"[[4], [1, 2, 3]]",0.978488575
"[[4], [1, 2, 3]]",0.978280032
"[[4], [1, 2, 3]]",0.978121748
"[[4], [1, 2, 3]]",0.977975813
"[[4], [1, 2, 3]]",0.977964053
"[[4], [1, 2, 3]]",0.977977074
"[[4], [1, 2, 3]]",0.978098637
"[[4], [1, 2, 3]]",0.978375653
"[[4], [1, 2, 3]]",0.978569304
"[[4], [1, 2, 3]]",0.978607883
"[[4], [1, 2, 3]]",0.978732273
"[[4], [1, 2, 3]]",0.978729809
"[[4], [1, 2, 3]]",0.978730139
"[[4], [1, 2, 3]]",0.978742232
"[[4], [1, 2, 3]]",0.978634874
"[[4], [1, 2, 3]]",0.978594222
"[[4], [1, 2, 3]]",0.978361413
"[[4], [1, 2, 3]]",0.978165311
"[[4], [1, 2, 3]]",0.977923426
"[[4], [1, 2, 3]]",0.977777914
"[[4], [1, 2, 3]]",0.976792002
"[[4], [1, 2, 3]]",0.975358608
"[[1, 2], [3, 4]]",0.974129743
"[[1, 2], [3, 4]]",0.973806039
"[[1, 2], [3, 4]]",0.97344192
"[[1, 2], [3, 4]]",0.973149748
"[[1, 2], [3, 4]]",0.972686978
"[[1, 2], [3, 4]]",0.972050586
"[[1, 2], [3, 4]]",0.971330575
"[[1, 2], [3, 4]]",0.970468758
"[[1, 2], [3, 4]]",0.970043118
"[[1, 2], [3, 4]]",0.969411655
"[[1, 2], [3, 4]]",0.968733066
"[[1, 2], [3, 4]]",0.968044909
"[[1, 2], [3, 4]]",0.967313561
"[[1, 2], [3, 4]]",0.966527905
"[[1, 2], [3, 4]]",0.965617837
"[[1, 2], [3, 4]]",0.964704922
"[[1, 2], [3, 4]]",0.96359696
"[[1, 2], [3, 4]]",0.963503896
"[[1, 2], [3, 4]]",0.966214661
"[[1, 2], [3, 4]]",0.9687601
"[[1, 2], [3, 4]]",0.970774281
"[[1, 2], [3, 4]]",0.969696592
"[[1, 2], [3, 4]]",0.967477469
"[[1, 2], [3, 4]]",0.969229418
"[[1, 2], [3, 4]]",0.968315979
"[[1, 2], [3, 4]]",0.966287382
"[[1, 2], [3, 4]]",0.965713056
"[[1, 2], [3, 4]]",0.965286192
"[[1, 2], [3, 4]]",0.96518358
"[[1, 2], [3, 4]]",0.965157917
"[[1, 2], [3, 4]]",0.964524518
"[[1, 2], [3, 4]]",0.963626538
"[[1, 2], [3, 4]]",0.962665004
"[[1, 2], [3, 4]]",0.961457038
"[[1, 2], [3, 4]]",0.960172064
"[[1, 2], [3, 4]]",0.959380862
"[[1, 2], [3, 4]]",0.958688752
"[[1, 2], [3, 4]]",0.957900195
"[[1, 2], [3, 4]]",0.957150883
"[[1, 2], [3, 4]]",0.956602799
"[[1, 2], [3, 4]]",0.956232277
"[[1, 2], [3, 4]]",0.955791254
"[[1, 2], [3, 4]]",0.955657835
"[[1, 2], [3, 4]]",0.955671892
"[[1, 2], [3, 4]]",0.955841151
"[[1, 2], [3, 4]]",0.956030386
"[[1, 2], [3, 4]]",0.957077485
"[[1, 2], [3, 4]]",0.958684407
"[[1, 2], [3, 4]]",0.960084106
"[[1, 2], [3, 4]]",0.960441978
"[[1, 2], [3, 4]]",0.960767068
"[[1, 2], [3, 4]]",0.960941314
"[[1, 2], [3, 4]]",0.961096087
"[[1, 2], [3, 4]]",0.961147086
"[[1, 2], [3, 4]]",0.961282506
"[[1, 2], [3, 4]]",0.961785832
"[[1, 2], [3, 4]]",0.961978504
"[[1, 2], [3, 4]]",0.962296939
"[[1, 2], [3, 4]]",0.962797715
"[[1, 2], [3, 4]]",0.963107489
"[[1, 2], [3, 4]]",0.963787581
"[[1, 2], [3, 4]]",0.964341547
"[[1, 2], [3, 4]]",0.964894327
"[[1, 2], [3, 4]]",0.965491408
"[[1, 2], [3, 4]]",0.965863075
"[[1, 2], [3, 4]]",0.965741368
"[[1, 2], [3, 4]]",0.966377503
"[[1, 2], [3, 4]]",0.967618611
"[[1, 2], [3, 4]]",0.970206798
"[[1, 2], [3, 4]]",0.976932
"[[1, 2], [3, 4]]",0.983141199
"[[1, 2], [3, 4]]",0.985329352
"[[1, 2], [3, 4]]",0.986059576
"[[1, 2], [3, 4]]",0.987386129
"[[1, 2], [3, 4]]",0.987476481
"[[1, 2], [3, 4]]",0.98732215
"[[1, 2], [3, 4]]",0.986276034
"[[1, 2], [3, 4]]",0.985698348
"[[1, 2], [3, 4]]",0.985890551
"[[4], [1, 2, 3]]",0.986309912
"[[4], [1, 2, 3]]",0.986523127
"[[4], [1, 2, 3]]",0.986982887
"[[4], [1, 2, 3]]",0.987893074
"[[4], [1, 2, 3]]",0.988366267
"[[4], [1, 2, 3]]",0.988820085
"[[4], [1, 2, 3]]",0.989332998
"[[4], [1, 2, 3]]",0.989923642
"[[4], [1, 2, 3]]",0.990409573
"[[4], [1, 2, 3]]",0.99055589
"[[4], [1, 2, 3]]",0.991192851
"[[4], [1, 2, 3]]",0.991453052
"[[4], [1, 2, 3]]",0.991606508
"[[4], [1, 2, 3]]",0.991626652
"[[4], [1, 2, 3]]",0.991686291
"[[4], [1, 2, 3]]",0.991753172
"[[4], [1, 2, 3]]",0.991830671
"[[4], [1, 2, 3]]",0.991825449
"[[4], [1, 2, 3]]",0.99178596
"[[4], [1, 2, 3]]",0.991843168
"[[4], [1, 2, 3]]",0.991843244
"[[4], [1, 2, 3]]",0.991859011
"[[4], [1, 2, 3]]",0.99185019
"[[4], [1, 2, 3]]",0.991812032
"[[4], [1, 2, 3]]",0.991667178
"[[4], [1, 2, 3]]",0.991506595
"[[4], [1, 2, 3]]",0.991157725
"[[4], [1, 2, 3]]",0.990920872
"[[4], [1, 2, 3]]",0.990804798
"[[4], [1, 2, 3]]",0.990628103
"[[4], [1, 2, 3]]",0.990621892
"[[4], [1, 2, 3]]",0.990684345
"[[4], [1, 2, 3]]",0.990604374
"[[4], [1, 2, 3]]",0.990672251
"[[4], [1, 2, 3]]",0.990907506
"[[4], [1, 2, 3]]",0.990842958
"[[4], [1, 2, 3]]",0.990791709
"[[4], [1, 2, 3]]",0.990825058
"[[4], [1, 2, 3]]",0.990831848
"[[4], [1, 2, 3]]",0.990824079
"[[4], [1, 2, 3]]",0.990823844
"[[4], [1, 2, 3]]",0.990822042
"[[4], [1, 2, 3]]",0.99083311
"[[4], [1, 2, 3]]",0.990852617
"[[4], [1, 2, 3]]",0.990886875
"[[4], [1, 2, 3]]",0.99168223
"[[4], [1, 2, 3]]",0.992177644
"[[4], [1, 2, 3]]",0.992424025
"[[4], [1, 2, 3]]",0.992489971
"[[4], [1, 2, 3]]",0.992701789
"[[4], [1, 2, 3]]",0.992787786
"[[4], [1, 2, 3]]",0.992601152
"[[4], [1, 2, 3]]",0.992444733
"[[4], [1, 2, 3]]",0.992256328
"[[4], [1, 2, 3]]",0.992121273
"[[4], [1, 2, 3]]",0.991905185
"[[4], [1, 2, 3]]",0.991779729
"[[4], [1, 2, 3]]",0.992194535
"[[4], [1, 2, 3]]",0.9922058
"[[4], [1, 2, 3]]",0.992148477
"[[4], [1, 2, 3]]",0.992086192
"[[4], [1, 2, 3]]",0.992126382
"[[4], [1, 2, 3]]",0.99212915
"[[4], [1, 2, 3]]",0.992122345
"[[4], [1, 2, 3]]",0.992096983
"[[4], [1, 2, 3]]",0.992083908
"[[4], [1, 2, 3]]",0.992078302
"[[4], [1, 2, 3]]",0.992065746
"[[4], [1, 2, 3]]",0.992058877
"[[4], [1, 2, 3]]",0.992098899
"[[4], [1, 2, 3]]",0.992077516
"[[4], [1, 2, 3]]",0.992034799
"[[4], [1, 2, 3]]",0.992105825
"[[4], [1, 2, 3]]",0.992239747
"[[4], [1, 2, 3]]",0.992689191
"[[4], [1, 2, 3]]",0.992726756
"[[4], [1, 2, 3]]",0.99284107
"[[4], [1, 2, 3]]",0.992847003
"[[4], [1, 2, 3]]",0.992731338
"[[4], [1, 2, 3]]",0.992654555
"[[4], [1, 2, 3]]",0.992626345
"[[4], [1, 2, 3]]",0.992637225
"[[4], [1, 2, 3]]",0.992610513
"[[4], [1, 2, 3]]",0.992674461
"[[4], [1, 2, 3]]",0.992721135
"[[4], [1, 2, 3]]",0.992683682
"[[4], [1, 2, 3]]",0.992678124
"[[4], [1, 2, 3]]",0.992696506
"[[4], [1, 2, 3]]",0.992726897
"[[4], [1, 2, 3]]",0.992727837
"[[4], [1, 2, 3]]",0.992717456
"[[4], [1, 2, 3]]",0.99271584
"[[4], [1, 2, 3]]",0.992895405
"[[4], [1, 2, 3]]",0.992446438
"[[4], [1, 2, 3]]",0.992377868
"[[4], [1, 2, 3]]",0.992377817
"[[4], [1, 2, 3]]",0.992420244
"[[4], [1, 2, 3]]",0.992224576
"[[4], [1, 2, 3]]",0.99217236
"[[4], [1, 2, 3]]",0.992470249
"[[4], [1, 2, 3]]",0.992655709
"[[4], [1, 2, 3]]",0.992903249
"[[4], [1, 2, 3]]",0.993104465
"[[4], [1, 2, 3]]",0.99332793
"[[4], [1, 2, 3]]",0.993479881
"[[4], [1, 2, 3]]",0.993425274
"[[4], [1, 2, 3]]",0.993409418
"[[4], [1, 2, 3]]",0.992957487
"[[4], [1, 2, 3]]",0.992572648
"[[4], [1, 2, 3]]",0.991562106
"[[4], [1, 2, 3]]",0.991539109
"[[4], [1, 2, 3]]",0.991531957
"[[4], [1, 2, 3]]",0.991462616
"[[4], [1, 2, 3]]",0.991410189
"[[4], [1, 2, 3]]",0.991399149
"[[4], [1, 2, 3]]",0.991361444
"[[4], [1, 2, 3]]",0.991330691
"[[4], [1, 2, 3]]",0.991285091
"[[4], [1, 2, 3]]",0.991238629
"[[4], [1, 2, 3]]",0.991277705
"[[4], [1, 2, 3]]",0.991317603
"[[4], [1, 2, 3]]",0.991560634
"[[4], [1, 2, 3]]",0.99168302
"[[4], [1, 2, 3]]",0.991994754
"[[4], [1, 2, 3]]",0.992237158
"[[4], [1, 2, 3]]",0.992495785
"[[4], [1, 2, 3]]",0.992857293
"[[4], [1, 2, 3]]",0.993177787
"[[4], [1, 2, 3]]",0.993387705
"[[4], [1, 2, 3]]",0.993422551
"[[4], [1, 2, 3]]",0.993349312
"[[4], [1, 2, 3]]",0.993320355
"[[4], [1, 2, 3]]",0.993461241
"[[4], [1, 2, 3]]",0.993318484
"[[4], [1, 2, 3]]",0.993117474
"[[4], [1, 2, 3]]",0.992817049
"[[4], [1, 2, 3]]",0.992506883
"[[4], [1, 2, 3]]",0.992182195
"[[4], [1, 2, 3]]",0.992010473
"[[4], [1, 2, 3]]",0.991736518
"[[4], [1, 2, 3]]",0.990742529
"[[4], [1, 2, 3]]",0.990551836
"[[4], [1, 2, 3]]",0.990138298
"[[4], [1, 2, 3]]",0.989948346
"[[4], [1, 2, 3]]",0.989888787
"[[4], [1, 2, 3]]",0.990343374
"[[1, 2], [3, 4]]",0.99086613
"[[4], [1, 2, 3]]",0.990804314
"[[1, 2], [3, 4]]",0.990910174
"[[1, 2], [3, 4]]",0.990973283
"[[4], [1, 2, 3]]",0.991087702
"[[1, 2], [3, 4]]",0.991174323
"[[4], [1, 2, 3]]",0.990877786
"[[4], [1, 2, 3]]",0.990408041
"[[4], [1, 2, 3]]",0.988688018
"[[4], [1, 2, 3]]",0.988020619
"[[4], [1, 2, 3]]",0.987366213
"[[4], [1, 2, 3]]",0.987037414
"[[4], [1, 2, 3]]",0.987177715
"[[4], [1, 2, 3]]",0.98727704
"[[4], [1, 2, 3]]",0.986807564
"[[4], [1, 2, 3]]",0.986147584
"[[4], [1, 2, 3]]",0.985820026
"[[4], [1, 2, 3]]",0.985368354
"[[4], [1, 2, 3]]",0.984784714
"[[4], [1, 2, 3]]",0.982797805
"[[4], [1, 2, 3]]",0.982315992
"[[4], [1, 2, 3]]",0.982239329
"[[4], [1, 2, 3]]",0.982736009
"[[4], [1, 2, 3]]",0.982832653
"[[4], [1, 2, 3]]",0.983161796
"[[4], [1, 2, 3]]",0.983294615
"[[4], [1, 2, 3]]",0.983242991
"[[4], [1, 2, 3]]",0.983077494
"[[4], [1, 2, 3]]",0.982905142
"[[4], [1, 2, 3]]",0.982816143
"[[4], [1, 2, 3]]",0.982747834
"[[4], [1, 2, 3]]",0.982781319
"[[4], [1, 2, 3]]",0.98226328
"[[4], [1, 2, 3]]",0.981781087
"[[4], [1, 2, 3]]",0.981571773
"[[4], [1, 2, 3]]",0.982232384
"[[4], [1, 2, 3]]",0.982860162
"[[4], [1, 2, 3]]",0.983686652
"[[4], [1, 2, 3]]",0.984494641
"[[4], [1, 2, 3]]",0.985409119
"[[4], [1, 2, 3]]",0.986131785
"[[4], [1, 2, 3]]",0.986096713
"[[4], [1, 2, 3]]",0.986185964
"[[4], [1, 2, 3]]",0.98603057
"[[4], [1, 2, 3]]",0.986035487
"[[4], [1, 2, 3]]",0.985633442
"[[4], [1, 2, 3]]",0.986349652
"[[4], [1, 2, 3]]",0.987100664
"[[4], [1, 2, 3]]",0.987410691
"[[4], [1, 2, 3]]",0.987347541
"[[4], [1, 2, 3]]",0.987740226
"[[4], [1, 2, 3]]",0.988051134
"[[4], [1, 2, 3]]",0.988065622
"[[4], [1, 2, 3]]",0.987969065
"[[4], [1, 2, 3]]",0.987848832
"[[4], [1, 2, 3]]",0.98783814
"[[4], [1, 2, 3]]",0.988345954
"[[4], [1, 2, 3]]",0.988587536
"[[4], [1, 2, 3]]",0.988822014
"[[4], [1, 2, 3]]",0.988976179
"[[4], [1, 2, 3]]",0.989028512
"[[4], [1, 2, 3]]",0.989066215
"[[4], [1, 2, 3]]",0.989327651
"[[4], [1, 2, 3]]",0.989742704
"[[4], [1, 2, 3]]",0.989954975
"[[4], [1, 2, 3]]",0.990130726
"[[4], [1, 2, 3]]",0.990353529
"[[4], [1, 2, 3]]",0.991864427
"[[4], [1, 2, 3]]",0.99211951
"[[4], [1, 2, 3]]",0.992328087
"[[4], [1, 2, 3]]",0.992256631
"[[4], [1, 2, 3]]",0.992600187
"[[4], [1, 2, 3]]",0.992834487
"[[4], [1, 2, 3]]",0.992992105
"[[4], [1, 2, 3]]",0.993232441
"[[4], [1, 2, 3]]",0.993477101
"[[4], [1, 2, 3]]",0.993739608
"[[4], [1, 2, 3]]",0.99395894
"[[4], [1, 2, 3]]",0.993990496
"[[4], [1, 2, 3]]",0.991637787
"[[4], [1, 2, 3]]",0.990891565
"[[4], [1, 2, 3]]",0.99048515
"[[4], [1, 2, 3]]",0.990578116
"[[4], [1, 2, 3]]",0.990515614
"[[4], [1, 2, 3]]",0.99052238
"[[4], [1, 2, 3]]",0.990487124
"[[4], [1, 2, 3]]",0.9905007
"[[4], [1, 2, 3]]",0.990447563
"[[4], [1, 2, 3]]",0.990403623
"[[4], [1, 2, 3]]",0.990359527
"[[4], [1, 2, 3]]",0.989501594
"[[4], [1, 2, 3]]",0.989495951
"[[4], [1, 2, 3]]",0.989491418
"[[4], [1, 2, 3]]",0.989849954
"[[4], [1, 2, 3]]",0.989816346
"[[4], [1, 2, 3]]",0.989708876
"[[4], [1, 2, 3]]",0.989759673
"[[4], [1, 2, 3]]",0.989990511
"[[4], [1, 2, 3]]",0.990032379
"[[4], [1, 2, 3]]",0.990018397
"[[4], [1, 2, 3]]",0.990066904
"[[4], [1, 2, 3]]",0.99010926
"[[4], [1, 2, 3]]",0.990195722
"[[4], [1, 2, 3]]",0.990325498
"[[4], [1, 2, 3]]",0.989437229
"[[4], [1, 2, 3]]",0.98924483
"[[4], [1, 2, 3]]",0.989183082
"[[4], [1, 2, 3]]",0.989173719
"[[4], [1, 2, 3]]",0.989133479
"[[4], [1, 2, 3]]",0.989147047
"[[4], [1, 2, 3]]",0.989152674
"[[4], [1, 2, 3]]",0.98908811
"[[4], [1, 2, 3]]",0.988350891
"[[4], [1, 2, 3]]",0.987285492
"[[4], [1, 2, 3]]",0.986514317
"[[4], [1, 2, 3]]",0.985587083
"[[4], [1, 2, 3]]",0.985407608
"[[4], [1, 2, 3]]",0.985336096
"[[4], [1, 2, 3]]",0.984941953
"[[4], [1, 2, 3]]",0.984670471
"[[4], [1, 2, 3]]",0.984563515
"[[4], [1, 2, 3]]",0.984445201
"[[4], [1, 2, 3]]",0.984326886
"[[4], [1, 2, 3]]",0.984344837
"[[4], [1, 2, 3]]",0.984316169
"[[4], [1, 2, 3]]",0.984252986
"[[4], [1, 2, 3]]",0.984196076
"[[4], [1, 2, 3]]",0.985946081
"[[4], [1, 2, 3]]",0.98549675
"[[4], [1, 2, 3]]",0.985882521
"[[4], [1, 2, 3]]",0.985763599
"[[1, 2], [3, 4]]",0.985698255
"[[1, 2], [3, 4]]",0.985549899
"[[1, 2], [3, 4]]",0.985175885
"[[1, 2], [3, 4]]",0.984905572
"[[1, 2], [3, 4]]",0.983529298
"[[1, 2], [3, 4]]",0.983438889
"[[1, 2], [3, 4]]",0.983344392
"[[1, 2], [3, 4]]",0.983910167
"[[1, 2], [3, 4]]",0.983595438
"[[1, 2], [3, 4]]",0.983555836
"[[1, 2], [3, 4]]",0.983466502
"[[1, 2], [3, 4]]",0.983479279
"[[1, 2], [3, 4]]",0.983405059
"[[1, 2], [3, 4]]",0.9833585
"[[1, 2], [3, 4]]",0.983131387
"[[1, 2], [3, 4]]",0.982980461
"[[1, 2], [3, 4]]",0.982936279
"[[1, 2], [3, 4]]",0.982960536
"[[1, 2], [3, 4]]",0.982986408
"[[1, 2], [3, 4]]",0.982885553
"[[1, 2], [3, 4]]",0.98269454
"[[1, 2], [3, 4]]",0.983464161
"[[1, 2], [3, 4]]",0.983435791
"[[1, 2], [3, 4]]",0.983326546
"[[1, 2], [3, 4]]",0.983242426
"[[1, 2], [3, 4]]",0.983154426
"[[1, 2], [3, 4]]",0.983032654
"[[1, 2], [3, 4]]",0.982927054
"[[1, 2], [3, 4]]",0.982737066
"[[1, 2], [3, 4]]",0.983334017
"[[1, 2], [3, 4]]",0.982684704
"[[1, 2], [3, 4]]",0.983282139
"[[1, 2], [3, 4]]",0.984187633
"[[1, 2], [3, 4]]",0.983828981
"[[1, 2], [3, 4]]",0.983798377
"[[1, 2], [3, 4]]",0.984167197
"[[1, 2], [3, 4]]",0.984370106
"[[1, 2], [3, 4]]",0.984145623
"[[1, 2], [3, 4]]",0.984157513
"[[1, 2], [3, 4]]",0.984270388
"[[1, 2], [3, 4]]",0.984169545
"[[1, 2], [3, 4]]",0.984022354
"[[1, 2], [3, 4]]",0.98363369
"[[1, 2], [3, 4]]",0.983479246
"[[1, 2], [3, 4]]",0.983572318
"[[1, 2], [3, 4]]",0.983096195
"[[1, 2], [3, 4]]",0.979695579
"[[1, 2], [3, 4]]",0.978042464
"[[1, 2], [3, 4]]",0.976722612
"[[1, 2], [3, 4]]",0.975692811
"[[1, 2], [3, 4]]",0.975180681
"[[1, 2], [3, 4]]",0.974307575
"[[1, 2], [3, 4]]",0.974766528
"[[1, 2], [3, 4]]",0.973507531
"[[1, 2], [3, 4]]",0.972603808
"[[1, 2], [3, 4]]",0.971620951
"[[1, 2], [3, 4]]",0.970307688
"[[1, 2], [3, 4]]",0.970185568
"[[1, 2], [3, 4]]",0.970170962
"[[1, 2], [3, 4]]",0.970440616
"[[1, 2], [3, 4]]",0.97093505
"[[1, 2], [3, 4]]",0.971526986
"[[1, 2], [3, 4]]",0.971916134
"[[1, 2], [3, 4]]",0.972299968
"[[1, 2], [3, 4]]",0.972634568
"[[1, 2], [3, 4]]",0.972920125
"[[1, 2], [3, 4]]",0.973079408
"[[1, 2], [3, 4]]",0.973326147
"[[1, 2], [3, 4]]",0.973215598
"[[1, 2], [3, 4]]",0.972685105
"[[1, 2], [3, 4]]",0.972966888
"[[1, 2], [3, 4]]",0.973062431
"[[1, 2], [3, 4]]",0.973060993
"[[1, 2], [3, 4]]",0.973076261
"[[1, 2], [3, 4]]",0.973121492
"[[4], [1, 2, 3]]",0.973157801
"[[4], [1, 2, 3]]",0.973196434
"[[4], [1, 2, 3]]",0.97323833
"[[4], [1, 2, 3]]",0.974064866
"[[4], [1, 2, 3]]",0.973034665
"[[4], [1, 2, 3]]",0.971944659
"[[4], [1, 2, 3]]",0.971937643
"[[4], [1, 2, 3]]",0.972053444
"[[4], [1, 2, 3]]",0.97236507
"[[4], [1, 2, 3]]",0.972679551
"[[4], [1, 2, 3]]",0.972916861
"[[4], [1, 2, 3]]",0.973218223
"[[4], [1, 2, 3]]",0.973377578
"[[4], [1, 2, 3]]",0.973603442
"[[4], [1, 2, 3]]",0.973850503
"[[4], [1, 2, 3]]",0.974450723
"[[4], [1, 2, 3]]",0.974712559
"[[4], [1, 2, 3]]",0.974874015
"[[4], [1, 2, 3]]",0.975222453
"[[4], [1, 2, 3]]",0.976331096
"[[4], [1, 2, 3]]",0.976662013
"[[4], [1, 2, 3]]",0.976861756
"[[4], [1, 2, 3]]",0.977163753
"[[4], [1, 2, 3]]",0.977519209
"[[4], [1, 2, 3]]",0.978138853
"[[4], [1, 2, 3]]",0.978759287
"[[4], [1, 2, 3]]",0.979726909
"[[4], [1, 2, 3]]",0.980618089
"[[4], [1, 2, 3]]",0.981772685
"[[4], [1, 2, 3]]",0.98342039
"[[4], [1, 2, 3]]",0.983617477
"[[4], [1, 2, 3]]",0.983982354
"[[4], [1, 2, 3]]",0.984033548
"[[4], [1, 2, 3]]",0.984104403
"[[4], [1, 2, 3]]",0.984044302
"[[4], [1, 2, 3]]",0.983741845
"[[4], [1, 2, 3]]",0.983624903
"[[4], [1, 2, 3]]",0.983418247
"[[4], [1, 2, 3]]",0.983131217
"[[4], [1, 2, 3]]",0.982883202
"[[4], [1, 2, 3]]",0.982410503
"[[1, 2], [3, 4]]",0.982696429
"[[1, 2], [3, 4]]",0.983267245
"[[1, 2], [3, 4]]",0.982723398
"[[1, 2], [3, 4]]",0.982703275
"[[1, 2], [3, 4]]",0.982471102
"[[4], [1, 2, 3]]",0.982293955
"[[4], [1, 2, 3]]",0.982310241
"[[4], [1, 2, 3]]",0.982453896
"[[4], [1, 2, 3]]",0.982336032
"[[4], [1, 2, 3]]",0.982297938
"[[4], [1, 2, 3]]",0.982486381
"[[4], [1, 2, 3]]",0.984595665
"[[4], [1, 2, 3]]",0.986986553
"[[4], [1, 2, 3]]",0.98759318
"[[4], [1, 2, 3]]",0.987775179
"[[4], [1, 2, 3]]",0.987772496
"[[4], [1, 2, 3]]",0.987681475
"[[4], [1, 2, 3]]",0.987518025
"[[4], [1, 2, 3]]",0.987506696
"[[4], [1, 2, 3]]",0.987371865
"[[4], [1, 2, 3]]",0.987305981
"[[4], [1, 2, 3]]",0.987254035
"[[4], [1, 2, 3]]",0.987186479
"[[4], [1, 2, 3]]",0.987129754
"[[4], [1, 2, 3]]",0.987388936
"[[4], [1, 2, 3]]",0.988261546
"[[4], [1, 2, 3]]",0.988262767
"[[4], [1, 2, 3]]",0.988296412
"[[4], [1, 2, 3]]",0.988362125
"[[4], [1, 2, 3]]",0.988356579
"[[4], [1, 2, 3]]",0.988317245
"[[4], [1, 2, 3]]",0.988306415
"[[4], [1, 2, 3]]",0.988264565
"[[4], [1, 2, 3]]",0.988244645
"[[4], [1, 2, 3]]",0.988461881
"[[4], [1, 2, 3]]",0.988470929
"[[4], [1, 2, 3]]",0.988702976
"[[4], [1, 2, 3]]",0.98929051
"[[4], [1, 2, 3]]",0.989210135
"[[4], [1, 2, 3]]",0.989075604
"[[4], [1, 2, 3]]",0.988938418
"[[4], [1, 2, 3]]",0.988825508
"[[4], [1, 2, 3]]",0.988878405
"[[4], [1, 2, 3]]",0.988843721
"[[4], [1, 2, 3]]",0.988846169
"[[4], [1, 2, 3]]",0.988902007
"[[4], [1, 2, 3]]",0.988856113
"[[4], [1, 2, 3]]",0.988954335
"[[4], [1, 2, 3]]",0.989470615
"[[4], [1, 2, 3]]",0.990928122
"[[4], [1, 2, 3]]",0.99192287
"[[4], [1, 2, 3]]",0.992324879
"[[4], [1, 2, 3]]",0.993300636
"[[4], [1, 2, 3]]",0.994349757
"[[4], [1, 2, 3]]",0.995192811
"[[1, 2], [3, 4]]",0.995268897
"[[3, 4], [1, 2]]",0.995223648
"[[1, 2], [3, 4]]",0.995186676
"[[1, 2], [3, 4]]",0.995179133
"[[1, 2], [3, 4]]",0.995195914
"[[1, 2], [3, 4]]",0.995876525
"[[1, 2], [3, 4]]",0.995837477
"[[1, 2], [3, 4]]",0.996022521
"[[1, 2], [3, 4]]",0.995700118
"[[1, 2], [3, 4]]",0.995342226
"[[1, 2], [3, 4]]",0.995043256
"[[1, 2], [3, 4]]",0.994815125
"[[1, 2], [3, 4]]",0.994493654
"[[1, 2], [3, 4]]",0.99416606
"[[1, 2], [3, 4]]",0.993849238
"[[1, 2], [3, 4]]",0.993520557
"[[1, 2], [3, 4]]",0.993308118
"[[1, 2], [3, 4]]",0.993325015
"[[1, 2], [3, 4]]",0.994888945
"[[1, 2], [3, 4]]",0.995403019
"[[1, 2], [3, 4]]",0.995519164
"[[1, 2], [3, 4]]",0.995862019
"[[1, 2], [3, 4]]",0.995859828
"[[1, 2], [3, 4]]",0.995836598
"[[1, 2], [3, 4]]",0.995858003
"[[1, 2], [3, 4]]",0.995860241
"[[1, 2], [3, 4]]",0.995898165
"[[1, 2], [3, 4]]",0.995913129
"[[1, 2], [3, 4]]",0.9956312
"[[1, 2], [3, 4]]",0.995520772
"[[1, 2], [3, 4]]",0.994953225
"[[1, 2], [3, 4]]",0.994927677
"[[1, 2], [3, 4]]",0.994872218
"[[1, 2], [3, 4]]",0.994450606
"[[1, 2], [3, 4]]",0.994200053
"[[1, 2], [3, 4]]",0.993977763
"[[1, 2], [3, 4]]",0.993706901
"[[1, 2], [3, 4]]",0.993437372
"[[1, 2], [3, 4]]",0.993273907
"[[1, 2], [3, 4]]",0.993105631
"[[1, 2], [3, 4]]",0.992959485
"[[1, 2], [3, 4]]",0.99297672
"[[1, 2], [3, 4]]",0.992945947
"[[1, 2], [3, 4]]",0.992965039
"[[1, 2], [3, 4]]",0.993006602
"[[1, 2], [3, 4]]",0.993138177
"[[1, 2], [3, 4]]",0.992083507
"[[1, 2], [3, 4]]",0.992081436
"[[1, 2], [3, 4]]",0.991929888
"[[1, 2], [3, 4]]",0.991915239
"[[1, 2], [3, 4]]",0.991986908
"[[1, 2], [3, 4]]",0.992033019
"[[1, 2], [3, 4]]",0.992231674
"[[1, 2], [3, 4]]",0.991953983
"[[1, 2], [3, 4]]",0.991931505
"[[1, 2], [3, 4]]",0.991962877
"[[1, 2], [3, 4]]",0.992145295
"[[1, 2], [3, 4]]",0.992228823
"[[1, 2], [3, 4]]",0.992368147
"[[1, 2], [3, 4]]",0.992477577
"[[1, 2], [3, 4]]",0.992658427
"[[1, 2], [3, 4]]",0.992873166
"[[4], [1, 2, 3]]",0.993078476
"[[1, 2], [3, 4]]",0.993319784
"[[1, 2], [3, 4]]",0.993479983
"[[4], [1, 2, 3]]",0.993451548
"[[4], [1, 2, 3]]",0.993082801
"[[4], [1, 2, 3]]",0.992525729
"[[4], [1, 2, 3]]",0.992389545
"[[4], [1, 2, 3]]",0.991886847
"[[4], [1, 2, 3]]",0.991256387
"[[4], [1, 2, 3]]",0.991274581
"[[4], [1, 2, 3]]",0.991276608
"[[4], [1, 2, 3]]",0.991261711
"[[4], [1, 2, 3]]",0.99125002
"[[4], [1, 2, 3]]",0.991247657
"[[4], [1, 2, 3]]",0.991344614
"[[4], [1, 2, 3]]",0.991228484
"[[4], [1, 2, 3]]",0.99147235
"[[4], [1, 2, 3]]",0.991386724
"[[4], [1, 2, 3]]",0.991430274
"[[4], [1, 2, 3]]",0.991896145
"[[4], [1, 2, 3]]",0.992153449
"[[4], [1, 2, 3]]",0.992424849
"[[4], [1, 2, 3]]",0.992700978
"[[4], [1, 2, 3]]",0.993031639
"[[4], [1, 2, 3]]",0.993191825
"[[4], [1, 2, 3]]",0.993451603
"[[4], [1, 2, 3]]",0.993716302
"[[4], [1, 2, 3]]",0.993652877
"[[4], [1, 2, 3]]",0.99322227
"[[4], [1, 2, 3]]",0.993283935
"[[4], [1, 2, 3]]",0.993241159
"[[4], [1, 2, 3]]",0.992148845
"[[4], [1, 2, 3]]",0.992807359
"[[1, 2], [3, 4]]",0.992679253
"[[1, 2], [3, 4]]",0.992768869
"[[1, 2], [3, 4]]",0.992773698
"[[1, 2], [3, 4]]",0.992724171
"[[1, 2], [3, 4]]",0.992680054
"[[1, 2], [3, 4]]",0.992653742
"[[1, 2], [3, 4]]",0.992836401
"[[1, 2], [3, 4]]",0.99282472
"[[1, 2], [3, 4]]",0.992796085
"[[1, 2], [3, 4]]",0.992734752
"[[1, 2], [3, 4]]",0.992851222
"[[1, 2], [3, 4]]",0.992898815
"[[1, 2], [3, 4]]",0.99294382
"[[1, 2], [3, 4]]",0.992991852
"[[1, 2], [3, 4]]",0.992997586
"[[1, 2], [3, 4]]",0.992959017
"[[1, 2], [3, 4]]",0.992960335
"[[1, 2], [3, 4]]",0.993001318
"[[1, 2], [3, 4]]",0.992968727
"[[1, 2], [3, 4]]",0.992652219
"[[1, 2], [3, 4]]",0.993137114
"[[1, 2], [3, 4]]",0.993290659
"[[1, 2], [3, 4]]",0.993833977
"[[1, 2], [3, 4]]",0.989369731
"[[1, 2], [3, 4]]",0.98904772
"[[1, 2], [3, 4]]",0.989000229
"[[1, 2], [3, 4]]",0.988957099
"[[1, 2], [3, 4]]",0.988954392
"[[1, 2], [3, 4]]",0.988925786
"[[1, 2], [3, 4]]",0.988896094
"[[1, 2], [3, 4]]",0.989427228
"[[1, 2], [3, 4]]",0.989570678
"[[1, 2], [3, 4]]",0.989637055
"[[1, 2], [3, 4]]",0.98960677
"[[1, 2], [3, 4]]",0.98952193
"[[1, 2], [3, 4]]",0.989501879
"[[1, 2], [3, 4]]",0.989404746
"[[1, 2], [3, 4]]",0.98930743
"[[1, 2], [3, 4]]",0.989261989
"[[1, 2], [3, 4]]",0.989204488
"[[1, 2], [3, 4]]",0.989166741
"[[1, 2], [3, 4]]",0.989157675
"[[1, 2], [3, 4]]",0.989117466
"[[1, 2], [3, 4]]",0.987316235
"[[1, 2], [3, 4]]",0.98683378
"[[1, 2], [3, 4]]",0.986912617
"[[1, 2], [3, 4]]",0.987999839
"[[1, 2], [3, 4]]",0.987988243
"[[1, 2], [3, 4]]",0.988085048
"[[1, 2], [3, 4]]",0.98808338
"[[1, 2], [3, 4]]",0.988092156
"[[1, 2], [3, 4]]",0.988080108
"[[1, 2], [3, 4]]",0.98798027
"[[1, 2], [3, 4]]",0.987454494
"[[1, 2], [3, 4]]",0.98725556
"[[1, 2], [3, 4]]",0.987120235
"[[1, 2], [3, 4]]",0.987127236
"[[1, 2], [3, 4]]",0.987120119
"[[1, 2], [3, 4]]",0.987024504
"[[1, 2], [3, 4]]",0.98699723
"[[1, 2], [3, 4]]",0.986748859
"[[1, 2], [3, 4]]",0.986611885
"[[1, 2], [3, 4]]",0.986418898
"[[1, 2], [3, 4]]",0.986224686
"[[1, 2], [3, 4]]",0.985987027
"[[1, 2], [3, 4]]",0.985854028
"[[1, 2], [3, 4]]",0.985986667
"[[1, 2], [3, 4]]",0.986437962
"[[1, 2], [3, 4]]",0.985993181
"[[1, 2], [3, 4]]",0.986000185
"[[1, 2], [3, 4]]",0.985955965
"[[1, 2], [3, 4]]",0.990894083
"[[1, 2], [3, 4]]",0.991159498
"[[1, 2], [3, 4]]",0.991165886
"[[1, 2], [3, 4]]",0.991229554
"[[1, 2], [3, 4]]",0.99122368
"[[1, 2], [3, 4]]",0.991232834
"[[1, 2], [3, 4]]",0.990883078
"[[1, 2], [3, 4]]",0.99050914
"[[1, 2], [3, 4]]",0.990512702
"[[1, 2], [3, 4]]",0.990484241
"[[1, 2], [3, 4]]",0.990518176
"[[1, 2], [3, 4]]",0.990305275
"[[1, 2], [3, 4]]",0.990104456
"[[1, 2], [3, 4]]",0.989813333
"[[1, 2], [3, 4]]",0.989598498
"[[1, 2], [3, 4]]",0.989433907
"[[1, 2], [3, 4]]",0.989227386
"[[1, 2], [3, 4]]",0.989176313
"[[1, 2], [3, 4]]",0.989084257
"[[1, 2], [3, 4]]",0.988809564
"[[1, 2], [3, 4]]",0.991049267
"[[1, 2], [3, 4]]",0.991727558
"[[1, 2], [3, 4]]",0.991754123
"[[1, 2], [3, 4]]",0.991620772
"[[1, 2], [3, 4]]",0.991455043
"[[1, 2], [3, 4]]",0.991316947
"[[1, 2], [3, 4]]",0.991244773
"[[1, 2], [3, 4]]",0.991278711
"[[1, 2], [3, 4]]",0.991200551
"[[1, 2], [3, 4]]",0.991195069
"[[1, 2], [3, 4]]",0.991496913
"[[1, 2], [3, 4]]",0.990836381
"[[1, 2], [3, 4]]",0.990831088
"[[1, 2], [3, 4]]",0.990777034
"[[1, 2], [3, 4]]",0.990891806
"[[1, 2], [3, 4]]",0.991057676
"[[4], [1, 2, 3]]",0.990920614
"[[1, 2], [3, 4]]",0.990767919
"[[4], [1, 2, 3]]",0.990593307
"[[4], [1, 2, 3]]",0.990313031
"[[4], [1, 2, 3]]",0.990116102
"[[4], [1, 2, 3]]",0.990040742
"[[4], [1, 2, 3]]",0.989953704
"[[4], [1, 2, 3]]",0.989954351
"[[4], [1, 2, 3]]",0.990372981
"[[1, 2], [3, 4]]",0.990849426
"[[4], [1, 2, 3]]",0.990824333
"[[4], [1, 2, 3]]",0.990831902
"[[4], [1, 2, 3]]",0.990649638
"[[4], [1, 2, 3]]",0.9905644
"[[4], [1, 2, 3]]",0.9904115
"[[4], [1, 2, 3]]",0.990219026
"[[4], [1, 2, 3]]",0.990139232
"[[4], [1, 2, 3]]",0.990093124
"[[4], [1, 2, 3]]",0.990368846
"[[4], [1, 2, 3]]",0.989825868
"[[4], [1, 2, 3]]",0.989408757
"[[4], [1, 2, 3]]",0.98943803
"[[4], [1, 2, 3]]",0.989517346
"[[4], [1, 2, 3]]",0.989753588
"[[4], [1, 2, 3]]",0.989688141
"[[4], [1, 2, 3]]",0.989822083
"[[4], [1, 2, 3]]",0.989961165
"[[4], [1, 2, 3]]",0.98994526
"[[4], [1, 2, 3]]",0.98982767
"[[4], [1, 2, 3]]",0.989474602
"[[4], [1, 2, 3]]",0.989421398
"[[4], [1, 2, 3]]",0.989825221
"[[4], [1, 2, 3]]",0.98970528
"[[4], [1, 2, 3]]",0.989754378
"[[4], [1, 2, 3]]",0.989618396
"[[4], [1, 2, 3]]",0.989670917
"[[4], [1, 2, 3]]",0.989771425
"[[4], [1, 2, 3]]",0.989860429
"[[4], [1, 2, 3]]",0.98985368
"[[4], [1, 2, 3]]",0.989589878
"[[4], [1, 2, 3]]",0.989599133
"[[4], [1, 2, 3]]",0.989732318
"[[4], [1, 2, 3]]",0.989881794
"[[4], [1, 2, 3]]",0.990523165
"[[4], [1, 2, 3]]",0.990581243
"[[4], [1, 2, 3]]",0.99059053
"[[4], [1, 2, 3]]",0.990484275
"[[4], [1, 2, 3]]",0.990073728
"[[4], [1, 2, 3]]",0.990121251
"[[4], [1, 2, 3]]",0.990144831
"[[4], [1, 2, 3]]",0.99018882
"[[4], [1, 2, 3]]",0.990295357
"[[4], [1, 2, 3]]",0.990370285
"[[4], [1, 2, 3]]",0.990269
"[[4], [1, 2, 3]]",0.990275426
"[[4], [1, 2, 3]]",0.990144747
"[[4], [1, 2, 3]]",0.990003566
"[[4], [1, 2, 3]]",0.990140908
"[[4], [1, 2, 3]]",0.990129787
"[[4], [1, 2, 3]]",0.990193221
"[[4], [1, 2, 3]]",0.990339497
"[[4], [1, 2, 3]]",0.990337323
"[[4], [1, 2, 3]]",0.990472385
"[[4], [1, 2, 3]]",0.990659262
"[[4], [1, 2, 3]]",0.990837896
"[[4], [1, 2, 3]]",0.990999093
"[[4], [1, 2, 3]]",0.9913035
"[[4], [1, 2, 3]]",0.992545357
"[[4], [1, 2, 3]]",0.993286734
"[[4], [1, 2, 3]]",0.993428929
"[[4], [1, 2, 3]]",0.99351096
"[[4], [1, 2, 3]]",0.993483091
"[[4], [1, 2, 3]]",0.993551739
"[[4], [1, 2, 3]]",0.993636263
"[[4], [1, 2, 3]]",0.993633668
"[[4], [1, 2, 3]]",0.993654172
"[[4], [1, 2, 3]]",0.993868823
"[[4], [1, 2, 3]]",0.994142648
"[[4], [1, 2, 3]]",0.994127067
"[[4], [1, 2, 3]]",0.994110333
"[[4], [1, 2, 3]]",0.994619688
"[[4], [1, 2, 3]]",0.99462717
"[[4], [1, 2, 3]]",0.994641498
"[[1, 2], [3, 4]]",0.994685
"[[1, 2], [3, 4]]",0.994727596
"[[1, 2], [3, 4]]",0.994757301
"[[1, 2], [3, 4]]",0.994798387
"[[1, 2], [3, 4]]",0.994898021
"[[1, 2], [3, 4]]",0.994856252
"[[1, 2], [3, 4]]",0.994860902
"[[1, 2], [3, 4]]",0.995146815
"[[1, 2], [3, 4]]",0.995040246
"[[1, 2], [3, 4]]",0.995125155
"[[1, 2], [3, 4]]",0.995351252
"[[1, 2], [3, 4]]",0.995294807
"[[1, 2], [3, 4]]",0.995478364
"[[1, 2], [3, 4]]",0.995538643
"[[1, 2], [3, 4]]",0.995712257
"[[1, 2], [3, 4]]",0.995847753
"[[1, 2], [3, 4]]",0.996056438
"[[1, 2], [3, 4]]",0.996226831
"[[1, 2], [3, 4]]",0.996523135
"[[1, 2], [3, 4]]",0.996656742
"[[1, 2], [3, 4]]",0.996656443
"[[1, 2], [3, 4]]",0.996525709
"[[1, 2], [3, 4]]",0.996365813
"[[1, 2], [3, 4]]",0.996320388
"[[1, 2], [3, 4]]",0.996268675
"[[1, 2], [3, 4]]",0.996294943
"[[1, 2], [3, 4]]",0.996429847
"[[1, 2], [3, 4]]",0.996528969
"[[1, 2], [3, 4]]",0.996609506
"[[1, 2], [3, 4]]",0.996639801
"[[1, 2], [3, 4]]",0.996666696
"[[1, 2], [3, 4]]",0.995899877
"[[1, 2], [3, 4]]",0.995389956
"[[1, 2], [3, 4]]",0.995214543
"[[1, 2], [3, 4]]",0.995106848
"[[1, 2], [3, 4]]",0.995040706
"[[1, 2], [3, 4]]",0.995134668
"[[1, 2], [3, 4]]",0.99536641
"[[1, 2], [3, 4]]",0.995386838
"[[1, 2], [3, 4]]",0.995472856
"[[1, 2], [3, 4]]",0.995591752
"[[1, 2], [3, 4]]",0.995624821
"[[1, 2], [3, 4]]",0.99571458
"[[1, 2], [3, 4]]",0.995862417
"[[1, 2], [3, 4]]",0.995369902
"[[1, 2], [3, 4]]",0.994568478
"[[1, 2], [3, 4]]",0.994563387
"[[1, 2], [3, 4]]",0.994665416
"[[1, 2], [3, 4]]",0.994631786
"[[1, 2], [3, 4]]",0.99457875
"[[1, 2], [3, 4]]",0.994549302
"[[1, 2], [3, 4]]",0.994417532
"[[1, 2], [3, 4]]",0.994248502
"[[1, 2], [3, 4]]",0.994180167
"[[1, 2], [3, 4]]",0.994252942
"[[1, 2], [3, 4]]",0.994021536
"[[1, 2], [3, 4]]",0.993985137
"[[1, 2], [3, 4]]",0.994006667
"[[1, 2], [3, 4]]",0.993962309
"[[1, 2], [3, 4]]",0.994148297
"[[4], [1, 2, 3]]",0.994343226
"[[1, 2], [3, 4]]",0.994358228
"[[1, 2], [3, 4]]",0.994063032
"[[1, 2], [3, 4]]",0.993889613
"[[4], [1, 2, 3]]",0.994021274
"[[4], [1, 2, 3]]",0.993867239
"[[4], [1, 2, 3]]",0.993721035
"[[4], [1, 2, 3]]",0.993383294
"[[1, 2], [3, 4]]",0.993054234
"[[1, 2], [3, 4]]",0.992977808
"[[1, 2], [3, 4]]",0.99303256
"[[1, 2], [3, 4]]",0.99280102
"[[1, 2], [3, 4]]",0.992658861
"[[1, 2], [3, 4]]",0.992597474
"[[1, 2], [3, 4]]",0.992630416
"[[1, 2], [3, 4]]",0.992569663
"[[1, 2], [3, 4]]",0.992493307
"[[1, 2], [3, 4]]",0.992290961
"[[1, 2], [3, 4]]",0.992288007
"[[1, 2], [3, 4]]",0.992557031
"[[1, 2], [3, 4]]",0.992781742
"[[1, 2], [3, 4]]",0.992907843
"[[1, 2], [3, 4]]",0.992936624
"[[1, 2], [3, 4]]",0.992815744
"[[1, 2], [3, 4]]",0.992490736
"[[1, 2], [3, 4]]",0.992039265
"[[1, 2], [3, 4]]",0.991836498
"[[1, 2], [3, 4]]",0.991789509
"[[1, 2], [3, 4]]",0.991593176
"[[1, 2], [3, 4]]",0.991540296
"[[1, 2], [3, 4]]",0.991393434
"[[1, 2], [3, 4]]",0.991408396
"[[1, 2], [3, 4]]",0.991724682
"[[1, 2], [3, 4]]",0.991450961
"[[1, 2], [3, 4]]",0.991543481
"[[1, 2], [3, 4]]",0.991514656
"[[1, 2], [3, 4]]",0.991517751
"[[1, 2], [3, 4]]",0.991561317
"[[1, 2], [3, 4]]",0.991600208
"[[1, 2], [3, 4]]",0.991691544
"[[1, 2], [3, 4]]",0.99183164
"[[1, 2], [3, 4]]",0.991890638
"[[1, 2], [3, 4]]",0.99134777
"[[1, 2], [3, 4]]",0.991696982
"[[1, 2], [3, 4]]",0.991999508
"[[1, 2], [3, 4]]",0.992109313
"[[1, 2], [3, 4]]",0.992217918
"[[1, 2], [3, 4]]",0.9921812
"[[1, 2], [3, 4]]",0.992202119
"[[1, 2], [3, 4]]",0.992187944
"[[1, 2], [3, 4]]",0.992399099
"[[1, 2], [3, 4]]",0.992574991
"[[1, 2], [3, 4]]",0.992632298
"[[1, 2], [3, 4]]",0.992728063
"[[1, 2], [3, 4]]",0.99275604
"[[1, 2], [3, 4]]",0.992990434
"[[1, 2], [3, 4]]",0.993226921
"[[1, 2], [3, 4]]",0.993334199
"[[1, 2], [3, 4]]",0.993231368
"[[1, 2], [3, 4]]",0.99309392
"[[1, 2], [3, 4]]",0.992518759
"[[1, 2], [3, 4]]",0.992136993
"[[1, 2], [3, 4]]",0.991602499
"[[1, 2], [3, 4]]",0.991616202
"[[4], [1, 2, 3]]",0.991789123
"[[4], [1, 2, 3]]",0.991999108
"[[4], [1, 2, 3]]",0.991962604
"[[4], [1, 2, 3]]",0.991736341
"[[4], [1, 2, 3]]",0.991454924
"[[4], [1, 2, 3]]",0.991370451
"[[4], [1, 2, 3]]",0.991392815
"[[4], [1, 2, 3]]",0.991436173
"[[4], [1, 2, 3]]",0.991660418
"[[4], [1, 2, 3]]",0.992025528
"[[4], [1, 2, 3]]",0.992086875
"[[1, 2], [3, 4]]",0.99200227
"[[1, 2], [3, 4]]",0.991876268
"[[1, 2], [3, 4]]",0.991579584
"[[1, 2], [3, 4]]",0.991622496
"[[1, 2], [3, 4]]",0.991546057
"[[1, 2], [3, 4]]",0.991703028
"[[1, 2], [3, 4]]",0.992566309
"[[1, 2], [3, 4]]",0.992552828
"[[1, 2], [3, 4]]",0.992565805
"[[1, 2], [3, 4]]",0.99256517
"[[1, 2], [3, 4]]",0.992539821
"[[1, 2], [3, 4]]",0.992502794
"[[1, 2], [3, 4]]",0.992438568
"[[1, 2], [3, 4]]",0.992388167
"[[1, 2], [3, 4]]",0.992362612
"[[1, 2], [3, 4]]",0.992495312
"[[1, 2], [3, 4]]",0.991805226
"[[1, 2], [3, 4]]",0.991180015
"[[1, 2], [3, 4]]",0.991128941
"[[1, 2], [3, 4]]",0.99114775
"[[1, 2], [3, 4]]",0.991115533
"[[1, 2], [3, 4]]",0.991140013
"[[1, 2], [3, 4]]",0.9910682
"[[1, 2], [3, 4]]",0.990749515
"[[1, 2], [3, 4]]",0.990286879
"[[1, 2], [3, 4]]",0.989676645
"[[1, 2], [3, 4]]",0.989215771
"[[1, 2], [3, 4]]",0.988609911
"[[1, 2], [3, 4]]",0.988220642
"[[1, 2], [3, 4]]",0.988257692
"[[1, 2], [3, 4]]",0.987342299
"[[1, 2], [3, 4]]",0.986912373
"[[1, 2], [3, 4]]",0.987153773
"[[1, 2], [3, 4]]",0.987514174
"[[1, 2], [3, 4]]",0.987834247
"[[1, 2], [3, 4]]",0.988274598
"[[1, 2], [3, 4]]",0.988288523
"[[1, 2], [3, 4]]",0.988276108
"[[1, 2], [3, 4]]",0.988357614
"[[1, 2], [3, 4]]",0.988219548
"[[1, 2], [3, 4]]",0.98820097
"[[1, 2], [3, 4]]",0.988202287
"[[1, 2], [3, 4]]",0.988258605
"[[1, 2], [3, 4]]",0.988297188
"[[1, 2], [3, 4]]",0.988294769
"[[1, 2], [3, 4]]",0.988163351
"[[1, 2], [3, 4]]",0.987802373
"[[1, 2], [3, 4]]",0.9873134
"[[1, 2], [3, 4]]",0.986595431
"[[1, 2], [3, 4]]",0.986108539
"[[1, 2], [3, 4]]",0.985481885
"[[1, 2], [3, 4]]",0.984742614
"[[1, 2], [3, 4]]",0.984379146
"[[1, 2], [3, 4]]",0.984461713
"[[1, 2], [3, 4]]",0.983811749
"[[1, 2], [3, 4]]",0.983626298
"[[1, 2], [3, 4]]",0.983680037
"[[1, 2], [3, 4]]",0.983753635
"[[1, 2], [3, 4]]",0.983322065
"[[1, 2], [3, 4]]",0.983045323
"[[1, 2], [3, 4]]",0.982834536
"[[1, 2], [3, 4]]",0.982465415
"[[1, 2], [3, 4]]",0.982124719
"[[1, 2], [3, 4]]",0.982533443
"[[1, 2], [3, 4]]",0.983241865
"[[1, 2], [3, 4]]",0.9841128
"[[1, 2], [3, 4]]",0.984272861
"[[1, 2], [3, 4]]",0.983891864
"[[1, 2], [3, 4]]",0.983187928
"[[1, 2], [3, 4]]",0.982187404
"[[1, 2], [3, 4]]",0.981170431
"[[1, 2], [3, 4]]",0.979775274
"[[1, 2], [3, 4]]",0.978162377
"[[1, 2], [3, 4]]",0.976339806
"[[1, 2], [3, 4]]",0.974415286
"[[1, 2], [3, 4]]",0.972469034
"[[1, 2], [3, 4]]",0.970583885
"[[1, 2], [3, 4]]",0.968838523
"[[1, 2], [3, 4]]",0.968841883
"[[1, 2], [3, 4]]",0.968751994
"[[1, 2], [3, 4]]",0.967864396
"[[1, 2], [3, 4]]",0.966891409
"[[1, 2], [3, 4]]",0.966119872
"[[1, 2], [3, 4]]",0.965427851
"[[1, 2], [3, 4]]",0.964800727
"[[1, 2], [3, 4]]",0.964290913
"[[1, 2], [3, 4]]",0.964378707
"[[1, 2], [3, 4]]",0.96488226
"[[1, 2], [3, 4]]",0.966276964
"[[1, 2], [3, 4]]",0.967678938
"[[1, 2], [3, 4]]",0.968124707
"[[1, 2], [3, 4]]",0.968308454
"[[1, 2], [3, 4]]",0.968414684
"[[1, 2], [3, 4]]",0.968508595
"[[1, 2], [3, 4]]",0.96877894
"[[1, 2], [3, 4]]",0.968318986
"[[1, 2], [3, 4]]",0.967805937
"[[1, 2], [3, 4]]",0.966851841
"[[1, 2], [3, 4]]",0.966159298
"[[1, 2], [3, 4]]",0.965436585
"[[1, 2], [3, 4]]",0.964663608
"[[1, 2], [3, 4]]",0.963966799
"[[1, 2], [3, 4]]",0.965575478
"[[1, 2], [3, 4]]",0.965670001
"[[1, 2], [3, 4]]",0.965815516
"[[1, 2], [3, 4]]",0.965662666
"[[1, 2], [3, 4]]",0.965564316
"[[1, 2], [3, 4]]",0.965687042
"[[1, 2], [3, 4]]",0.965532788
"[[1, 2], [3, 4]]",0.965526838
"[[1, 2], [3, 4]]",0.96548111
"[[1, 2], [3, 4]]",0.96556591
"[[1, 2], [3, 4]]",0.966121163
"[[1, 2], [3, 4]]",0.964975241
"[[1, 2], [3, 4]]",0.963219265
"[[1, 2], [3, 4]]",0.962356011
"[[1, 2], [3, 4]]",0.962481519
"[[1, 2], [3, 4]]",0.961896715
"[[1, 2], [3, 4]]",0.962193043
"[[1, 2], [3, 4]]",0.962890581
"[[1, 2], [3, 4]]",0.964542244
"[[1, 2], [3, 4]]",0.966152153
"[[1, 2], [3, 4]]",0.967737463
"[[1, 2], [3, 4]]",0.969580118
"[[1, 2], [3, 4]]",0.971186571
"[[1, 2], [3, 4]]",0.972671886
"[[1, 2], [3, 4]]",0.973929101
"[[1, 2], [3, 4]]",0.973131732
"[[1, 2], [3, 4]]",0.973923907
"[[1, 2], [3, 4]]",0.974855158
"[[1, 2], [3, 4]]",0.975599823
"[[1, 2], [3, 4]]",0.976265429
"[[1, 2], [3, 4]]",0.976918205
"[[1, 2], [3, 4]]",0.977480465
"[[1, 2], [3, 4]]",0.977488895
"[[1, 2], [3, 4]]",0.977282447
"[[1, 2], [3, 4]]",0.976670633
"[[1, 2], [3, 4]]",0.950479254
"[[1, 2], [3, 4]]",0.949508121
"[[1, 2], [3, 4]]",0.949451828
"[[1, 2], [3, 4]]",0.949047527
"[[1], [2, 3, 4]]",0.948270892
"[[1], [2, 3, 4]]",0.946823648
"[[1], [2, 3, 4]]",0.946326796
"[[1], [2, 3, 4]]",0.946746838
"[[1], [2, 3, 4]]",0.947479864
"[[1, 2], [3, 4]]",0.94791812
"[[1, 2], [3, 4]]",0.94809526
"[[1, 2], [3, 4]]",0.948178605
"[[1, 2], [3, 4]]",0.948279372
"[[1, 2], [3, 4]]",0.948516676
"[[1, 2], [3, 4]]",0.949254884
"[[1, 2], [3, 4]]",0.948822265
"[[1, 2], [3, 4]]",0.948585496
"[[1, 2], [3, 4]]",0.949066088
"[[1, 2], [3, 4]]",0.948902299
"[[1, 2], [3, 4]]",0.948502329
"[[1, 2], [3, 4]]",0.948195778
"[[1, 2], [3, 4]]",0.94786471
"[[1, 2], [3, 4]]",0.947728894
"[[1, 2], [3, 4]]",0.94781804
"[[1, 2], [3, 4]]",0.947758195
"[[1, 2], [3, 4]]",0.947795779
"[[1, 2], [3, 4]]",0.947821079
"[[1, 2], [3, 4]]",0.947821305
"[[1, 2], [3, 4]]",0.947545902
"[[1, 2], [3, 4]]",0.946914953
"[[1, 2], [3, 4]]",0.946155555
"[[1, 2], [3, 4]]",0.94541587
"[[1, 2], [3, 4]]",0.945464672
"[[1, 2], [3, 4]]",0.945643858
"[[1, 2], [3, 4]]",0.945526176
"[[1, 2], [3, 4]]",0.945207326
"[[1, 2], [3, 4]]",0.944884905
"[[1, 2], [3, 4]]",0.944683769
"[[1, 2], [3, 4]]",0.945355543
"[[1, 2], [3, 4]]",0.945547115
"[[1, 2], [3, 4]]",0.945343485
"[[1, 2], [3, 4]]",0.945219158
"[[1, 2], [3, 4]]",0.945132169
"[[1, 2], [3, 4]]",0.944861948
"[[1, 2], [3, 4]]",0.944660082
"[[1, 2], [3, 4]]",0.944433882
"[[1, 2], [3, 4]]",0.944482928
"[[1, 2], [3, 4]]",0.94473541
"[[1, 2], [3, 4]]",0.974959769
"[[1, 2], [3, 4]]",0.977800719
"[[1, 2], [3, 4]]",0.977861522
"[[1, 2], [3, 4]]",0.978110936
"[[1, 2], [3, 4]]",0.978754374
"[[1, 2], [3, 4]]",0.979630864
"[[1, 2], [3, 4]]",0.980845401
"[[1, 2], [3, 4]]",0.980953598
"[[1, 2], [3, 4]]",0.981059971
"[[1, 2], [3, 4]]",0.981173496
"[[1, 2], [3, 4]]",0.981535918
"[[1, 2], [3, 4]]",0.981835171
"[[1, 2], [3, 4]]",0.98248267
"[[1, 2], [3, 4]]",0.983193981
"[[1, 2], [3, 4]]",0.983830355
"[[1, 2], [3, 4]]",0.984805904
"[[1, 2], [3, 4]]",0.985259025
"[[1, 2], [3, 4]]",0.985091779
"[[1, 2], [3, 4]]",0.984918059
"[[1, 2], [3, 4]]",0.984732328
"[[1, 2], [3, 4]]",0.984540843
"[[1, 2], [3, 4]]",0.984361909
"[[1, 2], [3, 4]]",0.984283585
"[[1, 2], [3, 4]]",0.984470717
"[[1, 2], [3, 4]]",0.985535367
"[[1, 2], [3, 4]]",0.986648707
"[[1, 2], [3, 4]]",0.987309722
"[[1, 2], [3, 4]]",0.987228537
"[[1, 2], [3, 4]]",0.986949365
"[[1, 2], [3, 4]]",0.986501837
"[[1, 2], [3, 4]]",0.985983965
"[[1, 2], [3, 4]]",0.985548154
"[[1, 2], [3, 4]]",0.985241218
"[[1, 2], [3, 4]]",0.984913385
"[[1, 2], [3, 4]]",0.984635926
"[[1, 2], [3, 4]]",0.984488668
"[[1, 2], [3, 4]]",0.984639575
"[[1, 2], [3, 4]]",0.984320808
"[[1, 2], [3, 4]]",0.984518677
"[[1, 2], [3, 4]]",0.984394699
"[[1, 2], [3, 4]]",0.984395869
"[[1, 2], [3, 4]]",0.984527206
"[[1, 2], [3, 4]]",0.984638214
"[[1, 2], [3, 4]]",0.984594601
"[[1, 2], [3, 4]]",0.98392777
"[[1, 2], [3, 4]]",0.983810122
"[[1, 2], [3, 4]]",0.983684324
"[[1, 2], [3, 4]]",0.98348568
"[[1, 2], [3, 4]]",0.983760159
"[[1, 2], [3, 4]]",0.983934533
"[[1, 2], [3, 4]]",0.984141998
"[[1, 2], [3, 4]]",0.984116561
"[[1, 2], [3, 4]]",0.984126166
"[[1, 2], [3, 4]]",0.984122433
"[[1, 2], [3, 4]]",0.984182597
"[[1, 2], [3, 4]]",0.984607837
"[[1, 2], [3, 4]]",0.984923085
"[[1, 2], [3, 4]]",0.985327248
"[[1, 2], [3, 4]]",0.985695053
"[[1, 2], [3, 4]]",0.986021749
"[[1, 2], [3, 4]]",0.985947072
"[[1, 2], [3, 4]]",0.985728221
"[[1, 2], [3, 4]]",0.985471261
"[[1, 2], [3, 4]]",0.98535193
"[[1, 2], [3, 4]]",0.985215587
"[[1, 2], [3, 4]]",0.985215626
"[[1, 2], [3, 4]]",0.985236497
"[[1, 2], [3, 4]]",0.985303852
"[[1, 2], [3, 4]]",0.98534861
"[[1, 2], [3, 4]]",0.985271509
"[[1, 2], [3, 4]]",0.985255717
"[[1, 2], [3, 4]]",0.985078749
"[[1, 2], [3, 4]]",0.985068721
"[[1, 2], [3, 4]]",0.985067956
"[[1, 2], [3, 4]]",0.985131292
"[[1, 2], [3, 4]]",0.98482657
"[[1, 2], [3, 4]]",0.984870417
"[[1, 2], [3, 4]]",0.984720829
"[[1, 2], [3, 4]]",0.984208338
"[[1, 2], [3, 4]]",0.984040688
"[[1, 2], [3, 4]]",0.983788079
"[[1, 2], [3, 4]]",0.983070801
"[[1, 2], [3, 4]]",0.982332128
"[[1, 2], [3, 4]]",0.981671096
"[[1, 2], [3, 4]]",0.980279359
"[[1, 2], [3, 4]]",0.979212319
"[[1, 2], [3, 4]]",0.978440793
"[[1, 2], [3, 4]]",0.978116751
"[[1, 2], [3, 4]]",0.978342166
"[[1, 2], [3, 4]]",0.978365935
"[[1, 2], [3, 4]]",0.978391621
"[[1, 2], [3, 4]]",0.978478252
"[[1, 2], [3, 4]]",0.979216591
"[[1, 2], [3, 4]]",0.979383959
"[[1, 2], [3, 4]]",0.97943972
"[[1, 2], [3, 4]]",0.979786701
"[[1, 2], [3, 4]]",0.980283482
"[[1, 2], [3, 4]]",0.980605039
"[[1, 2], [3, 4]]",0.98056662
"[[1, 2], [3, 4]]",0.980430865
"[[1, 2], [3, 4]]",0.980333082
"[[1, 2], [3, 4]]",0.98028674
"[[1, 2], [3, 4]]",0.980242342
"[[1, 2], [3, 4]]",0.980002044
"[[1, 2], [3, 4]]",0.979969463
"[[1, 2], [3, 4]]",0.979878887
"[[1, 2], [3, 4]]",0.97961988
"[[1, 2], [3, 4]]",0.979389271
"[[1, 2], [3, 4]]",0.979325349
"[[1, 2], [3, 4]]",0.979314499
"[[1, 2], [3, 4]]",0.978824266
"[[1, 2], [3, 4]]",0.978890563
"[[1, 2], [3, 4]]",0.978940958
"[[1, 2], [3, 4]]",0.978922672
"[[1, 2], [3, 4]]",0.97881825
"[[1, 2], [3, 4]]",0.97834649
"[[1, 2], [3, 4]]",0.978335675
"[[1, 2], [3, 4]]",0.978444304
"[[1, 2], [3, 4]]",0.977865575
"[[1, 2], [3, 4]]",0.975335774
"[[1, 2], [3, 4]]",0.959643938
"[[1, 2], [3, 4]]",0.95150577
"[[1, 2], [3, 4]]",0.948269808
"[[1, 2], [3, 4]]",0.948767657
"[[1, 2], [3, 4]]",0.948643485
"[[1, 2], [3, 4]]",0.949582022
"[[1, 2], [3, 4]]",0.951246212
"[[1, 2], [3, 4]]",0.952547555
"[[1, 2], [3, 4]]",0.953897281
"[[1, 2], [3, 4]]",0.955889999
"[[1, 2], [3, 4]]",0.957948813
"[[1, 2], [3, 4]]",0.95984758
"[[1, 2], [3, 4]]",0.961812479
"[[1, 2], [3, 4]]",0.961818126
"[[1, 2], [3, 4]]",0.960712934
"[[1, 2], [3, 4]]",0.962092995
"[[1, 2], [3, 4]]",0.962481713
"[[1, 2], [3, 4]]",0.962889451
"[[1, 2], [3, 4]]",0.963342317
"[[1, 2], [3, 4]]",0.963987297
"[[1, 2], [3, 4]]",0.964833572
"[[1, 2], [3, 4]]",0.965880878
"[[1, 2], [3, 4]]",0.966882155
"[[1, 2], [3, 4]]",0.966373394
"[[1, 2], [3, 4]]",0.963823802
"[[1, 2], [3, 4]]",0.964300117
"[[1, 2], [3, 4]]",0.96523958
"[[1, 2], [3, 4]]",0.966454103
"[[1, 2], [3, 4]]",0.967252114
"[[1, 2], [3, 4]]",0.967890517
"[[1, 2], [3, 4]]",0.968666014
"[[1, 2], [3, 4]]",0.969519708
"[[1, 2], [3, 4]]",0.970340022
"[[1, 2], [3, 4]]",0.971240949
"[[1, 2], [3, 4]]",0.972282506
"[[1, 2], [3, 4]]",0.973369037
"[[1, 2], [3, 4]]",0.974266218
"[[1, 2], [3, 4]]",0.974532258
"[[1, 2], [3, 4]]",0.974572136
"[[1, 2], [3, 4]]",0.975071192
"[[1, 2], [3, 4]]",0.975449062
"[[4], [1, 2, 3]]",0.975419464
"[[4], [1, 2, 3]]",0.976096624
"[[4], [1, 2, 3]]",0.977154123
"[[4], [1, 2, 3]]",0.977571704
"[[4], [1, 2, 3]]",0.97791083
"[[4], [1, 2, 3]]",0.978000843
"[[4], [1, 2, 3]]",0.978039916
"[[4], [1, 2, 3]]",0.980520889
"[[4], [1, 2, 3]]",0.98236482
"[[4], [1, 2, 3]]",0.98311326
"[[4], [1, 2, 3]]",0.983049834
"[[4], [1, 2, 3]]",0.982816968
"[[4], [1, 2, 3]]",0.982727115
"[[4], [1, 2, 3]]",0.982726518
"[[4], [1, 2, 3]]",0.982531413
"[[4], [1, 2, 3]]",0.982362566
"[[4], [1, 2, 3]]",0.982192331
"[[4], [1, 2, 3]]",0.982007116
"[[4], [1, 2, 3]]",0.981671163
"[[4], [1, 2, 3]]",0.981715771
"[[4], [1, 2, 3]]",0.982392499
"[[4], [1, 2, 3]]",0.983326814
"[[4], [1, 2, 3]]",0.983308647
"[[4], [1, 2, 3]]",0.983394125
"[[4], [1, 2, 3]]",0.983557302
"[[4], [1, 2, 3]]",0.983652784
"[[4], [1, 2, 3]]",0.983809296
"[[4], [1, 2, 3]]",0.983714206
"[[4], [1, 2, 3]]",0.983637896
"[[4], [1, 2, 3]]",0.983622264
"[[4], [1, 2, 3]]",0.984182903
"[[4], [1, 2, 3]]",0.981852844
"[[4], [1, 2, 3]]",0.981264361
"[[4], [1, 2, 3]]",0.979939039
"[[4], [1, 2, 3]]",0.979092162
"[[4], [1, 2, 3]]",0.979060014
"[[4], [1, 2, 3]]",0.979167076
"[[4], [1, 2, 3]]",0.979334898
"[[4], [1, 2, 3]]",0.979518307
"[[4], [1, 2, 3]]",0.979680231
"[[4], [1, 2, 3]]",0.979852121
"[[4], [1, 2, 3]]",0.980304232
"[[4], [1, 2, 3]]",0.98059662
"[[4], [1, 2, 3]]",0.981044152
"[[4], [1, 2, 3]]",0.980966583
"[[4], [1, 2, 3]]",0.980868885
"[[4], [1, 2, 3]]",0.980898124
"[[4], [1, 2, 3]]",0.981068284
"[[4], [1, 2, 3]]",0.981398371
"[[4], [1, 2, 3]]",0.981347321
"[[4], [1, 2, 3]]",0.981270258
"[[4], [1, 2, 3]]",0.981216806
"[[4], [1, 2, 3]]",0.981306398
"[[4], [1, 2, 3]]",0.981397288
"[[4], [1, 2, 3]]",0.981282378
"[[4], [1, 2, 3]]",0.981579373
"[[4], [1, 2, 3]]",0.980974941
"[[4], [1, 2, 3]]",0.980946018
"[[4], [1, 2, 3]]",0.981128299
"[[4], [1, 2, 3]]",0.981395561
"[[4], [1, 2, 3]]",0.981625302
"[[4], [1, 2, 3]]",0.981868895
"[[4], [1, 2, 3]]",0.982311066
"[[4], [1, 2, 3]]",0.982763772
"[[4], [1, 2, 3]]",0.983293415
"[[4], [1, 2, 3]]",0.983846424
"[[4], [1, 2, 3]]",0.984358767
"[[4], [1, 2, 3]]",0.984384723
"[[4], [1, 2, 3]]",0.984334607
"[[4], [1, 2, 3]]",0.984118096
"[[4], [1, 2, 3]]",0.984120717
"[[4], [1, 2, 3]]",0.984268912
"[[4], [1, 2, 3]]",0.984239331
"[[4], [1, 2, 3]]",0.984058886
"[[4], [1, 2, 3]]",0.984060443
"[[4], [1, 2, 3]]",0.984146556
"[[4], [1, 2, 3]]",0.98416235
"[[4], [1, 2, 3]]",0.984163254
"[[4], [1, 2, 3]]",0.982128096
"[[4], [1, 2, 3]]",0.981149646
"[[4], [1, 2, 3]]",0.980677019
"[[4], [1, 2, 3]]",0.980400328
"[[4], [1, 2, 3]]",0.980514225
"[[4], [1, 2, 3]]",0.980593493
"[[4], [1, 2, 3]]",0.980549584
"[[4], [1, 2, 3]]",0.978667185
"[[4], [1, 2, 3]]",0.977114925
"[[4], [1, 2, 3]]",0.976183598
"[[4], [1, 2, 3]]",0.975423131
"[[4], [1, 2, 3]]",0.974475068
"[[4], [1, 2, 3]]",0.974218923
"[[4], [1, 2, 3]]",0.974204747
"[[4], [1, 2, 3]]",0.974614044
"[[4], [1, 2, 3]]",0.97492879
"[[4], [1, 2, 3]]",0.975066618
"[[4], [1, 2, 3]]",0.975080958
"[[4], [1, 2, 3]]",0.974830062
"[[4], [1, 2, 3]]",0.974381194
"[[4], [1, 2, 3]]",0.972752559
"[[4], [1, 2, 3]]",0.969893436
"[[4], [1, 2, 3]]",0.96663433
"[[4], [1, 2, 3]]",0.964446916
"[[4], [1, 2, 3]]",0.958316459
"[[4], [1, 2, 3]]",0.940701168
"[[1], [2, 3, 4]]",0.930573033
"[[1], [2, 3, 4]]",0.922125193
"[[1], [2, 3, 4]]",0.919759364
"[[1], [2, 3, 4]]",0.911848994
"[[1], [2, 3, 4]]",0.910258058
"[[1], [2, 3, 4]]",0.911560471
"[[1], [2, 3, 4]]",0.912687925
"[[1], [2, 3, 4]]",0.914041625
"[[1], [2, 3, 4]]",0.915167954
"[[1], [2, 3, 4]]",0.916563535
"[[1], [2, 3, 4]]",0.91837981
"[[1], [2, 3, 4]]",0.919575491
"[[1], [2, 3, 4]]",0.916268353
"[[1], [2, 3, 4]]",0.915876971
"[[1], [2, 3, 4]]",0.917188953
"[[1], [2, 3, 4]]",0.918342243
"[[2, 3], [1, 4]]",0.919342615
"[[2, 3], [1, 4]]",0.92084534
"[[2, 3], [1, 4]]",0.921962487
"[[2, 3], [1, 4]]",0.92303482
"[[2, 3], [1, 4]]",0.924385534
"[[2, 3], [1, 4]]",0.926090602
"[[2, 3], [1, 4]]",0.926475771
"[[2, 3], [1, 4]]",0.926503634
"[[2, 3], [1, 4]]",0.926979049
"[[2, 3], [1, 4]]",0.927141983
"[[2, 3], [1, 4]]",0.92812905
"[[2, 3], [1, 4]]",0.928294539
"[[2, 3], [1, 4]]",0.92933085
"[[2, 3], [1, 4]]",0.928779802
"[[2, 3], [1, 4]]",0.928104729
"[[2, 3], [1, 4]]",0.927813997
"[[2, 3], [1, 4]]",0.927426642
"[[2, 3], [1, 4]]",0.926835903
"[[2, 3], [1, 4]]",0.926247659
"[[2, 3], [1, 4]]",0.926098236
"[[2, 3], [1, 4]]",0.927260447
"[[2, 3], [1, 4]]",0.928296023
"[[2, 3], [1, 4]]",0.928551963
"[[2, 3], [1, 4]]",0.927977249
"[[2, 3], [1, 4]]",0.927371508
"[[2, 3], [1, 4]]",0.926700338
"[[2, 3], [1, 4]]",0.925701818
"[[2, 3], [1, 4]]",0.924391753
"[[2, 3], [1, 4]]",0.922730717
"[[2, 3], [1, 4]]",0.921011882
"[[2, 3], [1, 4]]",0.919735762
"[[2, 3], [1, 4]]",0.921706661
"[[2, 3], [1, 4]]",0.922426201
"[[2, 3], [1, 4]]",0.924142068
"[[2, 3], [1, 4]]",0.923752436
"[[1], [2, 3, 4]]",0.928278465
"[[2, 3], [1, 4]]",0.929345663
"[[2, 3], [1, 4]]",0.927884007
"[[2, 3], [1, 4]]",0.926534193
"[[1], [2, 3, 4]]",0.925144121
"[[1], [2, 3, 4]]",0.923973673
"[[1], [2, 3, 4]]",0.922532194
"[[1], [2, 3, 4]]",0.920984652
"[[1], [2, 3, 4]]",0.920646951
"[[2, 3], [1, 4]]",0.929197432
"[[2, 3], [1, 4]]",0.933705273
"[[2, 3], [1, 4]]",0.934723754
"[[1], [2, 3, 4]]",0.93469507
"[[1], [2, 3, 4]]",0.934083026
"[[1], [2, 3, 4]]",0.933419922
"[[1], [2, 3, 4]]",0.932735629
"[[1], [2, 3, 4]]",0.931942765
"[[1], [2, 3, 4]]",0.931471352
"[[1], [2, 3, 4]]",0.931213579
"[[1], [2, 3, 4]]",0.93213234
"[[1], [2, 3, 4]]",0.933577021
"[[4], [1, 2, 3]]",0.937776398
"[[4], [1, 2, 3]]",0.944496562
"[[4], [1, 2, 3]]",0.948951106
"[[4], [1, 2, 3]]",0.967008092
"[[4], [1, 2, 3]]",0.976089476
"[[4], [1, 2, 3]]",0.976383939
"[[4], [1, 2, 3]]",0.97620349
"[[4], [1, 2, 3]]",0.976416574
"[[4], [1, 2, 3]]",0.976463901
"[[4], [1, 2, 3]]",0.976259339
"[[4], [1, 2, 3]]",0.976024433
"[[4], [1, 2, 3]]",0.975931158
"[[4], [1, 2, 3]]",0.980487429
"[[4], [1, 2, 3]]",0.984458882
"[[4], [1, 2, 3]]",0.98514486
"[[4], [1, 2, 3]]",0.985139697
"[[4], [1, 2, 3]]",0.985124947
"[[4], [1, 2, 3]]",0.985119506
"[[4], [1, 2, 3]]",0.985084404
"[[4], [1, 2, 3]]",0.984959006
"[[4], [1, 2, 3]]",0.984817237
"[[4], [1, 2, 3]]",0.984845749
"[[4], [1, 2, 3]]",0.985129919
"[[4], [1, 2, 3]]",0.98654045
"[[4], [1, 2, 3]]",0.98654917
"[[4], [1, 2, 3]]",0.986721898
"[[4], [1, 2, 3]]",0.986613273
"[[4], [1, 2, 3]]",0.986731969
"[[4], [1, 2, 3]]",0.986745231
"[[4], [1, 2, 3]]",0.986776376
"[[4], [1, 2, 3]]",0.986848341
"[[4], [1, 2, 3]]",0.986855604
"[[4], [1, 2, 3]]",0.986944061
"[[4], [1, 2, 3]]",0.987073887
"[[4], [1, 2, 3]]",0.987265414
"[[4], [1, 2, 3]]",0.987266212
"[[4], [1, 2, 3]]",0.987460313
"[[4], [1, 2, 3]]",0.988174516
"[[4], [1, 2, 3]]",0.988926637
"[[4], [1, 2, 3]]",0.989141158
"[[4], [1, 2, 3]]",0.988217742
"[[4], [1, 2, 3]]",0.986832379
"[[4], [1, 2, 3]]",0.985591567
"[[4], [1, 2, 3]]",0.985423582
"[[4], [1, 2, 3]]",0.985447748
"[[4], [1, 2, 3]]",0.985411147
"[[4], [1, 2, 3]]",0.985210933
"[[4], [1, 2, 3]]",0.984712873
"[[4], [1, 2, 3]]",0.984311361
"[[4], [1, 2, 3]]",0.984176005
"[[4], [1, 2, 3]]",0.983996416
"[[4], [1, 2, 3]]",0.985522922
"[[4], [1, 2, 3]]",0.986251965
"[[4], [1, 2, 3]]",0.986286987
"[[4], [1, 2, 3]]",0.986351757
"[[4], [1, 2, 3]]",0.986429335
"[[4], [1, 2, 3]]",0.986404535
"[[4], [1, 2, 3]]",0.986385854
"[[4], [1, 2, 3]]",0.986362439
"[[4], [1, 2, 3]]",0.986126479
"[[4], [1, 2, 3]]",0.985906151
"[[4], [1, 2, 3]]",0.986497131
"[[4], [1, 2, 3]]",0.986274877
"[[4], [1, 2, 3]]",0.98612516
"[[4], [1, 2, 3]]",0.986050577
"[[4], [1, 2, 3]]",0.985981511
"[[4], [1, 2, 3]]",0.985884799
"[[4], [1, 2, 3]]",0.985764888
"[[4], [1, 2, 3]]",0.985567088
"[[4], [1, 2, 3]]",0.985441233
"[[4], [1, 2, 3]]",0.985244973
"[[4], [1, 2, 3]]",0.984194422
"[[4], [1, 2, 3]]",0.983607524
"[[4], [1, 2, 3]]",0.983582012
"[[4], [1, 2, 3]]",0.983720399
"[[4], [1, 2, 3]]",0.983793443
"[[4], [1, 2, 3]]",0.983618101
"[[4], [1, 2, 3]]",0.983222541
"[[4], [1, 2, 3]]",0.982893298
"[[4], [1, 2, 3]]",0.98258358
"[[4], [1, 2, 3]]",0.982368436
"[[4], [1, 2, 3]]",0.982114402
"[[4], [1, 2, 3]]",0.981691457
"[[4], [1, 2, 3]]",0.981644301
"[[4], [1, 2, 3]]",0.981494935
"[[4], [1, 2, 3]]",0.981305779
"[[4], [1, 2, 3]]",0.981100217
"[[4], [1, 2, 3]]",0.981554979
"[[4], [1, 2, 3]]",0.982776285
"[[4], [1, 2, 3]]",0.984821842
"[[4], [1, 2, 3]]",0.987118635
"[[4], [1, 2, 3]]",0.987708484
"[[4], [1, 2, 3]]",0.987337981
"[[4], [1, 2, 3]]",0.986412769
"[[4], [1, 2, 3]]",0.986277039
"[[4], [1, 2, 3]]",0.987279402
"[[4], [1, 2, 3]]",0.987597824
"[[4], [1, 2, 3]]",0.987604544
"[[4], [1, 2, 3]]",0.987644442
"[[4], [1, 2, 3]]",0.987629508
"[[4], [1, 2, 3]]",0.987630874
"[[4], [1, 2, 3]]",0.987567935
"[[4], [1, 2, 3]]",0.987512987
"[[4], [1, 2, 3]]",0.987446765
"[[4], [1, 2, 3]]",0.98744713
"[[4], [1, 2, 3]]",0.987461236
"[[4], [1, 2, 3]]",0.987449529
"[[4], [1, 2, 3]]",0.987496188
"[[4], [1, 2, 3]]",0.98757629
"[[4], [1, 2, 3]]",0.987724177
"[[4], [1, 2, 3]]",0.987824048
"[[4], [1, 2, 3]]",0.987922132
"[[4], [1, 2, 3]]",0.987972524
"[[4], [1, 2, 3]]",0.988011523
"[[4], [1, 2, 3]]",0.988061895
"[[4], [1, 2, 3]]",0.988131384
"[[4], [1, 2, 3]]",0.988206788
"[[4], [1, 2, 3]]",0.988253199
"[[4], [1, 2, 3]]",0.988591417
"[[4], [1, 2, 3]]",0.989369059
"[[4], [1, 2, 3]]",0.99036125
"[[4], [1, 2, 3]]",0.990688351
"[[4], [1, 2, 3]]",0.990809556
"[[4], [1, 2, 3]]",0.9907172
"[[4], [1, 2, 3]]",0.990411564
"[[4], [1, 2, 3]]",0.990599649
"[[4], [1, 2, 3]]",0.990706655
"[[4], [1, 2, 3]]",0.990806534
"[[4], [1, 2, 3]]",0.990785112
"[[4], [1, 2, 3]]",0.990786565
"[[4], [1, 2, 3]]",0.990961399
"[[4], [1, 2, 3]]",0.990991528
"[[4], [1, 2, 3]]",0.991180454
"[[4], [1, 2, 3]]",0.991283577
"[[4], [1, 2, 3]]",0.991359351
"[[4], [1, 2, 3]]",0.991286594
"[[4], [1, 2, 3]]",0.991219047
"[[4], [1, 2, 3]]",0.991187315
"[[4], [1, 2, 3]]",0.991092582
"[[4], [1, 2, 3]]",0.99100415
"[[4], [1, 2, 3]]",0.991327651
"[[4], [1, 2, 3]]",0.992428352
"[[4], [1, 2, 3]]",0.993218343
"[[4], [1, 2, 3]]",0.993224102
"[[4], [1, 2, 3]]",0.99348864
"[[4], [1, 2, 3]]",0.994029397
"[[4], [1, 2, 3]]",0.994037933
"[[4], [1, 2, 3]]",0.993960943
"[[4], [1, 2, 3]]",0.993839001
"[[4], [1, 2, 3]]",0.993780547
"[[4], [1, 2, 3]]",0.993807976
"[[4], [1, 2, 3]]",0.993862399
"[[4], [1, 2, 3]]",0.993897771
"[[4], [1, 2, 3]]",0.993941502
"[[4], [1, 2, 3]]",0.993975195
"[[4], [1, 2, 3]]",0.994000517
"[[4], [1, 2, 3]]",0.993946651
"[[4], [1, 2, 3]]",0.993800434
"[[4], [1, 2, 3]]",0.993696736
"[[4], [1, 2, 3]]",0.99302201
"[[4], [1, 2, 3]]",0.992339981
"[[4], [1, 2, 3]]",0.991534168
"[[4], [1, 2, 3]]",0.991324378
"[[4], [1, 2, 3]]",0.99118456
"[[4], [1, 2, 3]]",0.991126938
"[[4], [1, 2, 3]]",0.990812286
"[[4], [1, 2, 3]]",0.990487028
"[[4], [1, 2, 3]]",0.990234006
"[[4], [1, 2, 3]]",0.989870492
"[[4], [1, 2, 3]]",0.989926376
"[[4], [1, 2, 3]]",0.989884466
"[[4], [1, 2, 3]]",0.989894071
"[[4], [1, 2, 3]]",0.990148665
"[[4], [1, 2, 3]]",0.990137495
"[[4], [1, 2, 3]]",0.990184669
"[[4], [1, 2, 3]]",0.990264284
"[[4], [1, 2, 3]]",0.990287944
"[[4], [1, 2, 3]]",0.99026729
"[[4], [1, 2, 3]]",0.990125712
"[[4], [1, 2, 3]]",0.989781901
"[[4], [1, 2, 3]]",0.98948607
"[[4], [1, 2, 3]]",0.98943734
"[[4], [1, 2, 3]]",0.989232384
"[[4], [1, 2, 3]]",0.989197579
"[[4], [1, 2, 3]]",0.988878945
"[[4], [1, 2, 3]]",0.988664508
"[[4], [1, 2, 3]]",0.988585816
"[[4], [1, 2, 3]]",0.988530703
"[[4], [1, 2, 3]]",0.988540018
"[[4], [1, 2, 3]]",0.987895855
"[[4], [1, 2, 3]]",0.983340405
"[[4], [1, 2, 3]]",0.979142245
"[[4], [1, 2, 3]]",0.97808651
"[[4], [1, 2, 3]]",0.976718059
"[[4], [1, 2, 3]]",0.976202086
"[[4], [1, 2, 3]]",0.976418119
"[[4], [1, 2, 3]]",0.976728151
"[[4], [1, 2, 3]]",0.976948646
"[[4], [1, 2, 3]]",0.976918804
"[[4], [1, 2, 3]]",0.976970967
"[[4], [1, 2, 3]]",0.977069767
"[[4], [1, 2, 3]]",0.977130891
"[[4], [1, 2, 3]]",0.977158546
"[[4], [1, 2, 3]]",0.977326316
"[[4], [1, 2, 3]]",0.977374307
"[[4], [1, 2, 3]]",0.977323975
"[[4], [1, 2, 3]]",0.977155591
"[[4], [1, 2, 3]]",0.977126349
"[[4], [1, 2, 3]]",0.976953457
"[[4], [1, 2, 3]]",0.976848874
"[[4], [1, 2, 3]]",0.976512504
"[[4], [1, 2, 3]]",0.976112207
"[[4], [1, 2, 3]]",0.976032906
"[[4], [1, 2, 3]]",0.976092821
"[[4], [1, 2, 3]]",0.976189377
"[[4], [1, 2, 3]]",0.976503116
"[[4], [1, 2, 3]]",0.976695755
"[[4], [1, 2, 3]]",0.976599203
"[[4], [1, 2, 3]]",0.97638756
"[[4], [1, 2, 3]]",0.976127687
"[[4], [1, 2, 3]]",0.975933501
"[[4], [1, 2, 3]]",0.975768183
"[[4], [1, 2, 3]]",0.975221049
"[[1, 2], [3, 4]]",0.974393023
"[[1, 2], [3, 4]]",0.973495075
"[[1, 2], [3, 4]]",0.972970857
"[[1, 2], [3, 4]]",0.972637605
"[[1, 2], [3, 4]]",0.972217922
"[[1, 2], [3, 4]]",0.971983426
"[[1, 2], [3, 4]]",0.971451158
"[[1, 2], [3, 4]]",0.971507679
"[[1, 2], [3, 4]]",0.971465907
"[[1, 2], [3, 4]]",0.971488924
"[[1, 2], [3, 4]]",0.971495514
"[[1, 2], [3, 4]]",0.971327618
"[[1, 2], [3, 4]]",0.971135061
"[[1, 2], [3, 4]]",0.970844679
"[[1, 2], [3, 4]]",0.970663963
"[[1, 2], [3, 4]]",0.974861651
"[[1, 2], [3, 4]]",0.980204361
"[[1, 2], [3, 4]]",0.981780376
"[[1, 2], [3, 4]]",0.984053302
"[[1, 2], [3, 4]]",0.985076295
"[[1, 2], [3, 4]]",0.985345756
"[[1, 2], [3, 4]]",0.985500355
"[[1, 2], [3, 4]]",0.985174255
"[[1, 2], [3, 4]]",0.985279253
"[[1, 2], [3, 4]]",0.985051717
"[[1, 2], [3, 4]]",0.984522763
"[[1, 2], [3, 4]]",0.983060397
"[[1, 2], [3, 4]]",0.982679023
"[[1, 2], [3, 4]]",0.982635783
"[[1, 2], [3, 4]]",0.983039883
"[[1, 2], [3, 4]]",0.983085742
"[[1, 2], [3, 4]]",0.984146041
"[[1, 2], [3, 4]]",0.984713922
"[[1, 2], [3, 4]]",0.984498364
"[[1, 2], [3, 4]]",0.98362528
"[[1, 2], [3, 4]]",0.983454611
"[[1, 2], [3, 4]]",0.983280878
"[[1, 2], [3, 4]]",0.98332945
"[[1, 2], [3, 4]]",0.983728763
"[[1, 2], [3, 4]]",0.984599825
"[[1, 2], [3, 4]]",0.986817753
"[[1, 2], [3, 4]]",0.98872519
"[[1, 2], [3, 4]]",0.988731003
"[[1, 2], [3, 4]]",0.98865388
"[[1, 2], [3, 4]]",0.988636876
"[[1, 2], [3, 4]]",0.988635433
"[[1, 2], [3, 4]]",0.988625825
"[[1, 2], [3, 4]]",0.98876375
"[[1, 2], [3, 4]]",0.989272563
"[[1, 2], [3, 4]]",0.989892587
"[[1, 2], [3, 4]]",0.990147954
"[[1, 2], [3, 4]]",0.990273591
"[[1, 2], [3, 4]]",0.99065592
"[[1, 2], [3, 4]]",0.99062686
"[[1, 2], [3, 4]]",0.990730472
"[[1, 2], [3, 4]]",0.990387322
"[[1, 2], [3, 4]]",0.990369006
"[[1, 2], [3, 4]]",0.990007872
"[[1, 2], [3, 4]]",0.989882763
"[[1, 2], [3, 4]]",0.989806464
"[[1, 2], [3, 4]]",0.989747432
"[[1, 2], [3, 4]]",0.989718003
"[[1, 2], [3, 4]]",0.989848895
"[[1, 2], [3, 4]]",0.989983352
"[[1, 2], [3, 4]]",0.98865057
"[[1, 2], [3, 4]]",0.987923615
"[[1, 2], [3, 4]]",0.987869794
"[[1, 2], [3, 4]]",0.988083871
"[[1, 2], [3, 4]]",0.988368706
"[[1, 2], [3, 4]]",0.988661712
"[[1, 2], [3, 4]]",0.98954872
"[[1, 2], [3, 4]]",0.989775962
"[[1, 2], [3, 4]]",0.990251937
"[[1, 2], [3, 4]]",0.990794078
"[[1, 2], [3, 4]]",0.992300273
"[[1, 2], [3, 4]]",0.992519971
"[[1, 2], [3, 4]]",0.992284378
"[[1, 2], [3, 4]]",0.992178798
"[[1, 2], [3, 4]]",0.993031366
"[[1, 2], [3, 4]]",0.993296255
"[[1, 2], [3, 4]]",0.993380604
"[[1, 2], [3, 4]]",0.993373405
"[[1, 2], [3, 4]]",0.994037197
"[[1, 2], [3, 4]]",0.993998173
"[[1, 2], [3, 4]]",0.994056686
"[[1, 2], [3, 4]]",0.994100176
"[[1, 2], [3, 4]]",0.994083717
"[[1, 2], [3, 4]]",0.994047055
"[[1, 2], [3, 4]]",0.993902674
"[[1, 2], [3, 4]]",0.9938942
"[[1, 2], [3, 4]]",0.993905519
"[[1, 2], [3, 4]]",0.99389595
"[[1, 2], [3, 4]]",0.993885127
"[[1, 2], [3, 4]]",0.993225974
"[[1, 2], [3, 4]]",0.992823933
"[[1, 2], [3, 4]]",0.992492153
"[[1, 2], [3, 4]]",0.992476049
"[[1, 2], [3, 4]]",0.992551853
"[[1, 2], [3, 4]]",0.992568026
"[[1, 2], [3, 4]]",0.992688599
"[[1, 2], [3, 4]]",0.992895802
"[[1, 2], [3, 4]]",0.992887658
"[[1, 2], [3, 4]]",0.992761306
"[[1, 2], [3, 4]]",0.992828251
"[[1, 2], [3, 4]]",0.992849871
"[[1, 2], [3, 4]]",0.99305828
"[[1, 2], [3, 4]]",0.993188209
"[[1, 2], [3, 4]]",0.993172702
"[[1, 2], [3, 4]]",0.993049294
"[[1, 2], [3, 4]]",0.992958246
"[[1, 2], [3, 4]]",0.992849465
"[[1, 2], [3, 4]]",0.992611556
"[[1, 2], [3, 4]]",0.993664112
"[[1, 2], [3, 4]]",0.994452429
"[[1, 2], [3, 4]]",0.994799194
"[[1, 2], [3, 4]]",0.994930094
"[[1, 2], [3, 4]]",0.994926059
"[[1, 2], [3, 4]]",0.994737906
"[[1, 2], [3, 4]]",0.994582911
"[[1, 2], [3, 4]]",0.994576329
"[[1, 2], [3, 4]]",0.994610574
"[[1, 2], [3, 4]]",0.994675999
"[[1, 2], [3, 4]]",0.994662355
"[[1, 2], [3, 4]]",0.994768059
"[[1, 2], [3, 4]]",0.994935185
"[[1, 2], [3, 4]]",0.994999987
"[[1, 2], [3, 4]]",0.993348201
"[[1, 2], [3, 4]]",0.993185811
"[[1, 2], [3, 4]]",0.993144094
"[[1, 2], [3, 4]]",0.993307197
"[[1, 2], [3, 4]]",0.993420022
"[[1, 2], [3, 4]]",0.993569394
"[[1, 2], [3, 4]]",0.99362757
"[[1, 2], [3, 4]]",0.993636006
"[[1, 2], [3, 4]]",0.993664766
"[[1, 2], [3, 4]]",0.99366246
"[[1, 2], [3, 4]]",0.99311544
"[[1, 2], [3, 4]]",0.992929316
"[[1, 2], [3, 4]]",0.992947785
"[[1, 2], [3, 4]]",0.992899676
"[[1, 2], [3, 4]]",0.992903307
"[[1, 2], [3, 4]]",0.993501418
"[[1, 2], [3, 4]]",0.993805657
"[[1, 2], [3, 4]]",0.99408328
"[[1, 2], [3, 4]]",0.994060911
"[[1, 2], [3, 4]]",0.994090903
"[[1, 2], [3, 4]]",0.994127729
"[[1, 2], [3, 4]]",0.994134961
"[[1, 2], [3, 4]]",0.994026
"[[1, 2], [3, 4]]",0.994050802
"[[1, 2], [3, 4]]",0.994169103
"[[1, 2], [3, 4]]",0.994132081
"[[1, 2], [3, 4]]",0.993338323
"[[1, 2], [3, 4]]",0.993240205
"[[1, 2], [3, 4]]",0.993052554
"[[1, 2], [3, 4]]",0.992952454
"[[1, 2], [3, 4]]",0.993039618
"[[1, 2], [3, 4]]",0.993150333
"[[1, 2], [3, 4]]",0.993321282
"[[1, 2], [3, 4]]",0.993527245
"[[1, 2], [3, 4]]",0.993534145
"[[1, 2], [3, 4]]",0.99354071
"[[1, 2], [3, 4]]",0.993604822
"[[1, 2], [3, 4]]",0.993689186
"[[1, 2], [3, 4]]",0.993682478
"[[1, 2], [3, 4]]",0.993709053
"[[1, 2], [3, 4]]",0.9936427
"[[1, 2], [3, 4]]",0.99362885
"[[1, 2], [3, 4]]",0.99353046
"[[1, 2], [3, 4]]",0.993534162
"[[1, 2], [3, 4]]",0.993625199
"[[1, 2], [3, 4]]",0.993634343
"[[1, 2], [3, 4]]",0.993674235
"[[1, 2], [3, 4]]",0.993685392
"[[1, 2], [3, 4]]",0.995467774
"[[1, 2], [3, 4]]",0.995599665
"[[1, 2], [3, 4]]",0.995603461
"[[1, 2], [3, 4]]",0.99502015
"[[1, 2], [3, 4]]",0.994691018
"[[1, 2], [3, 4]]",0.991613338
"[[1, 2], [3, 4]]",0.991447955
"[[1, 2], [3, 4]]",0.990516187
"[[1, 2], [3, 4]]",0.98725341
"[[1, 2], [3, 4]]",0.983730662
"[[1, 2], [3, 4]]",0.978694693
"[[1, 2], [3, 4]]",0.9776875
"[[1, 2], [3, 4]]",0.977399852
"[[1, 2], [3, 4]]",0.977058926
"[[1, 2], [3, 4]]",0.975816948
"[[1, 2], [3, 4]]",0.975702907
"[[1, 2], [3, 4]]",0.975878896
"[[1, 2], [3, 4]]",0.976059332
"[[1, 2], [3, 4]]",0.976241229
"[[1, 2], [3, 4]]",0.976410013
"[[1, 2], [3, 4]]",0.976571214
"[[1, 2], [3, 4]]",0.976788144
"[[1, 2], [3, 4]]",0.976982857
"[[1, 2], [3, 4]]",0.977054575
"[[1, 2], [3, 4]]",0.977176765
"[[1, 2], [3, 4]]",0.977243167
"[[1, 2], [3, 4]]",0.977682061
"[[1, 2], [3, 4]]",0.975968055
"[[1, 2], [3, 4]]",0.975150117
"[[1, 2], [3, 4]]",0.974768576
"[[1, 2], [3, 4]]",0.974746357
"[[1, 2], [3, 4]]",0.974023598
"[[1, 2], [3, 4]]",0.973604283
"[[1, 2], [3, 4]]",0.972114847
"[[1, 2], [3, 4]]",0.965587884
"[[1, 2], [3, 4]]",0.961961454
"[[1, 2], [3, 4]]",0.960793788
"[[1, 2], [3, 4]]",0.960139269
"[[1, 2], [3, 4]]",0.957969452
"[[1, 2], [3, 4]]",0.95716639
"[[1, 2], [3, 4]]",0.957951564
"[[1, 2], [3, 4]]",0.958365569
"[[1, 2], [3, 4]]",0.958852289
"[[1, 2], [3, 4]]",0.95701337
"[[1, 2], [3, 4]]",0.956038737
"[[1, 2], [3, 4]]",0.956779858
"[[1, 2], [3, 4]]",0.957417986
"[[1, 2], [3, 4]]",0.954912961
"[[1, 2], [3, 4]]",0.945738642
"[[1, 2], [3, 4]]",0.936659221
"[[1, 2], [3, 4]]",0.931072154
"[[1], [2, 3, 4]]",0.921036549
"[[1], [2, 3, 4]]",0.918341066
"[[1], [2, 3, 4]]",0.919864779
"[[1], [2, 3, 4]]",0.921278003
"[[1], [2, 3, 4]]",0.918794617
"[[1], [2, 3, 4]]",0.916519176
"[[1], [2, 3, 4]]",0.91516378
"[[1], [2, 3, 4]]",0.91085329
"[[1], [2, 3, 4]]",0.910372473
"[[1], [2, 3, 4]]",0.910005534
"[[1], [2, 3, 4]]",0.911164317
"[[1], [2, 3, 4]]",0.911964184
"[[1], [2, 3, 4]]",0.912916017
"[[1], [2, 3, 4]]",0.914248386
"[[1], [2, 3, 4]]",0.915822795
"[[1], [2, 3, 4]]",0.9174992
"[[2, 3], [1, 4]]",0.918998323
"[[2, 3], [1, 4]]",0.920315889
"[[2, 3], [1, 4]]",0.92229585
"[[2, 3], [1, 4]]",0.924191994
"[[2, 3], [1, 4]]",0.925998749
"[[2, 3], [1, 4]]",0.927882126
"[[2, 3], [1, 4]]",0.929168612
"[[2, 3], [1, 4]]",0.929958952
"[[2, 3], [1, 4]]",0.929919151
"[[2, 3], [1, 4]]",0.93032669
"[[2, 3], [1, 4]]",0.931168915
"[[2, 3], [1, 4]]",0.932174346
"[[2], [1, 3, 4]]",0.932772665
"[[2, 3], [1, 4]]",0.933832472
"[[2, 3], [1, 4]]",0.934684637
"[[2, 3], [1, 4]]",0.934303281
"[[2, 3], [1, 4]]",0.934097291
"[[2, 3], [1, 4]]",0.934602602
"[[2, 3], [1, 4]]",0.935062047
"[[2, 3], [1, 4]]",0.934991543
"[[2], [1, 3, 4]]",0.935199597
"[[2, 3], [1, 4]]",0.935885368
"[[2, 3], [1, 4]]",0.936452224
"[[2], [1, 3, 4]]",0.937008799
"[[2, 3], [1, 4]]",0.936949471
"[[2], [1, 3, 4]]",0.936808737
"[[2], [1, 3, 4]]",0.937332877
"[[2], [1, 3, 4]]",0.937630909
"[[2], [1, 3, 4]]",0.936656116
"[[2, 3], [1, 4]]",0.934898141
"[[2, 3], [1, 4]]",0.934371657
"[[2, 3], [1, 4]]",0.934388394
"[[2], [1, 3, 4]]",0.935401337
"[[2], [1, 3, 4]]",0.935342633
"[[2, 3], [1, 4]]",0.935170547
"[[2], [1, 3, 4]]",0.935062171
"[[2], [1, 3, 4]]",0.93530014
"[[2], [1, 3, 4]]",0.935783227
"[[2, 3], [1, 4]]",0.936271925
"[[2, 3], [1, 4]]",0.937717593
"[[2, 3], [1, 4]]",0.938246925
"[[2, 3], [1, 4]]",0.939099454
"[[2], [1, 3, 4]]",0.939261223
"[[2], [1, 3, 4]]",0.939371239
"[[2], [1, 3, 4]]",0.939867565
"[[2, 3], [1, 4]]",0.939477711
"[[2, 3], [1, 4]]",0.939270207
"[[2, 3], [1, 4]]",0.938996203
"[[2, 3], [1, 4]]",0.938833564
"[[2, 3], [1, 4]]",0.938788709
"[[2, 3], [1, 4]]",0.938201816
"[[2, 3], [1, 4]]",0.937817122
"[[2, 3], [1, 4]]",0.93681611
"[[2, 3], [1, 4]]",0.936113346
"[[2, 3], [1, 4]]",0.935793843
"[[2, 3], [1, 4]]",0.936189903
"[[2, 3], [1, 4]]",0.936538301
"[[2, 3], [1, 4]]",0.936253754
"[[2, 3], [1, 4]]",0.935532831
"[[2, 3], [1, 4]]",0.934857698
"[[2, 3], [1, 4]]",0.93392852
"[[2, 3], [1, 4]]",0.932936382
"[[2, 3], [1, 4]]",0.931491763
"[[2, 3], [1, 4]]",0.931315314
"[[2, 3], [1, 4]]",0.930891173
"[[2, 3], [1, 4]]",0.929757945
"[[2, 3], [1, 4]]",0.928697608
"[[2, 3], [1, 4]]",0.929260471
"[[2, 3], [1, 4]]",0.929129802
"[[2, 3], [1, 4]]",0.928372023
"[[2, 3], [1, 4]]",0.927620021
"[[2, 3], [1, 4]]",0.927044117
"[[1, 4], [2, 3]]",0.926816141
"[[2, 3], [1, 4]]",0.927042559
"[[2, 3], [1, 4]]",0.927087666
"[[2, 3], [1, 4]]",0.928326074
"[[2, 3], [1, 4]]",0.931355596
"[[2, 3], [1, 4]]",0.939456996
"[[4], [1, 2, 3]]",0.9457127
"[[4], [1, 2, 3]]",0.948757268
"[[4], [1, 2, 3]]",0.9493778
"[[4], [1, 2, 3]]",0.949833245
"[[4], [1, 2, 3]]",0.950188062
"[[4], [1, 2, 3]]",0.950087856
"[[4], [1, 2, 3]]",0.949571733
"[[4], [1, 2, 3]]",0.94938048
"[[4], [1, 2, 3]]",0.952942597
"[[4], [1, 2, 3]]",0.959394004
"[[4], [1, 2, 3]]",0.964342324
"[[4], [1, 2, 3]]",0.9681628
"[[4], [1, 2, 3]]",0.96983186
"[[4], [1, 2, 3]]",0.97211616
"[[4], [1, 2, 3]]",0.976410183
"[[4], [1, 2, 3]]",0.976311563
"[[4], [1, 2, 3]]",0.976545315
"[[4], [1, 2, 3]]",0.976724711
"[[4], [1, 2, 3]]",0.976707099
"[[4], [1, 2, 3]]",0.976593597
"[[4], [1, 2, 3]]",0.976459191
"[[4], [1, 2, 3]]",0.976138652
"[[4], [1, 2, 3]]",0.97568398
"[[4], [1, 2, 3]]",0.975427465
"[[4], [1, 2, 3]]",0.975690648
"[[4], [1, 2, 3]]",0.976980451
"[[4], [1, 2, 3]]",0.978205967
"[[4], [1, 2, 3]]",0.978235052
"[[4], [1, 2, 3]]",0.978155262
"[[4], [1, 2, 3]]",0.978087545
"[[4], [1, 2, 3]]",0.978021994
"[[4], [1, 2, 3]]",0.977988754
"[[4], [1, 2, 3]]",0.977930575
"[[4], [1, 2, 3]]",0.977702466
"[[4], [1, 2, 3]]",0.977578645
"[[4], [1, 2, 3]]",0.977587611
"[[4], [1, 2, 3]]",0.977675278
"[[4], [1, 2, 3]]",0.978169796
"[[4], [1, 2, 3]]",0.978241251
"[[4], [1, 2, 3]]",0.977989301
"[[4], [1, 2, 3]]",0.977808783
"[[4], [1, 2, 3]]",0.977589841
"[[4], [1, 2, 3]]",0.977443429
"[[4], [1, 2, 3]]",0.977267579
"[[4], [1, 2, 3]]",0.977005307
"[[4], [1, 2, 3]]",0.976743038
"[[4], [1, 2, 3]]",0.976622171
"[[4], [1, 2, 3]]",0.976611304
"[[4], [1, 2, 3]]",0.97451227
"[[4], [1, 2, 3]]",0.973465643
"[[4], [1, 2, 3]]",0.974289934
"[[4], [1, 2, 3]]",0.974936809
"[[4], [1, 2, 3]]",0.975383594
"[[4], [1, 2, 3]]",0.975080385
"[[4], [1, 2, 3]]",0.973645338
"[[4], [1, 2, 3]]",0.970969515
"[[4], [1, 2, 3]]",0.969168167
"[[4], [1, 2, 3]]",0.967125709
"[[4], [1, 2, 3]]",0.964887501
"[[4], [1, 2, 3]]",0.962894748
"[[4], [1, 2, 3]]",0.957157697
"[[4], [1, 2, 3]]",0.954878301
"[[4], [1, 2, 3]]",0.954939629
"[[4], [1, 2, 3]]",0.955058239
"[[4], [1, 2, 3]]",0.954137684
"[[4], [1, 2, 3]]",0.954463246
"[[4], [1, 2, 3]]",0.954811268
"[[4], [1, 2, 3]]",0.955266005
"[[4], [1, 2, 3]]",0.95574332
"[[4], [1, 2, 3]]",0.951036413
"[[4], [1, 2, 3]]",0.946008824
"[[4], [1, 2, 3]]",0.941520334
"[[4], [1, 2, 3]]",0.938780293
"[[4], [1, 2, 3]]",0.939681999
"[[4], [1, 2, 3]]",0.939936575
"[[4], [1, 2, 3]]",0.940227988
"[[4], [1, 2, 3]]",0.940684448
"[[4], [1, 2, 3]]",0.941246974
"[[4], [1, 2, 3]]",0.941747292
"[[4], [1, 2, 3]]",0.941822461
"[[4], [1, 2, 3]]",0.941787091
"[[2, 3], [1, 4]]",0.935173175
"[[2, 3], [1, 4]]",0.935274195
"[[2, 3], [1, 4]]",0.935875509
"[[2, 3], [1, 4]]",0.936693019
"[[2, 3], [1, 4]]",0.937869392
"[[2, 3], [1, 4]]",0.938932979
"[[2, 3], [1, 4]]",0.93962988
"[[2, 3], [1, 4]]",0.939758122
"[[2, 3], [1, 4]]",0.940444379
"[[2, 3], [1, 4]]",0.940997109
"[[2, 3], [1, 4]]",0.942256683
"[[2, 3], [1, 4]]",0.943266516
"[[2, 3], [1, 4]]",0.944056627
"[[2], [1, 3, 4]]",0.945147414
"[[2, 3], [1, 4]]",0.945237123
"[[2, 3], [1, 4]]",0.945212093
"[[2, 3], [1, 4]]",0.94524388
"[[2], [1, 3, 4]]",0.945105915
"[[2, 3], [1, 4]]",0.945115447
"[[2], [1, 3, 4]]",0.945010486
"[[2], [1, 3, 4]]",0.944637797
"[[2], [1, 3, 4]]",0.944126683
"[[2, 3], [1, 4]]",0.9441073
"[[2, 3], [1, 4]]",0.944309204
"[[2, 3], [1, 4]]",0.944528998
"[[2, 3], [1, 4]]",0.944757489
"[[2, 3], [1, 4]]",0.944980141
"[[2, 3], [1, 4]]",0.945821191
"[[2, 3], [1, 4]]",0.946035513
"[[2, 3], [1, 4]]",0.946081207
"[[2, 3], [1, 4]]",0.946094525
"[[2, 3], [1, 4]]",0.944816215
"[[2, 3], [1, 4]]",0.944263057
"[[2, 3], [1, 4]]",0.943738495
"[[2, 3], [1, 4]]",0.944128889
"[[4], [1, 2, 3]]",0.943770108
"[[2, 3], [1, 4]]",0.94530514
"[[4], [1, 2, 3]]",0.947848481
"[[4], [1, 2, 3]]",0.948609176
"[[4], [1, 2, 3]]",0.949398673
"[[4], [1, 2, 3]]",0.949374841
"[[4], [1, 2, 3]]",0.948956049
"[[4], [1, 2, 3]]",0.948486247
"[[2, 3], [1, 4]]",0.94725231
"[[4], [1, 2, 3]]",0.946538842
"[[4], [1, 2, 3]]",0.945675789
"[[4], [1, 2, 3]]",0.944928903
"[[4], [1, 2, 3]]",0.944964912
"[[4], [1, 2, 3]]",0.954274657
"[[4], [1, 2, 3]]",0.955360182
"[[4], [1, 2, 3]]",0.955356776
"[[4], [1, 2, 3]]",0.955486294
"[[4], [1, 2, 3]]",0.955705127
"[[4], [1, 2, 3]]",0.955395682
"[[4], [1, 2, 3]]",0.95550231
"[[4], [1, 2, 3]]",0.956279203
"[[4], [1, 2, 3]]",0.956294271
"[[4], [1, 2, 3]]",0.956390902
"[[4], [1, 2, 3]]",0.955921581
"[[4], [1, 2, 3]]",0.95518698
"[[4], [1, 2, 3]]",0.955138284
"[[4], [1, 2, 3]]",0.9553104
"[[4], [1, 2, 3]]",0.957095221
"[[4], [1, 2, 3]]",0.957805934
"[[4], [1, 2, 3]]",0.957793774
"[[4], [1, 2, 3]]",0.957916599
"[[4], [1, 2, 3]]",0.95796702
"[[4], [1, 2, 3]]",0.957952181
"[[4], [1, 2, 3]]",0.958304136
"[[4], [1, 2, 3]]",0.958250966
"[[4], [1, 2, 3]]",0.957807097
"[[4], [1, 2, 3]]",0.956649559
"[[4], [1, 2, 3]]",0.957525955
"[[4], [1, 2, 3]]",0.958026785
"[[4], [1, 2, 3]]",0.958047629
"[[4], [1, 2, 3]]",0.959449248
"[[4], [1, 2, 3]]",0.960796434
"[[4], [1, 2, 3]]",0.96202501
"[[4], [1, 2, 3]]",0.962100327
"[[4], [1, 2, 3]]",0.961643377
"[[4], [1, 2, 3]]",0.961613441
"[[4], [1, 2, 3]]",0.961142611
"[[4], [1, 2, 3]]",0.960682364
"[[4], [1, 2, 3]]",0.959992172
"[[4], [1, 2, 3]]",0.959013682
"[[4], [1, 2, 3]]",0.9565193
"[[4], [1, 2, 3]]",0.963815781
"[[4], [1, 2, 3]]",0.97025992
"[[4], [1, 2, 3]]",0.970874788
"[[4], [1, 2, 3]]",0.955402616
"[[1], [2, 3, 4]]",0.941841257
"[[1], [2, 3, 4]]",0.940603037
"[[1], [2, 3, 4]]",0.941074549
"[[1], [2, 3, 4]]",0.941725068
"[[1], [2, 3, 4]]",0.942388166
"[[1], [2, 3, 4]]",0.941929968
"[[1], [2, 3, 4]]",0.936263836
"[[1], [2, 3, 4]]",0.934810842
"[[1], [2, 3, 4]]",0.933286897
"[[1], [2, 3, 4]]",0.931355566
"[[1], [2, 3, 4]]",0.928259077
"[[1], [2, 3, 4]]",0.924503355
"[[1], [2, 3, 4]]",0.921784429
"[[1], [2, 3, 4]]",0.922570682
"[[1], [2, 3, 4]]",0.924497263
"[[1], [2, 3, 4]]",0.926404605
"[[1], [2, 3, 4]]",0.928774914
"[[1], [2, 3, 4]]",0.931296778
"[[1], [2, 3, 4]]",0.933363672
"[[1], [2, 3, 4]]",0.935495512
"[[1], [2, 3, 4]]",0.937067383
"[[1], [2, 3, 4]]",0.938412977
"[[1], [2, 3, 4]]",0.939742949
"[[1], [2, 3, 4]]",0.940570113
"[[1], [2, 3, 4]]",0.941647577
"[[1], [2, 3, 4]]",0.942880405
"[[1], [2, 3, 4]]",0.944366647
"[[1], [2, 3, 4]]",0.944677228
"[[1], [2, 3, 4]]",0.945225089
"[[1], [2, 3, 4]]",0.926459176
"[[1], [2, 3, 4]]",0.862820438
"[[1], [2, 3, 4]]",0.867540455
"[[1], [2, 3, 4]]",0.870136411
"[[1], [2, 3, 4]]",0.871794726
"[[1], [2, 3, 4]]",0.873183288
"[[1], [2, 3, 4]]",0.875828754
"[[1], [2, 3, 4]]",0.877433306
"[[1], [2, 3, 4]]",0.878390094
"[[1], [2, 3, 4]]",0.879446206
"[[1], [2, 3, 4]]",0.87991344
"[[1], [2, 3, 4]]",0.880034195
"[[1], [2, 3, 4]]",0.881436661
"[[1], [2, 3, 4]]",0.883603104
"[[1], [2, 3, 4]]",0.884265251
"[[1], [2, 3, 4]]",0.885719878
"[[1], [2, 3, 4]]",0.888268826
"[[1], [2, 3, 4]]",0.889762935
"[[1], [2, 3, 4]]",0.888959492
"[[1], [2, 3, 4]]",0.88779247
"[[1], [2, 3, 4]]",0.887185623
"[[1], [2, 3, 4]]",0.886953344
"[[1], [2, 3, 4]]",0.886695554
"[[1], [2, 3, 4]]",0.886669161
"[[1], [2, 3, 4]]",0.887070949
"[[1], [2, 3, 4]]",0.88610075
"[[1], [2, 3, 4]]",0.885178441
"[[1], [2, 3, 4]]",0.884702914
"[[1], [2, 3, 4]]",0.884243615
"[[1], [2, 3, 4]]",0.883787551
"[[1], [2, 3, 4]]",0.882339076
"[[1], [2, 3, 4]]",0.88046222
"[[1], [2, 3, 4]]",0.879674204
"[[1], [2, 3, 4]]",0.879881886
"[[1], [2, 3, 4]]",0.879223792
"[[1], [2, 3, 4]]",0.878344254
"[[1], [2, 3, 4]]",0.878739957
"[[1], [2, 3, 4]]",0.877625926
"[[1], [2, 3, 4]]",0.875974739
"[[1], [2, 3, 4]]",0.874019522
"[[1], [2, 3, 4]]",0.871777417
"[[1], [2, 3, 4]]",0.86965197
"[[1], [2, 3, 4]]",0.867285136
"[[1], [2, 3, 4]]",0.86509372
"[[1], [2, 3, 4]]",0.863263259
"[[1], [2, 3, 4]]",0.861517005
"[[1], [2, 3, 4]]",0.858796677
"[[1], [2, 3, 4]]",0.856647857
"[[1], [2, 3, 4]]",0.859077251
"[[1, 4], [2, 3]]",0.964889912
"[[1, 4], [2, 3]]",0.973083052
"[[1, 4], [2, 3]]",0.973434799
"[[2, 3], [1, 4]]",0.97347078
"[[2, 3], [1, 4]]",0.973530088
"[[2, 3], [1, 4]]",0.97407759
"[[2, 3], [1, 4]]",0.973803763
"[[2, 3], [1, 4]]",0.973262256
"[[1, 4], [2, 3]]",0.97265919
"[[1, 4], [2, 3]]",0.971905226
"[[2, 3], [1, 4]]",0.971117946
"[[1, 4], [2, 3]]",0.970213666
"[[1, 4], [2, 3]]",0.970020246
"[[4], [1, 2, 3]]",0.97006092
"[[2, 3], [1, 4]]",0.970042804
"[[1, 4], [2, 3]]",0.971430482
"[[4], [1, 2, 3]]",0.972681634
"[[4], [1, 2, 3]]",0.972759606
"[[2, 3], [1, 4]]",0.972772047
"[[4], [1, 2, 3]]",0.972576865
"[[2, 3], [1, 4]]",0.972451896
"[[2, 3], [1, 4]]",0.972413121
"[[4], [1, 2, 3]]",0.972403695
"[[4], [1, 2, 3]]",0.973024455
"[[4], [1, 2, 3]]",0.973113782
"[[4], [1, 2, 3]]",0.973112149
"[[4], [1, 2, 3]]",0.973416344
"[[4], [1, 2, 3]]",0.974102969
"[[4], [1, 2, 3]]",0.975122743
"[[4], [1, 2, 3]]",0.97513231
"[[4], [1, 2, 3]]",0.975103533
"[[4], [1, 2, 3]]",0.974953808
"[[4], [1, 2, 3]]",0.975345734
"[[4], [1, 2, 3]]",0.975199823
"[[4], [1, 2, 3]]",0.975022172
"[[4], [1, 2, 3]]",0.976879761
"[[4], [1, 2, 3]]",0.976729523
"[[4], [1, 2, 3]]",0.976275169
"[[4], [1, 2, 3]]",0.975719295
"[[4], [1, 2, 3]]",0.975619628
"[[4], [1, 2, 3]]",0.975658389
"[[4], [1, 2, 3]]",0.975931086
"[[4], [1, 2, 3]]",0.976242188
"[[4], [1, 2, 3]]",0.976198054
"[[4], [1, 2, 3]]",0.97606782
"[[4], [1, 2, 3]]",0.97595281
"[[4], [1, 2, 3]]",0.976697544
"[[4], [1, 2, 3]]",0.978198995
"[[4], [1, 2, 3]]",0.98030615
"[[4], [1, 2, 3]]",0.982040668
"[[4], [1, 2, 3]]",0.982734905
"[[4], [1, 2, 3]]",0.982927171
"[[4], [1, 2, 3]]",0.982815762
"[[4], [1, 2, 3]]",0.982624321
"[[4], [1, 2, 3]]",0.982183365
"[[4], [1, 2, 3]]",0.982060748
"[[4], [1, 2, 3]]",0.981676118
"[[4], [1, 2, 3]]",0.981488071
"[[4], [1, 2, 3]]",0.981534245
"[[4], [1, 2, 3]]",0.981223344
"[[4], [1, 2, 3]]",0.980360202
"[[4], [1, 2, 3]]",0.979188847
"[[4], [1, 2, 3]]",0.97820031
"[[4], [1, 2, 3]]",0.977020067
"[[4], [1, 2, 3]]",0.976484616
"[[4], [1, 2, 3]]",0.975727272
"[[4], [1, 2, 3]]",0.975005278
"[[4], [1, 2, 3]]",0.974361111
"[[4], [1, 2, 3]]",0.973524272
"[[4], [1, 2, 3]]",0.972736841
"[[4], [1, 2, 3]]",0.972368012
"[[4], [1, 2, 3]]",0.971897055
"[[4], [1, 2, 3]]",0.971441958
"[[4], [1, 2, 3]]",0.970936865
"[[4], [1, 2, 3]]",0.970406601
"[[4], [1, 2, 3]]",0.969590062
"[[4], [1, 2, 3]]",0.968945111
"[[4], [1, 2, 3]]",0.968295116
"[[4], [1, 2, 3]]",0.967314801
"[[4], [1, 2, 3]]",0.966407329
"[[4], [1, 2, 3]]",0.965304865
"[[4], [1, 2, 3]]",0.963947163
"[[4], [1, 2, 3]]",0.962480138
"[[4], [1, 2, 3]]",0.960899224
"[[4], [1, 2, 3]]",0.95910536
"[[4], [1, 2, 3]]",0.958381282
"[[4], [1, 2, 3]]",0.958531987
"[[4], [1, 2, 3]]",0.95768374
"[[4], [1, 2, 3]]",0.95625838
"[[4], [1, 2, 3]]",0.954687793
"[[4], [1, 2, 3]]",0.953140932
"[[4], [1, 2, 3]]",0.951686165
"[[4], [1, 2, 3]]",0.95005282
"[[4], [1, 2, 3]]",0.948604387
"[[4], [1, 2, 3]]",0.946786386
"[[4], [1, 2, 3]]",0.945277515
"[[4], [1, 2, 3]]",0.944686399
"[[4], [1, 2, 3]]",0.943246086
"[[4], [1, 2, 3]]",0.941550293
"[[4], [1, 2, 3]]",0.939616859
"[[4], [1, 2, 3]]",0.93801226
"[[4], [1, 2, 3]]",0.936770833
"[[4], [1, 2, 3]]",0.935799718
"[[4], [1, 2, 3]]",0.935351126
"[[4], [1, 2, 3]]",0.935837476
"[[4], [1, 2, 3]]",0.936500538
"[[1, 2], [3, 4]]",0.936669857
"[[1, 2], [3, 4]]",0.938492634
"[[1, 2], [3, 4]]",0.943191009
"[[1, 2], [3, 4]]",0.949281417
"[[1, 2], [3, 4]]",0.956041633
"[[1, 2], [3, 4]]",0.966781194
"[[1, 2], [3, 4]]",0.971190496
"[[1, 2], [3, 4]]",0.971145189
"[[1, 2], [3, 4]]",0.971123721
"[[1, 2], [3, 4]]",0.971223615
"[[1, 2], [3, 4]]",0.971334887
"[[1, 2], [3, 4]]",0.971312037
"[[1, 2], [3, 4]]",0.972422989
"[[1, 2], [3, 4]]",0.974623934
"[[1, 2], [3, 4]]",0.978832092
"[[1, 2], [3, 4]]",0.983322733
"[[1, 2], [3, 4]]",0.987259931
"[[1, 2], [3, 4]]",0.987558528
"[[1, 2], [3, 4]]",0.989196329
"[[1, 2], [3, 4]]",0.990718932
"[[1, 2], [3, 4]]",0.990784738
"[[1, 2], [3, 4]]",0.990986337
"[[1, 2], [3, 4]]",0.990996342
"[[1, 2], [3, 4]]",0.990837922
"[[1, 2], [3, 4]]",0.990710633
"[[1, 2], [3, 4]]",0.99056887
"[[1, 2], [3, 4]]",0.99038403
"[[1, 2], [3, 4]]",0.989960087
"[[1, 2], [3, 4]]",0.989551267
"[[1, 2], [3, 4]]",0.988788141
"[[1, 2], [3, 4]]",0.987814302
"[[1, 2], [3, 4]]",0.985533831
"[[1, 2], [3, 4]]",0.985289826
"[[1, 2], [3, 4]]",0.98496462
"[[1, 2], [3, 4]]",0.984718294
"[[1, 2], [3, 4]]",0.98445776
"[[1, 2], [3, 4]]",0.984574222
"[[1, 2], [3, 4]]",0.984559811
"[[1, 2], [3, 4]]",0.983499364
"[[1, 2], [3, 4]]",0.983449485
"[[1, 2], [3, 4]]",0.983436974
"[[1, 2], [3, 4]]",0.983595498
"[[1, 2], [3, 4]]",0.983792076
"[[1, 2], [3, 4]]",0.983814102
"[[1, 2], [3, 4]]",0.98383514
"[[1, 2], [3, 4]]",0.983948975
"[[1, 2], [3, 4]]",0.983783201
"[[1, 2], [3, 4]]",0.983581793
"[[1, 2], [3, 4]]",0.983484248
"[[1, 2], [3, 4]]",0.983673146
"[[1, 2], [3, 4]]",0.983737219
"[[1, 2], [3, 4]]",0.983886126
"[[1, 2], [3, 4]]",0.983680041
"[[1, 2], [3, 4]]",0.983966538
"[[1, 2], [3, 4]]",0.98364708
"[[1, 2], [3, 4]]",0.983811923
"[[1, 2], [3, 4]]",0.984004694
"[[1, 2], [3, 4]]",0.98418459
"[[1, 2], [3, 4]]",0.98395523
"[[1, 2], [3, 4]]",0.98360308
"[[1, 2], [3, 4]]",0.980541304
"[[1, 2], [3, 4]]",0.978329568
"[[1, 2], [3, 4]]",0.97194598
"[[1, 2], [3, 4]]",0.969511241
"[[1, 2], [3, 4]]",0.969490511
"[[1, 2], [3, 4]]",0.969029318
"[[1, 2], [3, 4]]",0.96695821
"[[1, 2], [3, 4]]",0.966039042
