x1,x2,x3,x4,x5,x6,x7,x8,x9,x10,x11,x12,x13,x14,x15,x16,x17,x18,x19,x20,x21,x22,x23,x24,x25,x26,x27,x28,x29,x30,x31,x32,x33,x34,x35,x36,x37,x38,x39,x40,x41,x42,x43,x44,x45,x46,x47,x48,x49,x50,x51,x52,x53,x54,x55,x56,x57,x58,x59,x60,x61,x62,x63,x64,x65,x66,x67,x68,x69,x70,x71,x72,x73,x74,x75,x76,x77,x78,x79,x80,x81,x82,x83,x84,x85,x86,x87,x88,x89,x90,x91,x92,x93,x94,x95,x96,x1_1
0.019960000000000002,0.017920000000000002,0.01832,0.01804,0.01936,0.01899,0.020739999999999998,0.02068,0.02067,0.02341,0.02524,0.02436,0.02422,0.02432,0.02377,0.0254,0.027,0.03064,0.03637,0.032990000000000005,0.02936,0.02952,0.02932,0.028059999999999998,0.02452,0.02501,0.02389,0.02566,0.02535,0.02325,0.0255,0.02521,0.02834,0.02905,0.02963,0.030920000000000003,0.03168,0.031039999999999998,0.03084,0.03114,0.033299999999999996,0.038979999999999994,0.04505,0.04284,0.040780000000000004,0.03774,0.03359,0.03575,0.892833333333333,0.97625,0.9275,0.9275,0.68375,0.635,0.732499999999999,0.87875,0.87875,0.845,0.83,0.7955,0.768153846153846,0.899642857142857,0.8,0.87875,0.97625,0.633153846153846,0.402,0.744571428571428,0.89,0.661166666666666,0.712083333333333,0.678,0.635,0.78125,0.7325,0.799999999999999,0.742857142857142,0.712999999999999,0.665416666666666,0.599416666666666,0.648928571428571,0.6675,0.784117647058823,0.6391,0.507166666666666,0.664999999999999,0.68375,0.71,0.575714285714285,0.348315789473684,0.343499999999999,0.511117647058823,0.453,0.68375,0.62,0.648928571428571,"[[1, 4], [2, 3]]"
0.017920000000000002,0.01832,0.01804,0.01936,0.01899,0.020739999999999998,0.02068,0.02067,0.02341,0.02524,0.02436,0.02422,0.02432,0.02377,0.0254,0.027,0.03064,0.03637,0.032990000000000005,0.02936,0.02952,0.02932,0.028059999999999998,0.02452,0.02501,0.02389,0.02566,0.02535,0.02325,0.0255,0.02521,0.02834,0.02905,0.02963,0.030920000000000003,0.03168,0.031039999999999998,0.03084,0.03114,0.033299999999999996,0.038979999999999994,0.04505,0.04284,0.040780000000000004,0.03774,0.03359,0.03575,0.03404,0.97625,0.9275,0.9275,0.68375,0.635,0.732499999999999,0.87875,0.87875,0.845,0.83,0.7955,0.768153846153846,0.899642857142857,0.8,0.87875,0.97625,0.633153846153846,0.402,0.744571428571428,0.89,0.661166666666666,0.712083333333333,0.678,0.635,0.78125,0.7325,0.799999999999999,0.742857142857142,0.712999999999999,0.665416666666666,0.599416666666666,0.648928571428571,0.6675,0.784117647058823,0.6391,0.507166666666666,0.664999999999999,0.68375,0.71,0.575714285714285,0.348315789473684,0.343499999999999,0.511117647058823,0.453,0.68375,0.62,0.648928571428571,0.553285714285714,"[[2, 3], [1, 4]]"
0.01832,0.01804,0.01936,0.01899,0.020739999999999998,0.02068,0.02067,0.02341,0.02524,0.02436,0.02422,0.02432,0.02377,0.0254,0.027,0.03064,0.03637,0.032990000000000005,0.02936,0.02952,0.02932,0.028059999999999998,0.02452,0.02501,0.02389,0.02566,0.02535,0.02325,0.0255,0.02521,0.02834,0.02905,0.02963,0.030920000000000003,0.03168,0.031039999999999998,0.03084,0.03114,0.033299999999999996,0.038979999999999994,0.04505,0.04284,0.040780000000000004,0.03774,0.03359,0.03575,0.03404,0.03487,0.9275,0.9275,0.68375,0.635,0.732499999999999,0.87875,0.87875,0.845,0.83,0.7955,0.768153846153846,0.899642857142857,0.8,0.87875,0.97625,0.633153846153846,0.402,0.744571428571428,0.89,0.661166666666666,0.712083333333333,0.678,0.635,0.78125,0.7325,0.799999999999999,0.742857142857142,0.712999999999999,0.665416666666666,0.599416666666666,0.648928571428571,0.6675,0.784117647058823,0.6391,0.507166666666666,0.664999999999999,0.68375,0.71,0.575714285714285,0.348315789473684,0.343499999999999,0.511117647058823,0.453,0.68375,0.62,0.648928571428571,0.553285714285714,0.646470588235294,"[[2, 3], [1, 4]]"
0.01804,0.01936,0.01899,0.020739999999999998,0.02068,0.02067,0.02341,0.02524,0.02436,0.02422,0.02432,0.02377,0.0254,0.027,0.03064,0.03637,0.032990000000000005,0.02936,0.02952,0.02932,0.028059999999999998,0.02452,0.02501,0.02389,0.02566,0.02535,0.02325,0.0255,0.02521,0.02834,0.02905,0.02963,0.030920000000000003,0.03168,0.031039999999999998,0.03084,0.03114,0.033299999999999996,0.038979999999999994,0.04505,0.04284,0.040780000000000004,0.03774,0.03359,0.03575,0.03404,0.03487,0.03232,0.9275,0.68375,0.635,0.732499999999999,0.87875,0.87875,0.845,0.83,0.7955,0.768153846153846,0.899642857142857,0.8,0.87875,0.97625,0.633153846153846,0.402,0.744571428571428,0.89,0.661166666666666,0.712083333333333,0.678,0.635,0.78125,0.7325,0.799999999999999,0.742857142857142,0.712999999999999,0.665416666666666,0.599416666666666,0.648928571428571,0.6675,0.784117647058823,0.6391,0.507166666666666,0.664999999999999,0.68375,0.71,0.575714285714285,0.348315789473684,0.343499999999999,0.511117647058823,0.453,0.68375,0.62,0.648928571428571,0.553285714285714,0.646470588235294,0.690714285714285,"[[1, 4], [2, 3]]"
0.01936,0.01899,0.020739999999999998,0.02068,0.02067,0.02341,0.02524,0.02436,0.02422,0.02432,0.02377,0.0254,0.027,0.03064,0.03637,0.032990000000000005,0.02936,0.02952,0.02932,0.028059999999999998,0.02452,0.02501,0.02389,0.02566,0.02535,0.02325,0.0255,0.02521,0.02834,0.02905,0.02963,0.030920000000000003,0.03168,0.031039999999999998,0.03084,0.03114,0.033299999999999996,0.038979999999999994,0.04505,0.04284,0.040780000000000004,0.03774,0.03359,0.03575,0.03404,0.03487,0.03232,0.03351,0.68375,0.635,0.732499999999999,0.87875,0.87875,0.845,0.83,0.7955,0.768153846153846,0.899642857142857,0.8,0.87875,0.97625,0.633153846153846,0.402,0.744571428571428,0.89,0.661166666666666,0.712083333333333,0.678,0.635,0.78125,0.7325,0.799999999999999,0.742857142857142,0.712999999999999,0.665416666666666,0.599416666666666,0.648928571428571,0.6675,0.784117647058823,0.6391,0.507166666666666,0.664999999999999,0.68375,0.71,0.575714285714285,0.348315789473684,0.343499999999999,0.511117647058823,0.453,0.68375,0.62,0.648928571428571,0.553285714285714,0.646470588235294,0.690714285714285,0.635,"[[2, 3], [1, 4]]"
0.01899,0.020739999999999998,0.02068,0.02067,0.02341,0.02524,0.02436,0.02422,0.02432,0.02377,0.0254,0.027,0.03064,0.03637,0.032990000000000005,0.02936,0.02952,0.02932,0.028059999999999998,0.02452,0.02501,0.02389,0.02566,0.02535,0.02325,0.0255,0.02521,0.02834,0.02905,0.02963,0.030920000000000003,0.03168,0.031039999999999998,0.03084,0.03114,0.033299999999999996,0.038979999999999994,0.04505,0.04284,0.040780000000000004,0.03774,0.03359,0.03575,0.03404,0.03487,0.03232,0.03351,0.03139,0.635,0.732499999999999,0.87875,0.87875,0.845,0.83,0.7955,0.768153846153846,0.899642857142857,0.8,0.87875,0.97625,0.633153846153846,0.402,0.744571428571428,0.89,0.661166666666666,0.712083333333333,0.678,0.635,0.78125,0.7325,0.799999999999999,0.742857142857142,0.712999999999999,0.665416666666666,0.599416666666666,0.648928571428571,0.6675,0.784117647058823,0.6391,0.507166666666666,0.664999999999999,0.68375,0.71,0.575714285714285,0.348315789473684,0.343499999999999,0.511117647058823,0.453,0.68375,0.62,0.648928571428571,0.553285714285714,0.646470588235294,0.690714285714285,0.635,0.83,"[[1, 4], [2, 3]]"
0.020739999999999998,0.02068,0.02067,0.02341,0.02524,0.02436,0.02422,0.02432,0.02377,0.0254,0.027,0.03064,0.03637,0.032990000000000005,0.02936,0.02952,0.02932,0.028059999999999998,0.02452,0.02501,0.02389,0.02566,0.02535,0.02325,0.0255,0.02521,0.02834,0.02905,0.02963,0.030920000000000003,0.03168,0.031039999999999998,0.03084,0.03114,0.033299999999999996,0.038979999999999994,0.04505,0.04284,0.040780000000000004,0.03774,0.03359,0.03575,0.03404,0.03487,0.03232,0.03351,0.03139,0.03724,0.732499999999999,0.87875,0.87875,0.845,0.83,0.7955,0.768153846153846,0.899642857142857,0.8,0.87875,0.97625,0.633153846153846,0.402,0.744571428571428,0.89,0.661166666666666,0.712083333333333,0.678,0.635,0.78125,0.7325,0.799999999999999,0.742857142857142,0.712999999999999,0.665416666666666,0.599416666666666,0.648928571428571,0.6675,0.784117647058823,0.6391,0.507166666666666,0.664999999999999,0.68375,0.71,0.575714285714285,0.348315789473684,0.343499999999999,0.511117647058823,0.453,0.68375,0.62,0.648928571428571,0.553285714285714,0.646470588235294,0.690714285714285,0.635,0.83,0.78125,"[[2, 3], [1, 4]]"
0.02068,0.02067,0.02341,0.02524,0.02436,0.02422,0.02432,0.02377,0.0254,0.027,0.03064,0.03637,0.032990000000000005,0.02936,0.02952,0.02932,0.028059999999999998,0.02452,0.02501,0.02389,0.02566,0.02535,0.02325,0.0255,0.02521,0.02834,0.02905,0.02963,0.030920000000000003,0.03168,0.031039999999999998,0.03084,0.03114,0.033299999999999996,0.038979999999999994,0.04505,0.04284,0.040780000000000004,0.03774,0.03359,0.03575,0.03404,0.03487,0.03232,0.03351,0.03139,0.03724,0.053219999999999996,0.87875,0.87875,0.845,0.83,0.7955,0.768153846153846,0.899642857142857,0.8,0.87875,0.97625,0.633153846153846,0.402,0.744571428571428,0.89,0.661166666666666,0.712083333333333,0.678,0.635,0.78125,0.7325,0.799999999999999,0.742857142857142,0.712999999999999,0.665416666666666,0.599416666666666,0.648928571428571,0.6675,0.784117647058823,0.6391,0.507166666666666,0.664999999999999,0.68375,0.71,0.575714285714285,0.348315789473684,0.343499999999999,0.511117647058823,0.453,0.68375,0.62,0.648928571428571,0.553285714285714,0.646470588235294,0.690714285714285,0.635,0.83,0.78125,0.7455,"[[2, 3], [1, 4]]"
0.02067,0.02341,0.02524,0.02436,0.02422,0.02432,0.02377,0.0254,0.027,0.03064,0.03637,0.032990000000000005,0.02936,0.02952,0.02932,0.028059999999999998,0.02452,0.02501,0.02389,0.02566,0.02535,0.02325,0.0255,0.02521,0.02834,0.02905,0.02963,0.030920000000000003,0.03168,0.031039999999999998,0.03084,0.03114,0.033299999999999996,0.038979999999999994,0.04505,0.04284,0.040780000000000004,0.03774,0.03359,0.03575,0.03404,0.03487,0.03232,0.03351,0.03139,0.03724,0.053219999999999996,0.07904000000000001,0.87875,0.845,0.83,0.7955,0.768153846153846,0.899642857142857,0.8,0.87875,0.97625,0.633153846153846,0.402,0.744571428571428,0.89,0.661166666666666,0.712083333333333,0.678,0.635,0.78125,0.7325,0.799999999999999,0.742857142857142,0.712999999999999,0.665416666666666,0.599416666666666,0.648928571428571,0.6675,0.784117647058823,0.6391,0.507166666666666,0.664999999999999,0.68375,0.71,0.575714285714285,0.348315789473684,0.343499999999999,0.511117647058823,0.453,0.68375,0.62,0.648928571428571,0.553285714285714,0.646470588235294,0.690714285714285,0.635,0.83,0.78125,0.7455,0.68375,"[[2, 3], [1, 4]]"
0.02341,0.02524,0.02436,0.02422,0.02432,0.02377,0.0254,0.027,0.03064,0.03637,0.032990000000000005,0.02936,0.02952,0.02932,0.028059999999999998,0.02452,0.02501,0.02389,0.02566,0.02535,0.02325,0.0255,0.02521,0.02834,0.02905,0.02963,0.030920000000000003,0.03168,0.031039999999999998,0.03084,0.03114,0.033299999999999996,0.038979999999999994,0.04505,0.04284,0.040780000000000004,0.03774,0.03359,0.03575,0.03404,0.03487,0.03232,0.03351,0.03139,0.03724,0.053219999999999996,0.07904000000000001,0.0608,0.845,0.83,0.7955,0.768153846153846,0.899642857142857,0.8,0.87875,0.97625,0.633153846153846,0.402,0.744571428571428,0.89,0.661166666666666,0.712083333333333,0.678,0.635,0.78125,0.7325,0.799999999999999,0.742857142857142,0.712999999999999,0.665416666666666,0.599416666666666,0.648928571428571,0.6675,0.784117647058823,0.6391,0.507166666666666,0.664999999999999,0.68375,0.71,0.575714285714285,0.348315789473684,0.343499999999999,0.511117647058823,0.453,0.68375,0.62,0.648928571428571,0.553285714285714,0.646470588235294,0.690714285714285,0.635,0.83,0.78125,0.7455,0.68375,0.485,"[[1, 4], [2, 3]]"
0.02524,0.02436,0.02422,0.02432,0.02377,0.0254,0.027,0.03064,0.03637,0.032990000000000005,0.02936,0.02952,0.02932,0.028059999999999998,0.02452,0.02501,0.02389,0.02566,0.02535,0.02325,0.0255,0.02521,0.02834,0.02905,0.02963,0.030920000000000003,0.03168,0.031039999999999998,0.03084,0.03114,0.033299999999999996,0.038979999999999994,0.04505,0.04284,0.040780000000000004,0.03774,0.03359,0.03575,0.03404,0.03487,0.03232,0.03351,0.03139,0.03724,0.053219999999999996,0.07904000000000001,0.0608,0.046799999999999994,0.83,0.7955,0.768153846153846,0.899642857142857,0.8,0.87875,0.97625,0.633153846153846,0.402,0.744571428571428,0.89,0.661166666666666,0.712083333333333,0.678,0.635,0.78125,0.7325,0.799999999999999,0.742857142857142,0.712999999999999,0.665416666666666,0.599416666666666,0.648928571428571,0.6675,0.784117647058823,0.6391,0.507166666666666,0.664999999999999,0.68375,0.71,0.575714285714285,0.348315789473684,0.343499999999999,0.511117647058823,0.453,0.68375,0.62,0.648928571428571,0.553285714285714,0.646470588235294,0.690714285714285,0.635,0.83,0.78125,0.7455,0.68375,0.485,0.451153846153846,"[[1, 4], [2, 3]]"
0.02436,0.02422,0.02432,0.02377,0.0254,0.027,0.03064,0.03637,0.032990000000000005,0.02936,0.02952,0.02932,0.028059999999999998,0.02452,0.02501,0.02389,0.02566,0.02535,0.02325,0.0255,0.02521,0.02834,0.02905,0.02963,0.030920000000000003,0.03168,0.031039999999999998,0.03084,0.03114,0.033299999999999996,0.038979999999999994,0.04505,0.04284,0.040780000000000004,0.03774,0.03359,0.03575,0.03404,0.03487,0.03232,0.03351,0.03139,0.03724,0.053219999999999996,0.07904000000000001,0.0608,0.046799999999999994,0.044270000000000004,0.7955,0.768153846153846,0.899642857142857,0.8,0.87875,0.97625,0.633153846153846,0.402,0.744571428571428,0.89,0.661166666666666,0.712083333333333,0.678,0.635,0.78125,0.7325,0.799999999999999,0.742857142857142,0.712999999999999,0.665416666666666,0.599416666666666,0.648928571428571,0.6675,0.784117647058823,0.6391,0.507166666666666,0.664999999999999,0.68375,0.71,0.575714285714285,0.348315789473684,0.343499999999999,0.511117647058823,0.453,0.68375,0.62,0.648928571428571,0.553285714285714,0.646470588235294,0.690714285714285,0.635,0.83,0.78125,0.7455,0.68375,0.485,0.451153846153846,0.498,"[[1, 4], [2, 3]]"
0.02422,0.02432,0.02377,0.0254,0.027,0.03064,0.03637,0.032990000000000005,0.02936,0.02952,0.02932,0.028059999999999998,0.02452,0.02501,0.02389,0.02566,0.02535,0.02325,0.0255,0.02521,0.02834,0.02905,0.02963,0.030920000000000003,0.03168,0.031039999999999998,0.03084,0.03114,0.033299999999999996,0.038979999999999994,0.04505,0.04284,0.040780000000000004,0.03774,0.03359,0.03575,0.03404,0.03487,0.03232,0.03351,0.03139,0.03724,0.053219999999999996,0.07904000000000001,0.0608,0.046799999999999994,0.044270000000000004,0.04219,0.768153846153846,0.899642857142857,0.8,0.87875,0.97625,0.633153846153846,0.402,0.744571428571428,0.89,0.661166666666666,0.712083333333333,0.678,0.635,0.78125,0.7325,0.799999999999999,0.742857142857142,0.712999999999999,0.665416666666666,0.599416666666666,0.648928571428571,0.6675,0.784117647058823,0.6391,0.507166666666666,0.664999999999999,0.68375,0.71,0.575714285714285,0.348315789473684,0.343499999999999,0.511117647058823,0.453,0.68375,0.62,0.648928571428571,0.553285714285714,0.646470588235294,0.690714285714285,0.635,0.83,0.78125,0.7455,0.68375,0.485,0.451153846153846,0.498,0.543,"[[1, 4], [2, 3]]"
0.02432,0.02377,0.0254,0.027,0.03064,0.03637,0.032990000000000005,0.02936,0.02952,0.02932,0.028059999999999998,0.02452,0.02501,0.02389,0.02566,0.02535,0.02325,0.0255,0.02521,0.02834,0.02905,0.02963,0.030920000000000003,0.03168,0.031039999999999998,0.03084,0.03114,0.033299999999999996,0.038979999999999994,0.04505,0.04284,0.040780000000000004,0.03774,0.03359,0.03575,0.03404,0.03487,0.03232,0.03351,0.03139,0.03724,0.053219999999999996,0.07904000000000001,0.0608,0.046799999999999994,0.044270000000000004,0.04219,0.037829999999999996,0.899642857142857,0.8,0.87875,0.97625,0.633153846153846,0.402,0.744571428571428,0.89,0.661166666666666,0.712083333333333,0.678,0.635,0.78125,0.7325,0.799999999999999,0.742857142857142,0.712999999999999,0.665416666666666,0.599416666666666,0.648928571428571,0.6675,0.784117647058823,0.6391,0.507166666666666,0.664999999999999,0.68375,0.71,0.575714285714285,0.348315789473684,0.343499999999999,0.511117647058823,0.453,0.68375,0.62,0.648928571428571,0.553285714285714,0.646470588235294,0.690714285714285,0.635,0.83,0.78125,0.7455,0.68375,0.485,0.451153846153846,0.498,0.543,0.278153846153846,"[[1, 4], [2, 3]]"
0.02377,0.0254,0.027,0.03064,0.03637,0.032990000000000005,0.02936,0.02952,0.02932,0.028059999999999998,0.02452,0.02501,0.02389,0.02566,0.02535,0.02325,0.0255,0.02521,0.02834,0.02905,0.02963,0.030920000000000003,0.03168,0.031039999999999998,0.03084,0.03114,0.033299999999999996,0.038979999999999994,0.04505,0.04284,0.040780000000000004,0.03774,0.03359,0.03575,0.03404,0.03487,0.03232,0.03351,0.03139,0.03724,0.053219999999999996,0.07904000000000001,0.0608,0.046799999999999994,0.044270000000000004,0.04219,0.037829999999999996,0.03597,0.8,0.87875,0.97625,0.633153846153846,0.402,0.744571428571428,0.89,0.661166666666666,0.712083333333333,0.678,0.635,0.78125,0.7325,0.799999999999999,0.742857142857142,0.712999999999999,0.665416666666666,0.599416666666666,0.648928571428571,0.6675,0.784117647058823,0.6391,0.507166666666666,0.664999999999999,0.68375,0.71,0.575714285714285,0.348315789473684,0.343499999999999,0.511117647058823,0.453,0.68375,0.62,0.648928571428571,0.553285714285714,0.646470588235294,0.690714285714285,0.635,0.83,0.78125,0.7455,0.68375,0.485,0.451153846153846,0.498,0.543,0.278153846153846,0.476357142857142,"[[2, 3], [1, 4]]"
0.0254,0.027,0.03064,0.03637,0.032990000000000005,0.02936,0.02952,0.02932,0.028059999999999998,0.02452,0.02501,0.02389,0.02566,0.02535,0.02325,0.0255,0.02521,0.02834,0.02905,0.02963,0.030920000000000003,0.03168,0.031039999999999998,0.03084,0.03114,0.033299999999999996,0.038979999999999994,0.04505,0.04284,0.040780000000000004,0.03774,0.03359,0.03575,0.03404,0.03487,0.03232,0.03351,0.03139,0.03724,0.053219999999999996,0.07904000000000001,0.0608,0.046799999999999994,0.044270000000000004,0.04219,0.037829999999999996,0.03597,0.03271,0.87875,0.97625,0.633153846153846,0.402,0.744571428571428,0.89,0.661166666666666,0.712083333333333,0.678,0.635,0.78125,0.7325,0.799999999999999,0.742857142857142,0.712999999999999,0.665416666666666,0.599416666666666,0.648928571428571,0.6675,0.784117647058823,0.6391,0.507166666666666,0.664999999999999,0.68375,0.71,0.575714285714285,0.348315789473684,0.343499999999999,0.511117647058823,0.453,0.68375,0.62,0.648928571428571,0.553285714285714,0.646470588235294,0.690714285714285,0.635,0.83,0.78125,0.7455,0.68375,0.485,0.451153846153846,0.498,0.543,0.278153846153846,0.476357142857142,0.71,"[[1, 4], [2, 3]]"
0.027,0.03064,0.03637,0.032990000000000005,0.02936,0.02952,0.02932,0.028059999999999998,0.02452,0.02501,0.02389,0.02566,0.02535,0.02325,0.0255,0.02521,0.02834,0.02905,0.02963,0.030920000000000003,0.03168,0.031039999999999998,0.03084,0.03114,0.033299999999999996,0.038979999999999994,0.04505,0.04284,0.040780000000000004,0.03774,0.03359,0.03575,0.03404,0.03487,0.03232,0.03351,0.03139,0.03724,0.053219999999999996,0.07904000000000001,0.0608,0.046799999999999994,0.044270000000000004,0.04219,0.037829999999999996,0.03597,0.03271,0.03127,0.97625,0.633153846153846,0.402,0.744571428571428,0.89,0.661166666666666,0.712083333333333,0.678,0.635,0.78125,0.7325,0.799999999999999,0.742857142857142,0.712999999999999,0.665416666666666,0.599416666666666,0.648928571428571,0.6675,0.784117647058823,0.6391,0.507166666666666,0.664999999999999,0.68375,0.71,0.575714285714285,0.348315789473684,0.343499999999999,0.511117647058823,0.453,0.68375,0.62,0.648928571428571,0.553285714285714,0.646470588235294,0.690714285714285,0.635,0.83,0.78125,0.7455,0.68375,0.485,0.451153846153846,0.498,0.543,0.278153846153846,0.476357142857142,0.71,0.5502,"[[2, 3], [1, 4]]"
0.03064,0.03637,0.032990000000000005,0.02936,0.02952,0.02932,0.028059999999999998,0.02452,0.02501,0.02389,0.02566,0.02535,0.02325,0.0255,0.02521,0.02834,0.02905,0.02963,0.030920000000000003,0.03168,0.031039999999999998,0.03084,0.03114,0.033299999999999996,0.038979999999999994,0.04505,0.04284,0.040780000000000004,0.03774,0.03359,0.03575,0.03404,0.03487,0.03232,0.03351,0.03139,0.03724,0.053219999999999996,0.07904000000000001,0.0608,0.046799999999999994,0.044270000000000004,0.04219,0.037829999999999996,0.03597,0.03271,0.03127,0.031149999999999997,0.633153846153846,0.402,0.744571428571428,0.89,0.661166666666666,0.712083333333333,0.678,0.635,0.78125,0.7325,0.799999999999999,0.742857142857142,0.712999999999999,0.665416666666666,0.599416666666666,0.648928571428571,0.6675,0.784117647058823,0.6391,0.507166666666666,0.664999999999999,0.68375,0.71,0.575714285714285,0.348315789473684,0.343499999999999,0.511117647058823,0.453,0.68375,0.62,0.648928571428571,0.553285714285714,0.646470588235294,0.690714285714285,0.635,0.83,0.78125,0.7455,0.68375,0.485,0.451153846153846,0.498,0.543,0.278153846153846,0.476357142857142,0.71,0.5502,0.577428571428571,"[[2, 3], [1, 4]]"
0.03637,0.032990000000000005,0.02936,0.02952,0.02932,0.028059999999999998,0.02452,0.02501,0.02389,0.02566,0.02535,0.02325,0.0255,0.02521,0.02834,0.02905,0.02963,0.030920000000000003,0.03168,0.031039999999999998,0.03084,0.03114,0.033299999999999996,0.038979999999999994,0.04505,0.04284,0.040780000000000004,0.03774,0.03359,0.03575,0.03404,0.03487,0.03232,0.03351,0.03139,0.03724,0.053219999999999996,0.07904000000000001,0.0608,0.046799999999999994,0.044270000000000004,0.04219,0.037829999999999996,0.03597,0.03271,0.03127,0.031149999999999997,0.03741,0.402,0.744571428571428,0.89,0.661166666666666,0.712083333333333,0.678,0.635,0.78125,0.7325,0.799999999999999,0.742857142857142,0.712999999999999,0.665416666666666,0.599416666666666,0.648928571428571,0.6675,0.784117647058823,0.6391,0.507166666666666,0.664999999999999,0.68375,0.71,0.575714285714285,0.348315789473684,0.343499999999999,0.511117647058823,0.453,0.68375,0.62,0.648928571428571,0.553285714285714,0.646470588235294,0.690714285714285,0.635,0.83,0.78125,0.7455,0.68375,0.485,0.451153846153846,0.498,0.543,0.278153846153846,0.476357142857142,0.71,0.5502,0.577428571428571,0.718888888888888,"[[2, 3], [1, 4]]"
0.032990000000000005,0.02936,0.02952,0.02932,0.028059999999999998,0.02452,0.02501,0.02389,0.02566,0.02535,0.02325,0.0255,0.02521,0.02834,0.02905,0.02963,0.030920000000000003,0.03168,0.031039999999999998,0.03084,0.03114,0.033299999999999996,0.038979999999999994,0.04505,0.04284,0.040780000000000004,0.03774,0.03359,0.03575,0.03404,0.03487,0.03232,0.03351,0.03139,0.03724,0.053219999999999996,0.07904000000000001,0.0608,0.046799999999999994,0.044270000000000004,0.04219,0.037829999999999996,0.03597,0.03271,0.03127,0.031149999999999997,0.03741,0.04009,0.744571428571428,0.89,0.661166666666666,0.712083333333333,0.678,0.635,0.78125,0.7325,0.799999999999999,0.742857142857142,0.712999999999999,0.665416666666666,0.599416666666666,0.648928571428571,0.6675,0.784117647058823,0.6391,0.507166666666666,0.664999999999999,0.68375,0.71,0.575714285714285,0.348315789473684,0.343499999999999,0.511117647058823,0.453,0.68375,0.62,0.648928571428571,0.553285714285714,0.646470588235294,0.690714285714285,0.635,0.83,0.78125,0.7455,0.68375,0.485,0.451153846153846,0.498,0.543,0.278153846153846,0.476357142857142,0.71,0.5502,0.577428571428571,0.718888888888888,0.502833333333333,"[[1, 4], [2, 3]]"
0.02936,0.02952,0.02932,0.028059999999999998,0.02452,0.02501,0.02389,0.02566,0.02535,0.02325,0.0255,0.02521,0.02834,0.02905,0.02963,0.030920000000000003,0.03168,0.031039999999999998,0.03084,0.03114,0.033299999999999996,0.038979999999999994,0.04505,0.04284,0.040780000000000004,0.03774,0.03359,0.03575,0.03404,0.03487,0.03232,0.03351,0.03139,0.03724,0.053219999999999996,0.07904000000000001,0.0608,0.046799999999999994,0.044270000000000004,0.04219,0.037829999999999996,0.03597,0.03271,0.03127,0.031149999999999997,0.03741,0.04009,0.03804,0.89,0.661166666666666,0.712083333333333,0.678,0.635,0.78125,0.7325,0.799999999999999,0.742857142857142,0.712999999999999,0.665416666666666,0.599416666666666,0.648928571428571,0.6675,0.784117647058823,0.6391,0.507166666666666,0.664999999999999,0.68375,0.71,0.575714285714285,0.348315789473684,0.343499999999999,0.511117647058823,0.453,0.68375,0.62,0.648928571428571,0.553285714285714,0.646470588235294,0.690714285714285,0.635,0.83,0.78125,0.7455,0.68375,0.485,0.451153846153846,0.498,0.543,0.278153846153846,0.476357142857142,0.71,0.5502,0.577428571428571,0.718888888888888,0.502833333333333,0.661,"[[1, 4], [2, 3]]"
0.02952,0.02932,0.028059999999999998,0.02452,0.02501,0.02389,0.02566,0.02535,0.02325,0.0255,0.02521,0.02834,0.02905,0.02963,0.030920000000000003,0.03168,0.031039999999999998,0.03084,0.03114,0.033299999999999996,0.038979999999999994,0.04505,0.04284,0.040780000000000004,0.03774,0.03359,0.03575,0.03404,0.03487,0.03232,0.03351,0.03139,0.03724,0.053219999999999996,0.07904000000000001,0.0608,0.046799999999999994,0.044270000000000004,0.04219,0.037829999999999996,0.03597,0.03271,0.03127,0.031149999999999997,0.03741,0.04009,0.03804,0.03479,0.661166666666666,0.712083333333333,0.678,0.635,0.78125,0.7325,0.799999999999999,0.742857142857142,0.712999999999999,0.665416666666666,0.599416666666666,0.648928571428571,0.6675,0.784117647058823,0.6391,0.507166666666666,0.664999999999999,0.68375,0.71,0.575714285714285,0.348315789473684,0.343499999999999,0.511117647058823,0.453,0.68375,0.62,0.648928571428571,0.553285714285714,0.646470588235294,0.690714285714285,0.635,0.83,0.78125,0.7455,0.68375,0.485,0.451153846153846,0.498,0.543,0.278153846153846,0.476357142857142,0.71,0.5502,0.577428571428571,0.718888888888888,0.502833333333333,0.661,0.476214285714285,"[[2, 3], [1, 4]]"
0.02932,0.028059999999999998,0.02452,0.02501,0.02389,0.02566,0.02535,0.02325,0.0255,0.02521,0.02834,0.02905,0.02963,0.030920000000000003,0.03168,0.031039999999999998,0.03084,0.03114,0.033299999999999996,0.038979999999999994,0.04505,0.04284,0.040780000000000004,0.03774,0.03359,0.03575,0.03404,0.03487,0.03232,0.03351,0.03139,0.03724,0.053219999999999996,0.07904000000000001,0.0608,0.046799999999999994,0.044270000000000004,0.04219,0.037829999999999996,0.03597,0.03271,0.03127,0.031149999999999997,0.03741,0.04009,0.03804,0.03479,0.03321,0.712083333333333,0.678,0.635,0.78125,0.7325,0.799999999999999,0.742857142857142,0.712999999999999,0.665416666666666,0.599416666666666,0.648928571428571,0.6675,0.784117647058823,0.6391,0.507166666666666,0.664999999999999,0.68375,0.71,0.575714285714285,0.348315789473684,0.343499999999999,0.511117647058823,0.453,0.68375,0.62,0.648928571428571,0.553285714285714,0.646470588235294,0.690714285714285,0.635,0.83,0.78125,0.7455,0.68375,0.485,0.451153846153846,0.498,0.543,0.278153846153846,0.476357142857142,0.71,0.5502,0.577428571428571,0.718888888888888,0.502833333333333,0.661,0.476214285714285,0.68375,"[[2, 3], [1, 4]]"
0.028059999999999998,0.02452,0.02501,0.02389,0.02566,0.02535,0.02325,0.0255,0.02521,0.02834,0.02905,0.02963,0.030920000000000003,0.03168,0.031039999999999998,0.03084,0.03114,0.033299999999999996,0.038979999999999994,0.04505,0.04284,0.040780000000000004,0.03774,0.03359,0.03575,0.03404,0.03487,0.03232,0.03351,0.03139,0.03724,0.053219999999999996,0.07904000000000001,0.0608,0.046799999999999994,0.044270000000000004,0.04219,0.037829999999999996,0.03597,0.03271,0.03127,0.031149999999999997,0.03741,0.04009,0.03804,0.03479,0.03321,0.0295,0.678,0.635,0.78125,0.7325,0.799999999999999,0.742857142857142,0.712999999999999,0.665416666666666,0.599416666666666,0.648928571428571,0.6675,0.784117647058823,0.6391,0.507166666666666,0.664999999999999,0.68375,0.71,0.575714285714285,0.348315789473684,0.343499999999999,0.511117647058823,0.453,0.68375,0.62,0.648928571428571,0.553285714285714,0.646470588235294,0.690714285714285,0.635,0.83,0.78125,0.7455,0.68375,0.485,0.451153846153846,0.498,0.543,0.278153846153846,0.476357142857142,0.71,0.5502,0.577428571428571,0.718888888888888,0.502833333333333,0.661,0.476214285714285,0.68375,0.656411764705882,"[[2, 3], [1, 4]]"
0.02452,0.02501,0.02389,0.02566,0.02535,0.02325,0.0255,0.02521,0.02834,0.02905,0.02963,0.030920000000000003,0.03168,0.031039999999999998,0.03084,0.03114,0.033299999999999996,0.038979999999999994,0.04505,0.04284,0.040780000000000004,0.03774,0.03359,0.03575,0.03404,0.03487,0.03232,0.03351,0.03139,0.03724,0.053219999999999996,0.07904000000000001,0.0608,0.046799999999999994,0.044270000000000004,0.04219,0.037829999999999996,0.03597,0.03271,0.03127,0.031149999999999997,0.03741,0.04009,0.03804,0.03479,0.03321,0.0295,0.02761,0.635,0.78125,0.7325,0.799999999999999,0.742857142857142,0.712999999999999,0.665416666666666,0.599416666666666,0.648928571428571,0.6675,0.784117647058823,0.6391,0.507166666666666,0.664999999999999,0.68375,0.71,0.575714285714285,0.348315789473684,0.343499999999999,0.511117647058823,0.453,0.68375,0.62,0.648928571428571,0.553285714285714,0.646470588235294,0.690714285714285,0.635,0.83,0.78125,0.7455,0.68375,0.485,0.451153846153846,0.498,0.543,0.278153846153846,0.476357142857142,0.71,0.5502,0.577428571428571,0.718888888888888,0.502833333333333,0.661,0.476214285714285,0.68375,0.656411764705882,0.587588235294117,"[[1, 4], [2, 3]]"
0.02501,0.02389,0.02566,0.02535,0.02325,0.0255,0.02521,0.02834,0.02905,0.02963,0.030920000000000003,0.03168,0.031039999999999998,0.03084,0.03114,0.033299999999999996,0.038979999999999994,0.04505,0.04284,0.040780000000000004,0.03774,0.03359,0.03575,0.03404,0.03487,0.03232,0.03351,0.03139,0.03724,0.053219999999999996,0.07904000000000001,0.0608,0.046799999999999994,0.044270000000000004,0.04219,0.037829999999999996,0.03597,0.03271,0.03127,0.031149999999999997,0.03741,0.04009,0.03804,0.03479,0.03321,0.0295,0.02761,0.027120000000000002,0.78125,0.7325,0.799999999999999,0.742857142857142,0.712999999999999,0.665416666666666,0.599416666666666,0.648928571428571,0.6675,0.784117647058823,0.6391,0.507166666666666,0.664999999999999,0.68375,0.71,0.575714285714285,0.348315789473684,0.343499999999999,0.511117647058823,0.453,0.68375,0.62,0.648928571428571,0.553285714285714,0.646470588235294,0.690714285714285,0.635,0.83,0.78125,0.7455,0.68375,0.485,0.451153846153846,0.498,0.543,0.278153846153846,0.476357142857142,0.71,0.5502,0.577428571428571,0.718888888888888,0.502833333333333,0.661,0.476214285714285,0.68375,0.656411764705882,0.587588235294117,0.732947368421052,"[[2, 3], [1, 4]]"
0.02389,0.02566,0.02535,0.02325,0.0255,0.02521,0.02834,0.02905,0.02963,0.030920000000000003,0.03168,0.031039999999999998,0.03084,0.03114,0.033299999999999996,0.038979999999999994,0.04505,0.04284,0.040780000000000004,0.03774,0.03359,0.03575,0.03404,0.03487,0.03232,0.03351,0.03139,0.03724,0.053219999999999996,0.07904000000000001,0.0608,0.046799999999999994,0.044270000000000004,0.04219,0.037829999999999996,0.03597,0.03271,0.03127,0.031149999999999997,0.03741,0.04009,0.03804,0.03479,0.03321,0.0295,0.02761,0.027120000000000002,0.027149999999999997,0.7325,0.799999999999999,0.742857142857142,0.712999999999999,0.665416666666666,0.599416666666666,0.648928571428571,0.6675,0.784117647058823,0.6391,0.507166666666666,0.664999999999999,0.68375,0.71,0.575714285714285,0.348315789473684,0.343499999999999,0.511117647058823,0.453,0.68375,0.62,0.648928571428571,0.553285714285714,0.646470588235294,0.690714285714285,0.635,0.83,0.78125,0.7455,0.68375,0.485,0.451153846153846,0.498,0.543,0.278153846153846,0.476357142857142,0.71,0.5502,0.577428571428571,0.718888888888888,0.502833333333333,0.661,0.476214285714285,0.68375,0.656411764705882,0.587588235294117,0.732947368421052,0.610368421052631,"[[1, 4], [2, 3]]"
0.02566,0.02535,0.02325,0.0255,0.02521,0.02834,0.02905,0.02963,0.030920000000000003,0.03168,0.031039999999999998,0.03084,0.03114,0.033299999999999996,0.038979999999999994,0.04505,0.04284,0.040780000000000004,0.03774,0.03359,0.03575,0.03404,0.03487,0.03232,0.03351,0.03139,0.03724,0.053219999999999996,0.07904000000000001,0.0608,0.046799999999999994,0.044270000000000004,0.04219,0.037829999999999996,0.03597,0.03271,0.03127,0.031149999999999997,0.03741,0.04009,0.03804,0.03479,0.03321,0.0295,0.02761,0.027120000000000002,0.027149999999999997,0.026019999999999998,0.799999999999999,0.742857142857142,0.712999999999999,0.665416666666666,0.599416666666666,0.648928571428571,0.6675,0.784117647058823,0.6391,0.507166666666666,0.664999999999999,0.68375,0.71,0.575714285714285,0.348315789473684,0.343499999999999,0.511117647058823,0.453,0.68375,0.62,0.648928571428571,0.553285714285714,0.646470588235294,0.690714285714285,0.635,0.83,0.78125,0.7455,0.68375,0.485,0.451153846153846,0.498,0.543,0.278153846153846,0.476357142857142,0.71,0.5502,0.577428571428571,0.718888888888888,0.502833333333333,0.661,0.476214285714285,0.68375,0.656411764705882,0.587588235294117,0.732947368421052,0.610368421052631,0.4063,"[[2, 3], [1, 4]]"
0.02535,0.02325,0.0255,0.02521,0.02834,0.02905,0.02963,0.030920000000000003,0.03168,0.031039999999999998,0.03084,0.03114,0.033299999999999996,0.038979999999999994,0.04505,0.04284,0.040780000000000004,0.03774,0.03359,0.03575,0.03404,0.03487,0.03232,0.03351,0.03139,0.03724,0.053219999999999996,0.07904000000000001,0.0608,0.046799999999999994,0.044270000000000004,0.04219,0.037829999999999996,0.03597,0.03271,0.03127,0.031149999999999997,0.03741,0.04009,0.03804,0.03479,0.03321,0.0295,0.02761,0.027120000000000002,0.027149999999999997,0.026019999999999998,0.027460000000000002,0.742857142857142,0.712999999999999,0.665416666666666,0.599416666666666,0.648928571428571,0.6675,0.784117647058823,0.6391,0.507166666666666,0.664999999999999,0.68375,0.71,0.575714285714285,0.348315789473684,0.343499999999999,0.511117647058823,0.453,0.68375,0.62,0.648928571428571,0.553285714285714,0.646470588235294,0.690714285714285,0.635,0.83,0.78125,0.7455,0.68375,0.485,0.451153846153846,0.498,0.543,0.278153846153846,0.476357142857142,0.71,0.5502,0.577428571428571,0.718888888888888,0.502833333333333,0.661,0.476214285714285,0.68375,0.656411764705882,0.587588235294117,0.732947368421052,0.610368421052631,0.4063,0.5453,"[[2, 3], [1, 4]]"
0.02325,0.0255,0.02521,0.02834,0.02905,0.02963,0.030920000000000003,0.03168,0.031039999999999998,0.03084,0.03114,0.033299999999999996,0.038979999999999994,0.04505,0.04284,0.040780000000000004,0.03774,0.03359,0.03575,0.03404,0.03487,0.03232,0.03351,0.03139,0.03724,0.053219999999999996,0.07904000000000001,0.0608,0.046799999999999994,0.044270000000000004,0.04219,0.037829999999999996,0.03597,0.03271,0.03127,0.031149999999999997,0.03741,0.04009,0.03804,0.03479,0.03321,0.0295,0.02761,0.027120000000000002,0.027149999999999997,0.026019999999999998,0.027460000000000002,0.02784,0.712999999999999,0.665416666666666,0.599416666666666,0.648928571428571,0.6675,0.784117647058823,0.6391,0.507166666666666,0.664999999999999,0.68375,0.71,0.575714285714285,0.348315789473684,0.343499999999999,0.511117647058823,0.453,0.68375,0.62,0.648928571428571,0.553285714285714,0.646470588235294,0.690714285714285,0.635,0.83,0.78125,0.7455,0.68375,0.485,0.451153846153846,0.498,0.543,0.278153846153846,0.476357142857142,0.71,0.5502,0.577428571428571,0.718888888888888,0.502833333333333,0.661,0.476214285714285,0.68375,0.656411764705882,0.587588235294117,0.732947368421052,0.610368421052631,0.4063,0.5453,0.41995,"[[2, 3], [1, 4]]"
0.0255,0.02521,0.02834,0.02905,0.02963,0.030920000000000003,0.03168,0.031039999999999998,0.03084,0.03114,0.033299999999999996,0.038979999999999994,0.04505,0.04284,0.040780000000000004,0.03774,0.03359,0.03575,0.03404,0.03487,0.03232,0.03351,0.03139,0.03724,0.053219999999999996,0.07904000000000001,0.0608,0.046799999999999994,0.044270000000000004,0.04219,0.037829999999999996,0.03597,0.03271,0.03127,0.031149999999999997,0.03741,0.04009,0.03804,0.03479,0.03321,0.0295,0.02761,0.027120000000000002,0.027149999999999997,0.026019999999999998,0.027460000000000002,0.02784,0.028820000000000002,0.665416666666666,0.599416666666666,0.648928571428571,0.6675,0.784117647058823,0.6391,0.507166666666666,0.664999999999999,0.68375,0.71,0.575714285714285,0.348315789473684,0.343499999999999,0.511117647058823,0.453,0.68375,0.62,0.648928571428571,0.553285714285714,0.646470588235294,0.690714285714285,0.635,0.83,0.78125,0.7455,0.68375,0.485,0.451153846153846,0.498,0.543,0.278153846153846,0.476357142857142,0.71,0.5502,0.577428571428571,0.718888888888888,0.502833333333333,0.661,0.476214285714285,0.68375,0.656411764705882,0.587588235294117,0.732947368421052,0.610368421052631,0.4063,0.5453,0.41995,0.476166666666666,"[[2, 3], [1, 4]]"
0.02521,0.02834,0.02905,0.02963,0.030920000000000003,0.03168,0.031039999999999998,0.03084,0.03114,0.033299999999999996,0.038979999999999994,0.04505,0.04284,0.040780000000000004,0.03774,0.03359,0.03575,0.03404,0.03487,0.03232,0.03351,0.03139,0.03724,0.053219999999999996,0.07904000000000001,0.0608,0.046799999999999994,0.044270000000000004,0.04219,0.037829999999999996,0.03597,0.03271,0.03127,0.031149999999999997,0.03741,0.04009,0.03804,0.03479,0.03321,0.0295,0.02761,0.027120000000000002,0.027149999999999997,0.026019999999999998,0.027460000000000002,0.02784,0.028820000000000002,0.04033,0.599416666666666,0.648928571428571,0.6675,0.784117647058823,0.6391,0.507166666666666,0.664999999999999,0.68375,0.71,0.575714285714285,0.348315789473684,0.343499999999999,0.511117647058823,0.453,0.68375,0.62,0.648928571428571,0.553285714285714,0.646470588235294,0.690714285714285,0.635,0.83,0.78125,0.7455,0.68375,0.485,0.451153846153846,0.498,0.543,0.278153846153846,0.476357142857142,0.71,0.5502,0.577428571428571,0.718888888888888,0.502833333333333,0.661,0.476214285714285,0.68375,0.656411764705882,0.587588235294117,0.732947368421052,0.610368421052631,0.4063,0.5453,0.41995,0.476166666666666,0.399973684210526,"[[2, 3], [1, 4]]"
0.02834,0.02905,0.02963,0.030920000000000003,0.03168,0.031039999999999998,0.03084,0.03114,0.033299999999999996,0.038979999999999994,0.04505,0.04284,0.040780000000000004,0.03774,0.03359,0.03575,0.03404,0.03487,0.03232,0.03351,0.03139,0.03724,0.053219999999999996,0.07904000000000001,0.0608,0.046799999999999994,0.044270000000000004,0.04219,0.037829999999999996,0.03597,0.03271,0.03127,0.031149999999999997,0.03741,0.04009,0.03804,0.03479,0.03321,0.0295,0.02761,0.027120000000000002,0.027149999999999997,0.026019999999999998,0.027460000000000002,0.02784,0.028820000000000002,0.04033,0.05651,0.648928571428571,0.6675,0.784117647058823,0.6391,0.507166666666666,0.664999999999999,0.68375,0.71,0.575714285714285,0.348315789473684,0.343499999999999,0.511117647058823,0.453,0.68375,0.62,0.648928571428571,0.553285714285714,0.646470588235294,0.690714285714285,0.635,0.83,0.78125,0.7455,0.68375,0.485,0.451153846153846,0.498,0.543,0.278153846153846,0.476357142857142,0.71,0.5502,0.577428571428571,0.718888888888888,0.502833333333333,0.661,0.476214285714285,0.68375,0.656411764705882,0.587588235294117,0.732947368421052,0.610368421052631,0.4063,0.5453,0.41995,0.476166666666666,0.399973684210526,0.447964285714285,"[[1, 4], [2, 3]]"
0.02905,0.02963,0.030920000000000003,0.03168,0.031039999999999998,0.03084,0.03114,0.033299999999999996,0.038979999999999994,0.04505,0.04284,0.040780000000000004,0.03774,0.03359,0.03575,0.03404,0.03487,0.03232,0.03351,0.03139,0.03724,0.053219999999999996,0.07904000000000001,0.0608,0.046799999999999994,0.044270000000000004,0.04219,0.037829999999999996,0.03597,0.03271,0.03127,0.031149999999999997,0.03741,0.04009,0.03804,0.03479,0.03321,0.0295,0.02761,0.027120000000000002,0.027149999999999997,0.026019999999999998,0.027460000000000002,0.02784,0.028820000000000002,0.04033,0.05651,0.04205,0.6675,0.784117647058823,0.6391,0.507166666666666,0.664999999999999,0.68375,0.71,0.575714285714285,0.348315789473684,0.343499999999999,0.511117647058823,0.453,0.68375,0.62,0.648928571428571,0.553285714285714,0.646470588235294,0.690714285714285,0.635,0.83,0.78125,0.7455,0.68375,0.485,0.451153846153846,0.498,0.543,0.278153846153846,0.476357142857142,0.71,0.5502,0.577428571428571,0.718888888888888,0.502833333333333,0.661,0.476214285714285,0.68375,0.656411764705882,0.587588235294117,0.732947368421052,0.610368421052631,0.4063,0.5453,0.41995,0.476166666666666,0.399973684210526,0.447964285714285,0.623238095238095,"[[1, 4], [2, 3]]"
0.02963,0.030920000000000003,0.03168,0.031039999999999998,0.03084,0.03114,0.033299999999999996,0.038979999999999994,0.04505,0.04284,0.040780000000000004,0.03774,0.03359,0.03575,0.03404,0.03487,0.03232,0.03351,0.03139,0.03724,0.053219999999999996,0.07904000000000001,0.0608,0.046799999999999994,0.044270000000000004,0.04219,0.037829999999999996,0.03597,0.03271,0.03127,0.031149999999999997,0.03741,0.04009,0.03804,0.03479,0.03321,0.0295,0.02761,0.027120000000000002,0.027149999999999997,0.026019999999999998,0.027460000000000002,0.02784,0.028820000000000002,0.04033,0.05651,0.04205,0.036340000000000004,0.784117647058823,0.6391,0.507166666666666,0.664999999999999,0.68375,0.71,0.575714285714285,0.348315789473684,0.343499999999999,0.511117647058823,0.453,0.68375,0.62,0.648928571428571,0.553285714285714,0.646470588235294,0.690714285714285,0.635,0.83,0.78125,0.7455,0.68375,0.485,0.451153846153846,0.498,0.543,0.278153846153846,0.476357142857142,0.71,0.5502,0.577428571428571,0.718888888888888,0.502833333333333,0.661,0.476214285714285,0.68375,0.656411764705882,0.587588235294117,0.732947368421052,0.610368421052631,0.4063,0.5453,0.41995,0.476166666666666,0.399973684210526,0.447964285714285,0.623238095238095,0.423380952380952,"[[2, 3], [1, 4]]"
0.030920000000000003,0.03168,0.031039999999999998,0.03084,0.03114,0.033299999999999996,0.038979999999999994,0.04505,0.04284,0.040780000000000004,0.03774,0.03359,0.03575,0.03404,0.03487,0.03232,0.03351,0.03139,0.03724,0.053219999999999996,0.07904000000000001,0.0608,0.046799999999999994,0.044270000000000004,0.04219,0.037829999999999996,0.03597,0.03271,0.03127,0.031149999999999997,0.03741,0.04009,0.03804,0.03479,0.03321,0.0295,0.02761,0.027120000000000002,0.027149999999999997,0.026019999999999998,0.027460000000000002,0.02784,0.028820000000000002,0.04033,0.05651,0.04205,0.036340000000000004,0.033600000000000005,0.6391,0.507166666666666,0.664999999999999,0.68375,0.71,0.575714285714285,0.348315789473684,0.343499999999999,0.511117647058823,0.453,0.68375,0.62,0.648928571428571,0.553285714285714,0.646470588235294,0.690714285714285,0.635,0.83,0.78125,0.7455,0.68375,0.485,0.451153846153846,0.498,0.543,0.278153846153846,0.476357142857142,0.71,0.5502,0.577428571428571,0.718888888888888,0.502833333333333,0.661,0.476214285714285,0.68375,0.656411764705882,0.587588235294117,0.732947368421052,0.610368421052631,0.4063,0.5453,0.41995,0.476166666666666,0.399973684210526,0.447964285714285,0.623238095238095,0.423380952380952,0.382172413793103,"[[2, 3], [1, 4]]"
0.03168,0.031039999999999998,0.03084,0.03114,0.033299999999999996,0.038979999999999994,0.04505,0.04284,0.040780000000000004,0.03774,0.03359,0.03575,0.03404,0.03487,0.03232,0.03351,0.03139,0.03724,0.053219999999999996,0.07904000000000001,0.0608,0.046799999999999994,0.044270000000000004,0.04219,0.037829999999999996,0.03597,0.03271,0.03127,0.031149999999999997,0.03741,0.04009,0.03804,0.03479,0.03321,0.0295,0.02761,0.027120000000000002,0.027149999999999997,0.026019999999999998,0.027460000000000002,0.02784,0.028820000000000002,0.04033,0.05651,0.04205,0.036340000000000004,0.033600000000000005,0.03034,0.507166666666666,0.664999999999999,0.68375,0.71,0.575714285714285,0.348315789473684,0.343499999999999,0.511117647058823,0.453,0.68375,0.62,0.648928571428571,0.553285714285714,0.646470588235294,0.690714285714285,0.635,0.83,0.78125,0.7455,0.68375,0.485,0.451153846153846,0.498,0.543,0.278153846153846,0.476357142857142,0.71,0.5502,0.577428571428571,0.718888888888888,0.502833333333333,0.661,0.476214285714285,0.68375,0.656411764705882,0.587588235294117,0.732947368421052,0.610368421052631,0.4063,0.5453,0.41995,0.476166666666666,0.399973684210526,0.447964285714285,0.623238095238095,0.423380952380952,0.382172413793103,0.429363636363636,"[[1, 4], [2, 3]]"
0.031039999999999998,0.03084,0.03114,0.033299999999999996,0.038979999999999994,0.04505,0.04284,0.040780000000000004,0.03774,0.03359,0.03575,0.03404,0.03487,0.03232,0.03351,0.03139,0.03724,0.053219999999999996,0.07904000000000001,0.0608,0.046799999999999994,0.044270000000000004,0.04219,0.037829999999999996,0.03597,0.03271,0.03127,0.031149999999999997,0.03741,0.04009,0.03804,0.03479,0.03321,0.0295,0.02761,0.027120000000000002,0.027149999999999997,0.026019999999999998,0.027460000000000002,0.02784,0.028820000000000002,0.04033,0.05651,0.04205,0.036340000000000004,0.033600000000000005,0.03034,0.0288,0.664999999999999,0.68375,0.71,0.575714285714285,0.348315789473684,0.343499999999999,0.511117647058823,0.453,0.68375,0.62,0.648928571428571,0.553285714285714,0.646470588235294,0.690714285714285,0.635,0.83,0.78125,0.7455,0.68375,0.485,0.451153846153846,0.498,0.543,0.278153846153846,0.476357142857142,0.71,0.5502,0.577428571428571,0.718888888888888,0.502833333333333,0.661,0.476214285714285,0.68375,0.656411764705882,0.587588235294117,0.732947368421052,0.610368421052631,0.4063,0.5453,0.41995,0.476166666666666,0.399973684210526,0.447964285714285,0.623238095238095,0.423380952380952,0.382172413793103,0.429363636363636,0.427481481481481,"[[1, 4], [2, 3]]"
0.03084,0.03114,0.033299999999999996,0.038979999999999994,0.04505,0.04284,0.040780000000000004,0.03774,0.03359,0.03575,0.03404,0.03487,0.03232,0.03351,0.03139,0.03724,0.053219999999999996,0.07904000000000001,0.0608,0.046799999999999994,0.044270000000000004,0.04219,0.037829999999999996,0.03597,0.03271,0.03127,0.031149999999999997,0.03741,0.04009,0.03804,0.03479,0.03321,0.0295,0.02761,0.027120000000000002,0.027149999999999997,0.026019999999999998,0.027460000000000002,0.02784,0.028820000000000002,0.04033,0.05651,0.04205,0.036340000000000004,0.033600000000000005,0.03034,0.0288,0.026760000000000003,0.68375,0.71,0.575714285714285,0.348315789473684,0.343499999999999,0.511117647058823,0.453,0.68375,0.62,0.648928571428571,0.553285714285714,0.646470588235294,0.690714285714285,0.635,0.83,0.78125,0.7455,0.68375,0.485,0.451153846153846,0.498,0.543,0.278153846153846,0.476357142857142,0.71,0.5502,0.577428571428571,0.718888888888888,0.502833333333333,0.661,0.476214285714285,0.68375,0.656411764705882,0.587588235294117,0.732947368421052,0.610368421052631,0.4063,0.5453,0.41995,0.476166666666666,0.399973684210526,0.447964285714285,0.623238095238095,0.423380952380952,0.382172413793103,0.429363636363636,0.427481481481481,0.374277777777777,"[[2, 3], [1, 4]]"
0.03114,0.033299999999999996,0.038979999999999994,0.04505,0.04284,0.040780000000000004,0.03774,0.03359,0.03575,0.03404,0.03487,0.03232,0.03351,0.03139,0.03724,0.053219999999999996,0.07904000000000001,0.0608,0.046799999999999994,0.044270000000000004,0.04219,0.037829999999999996,0.03597,0.03271,0.03127,0.031149999999999997,0.03741,0.04009,0.03804,0.03479,0.03321,0.0295,0.02761,0.027120000000000002,0.027149999999999997,0.026019999999999998,0.027460000000000002,0.02784,0.028820000000000002,0.04033,0.05651,0.04205,0.036340000000000004,0.033600000000000005,0.03034,0.0288,0.026760000000000003,0.02456,0.71,0.575714285714285,0.348315789473684,0.343499999999999,0.511117647058823,0.453,0.68375,0.62,0.648928571428571,0.553285714285714,0.646470588235294,0.690714285714285,0.635,0.83,0.78125,0.7455,0.68375,0.485,0.451153846153846,0.498,0.543,0.278153846153846,0.476357142857142,0.71,0.5502,0.577428571428571,0.718888888888888,0.502833333333333,0.661,0.476214285714285,0.68375,0.656411764705882,0.587588235294117,0.732947368421052,0.610368421052631,0.4063,0.5453,0.41995,0.476166666666666,0.399973684210526,0.447964285714285,0.623238095238095,0.423380952380952,0.382172413793103,0.429363636363636,0.427481481481481,0.374277777777777,0.8,"[[1, 4], [2, 3]]"
0.033299999999999996,0.038979999999999994,0.04505,0.04284,0.040780000000000004,0.03774,0.03359,0.03575,0.03404,0.03487,0.03232,0.03351,0.03139,0.03724,0.053219999999999996,0.07904000000000001,0.0608,0.046799999999999994,0.044270000000000004,0.04219,0.037829999999999996,0.03597,0.03271,0.03127,0.031149999999999997,0.03741,0.04009,0.03804,0.03479,0.03321,0.0295,0.02761,0.027120000000000002,0.027149999999999997,0.026019999999999998,0.027460000000000002,0.02784,0.028820000000000002,0.04033,0.05651,0.04205,0.036340000000000004,0.033600000000000005,0.03034,0.0288,0.026760000000000003,0.02456,0.024050000000000002,0.575714285714285,0.348315789473684,0.343499999999999,0.511117647058823,0.453,0.68375,0.62,0.648928571428571,0.553285714285714,0.646470588235294,0.690714285714285,0.635,0.83,0.78125,0.7455,0.68375,0.485,0.451153846153846,0.498,0.543,0.278153846153846,0.476357142857142,0.71,0.5502,0.577428571428571,0.718888888888888,0.502833333333333,0.661,0.476214285714285,0.68375,0.656411764705882,0.587588235294117,0.732947368421052,0.610368421052631,0.4063,0.5453,0.41995,0.476166666666666,0.399973684210526,0.447964285714285,0.623238095238095,0.423380952380952,0.382172413793103,0.429363636363636,0.427481481481481,0.374277777777777,0.8,0.490249999999999,"[[2, 3], [1, 4]]"
0.038979999999999994,0.04505,0.04284,0.040780000000000004,0.03774,0.03359,0.03575,0.03404,0.03487,0.03232,0.03351,0.03139,0.03724,0.053219999999999996,0.07904000000000001,0.0608,0.046799999999999994,0.044270000000000004,0.04219,0.037829999999999996,0.03597,0.03271,0.03127,0.031149999999999997,0.03741,0.04009,0.03804,0.03479,0.03321,0.0295,0.02761,0.027120000000000002,0.027149999999999997,0.026019999999999998,0.027460000000000002,0.02784,0.028820000000000002,0.04033,0.05651,0.04205,0.036340000000000004,0.033600000000000005,0.03034,0.0288,0.026760000000000003,0.02456,0.024050000000000002,0.02498,0.348315789473684,0.343499999999999,0.511117647058823,0.453,0.68375,0.62,0.648928571428571,0.553285714285714,0.646470588235294,0.690714285714285,0.635,0.83,0.78125,0.7455,0.68375,0.485,0.451153846153846,0.498,0.543,0.278153846153846,0.476357142857142,0.71,0.5502,0.577428571428571,0.718888888888888,0.502833333333333,0.661,0.476214285714285,0.68375,0.656411764705882,0.587588235294117,0.732947368421052,0.610368421052631,0.4063,0.5453,0.41995,0.476166666666666,0.399973684210526,0.447964285714285,0.623238095238095,0.423380952380952,0.382172413793103,0.429363636363636,0.427481481481481,0.374277777777777,0.8,0.490249999999999,0.451238095238095,"[[1, 4], [2, 3]]"
0.04505,0.04284,0.040780000000000004,0.03774,0.03359,0.03575,0.03404,0.03487,0.03232,0.03351,0.03139,0.03724,0.053219999999999996,0.07904000000000001,0.0608,0.046799999999999994,0.044270000000000004,0.04219,0.037829999999999996,0.03597,0.03271,0.03127,0.031149999999999997,0.03741,0.04009,0.03804,0.03479,0.03321,0.0295,0.02761,0.027120000000000002,0.027149999999999997,0.026019999999999998,0.027460000000000002,0.02784,0.028820000000000002,0.04033,0.05651,0.04205,0.036340000000000004,0.033600000000000005,0.03034,0.0288,0.026760000000000003,0.02456,0.024050000000000002,0.02498,0.03297,0.343499999999999,0.511117647058823,0.453,0.68375,0.62,0.648928571428571,0.553285714285714,0.646470588235294,0.690714285714285,0.635,0.83,0.78125,0.7455,0.68375,0.485,0.451153846153846,0.498,0.543,0.278153846153846,0.476357142857142,0.71,0.5502,0.577428571428571,0.718888888888888,0.502833333333333,0.661,0.476214285714285,0.68375,0.656411764705882,0.587588235294117,0.732947368421052,0.610368421052631,0.4063,0.5453,0.41995,0.476166666666666,0.399973684210526,0.447964285714285,0.623238095238095,0.423380952380952,0.382172413793103,0.429363636363636,0.427481481481481,0.374277777777777,0.8,0.490249999999999,0.451238095238095,0.331444444444444,"[[2, 3], [1, 4]]"
0.04284,0.040780000000000004,0.03774,0.03359,0.03575,0.03404,0.03487,0.03232,0.03351,0.03139,0.03724,0.053219999999999996,0.07904000000000001,0.0608,0.046799999999999994,0.044270000000000004,0.04219,0.037829999999999996,0.03597,0.03271,0.03127,0.031149999999999997,0.03741,0.04009,0.03804,0.03479,0.03321,0.0295,0.02761,0.027120000000000002,0.027149999999999997,0.026019999999999998,0.027460000000000002,0.02784,0.028820000000000002,0.04033,0.05651,0.04205,0.036340000000000004,0.033600000000000005,0.03034,0.0288,0.026760000000000003,0.02456,0.024050000000000002,0.02498,0.03297,0.03513,0.511117647058823,0.453,0.68375,0.62,0.648928571428571,0.553285714285714,0.646470588235294,0.690714285714285,0.635,0.83,0.78125,0.7455,0.68375,0.485,0.451153846153846,0.498,0.543,0.278153846153846,0.476357142857142,0.71,0.5502,0.577428571428571,0.718888888888888,0.502833333333333,0.661,0.476214285714285,0.68375,0.656411764705882,0.587588235294117,0.732947368421052,0.610368421052631,0.4063,0.5453,0.41995,0.476166666666666,0.399973684210526,0.447964285714285,0.623238095238095,0.423380952380952,0.382172413793103,0.429363636363636,0.427481481481481,0.374277777777777,0.8,0.490249999999999,0.451238095238095,0.331444444444444,0.484719999999999,"[[2, 3], [1, 4]]"
0.040780000000000004,0.03774,0.03359,0.03575,0.03404,0.03487,0.03232,0.03351,0.03139,0.03724,0.053219999999999996,0.07904000000000001,0.0608,0.046799999999999994,0.044270000000000004,0.04219,0.037829999999999996,0.03597,0.03271,0.03127,0.031149999999999997,0.03741,0.04009,0.03804,0.03479,0.03321,0.0295,0.02761,0.027120000000000002,0.027149999999999997,0.026019999999999998,0.027460000000000002,0.02784,0.028820000000000002,0.04033,0.05651,0.04205,0.036340000000000004,0.033600000000000005,0.03034,0.0288,0.026760000000000003,0.02456,0.024050000000000002,0.02498,0.03297,0.03513,0.030539999999999998,0.453,0.68375,0.62,0.648928571428571,0.553285714285714,0.646470588235294,0.690714285714285,0.635,0.83,0.78125,0.7455,0.68375,0.485,0.451153846153846,0.498,0.543,0.278153846153846,0.476357142857142,0.71,0.5502,0.577428571428571,0.718888888888888,0.502833333333333,0.661,0.476214285714285,0.68375,0.656411764705882,0.587588235294117,0.732947368421052,0.610368421052631,0.4063,0.5453,0.41995,0.476166666666666,0.399973684210526,0.447964285714285,0.623238095238095,0.423380952380952,0.382172413793103,0.429363636363636,0.427481481481481,0.374277777777777,0.8,0.490249999999999,0.451238095238095,0.331444444444444,0.484719999999999,0.496105263157894,"[[1, 4], [2, 3]]"
0.03774,0.03359,0.03575,0.03404,0.03487,0.03232,0.03351,0.03139,0.03724,0.053219999999999996,0.07904000000000001,0.0608,0.046799999999999994,0.044270000000000004,0.04219,0.037829999999999996,0.03597,0.03271,0.03127,0.031149999999999997,0.03741,0.04009,0.03804,0.03479,0.03321,0.0295,0.02761,0.027120000000000002,0.027149999999999997,0.026019999999999998,0.027460000000000002,0.02784,0.028820000000000002,0.04033,0.05651,0.04205,0.036340000000000004,0.033600000000000005,0.03034,0.0288,0.026760000000000003,0.02456,0.024050000000000002,0.02498,0.03297,0.03513,0.030539999999999998,0.02856,0.68375,0.62,0.648928571428571,0.553285714285714,0.646470588235294,0.690714285714285,0.635,0.83,0.78125,0.7455,0.68375,0.485,0.451153846153846,0.498,0.543,0.278153846153846,0.476357142857142,0.71,0.5502,0.577428571428571,0.718888888888888,0.502833333333333,0.661,0.476214285714285,0.68375,0.656411764705882,0.587588235294117,0.732947368421052,0.610368421052631,0.4063,0.5453,0.41995,0.476166666666666,0.399973684210526,0.447964285714285,0.623238095238095,0.423380952380952,0.382172413793103,0.429363636363636,0.427481481481481,0.374277777777777,0.8,0.490249999999999,0.451238095238095,0.331444444444444,0.484719999999999,0.496105263157894,0.538526315789473,"[[2, 3], [1, 4]]"
0.03359,0.03575,0.03404,0.03487,0.03232,0.03351,0.03139,0.03724,0.053219999999999996,0.07904000000000001,0.0608,0.046799999999999994,0.044270000000000004,0.04219,0.037829999999999996,0.03597,0.03271,0.03127,0.031149999999999997,0.03741,0.04009,0.03804,0.03479,0.03321,0.0295,0.02761,0.027120000000000002,0.027149999999999997,0.026019999999999998,0.027460000000000002,0.02784,0.028820000000000002,0.04033,0.05651,0.04205,0.036340000000000004,0.033600000000000005,0.03034,0.0288,0.026760000000000003,0.02456,0.024050000000000002,0.02498,0.03297,0.03513,0.030539999999999998,0.02856,0.02629,0.62,0.648928571428571,0.553285714285714,0.646470588235294,0.690714285714285,0.635,0.83,0.78125,0.7455,0.68375,0.485,0.451153846153846,0.498,0.543,0.278153846153846,0.476357142857142,0.71,0.5502,0.577428571428571,0.718888888888888,0.502833333333333,0.661,0.476214285714285,0.68375,0.656411764705882,0.587588235294117,0.732947368421052,0.610368421052631,0.4063,0.5453,0.41995,0.476166666666666,0.399973684210526,0.447964285714285,0.623238095238095,0.423380952380952,0.382172413793103,0.429363636363636,0.427481481481481,0.374277777777777,0.8,0.490249999999999,0.451238095238095,0.331444444444444,0.484719999999999,0.496105263157894,0.538526315789473,0.469249999999999,"[[2, 3], [1, 4]]"
0.03575,0.03404,0.03487,0.03232,0.03351,0.03139,0.03724,0.053219999999999996,0.07904000000000001,0.0608,0.046799999999999994,0.044270000000000004,0.04219,0.037829999999999996,0.03597,0.03271,0.03127,0.031149999999999997,0.03741,0.04009,0.03804,0.03479,0.03321,0.0295,0.02761,0.027120000000000002,0.027149999999999997,0.026019999999999998,0.027460000000000002,0.02784,0.028820000000000002,0.04033,0.05651,0.04205,0.036340000000000004,0.033600000000000005,0.03034,0.0288,0.026760000000000003,0.02456,0.024050000000000002,0.02498,0.03297,0.03513,0.030539999999999998,0.02856,0.02629,0.0246,0.648928571428571,0.553285714285714,0.646470588235294,0.690714285714285,0.635,0.83,0.78125,0.7455,0.68375,0.485,0.451153846153846,0.498,0.543,0.278153846153846,0.476357142857142,0.71,0.5502,0.577428571428571,0.718888888888888,0.502833333333333,0.661,0.476214285714285,0.68375,0.656411764705882,0.587588235294117,0.732947368421052,0.610368421052631,0.4063,0.5453,0.41995,0.476166666666666,0.399973684210526,0.447964285714285,0.623238095238095,0.423380952380952,0.382172413793103,0.429363636363636,0.427481481481481,0.374277777777777,0.8,0.490249999999999,0.451238095238095,0.331444444444444,0.484719999999999,0.496105263157894,0.538526315789473,0.469249999999999,0.583454545454545,"[[1, 4], [2, 3]]"
0.03404,0.03487,0.03232,0.03351,0.03139,0.03724,0.053219999999999996,0.07904000000000001,0.0608,0.046799999999999994,0.044270000000000004,0.04219,0.037829999999999996,0.03597,0.03271,0.03127,0.031149999999999997,0.03741,0.04009,0.03804,0.03479,0.03321,0.0295,0.02761,0.027120000000000002,0.027149999999999997,0.026019999999999998,0.027460000000000002,0.02784,0.028820000000000002,0.04033,0.05651,0.04205,0.036340000000000004,0.033600000000000005,0.03034,0.0288,0.026760000000000003,0.02456,0.024050000000000002,0.02498,0.03297,0.03513,0.030539999999999998,0.02856,0.02629,0.0246,0.023620000000000002,0.553285714285714,0.646470588235294,0.690714285714285,0.635,0.83,0.78125,0.7455,0.68375,0.485,0.451153846153846,0.498,0.543,0.278153846153846,0.476357142857142,0.71,0.5502,0.577428571428571,0.718888888888888,0.502833333333333,0.661,0.476214285714285,0.68375,0.656411764705882,0.587588235294117,0.732947368421052,0.610368421052631,0.4063,0.5453,0.41995,0.476166666666666,0.399973684210526,0.447964285714285,0.623238095238095,0.423380952380952,0.382172413793103,0.429363636363636,0.427481481481481,0.374277777777777,0.8,0.490249999999999,0.451238095238095,0.331444444444444,0.484719999999999,0.496105263157894,0.538526315789473,0.469249999999999,0.583454545454545,0.534545454545454,"[[1, 4], [2, 3]]"
0.03487,0.03232,0.03351,0.03139,0.03724,0.053219999999999996,0.07904000000000001,0.0608,0.046799999999999994,0.044270000000000004,0.04219,0.037829999999999996,0.03597,0.03271,0.03127,0.031149999999999997,0.03741,0.04009,0.03804,0.03479,0.03321,0.0295,0.02761,0.027120000000000002,0.027149999999999997,0.026019999999999998,0.027460000000000002,0.02784,0.028820000000000002,0.04033,0.05651,0.04205,0.036340000000000004,0.033600000000000005,0.03034,0.0288,0.026760000000000003,0.02456,0.024050000000000002,0.02498,0.03297,0.03513,0.030539999999999998,0.02856,0.02629,0.0246,0.023620000000000002,0.01979,0.646470588235294,0.690714285714285,0.635,0.83,0.78125,0.7455,0.68375,0.485,0.451153846153846,0.498,0.543,0.278153846153846,0.476357142857142,0.71,0.5502,0.577428571428571,0.718888888888888,0.502833333333333,0.661,0.476214285714285,0.68375,0.656411764705882,0.587588235294117,0.732947368421052,0.610368421052631,0.4063,0.5453,0.41995,0.476166666666666,0.399973684210526,0.447964285714285,0.623238095238095,0.423380952380952,0.382172413793103,0.429363636363636,0.427481481481481,0.374277777777777,0.8,0.490249999999999,0.451238095238095,0.331444444444444,0.484719999999999,0.496105263157894,0.538526315789473,0.469249999999999,0.583454545454545,0.534545454545454,0.605512195121951,"[[1, 4], [2, 3]]"
0.03232,0.03351,0.03139,0.03724,0.053219999999999996,0.07904000000000001,0.0608,0.046799999999999994,0.044270000000000004,0.04219,0.037829999999999996,0.03597,0.03271,0.03127,0.031149999999999997,0.03741,0.04009,0.03804,0.03479,0.03321,0.0295,0.02761,0.027120000000000002,0.027149999999999997,0.026019999999999998,0.027460000000000002,0.02784,0.028820000000000002,0.04033,0.05651,0.04205,0.036340000000000004,0.033600000000000005,0.03034,0.0288,0.026760000000000003,0.02456,0.024050000000000002,0.02498,0.03297,0.03513,0.030539999999999998,0.02856,0.02629,0.0246,0.023620000000000002,0.01979,0.01912,0.690714285714285,0.635,0.83,0.78125,0.7455,0.68375,0.485,0.451153846153846,0.498,0.543,0.278153846153846,0.476357142857142,0.71,0.5502,0.577428571428571,0.718888888888888,0.502833333333333,0.661,0.476214285714285,0.68375,0.656411764705882,0.587588235294117,0.732947368421052,0.610368421052631,0.4063,0.5453,0.41995,0.476166666666666,0.399973684210526,0.447964285714285,0.623238095238095,0.423380952380952,0.382172413793103,0.429363636363636,0.427481481481481,0.374277777777777,0.8,0.490249999999999,0.451238095238095,0.331444444444444,0.484719999999999,0.496105263157894,0.538526315789473,0.469249999999999,0.583454545454545,0.534545454545454,0.605512195121951,0.577892857142856,"[[1, 4], [2, 3]]"
0.03351,0.03139,0.03724,0.053219999999999996,0.07904000000000001,0.0608,0.046799999999999994,0.044270000000000004,0.04219,0.037829999999999996,0.03597,0.03271,0.03127,0.031149999999999997,0.03741,0.04009,0.03804,0.03479,0.03321,0.0295,0.02761,0.027120000000000002,0.027149999999999997,0.026019999999999998,0.027460000000000002,0.02784,0.028820000000000002,0.04033,0.05651,0.04205,0.036340000000000004,0.033600000000000005,0.03034,0.0288,0.026760000000000003,0.02456,0.024050000000000002,0.02498,0.03297,0.03513,0.030539999999999998,0.02856,0.02629,0.0246,0.023620000000000002,0.01979,0.01912,0.01786,0.635,0.83,0.78125,0.7455,0.68375,0.485,0.451153846153846,0.498,0.543,0.278153846153846,0.476357142857142,0.71,0.5502,0.577428571428571,0.718888888888888,0.502833333333333,0.661,0.476214285714285,0.68375,0.656411764705882,0.587588235294117,0.732947368421052,0.610368421052631,0.4063,0.5453,0.41995,0.476166666666666,0.399973684210526,0.447964285714285,0.623238095238095,0.423380952380952,0.382172413793103,0.429363636363636,0.427481481481481,0.374277777777777,0.8,0.490249999999999,0.451238095238095,0.331444444444444,0.484719999999999,0.496105263157894,0.538526315789473,0.469249999999999,0.583454545454545,0.534545454545454,0.605512195121951,0.577892857142856,0.692107142857142,"[[1, 4], [2, 3]]"
0.03139,0.03724,0.053219999999999996,0.07904000000000001,0.0608,0.046799999999999994,0.044270000000000004,0.04219,0.037829999999999996,0.03597,0.03271,0.03127,0.031149999999999997,0.03741,0.04009,0.03804,0.03479,0.03321,0.0295,0.02761,0.027120000000000002,0.027149999999999997,0.026019999999999998,0.027460000000000002,0.02784,0.028820000000000002,0.04033,0.05651,0.04205,0.036340000000000004,0.033600000000000005,0.03034,0.0288,0.026760000000000003,0.02456,0.024050000000000002,0.02498,0.03297,0.03513,0.030539999999999998,0.02856,0.02629,0.0246,0.023620000000000002,0.01979,0.01912,0.01786,0.01816,0.83,0.78125,0.7455,0.68375,0.485,0.451153846153846,0.498,0.543,0.278153846153846,0.476357142857142,0.71,0.5502,0.577428571428571,0.718888888888888,0.502833333333333,0.661,0.476214285714285,0.68375,0.656411764705882,0.587588235294117,0.732947368421052,0.610368421052631,0.4063,0.5453,0.41995,0.476166666666666,0.399973684210526,0.447964285714285,0.623238095238095,0.423380952380952,0.382172413793103,0.429363636363636,0.427481481481481,0.374277777777777,0.8,0.490249999999999,0.451238095238095,0.331444444444444,0.484719999999999,0.496105263157894,0.538526315789473,0.469249999999999,0.583454545454545,0.534545454545454,0.605512195121951,0.577892857142856,0.692107142857142,0.712999999999999,"[[1, 4], [2, 3]]"
0.03724,0.053219999999999996,0.07904000000000001,0.0608,0.046799999999999994,0.044270000000000004,0.04219,0.037829999999999996,0.03597,0.03271,0.03127,0.031149999999999997,0.03741,0.04009,0.03804,0.03479,0.03321,0.0295,0.02761,0.027120000000000002,0.027149999999999997,0.026019999999999998,0.027460000000000002,0.02784,0.028820000000000002,0.04033,0.05651,0.04205,0.036340000000000004,0.033600000000000005,0.03034,0.0288,0.026760000000000003,0.02456,0.024050000000000002,0.02498,0.03297,0.03513,0.030539999999999998,0.02856,0.02629,0.0246,0.023620000000000002,0.01979,0.01912,0.01786,0.01816,0.01813,0.78125,0.7455,0.68375,0.485,0.451153846153846,0.498,0.543,0.278153846153846,0.476357142857142,0.71,0.5502,0.577428571428571,0.718888888888888,0.502833333333333,0.661,0.476214285714285,0.68375,0.656411764705882,0.587588235294117,0.732947368421052,0.610368421052631,0.4063,0.5453,0.41995,0.476166666666666,0.399973684210526,0.447964285714285,0.623238095238095,0.423380952380952,0.382172413793103,0.429363636363636,0.427481481481481,0.374277777777777,0.8,0.490249999999999,0.451238095238095,0.331444444444444,0.484719999999999,0.496105263157894,0.538526315789473,0.469249999999999,0.583454545454545,0.534545454545454,0.605512195121951,0.577892857142856,0.692107142857142,0.712999999999999,0.534421052631579,"[[1, 4], [2, 3]]"
0.053219999999999996,0.07904000000000001,0.0608,0.046799999999999994,0.044270000000000004,0.04219,0.037829999999999996,0.03597,0.03271,0.03127,0.031149999999999997,0.03741,0.04009,0.03804,0.03479,0.03321,0.0295,0.02761,0.027120000000000002,0.027149999999999997,0.026019999999999998,0.027460000000000002,0.02784,0.028820000000000002,0.04033,0.05651,0.04205,0.036340000000000004,0.033600000000000005,0.03034,0.0288,0.026760000000000003,0.02456,0.024050000000000002,0.02498,0.03297,0.03513,0.030539999999999998,0.02856,0.02629,0.0246,0.023620000000000002,0.01979,0.01912,0.01786,0.01816,0.01813,0.019649999999999997,0.7455,0.68375,0.485,0.451153846153846,0.498,0.543,0.278153846153846,0.476357142857142,0.71,0.5502,0.577428571428571,0.718888888888888,0.502833333333333,0.661,0.476214285714285,0.68375,0.656411764705882,0.587588235294117,0.732947368421052,0.610368421052631,0.4063,0.5453,0.41995,0.476166666666666,0.399973684210526,0.447964285714285,0.623238095238095,0.423380952380952,0.382172413793103,0.429363636363636,0.427481481481481,0.374277777777777,0.8,0.490249999999999,0.451238095238095,0.331444444444444,0.484719999999999,0.496105263157894,0.538526315789473,0.469249999999999,0.583454545454545,0.534545454545454,0.605512195121951,0.577892857142856,0.692107142857142,0.712999999999999,0.534421052631579,0.727999999999999,"[[1, 4], [2, 3]]"
0.07904000000000001,0.0608,0.046799999999999994,0.044270000000000004,0.04219,0.037829999999999996,0.03597,0.03271,0.03127,0.031149999999999997,0.03741,0.04009,0.03804,0.03479,0.03321,0.0295,0.02761,0.027120000000000002,0.027149999999999997,0.026019999999999998,0.027460000000000002,0.02784,0.028820000000000002,0.04033,0.05651,0.04205,0.036340000000000004,0.033600000000000005,0.03034,0.0288,0.026760000000000003,0.02456,0.024050000000000002,0.02498,0.03297,0.03513,0.030539999999999998,0.02856,0.02629,0.0246,0.023620000000000002,0.01979,0.01912,0.01786,0.01816,0.01813,0.019649999999999997,0.028390000000000002,0.68375,0.485,0.451153846153846,0.498,0.543,0.278153846153846,0.476357142857142,0.71,0.5502,0.577428571428571,0.718888888888888,0.502833333333333,0.661,0.476214285714285,0.68375,0.656411764705882,0.587588235294117,0.732947368421052,0.610368421052631,0.4063,0.5453,0.41995,0.476166666666666,0.399973684210526,0.447964285714285,0.623238095238095,0.423380952380952,0.382172413793103,0.429363636363636,0.427481481481481,0.374277777777777,0.8,0.490249999999999,0.451238095238095,0.331444444444444,0.484719999999999,0.496105263157894,0.538526315789473,0.469249999999999,0.583454545454545,0.534545454545454,0.605512195121951,0.577892857142856,0.692107142857142,0.712999999999999,0.534421052631579,0.727999999999999,0.6876,"[[1], [2, 3, 4]]"
0.0608,0.046799999999999994,0.044270000000000004,0.04219,0.037829999999999996,0.03597,0.03271,0.03127,0.031149999999999997,0.03741,0.04009,0.03804,0.03479,0.03321,0.0295,0.02761,0.027120000000000002,0.027149999999999997,0.026019999999999998,0.027460000000000002,0.02784,0.028820000000000002,0.04033,0.05651,0.04205,0.036340000000000004,0.033600000000000005,0.03034,0.0288,0.026760000000000003,0.02456,0.024050000000000002,0.02498,0.03297,0.03513,0.030539999999999998,0.02856,0.02629,0.0246,0.023620000000000002,0.01979,0.01912,0.01786,0.01816,0.01813,0.019649999999999997,0.028390000000000002,0.03494,0.485,0.451153846153846,0.498,0.543,0.278153846153846,0.476357142857142,0.71,0.5502,0.577428571428571,0.718888888888888,0.502833333333333,0.661,0.476214285714285,0.68375,0.656411764705882,0.587588235294117,0.732947368421052,0.610368421052631,0.4063,0.5453,0.41995,0.476166666666666,0.399973684210526,0.447964285714285,0.623238095238095,0.423380952380952,0.382172413793103,0.429363636363636,0.427481481481481,0.374277777777777,0.8,0.490249999999999,0.451238095238095,0.331444444444444,0.484719999999999,0.496105263157894,0.538526315789473,0.469249999999999,0.583454545454545,0.534545454545454,0.605512195121951,0.577892857142856,0.692107142857142,0.712999999999999,0.534421052631579,0.727999999999999,0.6876,0.429888888888889,"[[1, 4], [2, 3]]"
0.046799999999999994,0.044270000000000004,0.04219,0.037829999999999996,0.03597,0.03271,0.03127,0.031149999999999997,0.03741,0.04009,0.03804,0.03479,0.03321,0.0295,0.02761,0.027120000000000002,0.027149999999999997,0.026019999999999998,0.027460000000000002,0.02784,0.028820000000000002,0.04033,0.05651,0.04205,0.036340000000000004,0.033600000000000005,0.03034,0.0288,0.026760000000000003,0.02456,0.024050000000000002,0.02498,0.03297,0.03513,0.030539999999999998,0.02856,0.02629,0.0246,0.023620000000000002,0.01979,0.01912,0.01786,0.01816,0.01813,0.019649999999999997,0.028390000000000002,0.03494,0.033100000000000004,0.451153846153846,0.498,0.543,0.278153846153846,0.476357142857142,0.71,0.5502,0.577428571428571,0.718888888888888,0.502833333333333,0.661,0.476214285714285,0.68375,0.656411764705882,0.587588235294117,0.732947368421052,0.610368421052631,0.4063,0.5453,0.41995,0.476166666666666,0.399973684210526,0.447964285714285,0.623238095238095,0.423380952380952,0.382172413793103,0.429363636363636,0.427481481481481,0.374277777777777,0.8,0.490249999999999,0.451238095238095,0.331444444444444,0.484719999999999,0.496105263157894,0.538526315789473,0.469249999999999,0.583454545454545,0.534545454545454,0.605512195121951,0.577892857142856,0.692107142857142,0.712999999999999,0.534421052631579,0.727999999999999,0.6876,0.429888888888889,0.516375,"[[1, 4], [2, 3]]"
0.044270000000000004,0.04219,0.037829999999999996,0.03597,0.03271,0.03127,0.031149999999999997,0.03741,0.04009,0.03804,0.03479,0.03321,0.0295,0.02761,0.027120000000000002,0.027149999999999997,0.026019999999999998,0.027460000000000002,0.02784,0.028820000000000002,0.04033,0.05651,0.04205,0.036340000000000004,0.033600000000000005,0.03034,0.0288,0.026760000000000003,0.02456,0.024050000000000002,0.02498,0.03297,0.03513,0.030539999999999998,0.02856,0.02629,0.0246,0.023620000000000002,0.01979,0.01912,0.01786,0.01816,0.01813,0.019649999999999997,0.028390000000000002,0.03494,0.033100000000000004,0.030539999999999998,0.498,0.543,0.278153846153846,0.476357142857142,0.71,0.5502,0.577428571428571,0.718888888888888,0.502833333333333,0.661,0.476214285714285,0.68375,0.656411764705882,0.587588235294117,0.732947368421052,0.610368421052631,0.4063,0.5453,0.41995,0.476166666666666,0.399973684210526,0.447964285714285,0.623238095238095,0.423380952380952,0.382172413793103,0.429363636363636,0.427481481481481,0.374277777777777,0.8,0.490249999999999,0.451238095238095,0.331444444444444,0.484719999999999,0.496105263157894,0.538526315789473,0.469249999999999,0.583454545454545,0.534545454545454,0.605512195121951,0.577892857142856,0.692107142857142,0.712999999999999,0.534421052631579,0.727999999999999,0.6876,0.429888888888889,0.516375,0.513124999999999,"[[2, 3], [1, 4]]"
0.04219,0.037829999999999996,0.03597,0.03271,0.03127,0.031149999999999997,0.03741,0.04009,0.03804,0.03479,0.03321,0.0295,0.02761,0.027120000000000002,0.027149999999999997,0.026019999999999998,0.027460000000000002,0.02784,0.028820000000000002,0.04033,0.05651,0.04205,0.036340000000000004,0.033600000000000005,0.03034,0.0288,0.026760000000000003,0.02456,0.024050000000000002,0.02498,0.03297,0.03513,0.030539999999999998,0.02856,0.02629,0.0246,0.023620000000000002,0.01979,0.01912,0.01786,0.01816,0.01813,0.019649999999999997,0.028390000000000002,0.03494,0.033100000000000004,0.030539999999999998,0.03136,0.543,0.278153846153846,0.476357142857142,0.71,0.5502,0.577428571428571,0.718888888888888,0.502833333333333,0.661,0.476214285714285,0.68375,0.656411764705882,0.587588235294117,0.732947368421052,0.610368421052631,0.4063,0.5453,0.41995,0.476166666666666,0.399973684210526,0.447964285714285,0.623238095238095,0.423380952380952,0.382172413793103,0.429363636363636,0.427481481481481,0.374277777777777,0.8,0.490249999999999,0.451238095238095,0.331444444444444,0.484719999999999,0.496105263157894,0.538526315789473,0.469249999999999,0.583454545454545,0.534545454545454,0.605512195121951,0.577892857142856,0.692107142857142,0.712999999999999,0.534421052631579,0.727999999999999,0.6876,0.429888888888889,0.516375,0.513124999999999,0.544684210526315,"[[1, 4], [2, 3]]"
0.037829999999999996,0.03597,0.03271,0.03127,0.031149999999999997,0.03741,0.04009,0.03804,0.03479,0.03321,0.0295,0.02761,0.027120000000000002,0.027149999999999997,0.026019999999999998,0.027460000000000002,0.02784,0.028820000000000002,0.04033,0.05651,0.04205,0.036340000000000004,0.033600000000000005,0.03034,0.0288,0.026760000000000003,0.02456,0.024050000000000002,0.02498,0.03297,0.03513,0.030539999999999998,0.02856,0.02629,0.0246,0.023620000000000002,0.01979,0.01912,0.01786,0.01816,0.01813,0.019649999999999997,0.028390000000000002,0.03494,0.033100000000000004,0.030539999999999998,0.03136,0.03059,0.278153846153846,0.476357142857142,0.71,0.5502,0.577428571428571,0.718888888888888,0.502833333333333,0.661,0.476214285714285,0.68375,0.656411764705882,0.587588235294117,0.732947368421052,0.610368421052631,0.4063,0.5453,0.41995,0.476166666666666,0.399973684210526,0.447964285714285,0.623238095238095,0.423380952380952,0.382172413793103,0.429363636363636,0.427481481481481,0.374277777777777,0.8,0.490249999999999,0.451238095238095,0.331444444444444,0.484719999999999,0.496105263157894,0.538526315789473,0.469249999999999,0.583454545454545,0.534545454545454,0.605512195121951,0.577892857142856,0.692107142857142,0.712999999999999,0.534421052631579,0.727999999999999,0.6876,0.429888888888889,0.516375,0.513124999999999,0.544684210526315,0.616312499999999,"[[2, 3], [1, 4]]"
0.03597,0.03271,0.03127,0.031149999999999997,0.03741,0.04009,0.03804,0.03479,0.03321,0.0295,0.02761,0.027120000000000002,0.027149999999999997,0.026019999999999998,0.027460000000000002,0.02784,0.028820000000000002,0.04033,0.05651,0.04205,0.036340000000000004,0.033600000000000005,0.03034,0.0288,0.026760000000000003,0.02456,0.024050000000000002,0.02498,0.03297,0.03513,0.030539999999999998,0.02856,0.02629,0.0246,0.023620000000000002,0.01979,0.01912,0.01786,0.01816,0.01813,0.019649999999999997,0.028390000000000002,0.03494,0.033100000000000004,0.030539999999999998,0.03136,0.03059,0.03146,0.476357142857142,0.71,0.5502,0.577428571428571,0.718888888888888,0.502833333333333,0.661,0.476214285714285,0.68375,0.656411764705882,0.587588235294117,0.732947368421052,0.610368421052631,0.4063,0.5453,0.41995,0.476166666666666,0.399973684210526,0.447964285714285,0.623238095238095,0.423380952380952,0.382172413793103,0.429363636363636,0.427481481481481,0.374277777777777,0.8,0.490249999999999,0.451238095238095,0.331444444444444,0.484719999999999,0.496105263157894,0.538526315789473,0.469249999999999,0.583454545454545,0.534545454545454,0.605512195121951,0.577892857142856,0.692107142857142,0.712999999999999,0.534421052631579,0.727999999999999,0.6876,0.429888888888889,0.516375,0.513124999999999,0.544684210526315,0.616312499999999,0.631294117647058,"[[2, 3], [1, 4]]"
0.03271,0.03127,0.031149999999999997,0.03741,0.04009,0.03804,0.03479,0.03321,0.0295,0.02761,0.027120000000000002,0.027149999999999997,0.026019999999999998,0.027460000000000002,0.02784,0.028820000000000002,0.04033,0.05651,0.04205,0.036340000000000004,0.033600000000000005,0.03034,0.0288,0.026760000000000003,0.02456,0.024050000000000002,0.02498,0.03297,0.03513,0.030539999999999998,0.02856,0.02629,0.0246,0.023620000000000002,0.01979,0.01912,0.01786,0.01816,0.01813,0.019649999999999997,0.028390000000000002,0.03494,0.033100000000000004,0.030539999999999998,0.03136,0.03059,0.03146,0.03138,0.71,0.5502,0.577428571428571,0.718888888888888,0.502833333333333,0.661,0.476214285714285,0.68375,0.656411764705882,0.587588235294117,0.732947368421052,0.610368421052631,0.4063,0.5453,0.41995,0.476166666666666,0.399973684210526,0.447964285714285,0.623238095238095,0.423380952380952,0.382172413793103,0.429363636363636,0.427481481481481,0.374277777777777,0.8,0.490249999999999,0.451238095238095,0.331444444444444,0.484719999999999,0.496105263157894,0.538526315789473,0.469249999999999,0.583454545454545,0.534545454545454,0.605512195121951,0.577892857142856,0.692107142857142,0.712999999999999,0.534421052631579,0.727999999999999,0.6876,0.429888888888889,0.516375,0.513124999999999,0.544684210526315,0.616312499999999,0.631294117647058,0.502823529411764,"[[2, 3], [1, 4]]"
0.03127,0.031149999999999997,0.03741,0.04009,0.03804,0.03479,0.03321,0.0295,0.02761,0.027120000000000002,0.027149999999999997,0.026019999999999998,0.027460000000000002,0.02784,0.028820000000000002,0.04033,0.05651,0.04205,0.036340000000000004,0.033600000000000005,0.03034,0.0288,0.026760000000000003,0.02456,0.024050000000000002,0.02498,0.03297,0.03513,0.030539999999999998,0.02856,0.02629,0.0246,0.023620000000000002,0.01979,0.01912,0.01786,0.01816,0.01813,0.019649999999999997,0.028390000000000002,0.03494,0.033100000000000004,0.030539999999999998,0.03136,0.03059,0.03146,0.03138,0.03196,0.5502,0.577428571428571,0.718888888888888,0.502833333333333,0.661,0.476214285714285,0.68375,0.656411764705882,0.587588235294117,0.732947368421052,0.610368421052631,0.4063,0.5453,0.41995,0.476166666666666,0.399973684210526,0.447964285714285,0.623238095238095,0.423380952380952,0.382172413793103,0.429363636363636,0.427481481481481,0.374277777777777,0.8,0.490249999999999,0.451238095238095,0.331444444444444,0.484719999999999,0.496105263157894,0.538526315789473,0.469249999999999,0.583454545454545,0.534545454545454,0.605512195121951,0.577892857142856,0.692107142857142,0.712999999999999,0.534421052631579,0.727999999999999,0.6876,0.429888888888889,0.516375,0.513124999999999,0.544684210526315,0.616312499999999,0.631294117647058,0.502823529411764,0.254199999999999,"[[1, 4], [2, 3]]"
0.031149999999999997,0.03741,0.04009,0.03804,0.03479,0.03321,0.0295,0.02761,0.027120000000000002,0.027149999999999997,0.026019999999999998,0.027460000000000002,0.02784,0.028820000000000002,0.04033,0.05651,0.04205,0.036340000000000004,0.033600000000000005,0.03034,0.0288,0.026760000000000003,0.02456,0.024050000000000002,0.02498,0.03297,0.03513,0.030539999999999998,0.02856,0.02629,0.0246,0.023620000000000002,0.01979,0.01912,0.01786,0.01816,0.01813,0.019649999999999997,0.028390000000000002,0.03494,0.033100000000000004,0.030539999999999998,0.03136,0.03059,0.03146,0.03138,0.03196,0.03202,0.577428571428571,0.718888888888888,0.502833333333333,0.661,0.476214285714285,0.68375,0.656411764705882,0.587588235294117,0.732947368421052,0.610368421052631,0.4063,0.5453,0.41995,0.476166666666666,0.399973684210526,0.447964285714285,0.623238095238095,0.423380952380952,0.382172413793103,0.429363636363636,0.427481481481481,0.374277777777777,0.8,0.490249999999999,0.451238095238095,0.331444444444444,0.484719999999999,0.496105263157894,0.538526315789473,0.469249999999999,0.583454545454545,0.534545454545454,0.605512195121951,0.577892857142856,0.692107142857142,0.712999999999999,0.534421052631579,0.727999999999999,0.6876,0.429888888888889,0.516375,0.513124999999999,0.544684210526315,0.616312499999999,0.631294117647058,0.502823529411764,0.254199999999999,0.589625,"[[1, 4], [2, 3]]"
0.03741,0.04009,0.03804,0.03479,0.03321,0.0295,0.02761,0.027120000000000002,0.027149999999999997,0.026019999999999998,0.027460000000000002,0.02784,0.028820000000000002,0.04033,0.05651,0.04205,0.036340000000000004,0.033600000000000005,0.03034,0.0288,0.026760000000000003,0.02456,0.024050000000000002,0.02498,0.03297,0.03513,0.030539999999999998,0.02856,0.02629,0.0246,0.023620000000000002,0.01979,0.01912,0.01786,0.01816,0.01813,0.019649999999999997,0.028390000000000002,0.03494,0.033100000000000004,0.030539999999999998,0.03136,0.03059,0.03146,0.03138,0.03196,0.03202,0.03401,0.718888888888888,0.502833333333333,0.661,0.476214285714285,0.68375,0.656411764705882,0.587588235294117,0.732947368421052,0.610368421052631,0.4063,0.5453,0.41995,0.476166666666666,0.399973684210526,0.447964285714285,0.623238095238095,0.423380952380952,0.382172413793103,0.429363636363636,0.427481481481481,0.374277777777777,0.8,0.490249999999999,0.451238095238095,0.331444444444444,0.484719999999999,0.496105263157894,0.538526315789473,0.469249999999999,0.583454545454545,0.534545454545454,0.605512195121951,0.577892857142856,0.692107142857142,0.712999999999999,0.534421052631579,0.727999999999999,0.6876,0.429888888888889,0.516375,0.513124999999999,0.544684210526315,0.616312499999999,0.631294117647058,0.502823529411764,0.254199999999999,0.589625,0.528624999999999,"[[1, 4], [2, 3]]"
0.04009,0.03804,0.03479,0.03321,0.0295,0.02761,0.027120000000000002,0.027149999999999997,0.026019999999999998,0.027460000000000002,0.02784,0.028820000000000002,0.04033,0.05651,0.04205,0.036340000000000004,0.033600000000000005,0.03034,0.0288,0.026760000000000003,0.02456,0.024050000000000002,0.02498,0.03297,0.03513,0.030539999999999998,0.02856,0.02629,0.0246,0.023620000000000002,0.01979,0.01912,0.01786,0.01816,0.01813,0.019649999999999997,0.028390000000000002,0.03494,0.033100000000000004,0.030539999999999998,0.03136,0.03059,0.03146,0.03138,0.03196,0.03202,0.03401,0.03798,0.502833333333333,0.661,0.476214285714285,0.68375,0.656411764705882,0.587588235294117,0.732947368421052,0.610368421052631,0.4063,0.5453,0.41995,0.476166666666666,0.399973684210526,0.447964285714285,0.623238095238095,0.423380952380952,0.382172413793103,0.429363636363636,0.427481481481481,0.374277777777777,0.8,0.490249999999999,0.451238095238095,0.331444444444444,0.484719999999999,0.496105263157894,0.538526315789473,0.469249999999999,0.583454545454545,0.534545454545454,0.605512195121951,0.577892857142856,0.692107142857142,0.712999999999999,0.534421052631579,0.727999999999999,0.6876,0.429888888888889,0.516375,0.513124999999999,0.544684210526315,0.616312499999999,0.631294117647058,0.502823529411764,0.254199999999999,0.589625,0.528624999999999,0.458571428571428,"[[1, 4], [2, 3]]"
0.03804,0.03479,0.03321,0.0295,0.02761,0.027120000000000002,0.027149999999999997,0.026019999999999998,0.027460000000000002,0.02784,0.028820000000000002,0.04033,0.05651,0.04205,0.036340000000000004,0.033600000000000005,0.03034,0.0288,0.026760000000000003,0.02456,0.024050000000000002,0.02498,0.03297,0.03513,0.030539999999999998,0.02856,0.02629,0.0246,0.023620000000000002,0.01979,0.01912,0.01786,0.01816,0.01813,0.019649999999999997,0.028390000000000002,0.03494,0.033100000000000004,0.030539999999999998,0.03136,0.03059,0.03146,0.03138,0.03196,0.03202,0.03401,0.03798,0.04226,0.661,0.476214285714285,0.68375,0.656411764705882,0.587588235294117,0.732947368421052,0.610368421052631,0.4063,0.5453,0.41995,0.476166666666666,0.399973684210526,0.447964285714285,0.623238095238095,0.423380952380952,0.382172413793103,0.429363636363636,0.427481481481481,0.374277777777777,0.8,0.490249999999999,0.451238095238095,0.331444444444444,0.484719999999999,0.496105263157894,0.538526315789473,0.469249999999999,0.583454545454545,0.534545454545454,0.605512195121951,0.577892857142856,0.692107142857142,0.712999999999999,0.534421052631579,0.727999999999999,0.6876,0.429888888888889,0.516375,0.513124999999999,0.544684210526315,0.616312499999999,0.631294117647058,0.502823529411764,0.254199999999999,0.589625,0.528624999999999,0.458571428571428,0.176875,"[[2, 3], [1, 4]]"
0.03479,0.03321,0.0295,0.02761,0.027120000000000002,0.027149999999999997,0.026019999999999998,0.027460000000000002,0.02784,0.028820000000000002,0.04033,0.05651,0.04205,0.036340000000000004,0.033600000000000005,0.03034,0.0288,0.026760000000000003,0.02456,0.024050000000000002,0.02498,0.03297,0.03513,0.030539999999999998,0.02856,0.02629,0.0246,0.023620000000000002,0.01979,0.01912,0.01786,0.01816,0.01813,0.019649999999999997,0.028390000000000002,0.03494,0.033100000000000004,0.030539999999999998,0.03136,0.03059,0.03146,0.03138,0.03196,0.03202,0.03401,0.03798,0.04226,0.04228,0.476214285714285,0.68375,0.656411764705882,0.587588235294117,0.732947368421052,0.610368421052631,0.4063,0.5453,0.41995,0.476166666666666,0.399973684210526,0.447964285714285,0.623238095238095,0.423380952380952,0.382172413793103,0.429363636363636,0.427481481481481,0.374277777777777,0.8,0.490249999999999,0.451238095238095,0.331444444444444,0.484719999999999,0.496105263157894,0.538526315789473,0.469249999999999,0.583454545454545,0.534545454545454,0.605512195121951,0.577892857142856,0.692107142857142,0.712999999999999,0.534421052631579,0.727999999999999,0.6876,0.429888888888889,0.516375,0.513124999999999,0.544684210526315,0.616312499999999,0.631294117647058,0.502823529411764,0.254199999999999,0.589625,0.528624999999999,0.458571428571428,0.176875,0.422399999999999,"[[2, 3], [1, 4]]"
0.03321,0.0295,0.02761,0.027120000000000002,0.027149999999999997,0.026019999999999998,0.027460000000000002,0.02784,0.028820000000000002,0.04033,0.05651,0.04205,0.036340000000000004,0.033600000000000005,0.03034,0.0288,0.026760000000000003,0.02456,0.024050000000000002,0.02498,0.03297,0.03513,0.030539999999999998,0.02856,0.02629,0.0246,0.023620000000000002,0.01979,0.01912,0.01786,0.01816,0.01813,0.019649999999999997,0.028390000000000002,0.03494,0.033100000000000004,0.030539999999999998,0.03136,0.03059,0.03146,0.03138,0.03196,0.03202,0.03401,0.03798,0.04226,0.04228,0.04009,0.68375,0.656411764705882,0.587588235294117,0.732947368421052,0.610368421052631,0.4063,0.5453,0.41995,0.476166666666666,0.399973684210526,0.447964285714285,0.623238095238095,0.423380952380952,0.382172413793103,0.429363636363636,0.427481481481481,0.374277777777777,0.8,0.490249999999999,0.451238095238095,0.331444444444444,0.484719999999999,0.496105263157894,0.538526315789473,0.469249999999999,0.583454545454545,0.534545454545454,0.605512195121951,0.577892857142856,0.692107142857142,0.712999999999999,0.534421052631579,0.727999999999999,0.6876,0.429888888888889,0.516375,0.513124999999999,0.544684210526315,0.616312499999999,0.631294117647058,0.502823529411764,0.254199999999999,0.589625,0.528624999999999,0.458571428571428,0.176875,0.422399999999999,0.586823529411764,"[[1, 4], [2, 3]]"
0.0295,0.02761,0.027120000000000002,0.027149999999999997,0.026019999999999998,0.027460000000000002,0.02784,0.028820000000000002,0.04033,0.05651,0.04205,0.036340000000000004,0.033600000000000005,0.03034,0.0288,0.026760000000000003,0.02456,0.024050000000000002,0.02498,0.03297,0.03513,0.030539999999999998,0.02856,0.02629,0.0246,0.023620000000000002,0.01979,0.01912,0.01786,0.01816,0.01813,0.019649999999999997,0.028390000000000002,0.03494,0.033100000000000004,0.030539999999999998,0.03136,0.03059,0.03146,0.03138,0.03196,0.03202,0.03401,0.03798,0.04226,0.04228,0.04009,0.03786,0.656411764705882,0.587588235294117,0.732947368421052,0.610368421052631,0.4063,0.5453,0.41995,0.476166666666666,0.399973684210526,0.447964285714285,0.623238095238095,0.423380952380952,0.382172413793103,0.429363636363636,0.427481481481481,0.374277777777777,0.8,0.490249999999999,0.451238095238095,0.331444444444444,0.484719999999999,0.496105263157894,0.538526315789473,0.469249999999999,0.583454545454545,0.534545454545454,0.605512195121951,0.577892857142856,0.692107142857142,0.712999999999999,0.534421052631579,0.727999999999999,0.6876,0.429888888888889,0.516375,0.513124999999999,0.544684210526315,0.616312499999999,0.631294117647058,0.502823529411764,0.254199999999999,0.589625,0.528624999999999,0.458571428571428,0.176875,0.422399999999999,0.586823529411764,0.481999999999999,"[[1, 4], [2, 3]]"
0.02761,0.027120000000000002,0.027149999999999997,0.026019999999999998,0.027460000000000002,0.02784,0.028820000000000002,0.04033,0.05651,0.04205,0.036340000000000004,0.033600000000000005,0.03034,0.0288,0.026760000000000003,0.02456,0.024050000000000002,0.02498,0.03297,0.03513,0.030539999999999998,0.02856,0.02629,0.0246,0.023620000000000002,0.01979,0.01912,0.01786,0.01816,0.01813,0.019649999999999997,0.028390000000000002,0.03494,0.033100000000000004,0.030539999999999998,0.03136,0.03059,0.03146,0.03138,0.03196,0.03202,0.03401,0.03798,0.04226,0.04228,0.04009,0.03786,0.03066,0.587588235294117,0.732947368421052,0.610368421052631,0.4063,0.5453,0.41995,0.476166666666666,0.399973684210526,0.447964285714285,0.623238095238095,0.423380952380952,0.382172413793103,0.429363636363636,0.427481481481481,0.374277777777777,0.8,0.490249999999999,0.451238095238095,0.331444444444444,0.484719999999999,0.496105263157894,0.538526315789473,0.469249999999999,0.583454545454545,0.534545454545454,0.605512195121951,0.577892857142856,0.692107142857142,0.712999999999999,0.534421052631579,0.727999999999999,0.6876,0.429888888888889,0.516375,0.513124999999999,0.544684210526315,0.616312499999999,0.631294117647058,0.502823529411764,0.254199999999999,0.589625,0.528624999999999,0.458571428571428,0.176875,0.422399999999999,0.586823529411764,0.481999999999999,0.5804,"[[2, 3], [1, 4]]"
0.027120000000000002,0.027149999999999997,0.026019999999999998,0.027460000000000002,0.02784,0.028820000000000002,0.04033,0.05651,0.04205,0.036340000000000004,0.033600000000000005,0.03034,0.0288,0.026760000000000003,0.02456,0.024050000000000002,0.02498,0.03297,0.03513,0.030539999999999998,0.02856,0.02629,0.0246,0.023620000000000002,0.01979,0.01912,0.01786,0.01816,0.01813,0.019649999999999997,0.028390000000000002,0.03494,0.033100000000000004,0.030539999999999998,0.03136,0.03059,0.03146,0.03138,0.03196,0.03202,0.03401,0.03798,0.04226,0.04228,0.04009,0.03786,0.03066,0.02811,0.732947368421052,0.610368421052631,0.4063,0.5453,0.41995,0.476166666666666,0.399973684210526,0.447964285714285,0.623238095238095,0.423380952380952,0.382172413793103,0.429363636363636,0.427481481481481,0.374277777777777,0.8,0.490249999999999,0.451238095238095,0.331444444444444,0.484719999999999,0.496105263157894,0.538526315789473,0.469249999999999,0.583454545454545,0.534545454545454,0.605512195121951,0.577892857142856,0.692107142857142,0.712999999999999,0.534421052631579,0.727999999999999,0.6876,0.429888888888889,0.516375,0.513124999999999,0.544684210526315,0.616312499999999,0.631294117647058,0.502823529411764,0.254199999999999,0.589625,0.528624999999999,0.458571428571428,0.176875,0.422399999999999,0.586823529411764,0.481999999999999,0.5804,0.542375,"[[1, 4], [2, 3]]"
0.027149999999999997,0.026019999999999998,0.027460000000000002,0.02784,0.028820000000000002,0.04033,0.05651,0.04205,0.036340000000000004,0.033600000000000005,0.03034,0.0288,0.026760000000000003,0.02456,0.024050000000000002,0.02498,0.03297,0.03513,0.030539999999999998,0.02856,0.02629,0.0246,0.023620000000000002,0.01979,0.01912,0.01786,0.01816,0.01813,0.019649999999999997,0.028390000000000002,0.03494,0.033100000000000004,0.030539999999999998,0.03136,0.03059,0.03146,0.03138,0.03196,0.03202,0.03401,0.03798,0.04226,0.04228,0.04009,0.03786,0.03066,0.02811,0.02952,0.610368421052631,0.4063,0.5453,0.41995,0.476166666666666,0.399973684210526,0.447964285714285,0.623238095238095,0.423380952380952,0.382172413793103,0.429363636363636,0.427481481481481,0.374277777777777,0.8,0.490249999999999,0.451238095238095,0.331444444444444,0.484719999999999,0.496105263157894,0.538526315789473,0.469249999999999,0.583454545454545,0.534545454545454,0.605512195121951,0.577892857142856,0.692107142857142,0.712999999999999,0.534421052631579,0.727999999999999,0.6876,0.429888888888889,0.516375,0.513124999999999,0.544684210526315,0.616312499999999,0.631294117647058,0.502823529411764,0.254199999999999,0.589625,0.528624999999999,0.458571428571428,0.176875,0.422399999999999,0.586823529411764,0.481999999999999,0.5804,0.542375,0.5765,"[[2, 3], [1, 4]]"
0.026019999999999998,0.027460000000000002,0.02784,0.028820000000000002,0.04033,0.05651,0.04205,0.036340000000000004,0.033600000000000005,0.03034,0.0288,0.026760000000000003,0.02456,0.024050000000000002,0.02498,0.03297,0.03513,0.030539999999999998,0.02856,0.02629,0.0246,0.023620000000000002,0.01979,0.01912,0.01786,0.01816,0.01813,0.019649999999999997,0.028390000000000002,0.03494,0.033100000000000004,0.030539999999999998,0.03136,0.03059,0.03146,0.03138,0.03196,0.03202,0.03401,0.03798,0.04226,0.04228,0.04009,0.03786,0.03066,0.02811,0.02952,0.02825,0.4063,0.5453,0.41995,0.476166666666666,0.399973684210526,0.447964285714285,0.623238095238095,0.423380952380952,0.382172413793103,0.429363636363636,0.427481481481481,0.374277777777777,0.8,0.490249999999999,0.451238095238095,0.331444444444444,0.484719999999999,0.496105263157894,0.538526315789473,0.469249999999999,0.583454545454545,0.534545454545454,0.605512195121951,0.577892857142856,0.692107142857142,0.712999999999999,0.534421052631579,0.727999999999999,0.6876,0.429888888888889,0.516375,0.513124999999999,0.544684210526315,0.616312499999999,0.631294117647058,0.502823529411764,0.254199999999999,0.589625,0.528624999999999,0.458571428571428,0.176875,0.422399999999999,0.586823529411764,0.481999999999999,0.5804,0.542375,0.5765,0.68375,"[[2, 3], [1, 4]]"
0.027460000000000002,0.02784,0.028820000000000002,0.04033,0.05651,0.04205,0.036340000000000004,0.033600000000000005,0.03034,0.0288,0.026760000000000003,0.02456,0.024050000000000002,0.02498,0.03297,0.03513,0.030539999999999998,0.02856,0.02629,0.0246,0.023620000000000002,0.01979,0.01912,0.01786,0.01816,0.01813,0.019649999999999997,0.028390000000000002,0.03494,0.033100000000000004,0.030539999999999998,0.03136,0.03059,0.03146,0.03138,0.03196,0.03202,0.03401,0.03798,0.04226,0.04228,0.04009,0.03786,0.03066,0.02811,0.02952,0.02825,0.02763,0.5453,0.41995,0.476166666666666,0.399973684210526,0.447964285714285,0.623238095238095,0.423380952380952,0.382172413793103,0.429363636363636,0.427481481481481,0.374277777777777,0.8,0.490249999999999,0.451238095238095,0.331444444444444,0.484719999999999,0.496105263157894,0.538526315789473,0.469249999999999,0.583454545454545,0.534545454545454,0.605512195121951,0.577892857142856,0.692107142857142,0.712999999999999,0.534421052631579,0.727999999999999,0.6876,0.429888888888889,0.516375,0.513124999999999,0.544684210526315,0.616312499999999,0.631294117647058,0.502823529411764,0.254199999999999,0.589625,0.528624999999999,0.458571428571428,0.176875,0.422399999999999,0.586823529411764,0.481999999999999,0.5804,0.542375,0.5765,0.68375,0.529470588235294,"[[2, 3], [1, 4]]"
0.02784,0.028820000000000002,0.04033,0.05651,0.04205,0.036340000000000004,0.033600000000000005,0.03034,0.0288,0.026760000000000003,0.02456,0.024050000000000002,0.02498,0.03297,0.03513,0.030539999999999998,0.02856,0.02629,0.0246,0.023620000000000002,0.01979,0.01912,0.01786,0.01816,0.01813,0.019649999999999997,0.028390000000000002,0.03494,0.033100000000000004,0.030539999999999998,0.03136,0.03059,0.03146,0.03138,0.03196,0.03202,0.03401,0.03798,0.04226,0.04228,0.04009,0.03786,0.03066,0.02811,0.02952,0.02825,0.02763,0.02684,0.41995,0.476166666666666,0.399973684210526,0.447964285714285,0.623238095238095,0.423380952380952,0.382172413793103,0.429363636363636,0.427481481481481,0.374277777777777,0.8,0.490249999999999,0.451238095238095,0.331444444444444,0.484719999999999,0.496105263157894,0.538526315789473,0.469249999999999,0.583454545454545,0.534545454545454,0.605512195121951,0.577892857142856,0.692107142857142,0.712999999999999,0.534421052631579,0.727999999999999,0.6876,0.429888888888889,0.516375,0.513124999999999,0.544684210526315,0.616312499999999,0.631294117647058,0.502823529411764,0.254199999999999,0.589625,0.528624999999999,0.458571428571428,0.176875,0.422399999999999,0.586823529411764,0.481999999999999,0.5804,0.542375,0.5765,0.68375,0.529470588235294,0.682478260869565,"[[2, 3], [1, 4]]"
0.028820000000000002,0.04033,0.05651,0.04205,0.036340000000000004,0.033600000000000005,0.03034,0.0288,0.026760000000000003,0.02456,0.024050000000000002,0.02498,0.03297,0.03513,0.030539999999999998,0.02856,0.02629,0.0246,0.023620000000000002,0.01979,0.01912,0.01786,0.01816,0.01813,0.019649999999999997,0.028390000000000002,0.03494,0.033100000000000004,0.030539999999999998,0.03136,0.03059,0.03146,0.03138,0.03196,0.03202,0.03401,0.03798,0.04226,0.04228,0.04009,0.03786,0.03066,0.02811,0.02952,0.02825,0.02763,0.02684,0.028739999999999998,0.476166666666666,0.399973684210526,0.447964285714285,0.623238095238095,0.423380952380952,0.382172413793103,0.429363636363636,0.427481481481481,0.374277777777777,0.8,0.490249999999999,0.451238095238095,0.331444444444444,0.484719999999999,0.496105263157894,0.538526315789473,0.469249999999999,0.583454545454545,0.534545454545454,0.605512195121951,0.577892857142856,0.692107142857142,0.712999999999999,0.534421052631579,0.727999999999999,0.6876,0.429888888888889,0.516375,0.513124999999999,0.544684210526315,0.616312499999999,0.631294117647058,0.502823529411764,0.254199999999999,0.589625,0.528624999999999,0.458571428571428,0.176875,0.422399999999999,0.586823529411764,0.481999999999999,0.5804,0.542375,0.5765,0.68375,0.529470588235294,0.682478260869565,0.605749999999999,"[[1, 4], [2, 3]]"
0.04033,0.05651,0.04205,0.036340000000000004,0.033600000000000005,0.03034,0.0288,0.026760000000000003,0.02456,0.024050000000000002,0.02498,0.03297,0.03513,0.030539999999999998,0.02856,0.02629,0.0246,0.023620000000000002,0.01979,0.01912,0.01786,0.01816,0.01813,0.019649999999999997,0.028390000000000002,0.03494,0.033100000000000004,0.030539999999999998,0.03136,0.03059,0.03146,0.03138,0.03196,0.03202,0.03401,0.03798,0.04226,0.04228,0.04009,0.03786,0.03066,0.02811,0.02952,0.02825,0.02763,0.02684,0.028739999999999998,0.03259,0.399973684210526,0.447964285714285,0.623238095238095,0.423380952380952,0.382172413793103,0.429363636363636,0.427481481481481,0.374277777777777,0.8,0.490249999999999,0.451238095238095,0.331444444444444,0.484719999999999,0.496105263157894,0.538526315789473,0.469249999999999,0.583454545454545,0.534545454545454,0.605512195121951,0.577892857142856,0.692107142857142,0.712999999999999,0.534421052631579,0.727999999999999,0.6876,0.429888888888889,0.516375,0.513124999999999,0.544684210526315,0.616312499999999,0.631294117647058,0.502823529411764,0.254199999999999,0.589625,0.528624999999999,0.458571428571428,0.176875,0.422399999999999,0.586823529411764,0.481999999999999,0.5804,0.542375,0.5765,0.68375,0.529470588235294,0.682478260869565,0.605749999999999,0.663736842105263,"[[1, 4], [2, 3]]"
0.05651,0.04205,0.036340000000000004,0.033600000000000005,0.03034,0.0288,0.026760000000000003,0.02456,0.024050000000000002,0.02498,0.03297,0.03513,0.030539999999999998,0.02856,0.02629,0.0246,0.023620000000000002,0.01979,0.01912,0.01786,0.01816,0.01813,0.019649999999999997,0.028390000000000002,0.03494,0.033100000000000004,0.030539999999999998,0.03136,0.03059,0.03146,0.03138,0.03196,0.03202,0.03401,0.03798,0.04226,0.04228,0.04009,0.03786,0.03066,0.02811,0.02952,0.02825,0.02763,0.02684,0.028739999999999998,0.03259,0.038329999999999996,0.447964285714285,0.623238095238095,0.423380952380952,0.382172413793103,0.429363636363636,0.427481481481481,0.374277777777777,0.8,0.490249999999999,0.451238095238095,0.331444444444444,0.484719999999999,0.496105263157894,0.538526315789473,0.469249999999999,0.583454545454545,0.534545454545454,0.605512195121951,0.577892857142856,0.692107142857142,0.712999999999999,0.534421052631579,0.727999999999999,0.6876,0.429888888888889,0.516375,0.513124999999999,0.544684210526315,0.616312499999999,0.631294117647058,0.502823529411764,0.254199999999999,0.589625,0.528624999999999,0.458571428571428,0.176875,0.422399999999999,0.586823529411764,0.481999999999999,0.5804,0.542375,0.5765,0.68375,0.529470588235294,0.682478260869565,0.605749999999999,0.663736842105263,0.574874999999999,"[[1, 4], [2, 3]]"
0.04205,0.036340000000000004,0.033600000000000005,0.03034,0.0288,0.026760000000000003,0.02456,0.024050000000000002,0.02498,0.03297,0.03513,0.030539999999999998,0.02856,0.02629,0.0246,0.023620000000000002,0.01979,0.01912,0.01786,0.01816,0.01813,0.019649999999999997,0.028390000000000002,0.03494,0.033100000000000004,0.030539999999999998,0.03136,0.03059,0.03146,0.03138,0.03196,0.03202,0.03401,0.03798,0.04226,0.04228,0.04009,0.03786,0.03066,0.02811,0.02952,0.02825,0.02763,0.02684,0.028739999999999998,0.03259,0.038329999999999996,0.05148,0.623238095238095,0.423380952380952,0.382172413793103,0.429363636363636,0.427481481481481,0.374277777777777,0.8,0.490249999999999,0.451238095238095,0.331444444444444,0.484719999999999,0.496105263157894,0.538526315789473,0.469249999999999,0.583454545454545,0.534545454545454,0.605512195121951,0.577892857142856,0.692107142857142,0.712999999999999,0.534421052631579,0.727999999999999,0.6876,0.429888888888889,0.516375,0.513124999999999,0.544684210526315,0.616312499999999,0.631294117647058,0.502823529411764,0.254199999999999,0.589625,0.528624999999999,0.458571428571428,0.176875,0.422399999999999,0.586823529411764,0.481999999999999,0.5804,0.542375,0.5765,0.68375,0.529470588235294,0.682478260869565,0.605749999999999,0.663736842105263,0.574874999999999,0.338736842105263,"[[2, 3], [1, 4]]"
0.036340000000000004,0.033600000000000005,0.03034,0.0288,0.026760000000000003,0.02456,0.024050000000000002,0.02498,0.03297,0.03513,0.030539999999999998,0.02856,0.02629,0.0246,0.023620000000000002,0.01979,0.01912,0.01786,0.01816,0.01813,0.019649999999999997,0.028390000000000002,0.03494,0.033100000000000004,0.030539999999999998,0.03136,0.03059,0.03146,0.03138,0.03196,0.03202,0.03401,0.03798,0.04226,0.04228,0.04009,0.03786,0.03066,0.02811,0.02952,0.02825,0.02763,0.02684,0.028739999999999998,0.03259,0.038329999999999996,0.05148,0.045,0.423380952380952,0.382172413793103,0.429363636363636,0.427481481481481,0.374277777777777,0.8,0.490249999999999,0.451238095238095,0.331444444444444,0.484719999999999,0.496105263157894,0.538526315789473,0.469249999999999,0.583454545454545,0.534545454545454,0.605512195121951,0.577892857142856,0.692107142857142,0.712999999999999,0.534421052631579,0.727999999999999,0.6876,0.429888888888889,0.516375,0.513124999999999,0.544684210526315,0.616312499999999,0.631294117647058,0.502823529411764,0.254199999999999,0.589625,0.528624999999999,0.458571428571428,0.176875,0.422399999999999,0.586823529411764,0.481999999999999,0.5804,0.542375,0.5765,0.68375,0.529470588235294,0.682478260869565,0.605749999999999,0.663736842105263,0.574874999999999,0.338736842105263,0.431874999999999,"[[2, 3], [1, 4]]"
0.033600000000000005,0.03034,0.0288,0.026760000000000003,0.02456,0.024050000000000002,0.02498,0.03297,0.03513,0.030539999999999998,0.02856,0.02629,0.0246,0.023620000000000002,0.01979,0.01912,0.01786,0.01816,0.01813,0.019649999999999997,0.028390000000000002,0.03494,0.033100000000000004,0.030539999999999998,0.03136,0.03059,0.03146,0.03138,0.03196,0.03202,0.03401,0.03798,0.04226,0.04228,0.04009,0.03786,0.03066,0.02811,0.02952,0.02825,0.02763,0.02684,0.028739999999999998,0.03259,0.038329999999999996,0.05148,0.045,0.04506,0.382172413793103,0.429363636363636,0.427481481481481,0.374277777777777,0.8,0.490249999999999,0.451238095238095,0.331444444444444,0.484719999999999,0.496105263157894,0.538526315789473,0.469249999999999,0.583454545454545,0.534545454545454,0.605512195121951,0.577892857142856,0.692107142857142,0.712999999999999,0.534421052631579,0.727999999999999,0.6876,0.429888888888889,0.516375,0.513124999999999,0.544684210526315,0.616312499999999,0.631294117647058,0.502823529411764,0.254199999999999,0.589625,0.528624999999999,0.458571428571428,0.176875,0.422399999999999,0.586823529411764,0.481999999999999,0.5804,0.542375,0.5765,0.68375,0.529470588235294,0.682478260869565,0.605749999999999,0.663736842105263,0.574874999999999,0.338736842105263,0.431874999999999,0.316333333333333,"[[2, 3], [1, 4]]"
0.03034,0.0288,0.026760000000000003,0.02456,0.024050000000000002,0.02498,0.03297,0.03513,0.030539999999999998,0.02856,0.02629,0.0246,0.023620000000000002,0.01979,0.01912,0.01786,0.01816,0.01813,0.019649999999999997,0.028390000000000002,0.03494,0.033100000000000004,0.030539999999999998,0.03136,0.03059,0.03146,0.03138,0.03196,0.03202,0.03401,0.03798,0.04226,0.04228,0.04009,0.03786,0.03066,0.02811,0.02952,0.02825,0.02763,0.02684,0.028739999999999998,0.03259,0.038329999999999996,0.05148,0.045,0.04506,0.04804,0.429363636363636,0.427481481481481,0.374277777777777,0.8,0.490249999999999,0.451238095238095,0.331444444444444,0.484719999999999,0.496105263157894,0.538526315789473,0.469249999999999,0.583454545454545,0.534545454545454,0.605512195121951,0.577892857142856,0.692107142857142,0.712999999999999,0.534421052631579,0.727999999999999,0.6876,0.429888888888889,0.516375,0.513124999999999,0.544684210526315,0.616312499999999,0.631294117647058,0.502823529411764,0.254199999999999,0.589625,0.528624999999999,0.458571428571428,0.176875,0.422399999999999,0.586823529411764,0.481999999999999,0.5804,0.542375,0.5765,0.68375,0.529470588235294,0.682478260869565,0.605749999999999,0.663736842105263,0.574874999999999,0.338736842105263,0.431874999999999,0.316333333333333,0.607142857142857,"[[1, 4], [2, 3]]"
0.0288,0.026760000000000003,0.02456,0.024050000000000002,0.02498,0.03297,0.03513,0.030539999999999998,0.02856,0.02629,0.0246,0.023620000000000002,0.01979,0.01912,0.01786,0.01816,0.01813,0.019649999999999997,0.028390000000000002,0.03494,0.033100000000000004,0.030539999999999998,0.03136,0.03059,0.03146,0.03138,0.03196,0.03202,0.03401,0.03798,0.04226,0.04228,0.04009,0.03786,0.03066,0.02811,0.02952,0.02825,0.02763,0.02684,0.028739999999999998,0.03259,0.038329999999999996,0.05148,0.045,0.04506,0.04804,0.04843,0.427481481481481,0.374277777777777,0.8,0.490249999999999,0.451238095238095,0.331444444444444,0.484719999999999,0.496105263157894,0.538526315789473,0.469249999999999,0.583454545454545,0.534545454545454,0.605512195121951,0.577892857142856,0.692107142857142,0.712999999999999,0.534421052631579,0.727999999999999,0.6876,0.429888888888889,0.516375,0.513124999999999,0.544684210526315,0.616312499999999,0.631294117647058,0.502823529411764,0.254199999999999,0.589625,0.528624999999999,0.458571428571428,0.176875,0.422399999999999,0.586823529411764,0.481999999999999,0.5804,0.542375,0.5765,0.68375,0.529470588235294,0.682478260869565,0.605749999999999,0.663736842105263,0.574874999999999,0.338736842105263,0.431874999999999,0.316333333333333,0.607142857142857,0.532368421052631,"[[1, 4], [2, 3]]"
0.026760000000000003,0.02456,0.024050000000000002,0.02498,0.03297,0.03513,0.030539999999999998,0.02856,0.02629,0.0246,0.023620000000000002,0.01979,0.01912,0.01786,0.01816,0.01813,0.019649999999999997,0.028390000000000002,0.03494,0.033100000000000004,0.030539999999999998,0.03136,0.03059,0.03146,0.03138,0.03196,0.03202,0.03401,0.03798,0.04226,0.04228,0.04009,0.03786,0.03066,0.02811,0.02952,0.02825,0.02763,0.02684,0.028739999999999998,0.03259,0.038329999999999996,0.05148,0.045,0.04506,0.04804,0.04843,0.046340000000000006,0.374277777777777,0.8,0.490249999999999,0.451238095238095,0.331444444444444,0.484719999999999,0.496105263157894,0.538526315789473,0.469249999999999,0.583454545454545,0.534545454545454,0.605512195121951,0.577892857142856,0.692107142857142,0.712999999999999,0.534421052631579,0.727999999999999,0.6876,0.429888888888889,0.516375,0.513124999999999,0.544684210526315,0.616312499999999,0.631294117647058,0.502823529411764,0.254199999999999,0.589625,0.528624999999999,0.458571428571428,0.176875,0.422399999999999,0.586823529411764,0.481999999999999,0.5804,0.542375,0.5765,0.68375,0.529470588235294,0.682478260869565,0.605749999999999,0.663736842105263,0.574874999999999,0.338736842105263,0.431874999999999,0.316333333333333,0.607142857142857,0.532368421052631,0.518,"[[2, 3], [1, 4]]"
0.02456,0.024050000000000002,0.02498,0.03297,0.03513,0.030539999999999998,0.02856,0.02629,0.0246,0.023620000000000002,0.01979,0.01912,0.01786,0.01816,0.01813,0.019649999999999997,0.028390000000000002,0.03494,0.033100000000000004,0.030539999999999998,0.03136,0.03059,0.03146,0.03138,0.03196,0.03202,0.03401,0.03798,0.04226,0.04228,0.04009,0.03786,0.03066,0.02811,0.02952,0.02825,0.02763,0.02684,0.028739999999999998,0.03259,0.038329999999999996,0.05148,0.045,0.04506,0.04804,0.04843,0.046340000000000006,0.04554,0.8,0.490249999999999,0.451238095238095,0.331444444444444,0.484719999999999,0.496105263157894,0.538526315789473,0.469249999999999,0.583454545454545,0.534545454545454,0.605512195121951,0.577892857142856,0.692107142857142,0.712999999999999,0.534421052631579,0.727999999999999,0.6876,0.429888888888889,0.516375,0.513124999999999,0.544684210526315,0.616312499999999,0.631294117647058,0.502823529411764,0.254199999999999,0.589625,0.528624999999999,0.458571428571428,0.176875,0.422399999999999,0.586823529411764,0.481999999999999,0.5804,0.542375,0.5765,0.68375,0.529470588235294,0.682478260869565,0.605749999999999,0.663736842105263,0.574874999999999,0.338736842105263,0.431874999999999,0.316333333333333,0.607142857142857,0.532368421052631,0.518,0.71,"[[1, 4], [2, 3]]"
0.024050000000000002,0.02498,0.03297,0.03513,0.030539999999999998,0.02856,0.02629,0.0246,0.023620000000000002,0.01979,0.01912,0.01786,0.01816,0.01813,0.019649999999999997,0.028390000000000002,0.03494,0.033100000000000004,0.030539999999999998,0.03136,0.03059,0.03146,0.03138,0.03196,0.03202,0.03401,0.03798,0.04226,0.04228,0.04009,0.03786,0.03066,0.02811,0.02952,0.02825,0.02763,0.02684,0.028739999999999998,0.03259,0.038329999999999996,0.05148,0.045,0.04506,0.04804,0.04843,0.046340000000000006,0.04554,0.04101,0.490249999999999,0.451238095238095,0.331444444444444,0.484719999999999,0.496105263157894,0.538526315789473,0.469249999999999,0.583454545454545,0.534545454545454,0.605512195121951,0.577892857142856,0.692107142857142,0.712999999999999,0.534421052631579,0.727999999999999,0.6876,0.429888888888889,0.516375,0.513124999999999,0.544684210526315,0.616312499999999,0.631294117647058,0.502823529411764,0.254199999999999,0.589625,0.528624999999999,0.458571428571428,0.176875,0.422399999999999,0.586823529411764,0.481999999999999,0.5804,0.542375,0.5765,0.68375,0.529470588235294,0.682478260869565,0.605749999999999,0.663736842105263,0.574874999999999,0.338736842105263,0.431874999999999,0.316333333333333,0.607142857142857,0.532368421052631,0.518,0.71,0.690714285714285,"[[2, 3], [1, 4]]"
0.02498,0.03297,0.03513,0.030539999999999998,0.02856,0.02629,0.0246,0.023620000000000002,0.01979,0.01912,0.01786,0.01816,0.01813,0.019649999999999997,0.028390000000000002,0.03494,0.033100000000000004,0.030539999999999998,0.03136,0.03059,0.03146,0.03138,0.03196,0.03202,0.03401,0.03798,0.04226,0.04228,0.04009,0.03786,0.03066,0.02811,0.02952,0.02825,0.02763,0.02684,0.028739999999999998,0.03259,0.038329999999999996,0.05148,0.045,0.04506,0.04804,0.04843,0.046340000000000006,0.04554,0.04101,0.04068,0.451238095238095,0.331444444444444,0.484719999999999,0.496105263157894,0.538526315789473,0.469249999999999,0.583454545454545,0.534545454545454,0.605512195121951,0.577892857142856,0.692107142857142,0.712999999999999,0.534421052631579,0.727999999999999,0.6876,0.429888888888889,0.516375,0.513124999999999,0.544684210526315,0.616312499999999,0.631294117647058,0.502823529411764,0.254199999999999,0.589625,0.528624999999999,0.458571428571428,0.176875,0.422399999999999,0.586823529411764,0.481999999999999,0.5804,0.542375,0.5765,0.68375,0.529470588235294,0.682478260869565,0.605749999999999,0.663736842105263,0.574874999999999,0.338736842105263,0.431874999999999,0.316333333333333,0.607142857142857,0.532368421052631,0.518,0.71,0.690714285714285,0.62,"[[1, 4], [2, 3]]"
0.03297,0.03513,0.030539999999999998,0.02856,0.02629,0.0246,0.023620000000000002,0.01979,0.01912,0.01786,0.01816,0.01813,0.019649999999999997,0.028390000000000002,0.03494,0.033100000000000004,0.030539999999999998,0.03136,0.03059,0.03146,0.03138,0.03196,0.03202,0.03401,0.03798,0.04226,0.04228,0.04009,0.03786,0.03066,0.02811,0.02952,0.02825,0.02763,0.02684,0.028739999999999998,0.03259,0.038329999999999996,0.05148,0.045,0.04506,0.04804,0.04843,0.046340000000000006,0.04554,0.04101,0.04068,0.04354,0.331444444444444,0.484719999999999,0.496105263157894,0.538526315789473,0.469249999999999,0.583454545454545,0.534545454545454,0.605512195121951,0.577892857142856,0.692107142857142,0.712999999999999,0.534421052631579,0.727999999999999,0.6876,0.429888888888889,0.516375,0.513124999999999,0.544684210526315,0.616312499999999,0.631294117647058,0.502823529411764,0.254199999999999,0.589625,0.528624999999999,0.458571428571428,0.176875,0.422399999999999,0.586823529411764,0.481999999999999,0.5804,0.542375,0.5765,0.68375,0.529470588235294,0.682478260869565,0.605749999999999,0.663736842105263,0.574874999999999,0.338736842105263,0.431874999999999,0.316333333333333,0.607142857142857,0.532368421052631,0.518,0.71,0.690714285714285,0.62,0.569999999999999,"[[2, 3], [1, 4]]"
0.03513,0.030539999999999998,0.02856,0.02629,0.0246,0.023620000000000002,0.01979,0.01912,0.01786,0.01816,0.01813,0.019649999999999997,0.028390000000000002,0.03494,0.033100000000000004,0.030539999999999998,0.03136,0.03059,0.03146,0.03138,0.03196,0.03202,0.03401,0.03798,0.04226,0.04228,0.04009,0.03786,0.03066,0.02811,0.02952,0.02825,0.02763,0.02684,0.028739999999999998,0.03259,0.038329999999999996,0.05148,0.045,0.04506,0.04804,0.04843,0.046340000000000006,0.04554,0.04101,0.04068,0.04354,0.047020000000000006,0.484719999999999,0.496105263157894,0.538526315789473,0.469249999999999,0.583454545454545,0.534545454545454,0.605512195121951,0.577892857142856,0.692107142857142,0.712999999999999,0.534421052631579,0.727999999999999,0.6876,0.429888888888889,0.516375,0.513124999999999,0.544684210526315,0.616312499999999,0.631294117647058,0.502823529411764,0.254199999999999,0.589625,0.528624999999999,0.458571428571428,0.176875,0.422399999999999,0.586823529411764,0.481999999999999,0.5804,0.542375,0.5765,0.68375,0.529470588235294,0.682478260869565,0.605749999999999,0.663736842105263,0.574874999999999,0.338736842105263,0.431874999999999,0.316333333333333,0.607142857142857,0.532368421052631,0.518,0.71,0.690714285714285,0.62,0.569999999999999,0.567173913043478,"[[2, 3], [1, 4]]"
0.030539999999999998,0.02856,0.02629,0.0246,0.023620000000000002,0.01979,0.01912,0.01786,0.01816,0.01813,0.019649999999999997,0.028390000000000002,0.03494,0.033100000000000004,0.030539999999999998,0.03136,0.03059,0.03146,0.03138,0.03196,0.03202,0.03401,0.03798,0.04226,0.04228,0.04009,0.03786,0.03066,0.02811,0.02952,0.02825,0.02763,0.02684,0.028739999999999998,0.03259,0.038329999999999996,0.05148,0.045,0.04506,0.04804,0.04843,0.046340000000000006,0.04554,0.04101,0.04068,0.04354,0.047020000000000006,0.055,0.496105263157894,0.538526315789473,0.469249999999999,0.583454545454545,0.534545454545454,0.605512195121951,0.577892857142856,0.692107142857142,0.712999999999999,0.534421052631579,0.727999999999999,0.6876,0.429888888888889,0.516375,0.513124999999999,0.544684210526315,0.616312499999999,0.631294117647058,0.502823529411764,0.254199999999999,0.589625,0.528624999999999,0.458571428571428,0.176875,0.422399999999999,0.586823529411764,0.481999999999999,0.5804,0.542375,0.5765,0.68375,0.529470588235294,0.682478260869565,0.605749999999999,0.663736842105263,0.574874999999999,0.338736842105263,0.431874999999999,0.316333333333333,0.607142857142857,0.532368421052631,0.518,0.71,0.690714285714285,0.62,0.569999999999999,0.567173913043478,0.421933333333333,"[[2, 3], [1, 4]]"
0.02856,0.02629,0.0246,0.023620000000000002,0.01979,0.01912,0.01786,0.01816,0.01813,0.019649999999999997,0.028390000000000002,0.03494,0.033100000000000004,0.030539999999999998,0.03136,0.03059,0.03146,0.03138,0.03196,0.03202,0.03401,0.03798,0.04226,0.04228,0.04009,0.03786,0.03066,0.02811,0.02952,0.02825,0.02763,0.02684,0.028739999999999998,0.03259,0.038329999999999996,0.05148,0.045,0.04506,0.04804,0.04843,0.046340000000000006,0.04554,0.04101,0.04068,0.04354,0.047020000000000006,0.055,0.05324,0.538526315789473,0.469249999999999,0.583454545454545,0.534545454545454,0.605512195121951,0.577892857142856,0.692107142857142,0.712999999999999,0.534421052631579,0.727999999999999,0.6876,0.429888888888889,0.516375,0.513124999999999,0.544684210526315,0.616312499999999,0.631294117647058,0.502823529411764,0.254199999999999,0.589625,0.528624999999999,0.458571428571428,0.176875,0.422399999999999,0.586823529411764,0.481999999999999,0.5804,0.542375,0.5765,0.68375,0.529470588235294,0.682478260869565,0.605749999999999,0.663736842105263,0.574874999999999,0.338736842105263,0.431874999999999,0.316333333333333,0.607142857142857,0.532368421052631,0.518,0.71,0.690714285714285,0.62,0.569999999999999,0.567173913043478,0.421933333333333,0.420333333333333,"[[1, 4], [2, 3]]"
0.02629,0.0246,0.023620000000000002,0.01979,0.01912,0.01786,0.01816,0.01813,0.019649999999999997,0.028390000000000002,0.03494,0.033100000000000004,0.030539999999999998,0.03136,0.03059,0.03146,0.03138,0.03196,0.03202,0.03401,0.03798,0.04226,0.04228,0.04009,0.03786,0.03066,0.02811,0.02952,0.02825,0.02763,0.02684,0.028739999999999998,0.03259,0.038329999999999996,0.05148,0.045,0.04506,0.04804,0.04843,0.046340000000000006,0.04554,0.04101,0.04068,0.04354,0.047020000000000006,0.055,0.05324,0.04887,0.469249999999999,0.583454545454545,0.534545454545454,0.605512195121951,0.577892857142856,0.692107142857142,0.712999999999999,0.534421052631579,0.727999999999999,0.6876,0.429888888888889,0.516375,0.513124999999999,0.544684210526315,0.616312499999999,0.631294117647058,0.502823529411764,0.254199999999999,0.589625,0.528624999999999,0.458571428571428,0.176875,0.422399999999999,0.586823529411764,0.481999999999999,0.5804,0.542375,0.5765,0.68375,0.529470588235294,0.682478260869565,0.605749999999999,0.663736842105263,0.574874999999999,0.338736842105263,0.431874999999999,0.316333333333333,0.607142857142857,0.532368421052631,0.518,0.71,0.690714285714285,0.62,0.569999999999999,0.567173913043478,0.421933333333333,0.420333333333333,0.4557,"[[2, 3], [1, 4]]"
0.0246,0.023620000000000002,0.01979,0.01912,0.01786,0.01816,0.01813,0.019649999999999997,0.028390000000000002,0.03494,0.033100000000000004,0.030539999999999998,0.03136,0.03059,0.03146,0.03138,0.03196,0.03202,0.03401,0.03798,0.04226,0.04228,0.04009,0.03786,0.03066,0.02811,0.02952,0.02825,0.02763,0.02684,0.028739999999999998,0.03259,0.038329999999999996,0.05148,0.045,0.04506,0.04804,0.04843,0.046340000000000006,0.04554,0.04101,0.04068,0.04354,0.047020000000000006,0.055,0.05324,0.04887,0.049909999999999996,0.583454545454545,0.534545454545454,0.605512195121951,0.577892857142856,0.692107142857142,0.712999999999999,0.534421052631579,0.727999999999999,0.6876,0.429888888888889,0.516375,0.513124999999999,0.544684210526315,0.616312499999999,0.631294117647058,0.502823529411764,0.254199999999999,0.589625,0.528624999999999,0.458571428571428,0.176875,0.422399999999999,0.586823529411764,0.481999999999999,0.5804,0.542375,0.5765,0.68375,0.529470588235294,0.682478260869565,0.605749999999999,0.663736842105263,0.574874999999999,0.338736842105263,0.431874999999999,0.316333333333333,0.607142857142857,0.532368421052631,0.518,0.71,0.690714285714285,0.62,0.569999999999999,0.567173913043478,0.421933333333333,0.420333333333333,0.4557,0.349142857142857,"[[1, 4], [2, 3]]"
0.023620000000000002,0.01979,0.01912,0.01786,0.01816,0.01813,0.019649999999999997,0.028390000000000002,0.03494,0.033100000000000004,0.030539999999999998,0.03136,0.03059,0.03146,0.03138,0.03196,0.03202,0.03401,0.03798,0.04226,0.04228,0.04009,0.03786,0.03066,0.02811,0.02952,0.02825,0.02763,0.02684,0.028739999999999998,0.03259,0.038329999999999996,0.05148,0.045,0.04506,0.04804,0.04843,0.046340000000000006,0.04554,0.04101,0.04068,0.04354,0.047020000000000006,0.055,0.05324,0.04887,0.049909999999999996,0.04555,0.534545454545454,0.605512195121951,0.577892857142856,0.692107142857142,0.712999999999999,0.534421052631579,0.727999999999999,0.6876,0.429888888888889,0.516375,0.513124999999999,0.544684210526315,0.616312499999999,0.631294117647058,0.502823529411764,0.254199999999999,0.589625,0.528624999999999,0.458571428571428,0.176875,0.422399999999999,0.586823529411764,0.481999999999999,0.5804,0.542375,0.5765,0.68375,0.529470588235294,0.682478260869565,0.605749999999999,0.663736842105263,0.574874999999999,0.338736842105263,0.431874999999999,0.316333333333333,0.607142857142857,0.532368421052631,0.518,0.71,0.690714285714285,0.62,0.569999999999999,0.567173913043478,0.421933333333333,0.420333333333333,0.4557,0.349142857142857,0.3985625,"[[2, 3], [1, 4]]"
0.01979,0.01912,0.01786,0.01816,0.01813,0.019649999999999997,0.028390000000000002,0.03494,0.033100000000000004,0.030539999999999998,0.03136,0.03059,0.03146,0.03138,0.03196,0.03202,0.03401,0.03798,0.04226,0.04228,0.04009,0.03786,0.03066,0.02811,0.02952,0.02825,0.02763,0.02684,0.028739999999999998,0.03259,0.038329999999999996,0.05148,0.045,0.04506,0.04804,0.04843,0.046340000000000006,0.04554,0.04101,0.04068,0.04354,0.047020000000000006,0.055,0.05324,0.04887,0.049909999999999996,0.04555,0.04266,0.605512195121951,0.577892857142856,0.692107142857142,0.712999999999999,0.534421052631579,0.727999999999999,0.6876,0.429888888888889,0.516375,0.513124999999999,0.544684210526315,0.616312499999999,0.631294117647058,0.502823529411764,0.254199999999999,0.589625,0.528624999999999,0.458571428571428,0.176875,0.422399999999999,0.586823529411764,0.481999999999999,0.5804,0.542375,0.5765,0.68375,0.529470588235294,0.682478260869565,0.605749999999999,0.663736842105263,0.574874999999999,0.338736842105263,0.431874999999999,0.316333333333333,0.607142857142857,0.532368421052631,0.518,0.71,0.690714285714285,0.62,0.569999999999999,0.567173913043478,0.421933333333333,0.420333333333333,0.4557,0.349142857142857,0.3985625,0.458125,"[[2, 3], [1, 4]]"
0.01912,0.01786,0.01816,0.01813,0.019649999999999997,0.028390000000000002,0.03494,0.033100000000000004,0.030539999999999998,0.03136,0.03059,0.03146,0.03138,0.03196,0.03202,0.03401,0.03798,0.04226,0.04228,0.04009,0.03786,0.03066,0.02811,0.02952,0.02825,0.02763,0.02684,0.028739999999999998,0.03259,0.038329999999999996,0.05148,0.045,0.04506,0.04804,0.04843,0.046340000000000006,0.04554,0.04101,0.04068,0.04354,0.047020000000000006,0.055,0.05324,0.04887,0.049909999999999996,0.04555,0.04266,0.04026,0.577892857142856,0.692107142857142,0.712999999999999,0.534421052631579,0.727999999999999,0.6876,0.429888888888889,0.516375,0.513124999999999,0.544684210526315,0.616312499999999,0.631294117647058,0.502823529411764,0.254199999999999,0.589625,0.528624999999999,0.458571428571428,0.176875,0.422399999999999,0.586823529411764,0.481999999999999,0.5804,0.542375,0.5765,0.68375,0.529470588235294,0.682478260869565,0.605749999999999,0.663736842105263,0.574874999999999,0.338736842105263,0.431874999999999,0.316333333333333,0.607142857142857,0.532368421052631,0.518,0.71,0.690714285714285,0.62,0.569999999999999,0.567173913043478,0.421933333333333,0.420333333333333,0.4557,0.349142857142857,0.3985625,0.458125,0.5496875,"[[1, 4], [2, 3]]"
0.01786,0.01816,0.01813,0.019649999999999997,0.028390000000000002,0.03494,0.033100000000000004,0.030539999999999998,0.03136,0.03059,0.03146,0.03138,0.03196,0.03202,0.03401,0.03798,0.04226,0.04228,0.04009,0.03786,0.03066,0.02811,0.02952,0.02825,0.02763,0.02684,0.028739999999999998,0.03259,0.038329999999999996,0.05148,0.045,0.04506,0.04804,0.04843,0.046340000000000006,0.04554,0.04101,0.04068,0.04354,0.047020000000000006,0.055,0.05324,0.04887,0.049909999999999996,0.04555,0.04266,0.04026,0.04131,0.692107142857142,0.712999999999999,0.534421052631579,0.727999999999999,0.6876,0.429888888888889,0.516375,0.513124999999999,0.544684210526315,0.616312499999999,0.631294117647058,0.502823529411764,0.254199999999999,0.589625,0.528624999999999,0.458571428571428,0.176875,0.422399999999999,0.586823529411764,0.481999999999999,0.5804,0.542375,0.5765,0.68375,0.529470588235294,0.682478260869565,0.605749999999999,0.663736842105263,0.574874999999999,0.338736842105263,0.431874999999999,0.316333333333333,0.607142857142857,0.532368421052631,0.518,0.71,0.690714285714285,0.62,0.569999999999999,0.567173913043478,0.421933333333333,0.420333333333333,0.4557,0.349142857142857,0.3985625,0.458125,0.5496875,0.420869565217391,"[[1, 4], [2, 3]]"
0.01816,0.01813,0.019649999999999997,0.028390000000000002,0.03494,0.033100000000000004,0.030539999999999998,0.03136,0.03059,0.03146,0.03138,0.03196,0.03202,0.03401,0.03798,0.04226,0.04228,0.04009,0.03786,0.03066,0.02811,0.02952,0.02825,0.02763,0.02684,0.028739999999999998,0.03259,0.038329999999999996,0.05148,0.045,0.04506,0.04804,0.04843,0.046340000000000006,0.04554,0.04101,0.04068,0.04354,0.047020000000000006,0.055,0.05324,0.04887,0.049909999999999996,0.04555,0.04266,0.04026,0.04131,0.03835,0.712999999999999,0.534421052631579,0.727999999999999,0.6876,0.429888888888889,0.516375,0.513124999999999,0.544684210526315,0.616312499999999,0.631294117647058,0.502823529411764,0.254199999999999,0.589625,0.528624999999999,0.458571428571428,0.176875,0.422399999999999,0.586823529411764,0.481999999999999,0.5804,0.542375,0.5765,0.68375,0.529470588235294,0.682478260869565,0.605749999999999,0.663736842105263,0.574874999999999,0.338736842105263,0.431874999999999,0.316333333333333,0.607142857142857,0.532368421052631,0.518,0.71,0.690714285714285,0.62,0.569999999999999,0.567173913043478,0.421933333333333,0.420333333333333,0.4557,0.349142857142857,0.3985625,0.458125,0.5496875,0.420869565217391,0.550263157894736,"[[2, 3], [1, 4]]"
0.01813,0.019649999999999997,0.028390000000000002,0.03494,0.033100000000000004,0.030539999999999998,0.03136,0.03059,0.03146,0.03138,0.03196,0.03202,0.03401,0.03798,0.04226,0.04228,0.04009,0.03786,0.03066,0.02811,0.02952,0.02825,0.02763,0.02684,0.028739999999999998,0.03259,0.038329999999999996,0.05148,0.045,0.04506,0.04804,0.04843,0.046340000000000006,0.04554,0.04101,0.04068,0.04354,0.047020000000000006,0.055,0.05324,0.04887,0.049909999999999996,0.04555,0.04266,0.04026,0.04131,0.03835,0.03907,0.534421052631579,0.727999999999999,0.6876,0.429888888888889,0.516375,0.513124999999999,0.544684210526315,0.616312499999999,0.631294117647058,0.502823529411764,0.254199999999999,0.589625,0.528624999999999,0.458571428571428,0.176875,0.422399999999999,0.586823529411764,0.481999999999999,0.5804,0.542375,0.5765,0.68375,0.529470588235294,0.682478260869565,0.605749999999999,0.663736842105263,0.574874999999999,0.338736842105263,0.431874999999999,0.316333333333333,0.607142857142857,0.532368421052631,0.518,0.71,0.690714285714285,0.62,0.569999999999999,0.567173913043478,0.421933333333333,0.420333333333333,0.4557,0.349142857142857,0.3985625,0.458125,0.5496875,0.420869565217391,0.550263157894736,0.519166666666666,"[[1, 4], [2, 3]]"
0.019649999999999997,0.028390000000000002,0.03494,0.033100000000000004,0.030539999999999998,0.03136,0.03059,0.03146,0.03138,0.03196,0.03202,0.03401,0.03798,0.04226,0.04228,0.04009,0.03786,0.03066,0.02811,0.02952,0.02825,0.02763,0.02684,0.028739999999999998,0.03259,0.038329999999999996,0.05148,0.045,0.04506,0.04804,0.04843,0.046340000000000006,0.04554,0.04101,0.04068,0.04354,0.047020000000000006,0.055,0.05324,0.04887,0.049909999999999996,0.04555,0.04266,0.04026,0.04131,0.03835,0.03907,0.041890000000000004,0.727999999999999,0.6876,0.429888888888889,0.516375,0.513124999999999,0.544684210526315,0.616312499999999,0.631294117647058,0.502823529411764,0.254199999999999,0.589625,0.528624999999999,0.458571428571428,0.176875,0.422399999999999,0.586823529411764,0.481999999999999,0.5804,0.542375,0.5765,0.68375,0.529470588235294,0.682478260869565,0.605749999999999,0.663736842105263,0.574874999999999,0.338736842105263,0.431874999999999,0.316333333333333,0.607142857142857,0.532368421052631,0.518,0.71,0.690714285714285,0.62,0.569999999999999,0.567173913043478,0.421933333333333,0.420333333333333,0.4557,0.349142857142857,0.3985625,0.458125,0.5496875,0.420869565217391,0.550263157894736,0.519166666666666,0.475285714285714,"[[2, 3], [1, 4]]"
0.028390000000000002,0.03494,0.033100000000000004,0.030539999999999998,0.03136,0.03059,0.03146,0.03138,0.03196,0.03202,0.03401,0.03798,0.04226,0.04228,0.04009,0.03786,0.03066,0.02811,0.02952,0.02825,0.02763,0.02684,0.028739999999999998,0.03259,0.038329999999999996,0.05148,0.045,0.04506,0.04804,0.04843,0.046340000000000006,0.04554,0.04101,0.04068,0.04354,0.047020000000000006,0.055,0.05324,0.04887,0.049909999999999996,0.04555,0.04266,0.04026,0.04131,0.03835,0.03907,0.041890000000000004,0.045630000000000004,0.6876,0.429888888888889,0.516375,0.513124999999999,0.544684210526315,0.616312499999999,0.631294117647058,0.502823529411764,0.254199999999999,0.589625,0.528624999999999,0.458571428571428,0.176875,0.422399999999999,0.586823529411764,0.481999999999999,0.5804,0.542375,0.5765,0.68375,0.529470588235294,0.682478260869565,0.605749999999999,0.663736842105263,0.574874999999999,0.338736842105263,0.431874999999999,0.316333333333333,0.607142857142857,0.532368421052631,0.518,0.71,0.690714285714285,0.62,0.569999999999999,0.567173913043478,0.421933333333333,0.420333333333333,0.4557,0.349142857142857,0.3985625,0.458125,0.5496875,0.420869565217391,0.550263157894736,0.519166666666666,0.475285714285714,0.45547619047619,"[[2, 3], [1, 4]]"
0.03494,0.033100000000000004,0.030539999999999998,0.03136,0.03059,0.03146,0.03138,0.03196,0.03202,0.03401,0.03798,0.04226,0.04228,0.04009,0.03786,0.03066,0.02811,0.02952,0.02825,0.02763,0.02684,0.028739999999999998,0.03259,0.038329999999999996,0.05148,0.045,0.04506,0.04804,0.04843,0.046340000000000006,0.04554,0.04101,0.04068,0.04354,0.047020000000000006,0.055,0.05324,0.04887,0.049909999999999996,0.04555,0.04266,0.04026,0.04131,0.03835,0.03907,0.041890000000000004,0.045630000000000004,0.05136,0.429888888888889,0.516375,0.513124999999999,0.544684210526315,0.616312499999999,0.631294117647058,0.502823529411764,0.254199999999999,0.589625,0.528624999999999,0.458571428571428,0.176875,0.422399999999999,0.586823529411764,0.481999999999999,0.5804,0.542375,0.5765,0.68375,0.529470588235294,0.682478260869565,0.605749999999999,0.663736842105263,0.574874999999999,0.338736842105263,0.431874999999999,0.316333333333333,0.607142857142857,0.532368421052631,0.518,0.71,0.690714285714285,0.62,0.569999999999999,0.567173913043478,0.421933333333333,0.420333333333333,0.4557,0.349142857142857,0.3985625,0.458125,0.5496875,0.420869565217391,0.550263157894736,0.519166666666666,0.475285714285714,0.45547619047619,0.3076875,"[[2, 3], [1, 4]]"
0.033100000000000004,0.030539999999999998,0.03136,0.03059,0.03146,0.03138,0.03196,0.03202,0.03401,0.03798,0.04226,0.04228,0.04009,0.03786,0.03066,0.02811,0.02952,0.02825,0.02763,0.02684,0.028739999999999998,0.03259,0.038329999999999996,0.05148,0.045,0.04506,0.04804,0.04843,0.046340000000000006,0.04554,0.04101,0.04068,0.04354,0.047020000000000006,0.055,0.05324,0.04887,0.049909999999999996,0.04555,0.04266,0.04026,0.04131,0.03835,0.03907,0.041890000000000004,0.045630000000000004,0.05136,0.07166,0.516375,0.513124999999999,0.544684210526315,0.616312499999999,0.631294117647058,0.502823529411764,0.254199999999999,0.589625,0.528624999999999,0.458571428571428,0.176875,0.422399999999999,0.586823529411764,0.481999999999999,0.5804,0.542375,0.5765,0.68375,0.529470588235294,0.682478260869565,0.605749999999999,0.663736842105263,0.574874999999999,0.338736842105263,0.431874999999999,0.316333333333333,0.607142857142857,0.532368421052631,0.518,0.71,0.690714285714285,0.62,0.569999999999999,0.567173913043478,0.421933333333333,0.420333333333333,0.4557,0.349142857142857,0.3985625,0.458125,0.5496875,0.420869565217391,0.550263157894736,0.519166666666666,0.475285714285714,0.45547619047619,0.3076875,0.324363636363636,"[[1, 4], [2, 3]]"
0.030539999999999998,0.03136,0.03059,0.03146,0.03138,0.03196,0.03202,0.03401,0.03798,0.04226,0.04228,0.04009,0.03786,0.03066,0.02811,0.02952,0.02825,0.02763,0.02684,0.028739999999999998,0.03259,0.038329999999999996,0.05148,0.045,0.04506,0.04804,0.04843,0.046340000000000006,0.04554,0.04101,0.04068,0.04354,0.047020000000000006,0.055,0.05324,0.04887,0.049909999999999996,0.04555,0.04266,0.04026,0.04131,0.03835,0.03907,0.041890000000000004,0.045630000000000004,0.05136,0.07166,0.07,0.513124999999999,0.544684210526315,0.616312499999999,0.631294117647058,0.502823529411764,0.254199999999999,0.589625,0.528624999999999,0.458571428571428,0.176875,0.422399999999999,0.586823529411764,0.481999999999999,0.5804,0.542375,0.5765,0.68375,0.529470588235294,0.682478260869565,0.605749999999999,0.663736842105263,0.574874999999999,0.338736842105263,0.431874999999999,0.316333333333333,0.607142857142857,0.532368421052631,0.518,0.71,0.690714285714285,0.62,0.569999999999999,0.567173913043478,0.421933333333333,0.420333333333333,0.4557,0.349142857142857,0.3985625,0.458125,0.5496875,0.420869565217391,0.550263157894736,0.519166666666666,0.475285714285714,0.45547619047619,0.3076875,0.324363636363636,0.347947368421052,"[[2, 3], [1, 4]]"
0.03136,0.03059,0.03146,0.03138,0.03196,0.03202,0.03401,0.03798,0.04226,0.04228,0.04009,0.03786,0.03066,0.02811,0.02952,0.02825,0.02763,0.02684,0.028739999999999998,0.03259,0.038329999999999996,0.05148,0.045,0.04506,0.04804,0.04843,0.046340000000000006,0.04554,0.04101,0.04068,0.04354,0.047020000000000006,0.055,0.05324,0.04887,0.049909999999999996,0.04555,0.04266,0.04026,0.04131,0.03835,0.03907,0.041890000000000004,0.045630000000000004,0.05136,0.07166,0.07,0.06563,0.544684210526315,0.616312499999999,0.631294117647058,0.502823529411764,0.254199999999999,0.589625,0.528624999999999,0.458571428571428,0.176875,0.422399999999999,0.586823529411764,0.481999999999999,0.5804,0.542375,0.5765,0.68375,0.529470588235294,0.682478260869565,0.605749999999999,0.663736842105263,0.574874999999999,0.338736842105263,0.431874999999999,0.316333333333333,0.607142857142857,0.532368421052631,0.518,0.71,0.690714285714285,0.62,0.569999999999999,0.567173913043478,0.421933333333333,0.420333333333333,0.4557,0.349142857142857,0.3985625,0.458125,0.5496875,0.420869565217391,0.550263157894736,0.519166666666666,0.475285714285714,0.45547619047619,0.3076875,0.324363636363636,0.347947368421052,0.5063,"[[2, 3], [1, 4]]"
0.03059,0.03146,0.03138,0.03196,0.03202,0.03401,0.03798,0.04226,0.04228,0.04009,0.03786,0.03066,0.02811,0.02952,0.02825,0.02763,0.02684,0.028739999999999998,0.03259,0.038329999999999996,0.05148,0.045,0.04506,0.04804,0.04843,0.046340000000000006,0.04554,0.04101,0.04068,0.04354,0.047020000000000006,0.055,0.05324,0.04887,0.049909999999999996,0.04555,0.04266,0.04026,0.04131,0.03835,0.03907,0.041890000000000004,0.045630000000000004,0.05136,0.07166,0.07,0.06563,0.05988,0.616312499999999,0.631294117647058,0.502823529411764,0.254199999999999,0.589625,0.528624999999999,0.458571428571428,0.176875,0.422399999999999,0.586823529411764,0.481999999999999,0.5804,0.542375,0.5765,0.68375,0.529470588235294,0.682478260869565,0.605749999999999,0.663736842105263,0.574874999999999,0.338736842105263,0.431874999999999,0.316333333333333,0.607142857142857,0.532368421052631,0.518,0.71,0.690714285714285,0.62,0.569999999999999,0.567173913043478,0.421933333333333,0.420333333333333,0.4557,0.349142857142857,0.3985625,0.458125,0.5496875,0.420869565217391,0.550263157894736,0.519166666666666,0.475285714285714,0.45547619047619,0.3076875,0.324363636363636,0.347947368421052,0.5063,0.452071428571428,"[[2, 3], [1, 4]]"
0.03146,0.03138,0.03196,0.03202,0.03401,0.03798,0.04226,0.04228,0.04009,0.03786,0.03066,0.02811,0.02952,0.02825,0.02763,0.02684,0.028739999999999998,0.03259,0.038329999999999996,0.05148,0.045,0.04506,0.04804,0.04843,0.046340000000000006,0.04554,0.04101,0.04068,0.04354,0.047020000000000006,0.055,0.05324,0.04887,0.049909999999999996,0.04555,0.04266,0.04026,0.04131,0.03835,0.03907,0.041890000000000004,0.045630000000000004,0.05136,0.07166,0.07,0.06563,0.05988,0.06467,0.631294117647058,0.502823529411764,0.254199999999999,0.589625,0.528624999999999,0.458571428571428,0.176875,0.422399999999999,0.586823529411764,0.481999999999999,0.5804,0.542375,0.5765,0.68375,0.529470588235294,0.682478260869565,0.605749999999999,0.663736842105263,0.574874999999999,0.338736842105263,0.431874999999999,0.316333333333333,0.607142857142857,0.532368421052631,0.518,0.71,0.690714285714285,0.62,0.569999999999999,0.567173913043478,0.421933333333333,0.420333333333333,0.4557,0.349142857142857,0.3985625,0.458125,0.5496875,0.420869565217391,0.550263157894736,0.519166666666666,0.475285714285714,0.45547619047619,0.3076875,0.324363636363636,0.347947368421052,0.5063,0.452071428571428,0.522875,"[[2, 3], [1, 4]]"
0.03138,0.03196,0.03202,0.03401,0.03798,0.04226,0.04228,0.04009,0.03786,0.03066,0.02811,0.02952,0.02825,0.02763,0.02684,0.028739999999999998,0.03259,0.038329999999999996,0.05148,0.045,0.04506,0.04804,0.04843,0.046340000000000006,0.04554,0.04101,0.04068,0.04354,0.047020000000000006,0.055,0.05324,0.04887,0.049909999999999996,0.04555,0.04266,0.04026,0.04131,0.03835,0.03907,0.041890000000000004,0.045630000000000004,0.05136,0.07166,0.07,0.06563,0.05988,0.06467,0.05645,0.502823529411764,0.254199999999999,0.589625,0.528624999999999,0.458571428571428,0.176875,0.422399999999999,0.586823529411764,0.481999999999999,0.5804,0.542375,0.5765,0.68375,0.529470588235294,0.682478260869565,0.605749999999999,0.663736842105263,0.574874999999999,0.338736842105263,0.431874999999999,0.316333333333333,0.607142857142857,0.532368421052631,0.518,0.71,0.690714285714285,0.62,0.569999999999999,0.567173913043478,0.421933333333333,0.420333333333333,0.4557,0.349142857142857,0.3985625,0.458125,0.5496875,0.420869565217391,0.550263157894736,0.519166666666666,0.475285714285714,0.45547619047619,0.3076875,0.324363636363636,0.347947368421052,0.5063,0.452071428571428,0.522875,0.508823529411764,"[[1, 4], [2, 3]]"
0.03196,0.03202,0.03401,0.03798,0.04226,0.04228,0.04009,0.03786,0.03066,0.02811,0.02952,0.02825,0.02763,0.02684,0.028739999999999998,0.03259,0.038329999999999996,0.05148,0.045,0.04506,0.04804,0.04843,0.046340000000000006,0.04554,0.04101,0.04068,0.04354,0.047020000000000006,0.055,0.05324,0.04887,0.049909999999999996,0.04555,0.04266,0.04026,0.04131,0.03835,0.03907,0.041890000000000004,0.045630000000000004,0.05136,0.07166,0.07,0.06563,0.05988,0.06467,0.05645,0.05422,0.254199999999999,0.589625,0.528624999999999,0.458571428571428,0.176875,0.422399999999999,0.586823529411764,0.481999999999999,0.5804,0.542375,0.5765,0.68375,0.529470588235294,0.682478260869565,0.605749999999999,0.663736842105263,0.574874999999999,0.338736842105263,0.431874999999999,0.316333333333333,0.607142857142857,0.532368421052631,0.518,0.71,0.690714285714285,0.62,0.569999999999999,0.567173913043478,0.421933333333333,0.420333333333333,0.4557,0.349142857142857,0.3985625,0.458125,0.5496875,0.420869565217391,0.550263157894736,0.519166666666666,0.475285714285714,0.45547619047619,0.3076875,0.324363636363636,0.347947368421052,0.5063,0.452071428571428,0.522875,0.508823529411764,0.4218,"[[1, 4], [2, 3]]"
0.03202,0.03401,0.03798,0.04226,0.04228,0.04009,0.03786,0.03066,0.02811,0.02952,0.02825,0.02763,0.02684,0.028739999999999998,0.03259,0.038329999999999996,0.05148,0.045,0.04506,0.04804,0.04843,0.046340000000000006,0.04554,0.04101,0.04068,0.04354,0.047020000000000006,0.055,0.05324,0.04887,0.049909999999999996,0.04555,0.04266,0.04026,0.04131,0.03835,0.03907,0.041890000000000004,0.045630000000000004,0.05136,0.07166,0.07,0.06563,0.05988,0.06467,0.05645,0.05422,0.05059,0.589625,0.528624999999999,0.458571428571428,0.176875,0.422399999999999,0.586823529411764,0.481999999999999,0.5804,0.542375,0.5765,0.68375,0.529470588235294,0.682478260869565,0.605749999999999,0.663736842105263,0.574874999999999,0.338736842105263,0.431874999999999,0.316333333333333,0.607142857142857,0.532368421052631,0.518,0.71,0.690714285714285,0.62,0.569999999999999,0.567173913043478,0.421933333333333,0.420333333333333,0.4557,0.349142857142857,0.3985625,0.458125,0.5496875,0.420869565217391,0.550263157894736,0.519166666666666,0.475285714285714,0.45547619047619,0.3076875,0.324363636363636,0.347947368421052,0.5063,0.452071428571428,0.522875,0.508823529411764,0.4218,0.3715,"[[1, 4], [2, 3]]"
0.03401,0.03798,0.04226,0.04228,0.04009,0.03786,0.03066,0.02811,0.02952,0.02825,0.02763,0.02684,0.028739999999999998,0.03259,0.038329999999999996,0.05148,0.045,0.04506,0.04804,0.04843,0.046340000000000006,0.04554,0.04101,0.04068,0.04354,0.047020000000000006,0.055,0.05324,0.04887,0.049909999999999996,0.04555,0.04266,0.04026,0.04131,0.03835,0.03907,0.041890000000000004,0.045630000000000004,0.05136,0.07166,0.07,0.06563,0.05988,0.06467,0.05645,0.05422,0.05059,0.04592,0.528624999999999,0.458571428571428,0.176875,0.422399999999999,0.586823529411764,0.481999999999999,0.5804,0.542375,0.5765,0.68375,0.529470588235294,0.682478260869565,0.605749999999999,0.663736842105263,0.574874999999999,0.338736842105263,0.431874999999999,0.316333333333333,0.607142857142857,0.532368421052631,0.518,0.71,0.690714285714285,0.62,0.569999999999999,0.567173913043478,0.421933333333333,0.420333333333333,0.4557,0.349142857142857,0.3985625,0.458125,0.5496875,0.420869565217391,0.550263157894736,0.519166666666666,0.475285714285714,0.45547619047619,0.3076875,0.324363636363636,0.347947368421052,0.5063,0.452071428571428,0.522875,0.508823529411764,0.4218,0.3715,0.504071428571428,"[[2, 3], [1, 4]]"
0.03798,0.04226,0.04228,0.04009,0.03786,0.03066,0.02811,0.02952,0.02825,0.02763,0.02684,0.028739999999999998,0.03259,0.038329999999999996,0.05148,0.045,0.04506,0.04804,0.04843,0.046340000000000006,0.04554,0.04101,0.04068,0.04354,0.047020000000000006,0.055,0.05324,0.04887,0.049909999999999996,0.04555,0.04266,0.04026,0.04131,0.03835,0.03907,0.041890000000000004,0.045630000000000004,0.05136,0.07166,0.07,0.06563,0.05988,0.06467,0.05645,0.05422,0.05059,0.04592,0.04532,0.458571428571428,0.176875,0.422399999999999,0.586823529411764,0.481999999999999,0.5804,0.542375,0.5765,0.68375,0.529470588235294,0.682478260869565,0.605749999999999,0.663736842105263,0.574874999999999,0.338736842105263,0.431874999999999,0.316333333333333,0.607142857142857,0.532368421052631,0.518,0.71,0.690714285714285,0.62,0.569999999999999,0.567173913043478,0.421933333333333,0.420333333333333,0.4557,0.349142857142857,0.3985625,0.458125,0.5496875,0.420869565217391,0.550263157894736,0.519166666666666,0.475285714285714,0.45547619047619,0.3076875,0.324363636363636,0.347947368421052,0.5063,0.452071428571428,0.522875,0.508823529411764,0.4218,0.3715,0.504071428571428,0.373142857142857,"[[1, 4], [2, 3]]"
0.04226,0.04228,0.04009,0.03786,0.03066,0.02811,0.02952,0.02825,0.02763,0.02684,0.028739999999999998,0.03259,0.038329999999999996,0.05148,0.045,0.04506,0.04804,0.04843,0.046340000000000006,0.04554,0.04101,0.04068,0.04354,0.047020000000000006,0.055,0.05324,0.04887,0.049909999999999996,0.04555,0.04266,0.04026,0.04131,0.03835,0.03907,0.041890000000000004,0.045630000000000004,0.05136,0.07166,0.07,0.06563,0.05988,0.06467,0.05645,0.05422,0.05059,0.04592,0.04532,0.05559,0.176875,0.422399999999999,0.586823529411764,0.481999999999999,0.5804,0.542375,0.5765,0.68375,0.529470588235294,0.682478260869565,0.605749999999999,0.663736842105263,0.574874999999999,0.338736842105263,0.431874999999999,0.316333333333333,0.607142857142857,0.532368421052631,0.518,0.71,0.690714285714285,0.62,0.569999999999999,0.567173913043478,0.421933333333333,0.420333333333333,0.4557,0.349142857142857,0.3985625,0.458125,0.5496875,0.420869565217391,0.550263157894736,0.519166666666666,0.475285714285714,0.45547619047619,0.3076875,0.324363636363636,0.347947368421052,0.5063,0.452071428571428,0.522875,0.508823529411764,0.4218,0.3715,0.504071428571428,0.373142857142857,0.285272727272727,"[[2, 3], [1, 4]]"
0.04228,0.04009,0.03786,0.03066,0.02811,0.02952,0.02825,0.02763,0.02684,0.028739999999999998,0.03259,0.038329999999999996,0.05148,0.045,0.04506,0.04804,0.04843,0.046340000000000006,0.04554,0.04101,0.04068,0.04354,0.047020000000000006,0.055,0.05324,0.04887,0.049909999999999996,0.04555,0.04266,0.04026,0.04131,0.03835,0.03907,0.041890000000000004,0.045630000000000004,0.05136,0.07166,0.07,0.06563,0.05988,0.06467,0.05645,0.05422,0.05059,0.04592,0.04532,0.05559,0.05906,0.422399999999999,0.586823529411764,0.481999999999999,0.5804,0.542375,0.5765,0.68375,0.529470588235294,0.682478260869565,0.605749999999999,0.663736842105263,0.574874999999999,0.338736842105263,0.431874999999999,0.316333333333333,0.607142857142857,0.532368421052631,0.518,0.71,0.690714285714285,0.62,0.569999999999999,0.567173913043478,0.421933333333333,0.420333333333333,0.4557,0.349142857142857,0.3985625,0.458125,0.5496875,0.420869565217391,0.550263157894736,0.519166666666666,0.475285714285714,0.45547619047619,0.3076875,0.324363636363636,0.347947368421052,0.5063,0.452071428571428,0.522875,0.508823529411764,0.4218,0.3715,0.504071428571428,0.373142857142857,0.285272727272727,0.318964285714285,"[[2, 3], [1, 4]]"
0.04009,0.03786,0.03066,0.02811,0.02952,0.02825,0.02763,0.02684,0.028739999999999998,0.03259,0.038329999999999996,0.05148,0.045,0.04506,0.04804,0.04843,0.046340000000000006,0.04554,0.04101,0.04068,0.04354,0.047020000000000006,0.055,0.05324,0.04887,0.049909999999999996,0.04555,0.04266,0.04026,0.04131,0.03835,0.03907,0.041890000000000004,0.045630000000000004,0.05136,0.07166,0.07,0.06563,0.05988,0.06467,0.05645,0.05422,0.05059,0.04592,0.04532,0.05559,0.05906,0.048920000000000005,0.586823529411764,0.481999999999999,0.5804,0.542375,0.5765,0.68375,0.529470588235294,0.682478260869565,0.605749999999999,0.663736842105263,0.574874999999999,0.338736842105263,0.431874999999999,0.316333333333333,0.607142857142857,0.532368421052631,0.518,0.71,0.690714285714285,0.62,0.569999999999999,0.567173913043478,0.421933333333333,0.420333333333333,0.4557,0.349142857142857,0.3985625,0.458125,0.5496875,0.420869565217391,0.550263157894736,0.519166666666666,0.475285714285714,0.45547619047619,0.3076875,0.324363636363636,0.347947368421052,0.5063,0.452071428571428,0.522875,0.508823529411764,0.4218,0.3715,0.504071428571428,0.373142857142857,0.285272727272727,0.318964285714285,0.442052631578947,"[[1, 4], [2, 3]]"
0.03786,0.03066,0.02811,0.02952,0.02825,0.02763,0.02684,0.028739999999999998,0.03259,0.038329999999999996,0.05148,0.045,0.04506,0.04804,0.04843,0.046340000000000006,0.04554,0.04101,0.04068,0.04354,0.047020000000000006,0.055,0.05324,0.04887,0.049909999999999996,0.04555,0.04266,0.04026,0.04131,0.03835,0.03907,0.041890000000000004,0.045630000000000004,0.05136,0.07166,0.07,0.06563,0.05988,0.06467,0.05645,0.05422,0.05059,0.04592,0.04532,0.05559,0.05906,0.048920000000000005,0.046189999999999995,0.481999999999999,0.5804,0.542375,0.5765,0.68375,0.529470588235294,0.682478260869565,0.605749999999999,0.663736842105263,0.574874999999999,0.338736842105263,0.431874999999999,0.316333333333333,0.607142857142857,0.532368421052631,0.518,0.71,0.690714285714285,0.62,0.569999999999999,0.567173913043478,0.421933333333333,0.420333333333333,0.4557,0.349142857142857,0.3985625,0.458125,0.5496875,0.420869565217391,0.550263157894736,0.519166666666666,0.475285714285714,0.45547619047619,0.3076875,0.324363636363636,0.347947368421052,0.5063,0.452071428571428,0.522875,0.508823529411764,0.4218,0.3715,0.504071428571428,0.373142857142857,0.285272727272727,0.318964285714285,0.442052631578947,0.442736842105263,"[[2, 3], [1, 4]]"
0.03066,0.02811,0.02952,0.02825,0.02763,0.02684,0.028739999999999998,0.03259,0.038329999999999996,0.05148,0.045,0.04506,0.04804,0.04843,0.046340000000000006,0.04554,0.04101,0.04068,0.04354,0.047020000000000006,0.055,0.05324,0.04887,0.049909999999999996,0.04555,0.04266,0.04026,0.04131,0.03835,0.03907,0.041890000000000004,0.045630000000000004,0.05136,0.07166,0.07,0.06563,0.05988,0.06467,0.05645,0.05422,0.05059,0.04592,0.04532,0.05559,0.05906,0.048920000000000005,0.046189999999999995,0.041729999999999996,0.5804,0.542375,0.5765,0.68375,0.529470588235294,0.682478260869565,0.605749999999999,0.663736842105263,0.574874999999999,0.338736842105263,0.431874999999999,0.316333333333333,0.607142857142857,0.532368421052631,0.518,0.71,0.690714285714285,0.62,0.569999999999999,0.567173913043478,0.421933333333333,0.420333333333333,0.4557,0.349142857142857,0.3985625,0.458125,0.5496875,0.420869565217391,0.550263157894736,0.519166666666666,0.475285714285714,0.45547619047619,0.3076875,0.324363636363636,0.347947368421052,0.5063,0.452071428571428,0.522875,0.508823529411764,0.4218,0.3715,0.504071428571428,0.373142857142857,0.285272727272727,0.318964285714285,0.442052631578947,0.442736842105263,0.415925925925925,"[[1, 4], [2, 3]]"
0.02811,0.02952,0.02825,0.02763,0.02684,0.028739999999999998,0.03259,0.038329999999999996,0.05148,0.045,0.04506,0.04804,0.04843,0.046340000000000006,0.04554,0.04101,0.04068,0.04354,0.047020000000000006,0.055,0.05324,0.04887,0.049909999999999996,0.04555,0.04266,0.04026,0.04131,0.03835,0.03907,0.041890000000000004,0.045630000000000004,0.05136,0.07166,0.07,0.06563,0.05988,0.06467,0.05645,0.05422,0.05059,0.04592,0.04532,0.05559,0.05906,0.048920000000000005,0.046189999999999995,0.041729999999999996,0.03356,0.542375,0.5765,0.68375,0.529470588235294,0.682478260869565,0.605749999999999,0.663736842105263,0.574874999999999,0.338736842105263,0.431874999999999,0.316333333333333,0.607142857142857,0.532368421052631,0.518,0.71,0.690714285714285,0.62,0.569999999999999,0.567173913043478,0.421933333333333,0.420333333333333,0.4557,0.349142857142857,0.3985625,0.458125,0.5496875,0.420869565217391,0.550263157894736,0.519166666666666,0.475285714285714,0.45547619047619,0.3076875,0.324363636363636,0.347947368421052,0.5063,0.452071428571428,0.522875,0.508823529411764,0.4218,0.3715,0.504071428571428,0.373142857142857,0.285272727272727,0.318964285714285,0.442052631578947,0.442736842105263,0.415925925925925,0.348608695652173,"[[1, 4], [2, 3]]"
0.02952,0.02825,0.02763,0.02684,0.028739999999999998,0.03259,0.038329999999999996,0.05148,0.045,0.04506,0.04804,0.04843,0.046340000000000006,0.04554,0.04101,0.04068,0.04354,0.047020000000000006,0.055,0.05324,0.04887,0.049909999999999996,0.04555,0.04266,0.04026,0.04131,0.03835,0.03907,0.041890000000000004,0.045630000000000004,0.05136,0.07166,0.07,0.06563,0.05988,0.06467,0.05645,0.05422,0.05059,0.04592,0.04532,0.05559,0.05906,0.048920000000000005,0.046189999999999995,0.041729999999999996,0.03356,0.02842,0.5765,0.68375,0.529470588235294,0.682478260869565,0.605749999999999,0.663736842105263,0.574874999999999,0.338736842105263,0.431874999999999,0.316333333333333,0.607142857142857,0.532368421052631,0.518,0.71,0.690714285714285,0.62,0.569999999999999,0.567173913043478,0.421933333333333,0.420333333333333,0.4557,0.349142857142857,0.3985625,0.458125,0.5496875,0.420869565217391,0.550263157894736,0.519166666666666,0.475285714285714,0.45547619047619,0.3076875,0.324363636363636,0.347947368421052,0.5063,0.452071428571428,0.522875,0.508823529411764,0.4218,0.3715,0.504071428571428,0.373142857142857,0.285272727272727,0.318964285714285,0.442052631578947,0.442736842105263,0.415925925925925,0.348608695652173,0.545624999999999,"[[2, 3], [1, 4]]"
0.02825,0.02763,0.02684,0.028739999999999998,0.03259,0.038329999999999996,0.05148,0.045,0.04506,0.04804,0.04843,0.046340000000000006,0.04554,0.04101,0.04068,0.04354,0.047020000000000006,0.055,0.05324,0.04887,0.049909999999999996,0.04555,0.04266,0.04026,0.04131,0.03835,0.03907,0.041890000000000004,0.045630000000000004,0.05136,0.07166,0.07,0.06563,0.05988,0.06467,0.05645,0.05422,0.05059,0.04592,0.04532,0.05559,0.05906,0.048920000000000005,0.046189999999999995,0.041729999999999996,0.03356,0.02842,0.02561,0.68375,0.529470588235294,0.682478260869565,0.605749999999999,0.663736842105263,0.574874999999999,0.338736842105263,0.431874999999999,0.316333333333333,0.607142857142857,0.532368421052631,0.518,0.71,0.690714285714285,0.62,0.569999999999999,0.567173913043478,0.421933333333333,0.420333333333333,0.4557,0.349142857142857,0.3985625,0.458125,0.5496875,0.420869565217391,0.550263157894736,0.519166666666666,0.475285714285714,0.45547619047619,0.3076875,0.324363636363636,0.347947368421052,0.5063,0.452071428571428,0.522875,0.508823529411764,0.4218,0.3715,0.504071428571428,0.373142857142857,0.285272727272727,0.318964285714285,0.442052631578947,0.442736842105263,0.415925925925925,0.348608695652173,0.545624999999999,0.2528,"[[2, 3], [1, 4]]"
0.02763,0.02684,0.028739999999999998,0.03259,0.038329999999999996,0.05148,0.045,0.04506,0.04804,0.04843,0.046340000000000006,0.04554,0.04101,0.04068,0.04354,0.047020000000000006,0.055,0.05324,0.04887,0.049909999999999996,0.04555,0.04266,0.04026,0.04131,0.03835,0.03907,0.041890000000000004,0.045630000000000004,0.05136,0.07166,0.07,0.06563,0.05988,0.06467,0.05645,0.05422,0.05059,0.04592,0.04532,0.05559,0.05906,0.048920000000000005,0.046189999999999995,0.041729999999999996,0.03356,0.02842,0.02561,0.025920000000000002,0.529470588235294,0.682478260869565,0.605749999999999,0.663736842105263,0.574874999999999,0.338736842105263,0.431874999999999,0.316333333333333,0.607142857142857,0.532368421052631,0.518,0.71,0.690714285714285,0.62,0.569999999999999,0.567173913043478,0.421933333333333,0.420333333333333,0.4557,0.349142857142857,0.3985625,0.458125,0.5496875,0.420869565217391,0.550263157894736,0.519166666666666,0.475285714285714,0.45547619047619,0.3076875,0.324363636363636,0.347947368421052,0.5063,0.452071428571428,0.522875,0.508823529411764,0.4218,0.3715,0.504071428571428,0.373142857142857,0.285272727272727,0.318964285714285,0.442052631578947,0.442736842105263,0.415925925925925,0.348608695652173,0.545624999999999,0.2528,0.474821428571428,"[[1, 4], [2, 3]]"
0.02684,0.028739999999999998,0.03259,0.038329999999999996,0.05148,0.045,0.04506,0.04804,0.04843,0.046340000000000006,0.04554,0.04101,0.04068,0.04354,0.047020000000000006,0.055,0.05324,0.04887,0.049909999999999996,0.04555,0.04266,0.04026,0.04131,0.03835,0.03907,0.041890000000000004,0.045630000000000004,0.05136,0.07166,0.07,0.06563,0.05988,0.06467,0.05645,0.05422,0.05059,0.04592,0.04532,0.05559,0.05906,0.048920000000000005,0.046189999999999995,0.041729999999999996,0.03356,0.02842,0.02561,0.025920000000000002,0.025,0.682478260869565,0.605749999999999,0.663736842105263,0.574874999999999,0.338736842105263,0.431874999999999,0.316333333333333,0.607142857142857,0.532368421052631,0.518,0.71,0.690714285714285,0.62,0.569999999999999,0.567173913043478,0.421933333333333,0.420333333333333,0.4557,0.349142857142857,0.3985625,0.458125,0.5496875,0.420869565217391,0.550263157894736,0.519166666666666,0.475285714285714,0.45547619047619,0.3076875,0.324363636363636,0.347947368421052,0.5063,0.452071428571428,0.522875,0.508823529411764,0.4218,0.3715,0.504071428571428,0.373142857142857,0.285272727272727,0.318964285714285,0.442052631578947,0.442736842105263,0.415925925925925,0.348608695652173,0.545624999999999,0.2528,0.474821428571428,0.454234042553191,"[[2, 3], [1, 4]]"
0.028739999999999998,0.03259,0.038329999999999996,0.05148,0.045,0.04506,0.04804,0.04843,0.046340000000000006,0.04554,0.04101,0.04068,0.04354,0.047020000000000006,0.055,0.05324,0.04887,0.049909999999999996,0.04555,0.04266,0.04026,0.04131,0.03835,0.03907,0.041890000000000004,0.045630000000000004,0.05136,0.07166,0.07,0.06563,0.05988,0.06467,0.05645,0.05422,0.05059,0.04592,0.04532,0.05559,0.05906,0.048920000000000005,0.046189999999999995,0.041729999999999996,0.03356,0.02842,0.02561,0.025920000000000002,0.025,0.026,0.605749999999999,0.663736842105263,0.574874999999999,0.338736842105263,0.431874999999999,0.316333333333333,0.607142857142857,0.532368421052631,0.518,0.71,0.690714285714285,0.62,0.569999999999999,0.567173913043478,0.421933333333333,0.420333333333333,0.4557,0.349142857142857,0.3985625,0.458125,0.5496875,0.420869565217391,0.550263157894736,0.519166666666666,0.475285714285714,0.45547619047619,0.3076875,0.324363636363636,0.347947368421052,0.5063,0.452071428571428,0.522875,0.508823529411764,0.4218,0.3715,0.504071428571428,0.373142857142857,0.285272727272727,0.318964285714285,0.442052631578947,0.442736842105263,0.415925925925925,0.348608695652173,0.545624999999999,0.2528,0.474821428571428,0.454234042553191,0.508586206896551,"[[1, 4], [2, 3]]"
0.03259,0.038329999999999996,0.05148,0.045,0.04506,0.04804,0.04843,0.046340000000000006,0.04554,0.04101,0.04068,0.04354,0.047020000000000006,0.055,0.05324,0.04887,0.049909999999999996,0.04555,0.04266,0.04026,0.04131,0.03835,0.03907,0.041890000000000004,0.045630000000000004,0.05136,0.07166,0.07,0.06563,0.05988,0.06467,0.05645,0.05422,0.05059,0.04592,0.04532,0.05559,0.05906,0.048920000000000005,0.046189999999999995,0.041729999999999996,0.03356,0.02842,0.02561,0.025920000000000002,0.025,0.026,0.02648,0.663736842105263,0.574874999999999,0.338736842105263,0.431874999999999,0.316333333333333,0.607142857142857,0.532368421052631,0.518,0.71,0.690714285714285,0.62,0.569999999999999,0.567173913043478,0.421933333333333,0.420333333333333,0.4557,0.349142857142857,0.3985625,0.458125,0.5496875,0.420869565217391,0.550263157894736,0.519166666666666,0.475285714285714,0.45547619047619,0.3076875,0.324363636363636,0.347947368421052,0.5063,0.452071428571428,0.522875,0.508823529411764,0.4218,0.3715,0.504071428571428,0.373142857142857,0.285272727272727,0.318964285714285,0.442052631578947,0.442736842105263,0.415925925925925,0.348608695652173,0.545624999999999,0.2528,0.474821428571428,0.454234042553191,0.508586206896551,0.442999999999999,"[[1, 4], [2, 3]]"
0.038329999999999996,0.05148,0.045,0.04506,0.04804,0.04843,0.046340000000000006,0.04554,0.04101,0.04068,0.04354,0.047020000000000006,0.055,0.05324,0.04887,0.049909999999999996,0.04555,0.04266,0.04026,0.04131,0.03835,0.03907,0.041890000000000004,0.045630000000000004,0.05136,0.07166,0.07,0.06563,0.05988,0.06467,0.05645,0.05422,0.05059,0.04592,0.04532,0.05559,0.05906,0.048920000000000005,0.046189999999999995,0.041729999999999996,0.03356,0.02842,0.02561,0.025920000000000002,0.025,0.026,0.02648,0.0258,0.574874999999999,0.338736842105263,0.431874999999999,0.316333333333333,0.607142857142857,0.532368421052631,0.518,0.71,0.690714285714285,0.62,0.569999999999999,0.567173913043478,0.421933333333333,0.420333333333333,0.4557,0.349142857142857,0.3985625,0.458125,0.5496875,0.420869565217391,0.550263157894736,0.519166666666666,0.475285714285714,0.45547619047619,0.3076875,0.324363636363636,0.347947368421052,0.5063,0.452071428571428,0.522875,0.508823529411764,0.4218,0.3715,0.504071428571428,0.373142857142857,0.285272727272727,0.318964285714285,0.442052631578947,0.442736842105263,0.415925925925925,0.348608695652173,0.545624999999999,0.2528,0.474821428571428,0.454234042553191,0.508586206896551,0.442999999999999,0.395022222222222,"[[2, 3], [1, 4]]"
0.05148,0.045,0.04506,0.04804,0.04843,0.046340000000000006,0.04554,0.04101,0.04068,0.04354,0.047020000000000006,0.055,0.05324,0.04887,0.049909999999999996,0.04555,0.04266,0.04026,0.04131,0.03835,0.03907,0.041890000000000004,0.045630000000000004,0.05136,0.07166,0.07,0.06563,0.05988,0.06467,0.05645,0.05422,0.05059,0.04592,0.04532,0.05559,0.05906,0.048920000000000005,0.046189999999999995,0.041729999999999996,0.03356,0.02842,0.02561,0.025920000000000002,0.025,0.026,0.02648,0.0258,0.03,0.338736842105263,0.431874999999999,0.316333333333333,0.607142857142857,0.532368421052631,0.518,0.71,0.690714285714285,0.62,0.569999999999999,0.567173913043478,0.421933333333333,0.420333333333333,0.4557,0.349142857142857,0.3985625,0.458125,0.5496875,0.420869565217391,0.550263157894736,0.519166666666666,0.475285714285714,0.45547619047619,0.3076875,0.324363636363636,0.347947368421052,0.5063,0.452071428571428,0.522875,0.508823529411764,0.4218,0.3715,0.504071428571428,0.373142857142857,0.285272727272727,0.318964285714285,0.442052631578947,0.442736842105263,0.415925925925925,0.348608695652173,0.545624999999999,0.2528,0.474821428571428,0.454234042553191,0.508586206896551,0.442999999999999,0.395022222222222,0.399474999999999,"[[2, 3], [1, 4]]"
0.045,0.04506,0.04804,0.04843,0.046340000000000006,0.04554,0.04101,0.04068,0.04354,0.047020000000000006,0.055,0.05324,0.04887,0.049909999999999996,0.04555,0.04266,0.04026,0.04131,0.03835,0.03907,0.041890000000000004,0.045630000000000004,0.05136,0.07166,0.07,0.06563,0.05988,0.06467,0.05645,0.05422,0.05059,0.04592,0.04532,0.05559,0.05906,0.048920000000000005,0.046189999999999995,0.041729999999999996,0.03356,0.02842,0.02561,0.025920000000000002,0.025,0.026,0.02648,0.0258,0.03,0.03,0.431874999999999,0.316333333333333,0.607142857142857,0.532368421052631,0.518,0.71,0.690714285714285,0.62,0.569999999999999,0.567173913043478,0.421933333333333,0.420333333333333,0.4557,0.349142857142857,0.3985625,0.458125,0.5496875,0.420869565217391,0.550263157894736,0.519166666666666,0.475285714285714,0.45547619047619,0.3076875,0.324363636363636,0.347947368421052,0.5063,0.452071428571428,0.522875,0.508823529411764,0.4218,0.3715,0.504071428571428,0.373142857142857,0.285272727272727,0.318964285714285,0.442052631578947,0.442736842105263,0.415925925925925,0.348608695652173,0.545624999999999,0.2528,0.474821428571428,0.454234042553191,0.508586206896551,0.442999999999999,0.395022222222222,0.399474999999999,0.514749999999999,"[[2, 3], [1, 4]]"
0.04506,0.04804,0.04843,0.046340000000000006,0.04554,0.04101,0.04068,0.04354,0.047020000000000006,0.055,0.05324,0.04887,0.049909999999999996,0.04555,0.04266,0.04026,0.04131,0.03835,0.03907,0.041890000000000004,0.045630000000000004,0.05136,0.07166,0.07,0.06563,0.05988,0.06467,0.05645,0.05422,0.05059,0.04592,0.04532,0.05559,0.05906,0.048920000000000005,0.046189999999999995,0.041729999999999996,0.03356,0.02842,0.02561,0.025920000000000002,0.025,0.026,0.02648,0.0258,0.03,0.03,0.03502,0.316333333333333,0.607142857142857,0.532368421052631,0.518,0.71,0.690714285714285,0.62,0.569999999999999,0.567173913043478,0.421933333333333,0.420333333333333,0.4557,0.349142857142857,0.3985625,0.458125,0.5496875,0.420869565217391,0.550263157894736,0.519166666666666,0.475285714285714,0.45547619047619,0.3076875,0.324363636363636,0.347947368421052,0.5063,0.452071428571428,0.522875,0.508823529411764,0.4218,0.3715,0.504071428571428,0.373142857142857,0.285272727272727,0.318964285714285,0.442052631578947,0.442736842105263,0.415925925925925,0.348608695652173,0.545624999999999,0.2528,0.474821428571428,0.454234042553191,0.508586206896551,0.442999999999999,0.395022222222222,0.399474999999999,0.514749999999999,0.419675675675675,"[[1, 4], [2, 3]]"
0.04804,0.04843,0.046340000000000006,0.04554,0.04101,0.04068,0.04354,0.047020000000000006,0.055,0.05324,0.04887,0.049909999999999996,0.04555,0.04266,0.04026,0.04131,0.03835,0.03907,0.041890000000000004,0.045630000000000004,0.05136,0.07166,0.07,0.06563,0.05988,0.06467,0.05645,0.05422,0.05059,0.04592,0.04532,0.05559,0.05906,0.048920000000000005,0.046189999999999995,0.041729999999999996,0.03356,0.02842,0.02561,0.025920000000000002,0.025,0.026,0.02648,0.0258,0.03,0.03,0.03502,0.038,0.607142857142857,0.532368421052631,0.518,0.71,0.690714285714285,0.62,0.569999999999999,0.567173913043478,0.421933333333333,0.420333333333333,0.4557,0.349142857142857,0.3985625,0.458125,0.5496875,0.420869565217391,0.550263157894736,0.519166666666666,0.475285714285714,0.45547619047619,0.3076875,0.324363636363636,0.347947368421052,0.5063,0.452071428571428,0.522875,0.508823529411764,0.4218,0.3715,0.504071428571428,0.373142857142857,0.285272727272727,0.318964285714285,0.442052631578947,0.442736842105263,0.415925925925925,0.348608695652173,0.545624999999999,0.2528,0.474821428571428,0.454234042553191,0.508586206896551,0.442999999999999,0.395022222222222,0.399474999999999,0.514749999999999,0.419675675675675,0.497571428571428,"[[2, 3], [1, 4]]"
0.04843,0.046340000000000006,0.04554,0.04101,0.04068,0.04354,0.047020000000000006,0.055,0.05324,0.04887,0.049909999999999996,0.04555,0.04266,0.04026,0.04131,0.03835,0.03907,0.041890000000000004,0.045630000000000004,0.05136,0.07166,0.07,0.06563,0.05988,0.06467,0.05645,0.05422,0.05059,0.04592,0.04532,0.05559,0.05906,0.048920000000000005,0.046189999999999995,0.041729999999999996,0.03356,0.02842,0.02561,0.025920000000000002,0.025,0.026,0.02648,0.0258,0.03,0.03,0.03502,0.038,0.036,0.532368421052631,0.518,0.71,0.690714285714285,0.62,0.569999999999999,0.567173913043478,0.421933333333333,0.420333333333333,0.4557,0.349142857142857,0.3985625,0.458125,0.5496875,0.420869565217391,0.550263157894736,0.519166666666666,0.475285714285714,0.45547619047619,0.3076875,0.324363636363636,0.347947368421052,0.5063,0.452071428571428,0.522875,0.508823529411764,0.4218,0.3715,0.504071428571428,0.373142857142857,0.285272727272727,0.318964285714285,0.442052631578947,0.442736842105263,0.415925925925925,0.348608695652173,0.545624999999999,0.2528,0.474821428571428,0.454234042553191,0.508586206896551,0.442999999999999,0.395022222222222,0.399474999999999,0.514749999999999,0.419675675675675,0.497571428571428,0.480733333333333,"[[2, 3], [1, 4]]"
0.046340000000000006,0.04554,0.04101,0.04068,0.04354,0.047020000000000006,0.055,0.05324,0.04887,0.049909999999999996,0.04555,0.04266,0.04026,0.04131,0.03835,0.03907,0.041890000000000004,0.045630000000000004,0.05136,0.07166,0.07,0.06563,0.05988,0.06467,0.05645,0.05422,0.05059,0.04592,0.04532,0.05559,0.05906,0.048920000000000005,0.046189999999999995,0.041729999999999996,0.03356,0.02842,0.02561,0.025920000000000002,0.025,0.026,0.02648,0.0258,0.03,0.03,0.03502,0.038,0.036,0.03566,0.518,0.71,0.690714285714285,0.62,0.569999999999999,0.567173913043478,0.421933333333333,0.420333333333333,0.4557,0.349142857142857,0.3985625,0.458125,0.5496875,0.420869565217391,0.550263157894736,0.519166666666666,0.475285714285714,0.45547619047619,0.3076875,0.324363636363636,0.347947368421052,0.5063,0.452071428571428,0.522875,0.508823529411764,0.4218,0.3715,0.504071428571428,0.373142857142857,0.285272727272727,0.318964285714285,0.442052631578947,0.442736842105263,0.415925925925925,0.348608695652173,0.545624999999999,0.2528,0.474821428571428,0.454234042553191,0.508586206896551,0.442999999999999,0.395022222222222,0.399474999999999,0.514749999999999,0.419675675675675,0.497571428571428,0.480733333333333,0.648,"[[2, 3], [1, 4]]"
0.04554,0.04101,0.04068,0.04354,0.047020000000000006,0.055,0.05324,0.04887,0.049909999999999996,0.04555,0.04266,0.04026,0.04131,0.03835,0.03907,0.041890000000000004,0.045630000000000004,0.05136,0.07166,0.07,0.06563,0.05988,0.06467,0.05645,0.05422,0.05059,0.04592,0.04532,0.05559,0.05906,0.048920000000000005,0.046189999999999995,0.041729999999999996,0.03356,0.02842,0.02561,0.025920000000000002,0.025,0.026,0.02648,0.0258,0.03,0.03,0.03502,0.038,0.036,0.03566,0.03474,0.71,0.690714285714285,0.62,0.569999999999999,0.567173913043478,0.421933333333333,0.420333333333333,0.4557,0.349142857142857,0.3985625,0.458125,0.5496875,0.420869565217391,0.550263157894736,0.519166666666666,0.475285714285714,0.45547619047619,0.3076875,0.324363636363636,0.347947368421052,0.5063,0.452071428571428,0.522875,0.508823529411764,0.4218,0.3715,0.504071428571428,0.373142857142857,0.285272727272727,0.318964285714285,0.442052631578947,0.442736842105263,0.415925925925925,0.348608695652173,0.545624999999999,0.2528,0.474821428571428,0.454234042553191,0.508586206896551,0.442999999999999,0.395022222222222,0.399474999999999,0.514749999999999,0.419675675675675,0.497571428571428,0.480733333333333,0.648,0.522333333333333,"[[1, 4], [2, 3]]"
0.04101,0.04068,0.04354,0.047020000000000006,0.055,0.05324,0.04887,0.049909999999999996,0.04555,0.04266,0.04026,0.04131,0.03835,0.03907,0.041890000000000004,0.045630000000000004,0.05136,0.07166,0.07,0.06563,0.05988,0.06467,0.05645,0.05422,0.05059,0.04592,0.04532,0.05559,0.05906,0.048920000000000005,0.046189999999999995,0.041729999999999996,0.03356,0.02842,0.02561,0.025920000000000002,0.025,0.026,0.02648,0.0258,0.03,0.03,0.03502,0.038,0.036,0.03566,0.03474,0.033030000000000004,0.690714285714285,0.62,0.569999999999999,0.567173913043478,0.421933333333333,0.420333333333333,0.4557,0.349142857142857,0.3985625,0.458125,0.5496875,0.420869565217391,0.550263157894736,0.519166666666666,0.475285714285714,0.45547619047619,0.3076875,0.324363636363636,0.347947368421052,0.5063,0.452071428571428,0.522875,0.508823529411764,0.4218,0.3715,0.504071428571428,0.373142857142857,0.285272727272727,0.318964285714285,0.442052631578947,0.442736842105263,0.415925925925925,0.348608695652173,0.545624999999999,0.2528,0.474821428571428,0.454234042553191,0.508586206896551,0.442999999999999,0.395022222222222,0.399474999999999,0.514749999999999,0.419675675675675,0.497571428571428,0.480733333333333,0.648,0.522333333333333,0.655526315789473,"[[1, 4], [2, 3]]"
0.04068,0.04354,0.047020000000000006,0.055,0.05324,0.04887,0.049909999999999996,0.04555,0.04266,0.04026,0.04131,0.03835,0.03907,0.041890000000000004,0.045630000000000004,0.05136,0.07166,0.07,0.06563,0.05988,0.06467,0.05645,0.05422,0.05059,0.04592,0.04532,0.05559,0.05906,0.048920000000000005,0.046189999999999995,0.041729999999999996,0.03356,0.02842,0.02561,0.025920000000000002,0.025,0.026,0.02648,0.0258,0.03,0.03,0.03502,0.038,0.036,0.03566,0.03474,0.033030000000000004,0.03279,0.62,0.569999999999999,0.567173913043478,0.421933333333333,0.420333333333333,0.4557,0.349142857142857,0.3985625,0.458125,0.5496875,0.420869565217391,0.550263157894736,0.519166666666666,0.475285714285714,0.45547619047619,0.3076875,0.324363636363636,0.347947368421052,0.5063,0.452071428571428,0.522875,0.508823529411764,0.4218,0.3715,0.504071428571428,0.373142857142857,0.285272727272727,0.318964285714285,0.442052631578947,0.442736842105263,0.415925925925925,0.348608695652173,0.545624999999999,0.2528,0.474821428571428,0.454234042553191,0.508586206896551,0.442999999999999,0.395022222222222,0.399474999999999,0.514749999999999,0.419675675675675,0.497571428571428,0.480733333333333,0.648,0.522333333333333,0.655526315789473,0.58625,"[[2, 3], [1, 4]]"
0.04354,0.047020000000000006,0.055,0.05324,0.04887,0.049909999999999996,0.04555,0.04266,0.04026,0.04131,0.03835,0.03907,0.041890000000000004,0.045630000000000004,0.05136,0.07166,0.07,0.06563,0.05988,0.06467,0.05645,0.05422,0.05059,0.04592,0.04532,0.05559,0.05906,0.048920000000000005,0.046189999999999995,0.041729999999999996,0.03356,0.02842,0.02561,0.025920000000000002,0.025,0.026,0.02648,0.0258,0.03,0.03,0.03502,0.038,0.036,0.03566,0.03474,0.033030000000000004,0.03279,0.0322,0.569999999999999,0.567173913043478,0.421933333333333,0.420333333333333,0.4557,0.349142857142857,0.3985625,0.458125,0.5496875,0.420869565217391,0.550263157894736,0.519166666666666,0.475285714285714,0.45547619047619,0.3076875,0.324363636363636,0.347947368421052,0.5063,0.452071428571428,0.522875,0.508823529411764,0.4218,0.3715,0.504071428571428,0.373142857142857,0.285272727272727,0.318964285714285,0.442052631578947,0.442736842105263,0.415925925925925,0.348608695652173,0.545624999999999,0.2528,0.474821428571428,0.454234042553191,0.508586206896551,0.442999999999999,0.395022222222222,0.399474999999999,0.514749999999999,0.419675675675675,0.497571428571428,0.480733333333333,0.648,0.522333333333333,0.655526315789473,0.58625,0.515222222222222,"[[2, 3], [1, 4]]"
0.047020000000000006,0.055,0.05324,0.04887,0.049909999999999996,0.04555,0.04266,0.04026,0.04131,0.03835,0.03907,0.041890000000000004,0.045630000000000004,0.05136,0.07166,0.07,0.06563,0.05988,0.06467,0.05645,0.05422,0.05059,0.04592,0.04532,0.05559,0.05906,0.048920000000000005,0.046189999999999995,0.041729999999999996,0.03356,0.02842,0.02561,0.025920000000000002,0.025,0.026,0.02648,0.0258,0.03,0.03,0.03502,0.038,0.036,0.03566,0.03474,0.033030000000000004,0.03279,0.0322,0.032780000000000004,0.567173913043478,0.421933333333333,0.420333333333333,0.4557,0.349142857142857,0.3985625,0.458125,0.5496875,0.420869565217391,0.550263157894736,0.519166666666666,0.475285714285714,0.45547619047619,0.3076875,0.324363636363636,0.347947368421052,0.5063,0.452071428571428,0.522875,0.508823529411764,0.4218,0.3715,0.504071428571428,0.373142857142857,0.285272727272727,0.318964285714285,0.442052631578947,0.442736842105263,0.415925925925925,0.348608695652173,0.545624999999999,0.2528,0.474821428571428,0.454234042553191,0.508586206896551,0.442999999999999,0.395022222222222,0.399474999999999,0.514749999999999,0.419675675675675,0.497571428571428,0.480733333333333,0.648,0.522333333333333,0.655526315789473,0.58625,0.515222222222222,0.515833333333333,"[[1, 4], [2, 3]]"
0.055,0.05324,0.04887,0.049909999999999996,0.04555,0.04266,0.04026,0.04131,0.03835,0.03907,0.041890000000000004,0.045630000000000004,0.05136,0.07166,0.07,0.06563,0.05988,0.06467,0.05645,0.05422,0.05059,0.04592,0.04532,0.05559,0.05906,0.048920000000000005,0.046189999999999995,0.041729999999999996,0.03356,0.02842,0.02561,0.025920000000000002,0.025,0.026,0.02648,0.0258,0.03,0.03,0.03502,0.038,0.036,0.03566,0.03474,0.033030000000000004,0.03279,0.0322,0.032780000000000004,0.039990000000000005,0.421933333333333,0.420333333333333,0.4557,0.349142857142857,0.3985625,0.458125,0.5496875,0.420869565217391,0.550263157894736,0.519166666666666,0.475285714285714,0.45547619047619,0.3076875,0.324363636363636,0.347947368421052,0.5063,0.452071428571428,0.522875,0.508823529411764,0.4218,0.3715,0.504071428571428,0.373142857142857,0.285272727272727,0.318964285714285,0.442052631578947,0.442736842105263,0.415925925925925,0.348608695652173,0.545624999999999,0.2528,0.474821428571428,0.454234042553191,0.508586206896551,0.442999999999999,0.395022222222222,0.399474999999999,0.514749999999999,0.419675675675675,0.497571428571428,0.480733333333333,0.648,0.522333333333333,0.655526315789473,0.58625,0.515222222222222,0.515833333333333,0.382347826086956,"[[2, 3], [1, 4]]"
0.05324,0.04887,0.049909999999999996,0.04555,0.04266,0.04026,0.04131,0.03835,0.03907,0.041890000000000004,0.045630000000000004,0.05136,0.07166,0.07,0.06563,0.05988,0.06467,0.05645,0.05422,0.05059,0.04592,0.04532,0.05559,0.05906,0.048920000000000005,0.046189999999999995,0.041729999999999996,0.03356,0.02842,0.02561,0.025920000000000002,0.025,0.026,0.02648,0.0258,0.03,0.03,0.03502,0.038,0.036,0.03566,0.03474,0.033030000000000004,0.03279,0.0322,0.032780000000000004,0.039990000000000005,0.04678,0.420333333333333,0.4557,0.349142857142857,0.3985625,0.458125,0.5496875,0.420869565217391,0.550263157894736,0.519166666666666,0.475285714285714,0.45547619047619,0.3076875,0.324363636363636,0.347947368421052,0.5063,0.452071428571428,0.522875,0.508823529411764,0.4218,0.3715,0.504071428571428,0.373142857142857,0.285272727272727,0.318964285714285,0.442052631578947,0.442736842105263,0.415925925925925,0.348608695652173,0.545624999999999,0.2528,0.474821428571428,0.454234042553191,0.508586206896551,0.442999999999999,0.395022222222222,0.399474999999999,0.514749999999999,0.419675675675675,0.497571428571428,0.480733333333333,0.648,0.522333333333333,0.655526315789473,0.58625,0.515222222222222,0.515833333333333,0.382347826086956,0.5219,"[[1, 4], [2, 3]]"
0.04887,0.049909999999999996,0.04555,0.04266,0.04026,0.04131,0.03835,0.03907,0.041890000000000004,0.045630000000000004,0.05136,0.07166,0.07,0.06563,0.05988,0.06467,0.05645,0.05422,0.05059,0.04592,0.04532,0.05559,0.05906,0.048920000000000005,0.046189999999999995,0.041729999999999996,0.03356,0.02842,0.02561,0.025920000000000002,0.025,0.026,0.02648,0.0258,0.03,0.03,0.03502,0.038,0.036,0.03566,0.03474,0.033030000000000004,0.03279,0.0322,0.032780000000000004,0.039990000000000005,0.04678,0.041409999999999995,0.4557,0.349142857142857,0.3985625,0.458125,0.5496875,0.420869565217391,0.550263157894736,0.519166666666666,0.475285714285714,0.45547619047619,0.3076875,0.324363636363636,0.347947368421052,0.5063,0.452071428571428,0.522875,0.508823529411764,0.4218,0.3715,0.504071428571428,0.373142857142857,0.285272727272727,0.318964285714285,0.442052631578947,0.442736842105263,0.415925925925925,0.348608695652173,0.545624999999999,0.2528,0.474821428571428,0.454234042553191,0.508586206896551,0.442999999999999,0.395022222222222,0.399474999999999,0.514749999999999,0.419675675675675,0.497571428571428,0.480733333333333,0.648,0.522333333333333,0.655526315789473,0.58625,0.515222222222222,0.515833333333333,0.382347826086956,0.5219,0.484571428571428,"[[2, 3], [1, 4]]"
0.049909999999999996,0.04555,0.04266,0.04026,0.04131,0.03835,0.03907,0.041890000000000004,0.045630000000000004,0.05136,0.07166,0.07,0.06563,0.05988,0.06467,0.05645,0.05422,0.05059,0.04592,0.04532,0.05559,0.05906,0.048920000000000005,0.046189999999999995,0.041729999999999996,0.03356,0.02842,0.02561,0.025920000000000002,0.025,0.026,0.02648,0.0258,0.03,0.03,0.03502,0.038,0.036,0.03566,0.03474,0.033030000000000004,0.03279,0.0322,0.032780000000000004,0.039990000000000005,0.04678,0.041409999999999995,0.039549999999999995,0.349142857142857,0.3985625,0.458125,0.5496875,0.420869565217391,0.550263157894736,0.519166666666666,0.475285714285714,0.45547619047619,0.3076875,0.324363636363636,0.347947368421052,0.5063,0.452071428571428,0.522875,0.508823529411764,0.4218,0.3715,0.504071428571428,0.373142857142857,0.285272727272727,0.318964285714285,0.442052631578947,0.442736842105263,0.415925925925925,0.348608695652173,0.545624999999999,0.2528,0.474821428571428,0.454234042553191,0.508586206896551,0.442999999999999,0.395022222222222,0.399474999999999,0.514749999999999,0.419675675675675,0.497571428571428,0.480733333333333,0.648,0.522333333333333,0.655526315789473,0.58625,0.515222222222222,0.515833333333333,0.382347826086956,0.5219,0.484571428571428,0.630821428571428,"[[1, 4], [2, 3]]"
0.04555,0.04266,0.04026,0.04131,0.03835,0.03907,0.041890000000000004,0.045630000000000004,0.05136,0.07166,0.07,0.06563,0.05988,0.06467,0.05645,0.05422,0.05059,0.04592,0.04532,0.05559,0.05906,0.048920000000000005,0.046189999999999995,0.041729999999999996,0.03356,0.02842,0.02561,0.025920000000000002,0.025,0.026,0.02648,0.0258,0.03,0.03,0.03502,0.038,0.036,0.03566,0.03474,0.033030000000000004,0.03279,0.0322,0.032780000000000004,0.039990000000000005,0.04678,0.041409999999999995,0.039549999999999995,0.03587,0.3985625,0.458125,0.5496875,0.420869565217391,0.550263157894736,0.519166666666666,0.475285714285714,0.45547619047619,0.3076875,0.324363636363636,0.347947368421052,0.5063,0.452071428571428,0.522875,0.508823529411764,0.4218,0.3715,0.504071428571428,0.373142857142857,0.285272727272727,0.318964285714285,0.442052631578947,0.442736842105263,0.415925925925925,0.348608695652173,0.545624999999999,0.2528,0.474821428571428,0.454234042553191,0.508586206896551,0.442999999999999,0.395022222222222,0.399474999999999,0.514749999999999,0.419675675675675,0.497571428571428,0.480733333333333,0.648,0.522333333333333,0.655526315789473,0.58625,0.515222222222222,0.515833333333333,0.382347826086956,0.5219,0.484571428571428,0.630821428571428,0.6974,"[[1, 4], [2, 3]]"
0.04266,0.04026,0.04131,0.03835,0.03907,0.041890000000000004,0.045630000000000004,0.05136,0.07166,0.07,0.06563,0.05988,0.06467,0.05645,0.05422,0.05059,0.04592,0.04532,0.05559,0.05906,0.048920000000000005,0.046189999999999995,0.041729999999999996,0.03356,0.02842,0.02561,0.025920000000000002,0.025,0.026,0.02648,0.0258,0.03,0.03,0.03502,0.038,0.036,0.03566,0.03474,0.033030000000000004,0.03279,0.0322,0.032780000000000004,0.039990000000000005,0.04678,0.041409999999999995,0.039549999999999995,0.03587,0.03061,0.458125,0.5496875,0.420869565217391,0.550263157894736,0.519166666666666,0.475285714285714,0.45547619047619,0.3076875,0.324363636363636,0.347947368421052,0.5063,0.452071428571428,0.522875,0.508823529411764,0.4218,0.3715,0.504071428571428,0.373142857142857,0.285272727272727,0.318964285714285,0.442052631578947,0.442736842105263,0.415925925925925,0.348608695652173,0.545624999999999,0.2528,0.474821428571428,0.454234042553191,0.508586206896551,0.442999999999999,0.395022222222222,0.399474999999999,0.514749999999999,0.419675675675675,0.497571428571428,0.480733333333333,0.648,0.522333333333333,0.655526315789473,0.58625,0.515222222222222,0.515833333333333,0.382347826086956,0.5219,0.484571428571428,0.630821428571428,0.6974,0.639588235294117,"[[2, 3], [1, 4]]"
0.04026,0.04131,0.03835,0.03907,0.041890000000000004,0.045630000000000004,0.05136,0.07166,0.07,0.06563,0.05988,0.06467,0.05645,0.05422,0.05059,0.04592,0.04532,0.05559,0.05906,0.048920000000000005,0.046189999999999995,0.041729999999999996,0.03356,0.02842,0.02561,0.025920000000000002,0.025,0.026,0.02648,0.0258,0.03,0.03,0.03502,0.038,0.036,0.03566,0.03474,0.033030000000000004,0.03279,0.0322,0.032780000000000004,0.039990000000000005,0.04678,0.041409999999999995,0.039549999999999995,0.03587,0.03061,0.02361,0.5496875,0.420869565217391,0.550263157894736,0.519166666666666,0.475285714285714,0.45547619047619,0.3076875,0.324363636363636,0.347947368421052,0.5063,0.452071428571428,0.522875,0.508823529411764,0.4218,0.3715,0.504071428571428,0.373142857142857,0.285272727272727,0.318964285714285,0.442052631578947,0.442736842105263,0.415925925925925,0.348608695652173,0.545624999999999,0.2528,0.474821428571428,0.454234042553191,0.508586206896551,0.442999999999999,0.395022222222222,0.399474999999999,0.514749999999999,0.419675675675675,0.497571428571428,0.480733333333333,0.648,0.522333333333333,0.655526315789473,0.58625,0.515222222222222,0.515833333333333,0.382347826086956,0.5219,0.484571428571428,0.630821428571428,0.6974,0.639588235294117,0.542631578947368,"[[2, 3], [1, 4]]"
0.04131,0.03835,0.03907,0.041890000000000004,0.045630000000000004,0.05136,0.07166,0.07,0.06563,0.05988,0.06467,0.05645,0.05422,0.05059,0.04592,0.04532,0.05559,0.05906,0.048920000000000005,0.046189999999999995,0.041729999999999996,0.03356,0.02842,0.02561,0.025920000000000002,0.025,0.026,0.02648,0.0258,0.03,0.03,0.03502,0.038,0.036,0.03566,0.03474,0.033030000000000004,0.03279,0.0322,0.032780000000000004,0.039990000000000005,0.04678,0.041409999999999995,0.039549999999999995,0.03587,0.03061,0.02361,0.02885,0.420869565217391,0.550263157894736,0.519166666666666,0.475285714285714,0.45547619047619,0.3076875,0.324363636363636,0.347947368421052,0.5063,0.452071428571428,0.522875,0.508823529411764,0.4218,0.3715,0.504071428571428,0.373142857142857,0.285272727272727,0.318964285714285,0.442052631578947,0.442736842105263,0.415925925925925,0.348608695652173,0.545624999999999,0.2528,0.474821428571428,0.454234042553191,0.508586206896551,0.442999999999999,0.395022222222222,0.399474999999999,0.514749999999999,0.419675675675675,0.497571428571428,0.480733333333333,0.648,0.522333333333333,0.655526315789473,0.58625,0.515222222222222,0.515833333333333,0.382347826086956,0.5219,0.484571428571428,0.630821428571428,0.6974,0.639588235294117,0.542631578947368,0.5388,"[[2, 3], [1, 4]]"
0.03835,0.03907,0.041890000000000004,0.045630000000000004,0.05136,0.07166,0.07,0.06563,0.05988,0.06467,0.05645,0.05422,0.05059,0.04592,0.04532,0.05559,0.05906,0.048920000000000005,0.046189999999999995,0.041729999999999996,0.03356,0.02842,0.02561,0.025920000000000002,0.025,0.026,0.02648,0.0258,0.03,0.03,0.03502,0.038,0.036,0.03566,0.03474,0.033030000000000004,0.03279,0.0322,0.032780000000000004,0.039990000000000005,0.04678,0.041409999999999995,0.039549999999999995,0.03587,0.03061,0.02361,0.02885,0.02583,0.550263157894736,0.519166666666666,0.475285714285714,0.45547619047619,0.3076875,0.324363636363636,0.347947368421052,0.5063,0.452071428571428,0.522875,0.508823529411764,0.4218,0.3715,0.504071428571428,0.373142857142857,0.285272727272727,0.318964285714285,0.442052631578947,0.442736842105263,0.415925925925925,0.348608695652173,0.545624999999999,0.2528,0.474821428571428,0.454234042553191,0.508586206896551,0.442999999999999,0.395022222222222,0.399474999999999,0.514749999999999,0.419675675675675,0.497571428571428,0.480733333333333,0.648,0.522333333333333,0.655526315789473,0.58625,0.515222222222222,0.515833333333333,0.382347826086956,0.5219,0.484571428571428,0.630821428571428,0.6974,0.639588235294117,0.542631578947368,0.5388,0.461125,"[[1, 4], [2, 3]]"
0.03907,0.041890000000000004,0.045630000000000004,0.05136,0.07166,0.07,0.06563,0.05988,0.06467,0.05645,0.05422,0.05059,0.04592,0.04532,0.05559,0.05906,0.048920000000000005,0.046189999999999995,0.041729999999999996,0.03356,0.02842,0.02561,0.025920000000000002,0.025,0.026,0.02648,0.0258,0.03,0.03,0.03502,0.038,0.036,0.03566,0.03474,0.033030000000000004,0.03279,0.0322,0.032780000000000004,0.039990000000000005,0.04678,0.041409999999999995,0.039549999999999995,0.03587,0.03061,0.02361,0.02885,0.02583,0.02532,0.519166666666666,0.475285714285714,0.45547619047619,0.3076875,0.324363636363636,0.347947368421052,0.5063,0.452071428571428,0.522875,0.508823529411764,0.4218,0.3715,0.504071428571428,0.373142857142857,0.285272727272727,0.318964285714285,0.442052631578947,0.442736842105263,0.415925925925925,0.348608695652173,0.545624999999999,0.2528,0.474821428571428,0.454234042553191,0.508586206896551,0.442999999999999,0.395022222222222,0.399474999999999,0.514749999999999,0.419675675675675,0.497571428571428,0.480733333333333,0.648,0.522333333333333,0.655526315789473,0.58625,0.515222222222222,0.515833333333333,0.382347826086956,0.5219,0.484571428571428,0.630821428571428,0.6974,0.639588235294117,0.542631578947368,0.5388,0.461125,0.59925,"[[2, 3], [1, 4]]"
0.041890000000000004,0.045630000000000004,0.05136,0.07166,0.07,0.06563,0.05988,0.06467,0.05645,0.05422,0.05059,0.04592,0.04532,0.05559,0.05906,0.048920000000000005,0.046189999999999995,0.041729999999999996,0.03356,0.02842,0.02561,0.025920000000000002,0.025,0.026,0.02648,0.0258,0.03,0.03,0.03502,0.038,0.036,0.03566,0.03474,0.033030000000000004,0.03279,0.0322,0.032780000000000004,0.039990000000000005,0.04678,0.041409999999999995,0.039549999999999995,0.03587,0.03061,0.02361,0.02885,0.02583,0.02532,0.025,0.475285714285714,0.45547619047619,0.3076875,0.324363636363636,0.347947368421052,0.5063,0.452071428571428,0.522875,0.508823529411764,0.4218,0.3715,0.504071428571428,0.373142857142857,0.285272727272727,0.318964285714285,0.442052631578947,0.442736842105263,0.415925925925925,0.348608695652173,0.545624999999999,0.2528,0.474821428571428,0.454234042553191,0.508586206896551,0.442999999999999,0.395022222222222,0.399474999999999,0.514749999999999,0.419675675675675,0.497571428571428,0.480733333333333,0.648,0.522333333333333,0.655526315789473,0.58625,0.515222222222222,0.515833333333333,0.382347826086956,0.5219,0.484571428571428,0.630821428571428,0.6974,0.639588235294117,0.542631578947368,0.5388,0.461125,0.59925,0.521545454545454,"[[2, 3], [1, 4]]"
0.045630000000000004,0.05136,0.07166,0.07,0.06563,0.05988,0.06467,0.05645,0.05422,0.05059,0.04592,0.04532,0.05559,0.05906,0.048920000000000005,0.046189999999999995,0.041729999999999996,0.03356,0.02842,0.02561,0.025920000000000002,0.025,0.026,0.02648,0.0258,0.03,0.03,0.03502,0.038,0.036,0.03566,0.03474,0.033030000000000004,0.03279,0.0322,0.032780000000000004,0.039990000000000005,0.04678,0.041409999999999995,0.039549999999999995,0.03587,0.03061,0.02361,0.02885,0.02583,0.02532,0.025,0.022629999999999997,0.45547619047619,0.3076875,0.324363636363636,0.347947368421052,0.5063,0.452071428571428,0.522875,0.508823529411764,0.4218,0.3715,0.504071428571428,0.373142857142857,0.285272727272727,0.318964285714285,0.442052631578947,0.442736842105263,0.415925925925925,0.348608695652173,0.545624999999999,0.2528,0.474821428571428,0.454234042553191,0.508586206896551,0.442999999999999,0.395022222222222,0.399474999999999,0.514749999999999,0.419675675675675,0.497571428571428,0.480733333333333,0.648,0.522333333333333,0.655526315789473,0.58625,0.515222222222222,0.515833333333333,0.382347826086956,0.5219,0.484571428571428,0.630821428571428,0.6974,0.639588235294117,0.542631578947368,0.5388,0.461125,0.59925,0.521545454545454,0.55895,"[[2, 3], [1, 4]]"
0.05136,0.07166,0.07,0.06563,0.05988,0.06467,0.05645,0.05422,0.05059,0.04592,0.04532,0.05559,0.05906,0.048920000000000005,0.046189999999999995,0.041729999999999996,0.03356,0.02842,0.02561,0.025920000000000002,0.025,0.026,0.02648,0.0258,0.03,0.03,0.03502,0.038,0.036,0.03566,0.03474,0.033030000000000004,0.03279,0.0322,0.032780000000000004,0.039990000000000005,0.04678,0.041409999999999995,0.039549999999999995,0.03587,0.03061,0.02361,0.02885,0.02583,0.02532,0.025,0.022629999999999997,0.02137,0.3076875,0.324363636363636,0.347947368421052,0.5063,0.452071428571428,0.522875,0.508823529411764,0.4218,0.3715,0.504071428571428,0.373142857142857,0.285272727272727,0.318964285714285,0.442052631578947,0.442736842105263,0.415925925925925,0.348608695652173,0.545624999999999,0.2528,0.474821428571428,0.454234042553191,0.508586206896551,0.442999999999999,0.395022222222222,0.399474999999999,0.514749999999999,0.419675675675675,0.497571428571428,0.480733333333333,0.648,0.522333333333333,0.655526315789473,0.58625,0.515222222222222,0.515833333333333,0.382347826086956,0.5219,0.484571428571428,0.630821428571428,0.6974,0.639588235294117,0.542631578947368,0.5388,0.461125,0.59925,0.521545454545454,0.55895,0.604357142857142,"[[1, 4], [2, 3]]"
0.07166,0.07,0.06563,0.05988,0.06467,0.05645,0.05422,0.05059,0.04592,0.04532,0.05559,0.05906,0.048920000000000005,0.046189999999999995,0.041729999999999996,0.03356,0.02842,0.02561,0.025920000000000002,0.025,0.026,0.02648,0.0258,0.03,0.03,0.03502,0.038,0.036,0.03566,0.03474,0.033030000000000004,0.03279,0.0322,0.032780000000000004,0.039990000000000005,0.04678,0.041409999999999995,0.039549999999999995,0.03587,0.03061,0.02361,0.02885,0.02583,0.02532,0.025,0.022629999999999997,0.02137,0.023960000000000002,0.324363636363636,0.347947368421052,0.5063,0.452071428571428,0.522875,0.508823529411764,0.4218,0.3715,0.504071428571428,0.373142857142857,0.285272727272727,0.318964285714285,0.442052631578947,0.442736842105263,0.415925925925925,0.348608695652173,0.545624999999999,0.2528,0.474821428571428,0.454234042553191,0.508586206896551,0.442999999999999,0.395022222222222,0.399474999999999,0.514749999999999,0.419675675675675,0.497571428571428,0.480733333333333,0.648,0.522333333333333,0.655526315789473,0.58625,0.515222222222222,0.515833333333333,0.382347826086956,0.5219,0.484571428571428,0.630821428571428,0.6974,0.639588235294117,0.542631578947368,0.5388,0.461125,0.59925,0.521545454545454,0.55895,0.604357142857142,0.555227272727272,"[[1, 4], [2, 3]]"
0.07,0.06563,0.05988,0.06467,0.05645,0.05422,0.05059,0.04592,0.04532,0.05559,0.05906,0.048920000000000005,0.046189999999999995,0.041729999999999996,0.03356,0.02842,0.02561,0.025920000000000002,0.025,0.026,0.02648,0.0258,0.03,0.03,0.03502,0.038,0.036,0.03566,0.03474,0.033030000000000004,0.03279,0.0322,0.032780000000000004,0.039990000000000005,0.04678,0.041409999999999995,0.039549999999999995,0.03587,0.03061,0.02361,0.02885,0.02583,0.02532,0.025,0.022629999999999997,0.02137,0.023960000000000002,0.02548,0.347947368421052,0.5063,0.452071428571428,0.522875,0.508823529411764,0.4218,0.3715,0.504071428571428,0.373142857142857,0.285272727272727,0.318964285714285,0.442052631578947,0.442736842105263,0.415925925925925,0.348608695652173,0.545624999999999,0.2528,0.474821428571428,0.454234042553191,0.508586206896551,0.442999999999999,0.395022222222222,0.399474999999999,0.514749999999999,0.419675675675675,0.497571428571428,0.480733333333333,0.648,0.522333333333333,0.655526315789473,0.58625,0.515222222222222,0.515833333333333,0.382347826086956,0.5219,0.484571428571428,0.630821428571428,0.6974,0.639588235294117,0.542631578947368,0.5388,0.461125,0.59925,0.521545454545454,0.55895,0.604357142857142,0.555227272727272,0.6895625,"[[1, 4], [2, 3]]"
0.06563,0.05988,0.06467,0.05645,0.05422,0.05059,0.04592,0.04532,0.05559,0.05906,0.048920000000000005,0.046189999999999995,0.041729999999999996,0.03356,0.02842,0.02561,0.025920000000000002,0.025,0.026,0.02648,0.0258,0.03,0.03,0.03502,0.038,0.036,0.03566,0.03474,0.033030000000000004,0.03279,0.0322,0.032780000000000004,0.039990000000000005,0.04678,0.041409999999999995,0.039549999999999995,0.03587,0.03061,0.02361,0.02885,0.02583,0.02532,0.025,0.022629999999999997,0.02137,0.023960000000000002,0.02548,0.027800000000000002,0.5063,0.452071428571428,0.522875,0.508823529411764,0.4218,0.3715,0.504071428571428,0.373142857142857,0.285272727272727,0.318964285714285,0.442052631578947,0.442736842105263,0.415925925925925,0.348608695652173,0.545624999999999,0.2528,0.474821428571428,0.454234042553191,0.508586206896551,0.442999999999999,0.395022222222222,0.399474999999999,0.514749999999999,0.419675675675675,0.497571428571428,0.480733333333333,0.648,0.522333333333333,0.655526315789473,0.58625,0.515222222222222,0.515833333333333,0.382347826086956,0.5219,0.484571428571428,0.630821428571428,0.6974,0.639588235294117,0.542631578947368,0.5388,0.461125,0.59925,0.521545454545454,0.55895,0.604357142857142,0.555227272727272,0.6895625,0.68375,"[[1, 4], [2, 3]]"
0.05988,0.06467,0.05645,0.05422,0.05059,0.04592,0.04532,0.05559,0.05906,0.048920000000000005,0.046189999999999995,0.041729999999999996,0.03356,0.02842,0.02561,0.025920000000000002,0.025,0.026,0.02648,0.0258,0.03,0.03,0.03502,0.038,0.036,0.03566,0.03474,0.033030000000000004,0.03279,0.0322,0.032780000000000004,0.039990000000000005,0.04678,0.041409999999999995,0.039549999999999995,0.03587,0.03061,0.02361,0.02885,0.02583,0.02532,0.025,0.022629999999999997,0.02137,0.023960000000000002,0.02548,0.027800000000000002,0.02865,0.452071428571428,0.522875,0.508823529411764,0.4218,0.3715,0.504071428571428,0.373142857142857,0.285272727272727,0.318964285714285,0.442052631578947,0.442736842105263,0.415925925925925,0.348608695652173,0.545624999999999,0.2528,0.474821428571428,0.454234042553191,0.508586206896551,0.442999999999999,0.395022222222222,0.399474999999999,0.514749999999999,0.419675675675675,0.497571428571428,0.480733333333333,0.648,0.522333333333333,0.655526315789473,0.58625,0.515222222222222,0.515833333333333,0.382347826086956,0.5219,0.484571428571428,0.630821428571428,0.6974,0.639588235294117,0.542631578947368,0.5388,0.461125,0.59925,0.521545454545454,0.55895,0.604357142857142,0.555227272727272,0.6895625,0.68375,0.68375,"[[2, 3], [1, 4]]"
0.06467,0.05645,0.05422,0.05059,0.04592,0.04532,0.05559,0.05906,0.048920000000000005,0.046189999999999995,0.041729999999999996,0.03356,0.02842,0.02561,0.025920000000000002,0.025,0.026,0.02648,0.0258,0.03,0.03,0.03502,0.038,0.036,0.03566,0.03474,0.033030000000000004,0.03279,0.0322,0.032780000000000004,0.039990000000000005,0.04678,0.041409999999999995,0.039549999999999995,0.03587,0.03061,0.02361,0.02885,0.02583,0.02532,0.025,0.022629999999999997,0.02137,0.023960000000000002,0.02548,0.027800000000000002,0.02865,0.028739999999999998,0.522875,0.508823529411764,0.4218,0.3715,0.504071428571428,0.373142857142857,0.285272727272727,0.318964285714285,0.442052631578947,0.442736842105263,0.415925925925925,0.348608695652173,0.545624999999999,0.2528,0.474821428571428,0.454234042553191,0.508586206896551,0.442999999999999,0.395022222222222,0.399474999999999,0.514749999999999,0.419675675675675,0.497571428571428,0.480733333333333,0.648,0.522333333333333,0.655526315789473,0.58625,0.515222222222222,0.515833333333333,0.382347826086956,0.5219,0.484571428571428,0.630821428571428,0.6974,0.639588235294117,0.542631578947368,0.5388,0.461125,0.59925,0.521545454545454,0.55895,0.604357142857142,0.555227272727272,0.6895625,0.68375,0.68375,0.7325,"[[1, 4], [2, 3]]"
0.05645,0.05422,0.05059,0.04592,0.04532,0.05559,0.05906,0.048920000000000005,0.046189999999999995,0.041729999999999996,0.03356,0.02842,0.02561,0.025920000000000002,0.025,0.026,0.02648,0.0258,0.03,0.03,0.03502,0.038,0.036,0.03566,0.03474,0.033030000000000004,0.03279,0.0322,0.032780000000000004,0.039990000000000005,0.04678,0.041409999999999995,0.039549999999999995,0.03587,0.03061,0.02361,0.02885,0.02583,0.02532,0.025,0.022629999999999997,0.02137,0.023960000000000002,0.02548,0.027800000000000002,0.02865,0.028739999999999998,0.02853,0.508823529411764,0.4218,0.3715,0.504071428571428,0.373142857142857,0.285272727272727,0.318964285714285,0.442052631578947,0.442736842105263,0.415925925925925,0.348608695652173,0.545624999999999,0.2528,0.474821428571428,0.454234042553191,0.508586206896551,0.442999999999999,0.395022222222222,0.399474999999999,0.514749999999999,0.419675675675675,0.497571428571428,0.480733333333333,0.648,0.522333333333333,0.655526315789473,0.58625,0.515222222222222,0.515833333333333,0.382347826086956,0.5219,0.484571428571428,0.630821428571428,0.6974,0.639588235294117,0.542631578947368,0.5388,0.461125,0.59925,0.521545454545454,0.55895,0.604357142857142,0.555227272727272,0.6895625,0.68375,0.68375,0.7325,0.68375,"[[2, 3], [1, 4]]"
0.05422,0.05059,0.04592,0.04532,0.05559,0.05906,0.048920000000000005,0.046189999999999995,0.041729999999999996,0.03356,0.02842,0.02561,0.025920000000000002,0.025,0.026,0.02648,0.0258,0.03,0.03,0.03502,0.038,0.036,0.03566,0.03474,0.033030000000000004,0.03279,0.0322,0.032780000000000004,0.039990000000000005,0.04678,0.041409999999999995,0.039549999999999995,0.03587,0.03061,0.02361,0.02885,0.02583,0.02532,0.025,0.022629999999999997,0.02137,0.023960000000000002,0.02548,0.027800000000000002,0.02865,0.028739999999999998,0.02853,0.02951,0.4218,0.3715,0.504071428571428,0.373142857142857,0.285272727272727,0.318964285714285,0.442052631578947,0.442736842105263,0.415925925925925,0.348608695652173,0.545624999999999,0.2528,0.474821428571428,0.454234042553191,0.508586206896551,0.442999999999999,0.395022222222222,0.399474999999999,0.514749999999999,0.419675675675675,0.497571428571428,0.480733333333333,0.648,0.522333333333333,0.655526315789473,0.58625,0.515222222222222,0.515833333333333,0.382347826086956,0.5219,0.484571428571428,0.630821428571428,0.6974,0.639588235294117,0.542631578947368,0.5388,0.461125,0.59925,0.521545454545454,0.55895,0.604357142857142,0.555227272727272,0.6895625,0.68375,0.68375,0.7325,0.68375,0.635,"[[2, 3], [1, 4]]"
0.05059,0.04592,0.04532,0.05559,0.05906,0.048920000000000005,0.046189999999999995,0.041729999999999996,0.03356,0.02842,0.02561,0.025920000000000002,0.025,0.026,0.02648,0.0258,0.03,0.03,0.03502,0.038,0.036,0.03566,0.03474,0.033030000000000004,0.03279,0.0322,0.032780000000000004,0.039990000000000005,0.04678,0.041409999999999995,0.039549999999999995,0.03587,0.03061,0.02361,0.02885,0.02583,0.02532,0.025,0.022629999999999997,0.02137,0.023960000000000002,0.02548,0.027800000000000002,0.02865,0.028739999999999998,0.02853,0.02951,0.02914,0.3715,0.504071428571428,0.373142857142857,0.285272727272727,0.318964285714285,0.442052631578947,0.442736842105263,0.415925925925925,0.348608695652173,0.545624999999999,0.2528,0.474821428571428,0.454234042553191,0.508586206896551,0.442999999999999,0.395022222222222,0.399474999999999,0.514749999999999,0.419675675675675,0.497571428571428,0.480733333333333,0.648,0.522333333333333,0.655526315789473,0.58625,0.515222222222222,0.515833333333333,0.382347826086956,0.5219,0.484571428571428,0.630821428571428,0.6974,0.639588235294117,0.542631578947368,0.5388,0.461125,0.59925,0.521545454545454,0.55895,0.604357142857142,0.555227272727272,0.6895625,0.68375,0.68375,0.7325,0.68375,0.635,0.633153846153846,"[[2, 3], [1, 4]]"
0.04592,0.04532,0.05559,0.05906,0.048920000000000005,0.046189999999999995,0.041729999999999996,0.03356,0.02842,0.02561,0.025920000000000002,0.025,0.026,0.02648,0.0258,0.03,0.03,0.03502,0.038,0.036,0.03566,0.03474,0.033030000000000004,0.03279,0.0322,0.032780000000000004,0.039990000000000005,0.04678,0.041409999999999995,0.039549999999999995,0.03587,0.03061,0.02361,0.02885,0.02583,0.02532,0.025,0.022629999999999997,0.02137,0.023960000000000002,0.02548,0.027800000000000002,0.02865,0.028739999999999998,0.02853,0.02951,0.02914,0.03006,0.504071428571428,0.373142857142857,0.285272727272727,0.318964285714285,0.442052631578947,0.442736842105263,0.415925925925925,0.348608695652173,0.545624999999999,0.2528,0.474821428571428,0.454234042553191,0.508586206896551,0.442999999999999,0.395022222222222,0.399474999999999,0.514749999999999,0.419675675675675,0.497571428571428,0.480733333333333,0.648,0.522333333333333,0.655526315789473,0.58625,0.515222222222222,0.515833333333333,0.382347826086956,0.5219,0.484571428571428,0.630821428571428,0.6974,0.639588235294117,0.542631578947368,0.5388,0.461125,0.59925,0.521545454545454,0.55895,0.604357142857142,0.555227272727272,0.6895625,0.68375,0.68375,0.7325,0.68375,0.635,0.633153846153846,0.6675,"[[2, 3], [1, 4]]"
0.04532,0.05559,0.05906,0.048920000000000005,0.046189999999999995,0.041729999999999996,0.03356,0.02842,0.02561,0.025920000000000002,0.025,0.026,0.02648,0.0258,0.03,0.03,0.03502,0.038,0.036,0.03566,0.03474,0.033030000000000004,0.03279,0.0322,0.032780000000000004,0.039990000000000005,0.04678,0.041409999999999995,0.039549999999999995,0.03587,0.03061,0.02361,0.02885,0.02583,0.02532,0.025,0.022629999999999997,0.02137,0.023960000000000002,0.02548,0.027800000000000002,0.02865,0.028739999999999998,0.02853,0.02951,0.02914,0.03006,0.03022,0.373142857142857,0.285272727272727,0.318964285714285,0.442052631578947,0.442736842105263,0.415925925925925,0.348608695652173,0.545624999999999,0.2528,0.474821428571428,0.454234042553191,0.508586206896551,0.442999999999999,0.395022222222222,0.399474999999999,0.514749999999999,0.419675675675675,0.497571428571428,0.480733333333333,0.648,0.522333333333333,0.655526315789473,0.58625,0.515222222222222,0.515833333333333,0.382347826086956,0.5219,0.484571428571428,0.630821428571428,0.6974,0.639588235294117,0.542631578947368,0.5388,0.461125,0.59925,0.521545454545454,0.55895,0.604357142857142,0.555227272727272,0.6895625,0.68375,0.68375,0.7325,0.68375,0.635,0.633153846153846,0.6675,0.565357142857142,"[[1, 4], [2, 3]]"
0.05559,0.05906,0.048920000000000005,0.046189999999999995,0.041729999999999996,0.03356,0.02842,0.02561,0.025920000000000002,0.025,0.026,0.02648,0.0258,0.03,0.03,0.03502,0.038,0.036,0.03566,0.03474,0.033030000000000004,0.03279,0.0322,0.032780000000000004,0.039990000000000005,0.04678,0.041409999999999995,0.039549999999999995,0.03587,0.03061,0.02361,0.02885,0.02583,0.02532,0.025,0.022629999999999997,0.02137,0.023960000000000002,0.02548,0.027800000000000002,0.02865,0.028739999999999998,0.02853,0.02951,0.02914,0.03006,0.03022,0.03194,0.285272727272727,0.318964285714285,0.442052631578947,0.442736842105263,0.415925925925925,0.348608695652173,0.545624999999999,0.2528,0.474821428571428,0.454234042553191,0.508586206896551,0.442999999999999,0.395022222222222,0.399474999999999,0.514749999999999,0.419675675675675,0.497571428571428,0.480733333333333,0.648,0.522333333333333,0.655526315789473,0.58625,0.515222222222222,0.515833333333333,0.382347826086956,0.5219,0.484571428571428,0.630821428571428,0.6974,0.639588235294117,0.542631578947368,0.5388,0.461125,0.59925,0.521545454545454,0.55895,0.604357142857142,0.555227272727272,0.6895625,0.68375,0.68375,0.7325,0.68375,0.635,0.633153846153846,0.6675,0.565357142857142,0.48225,"[[1, 4], [2, 3]]"
0.05906,0.048920000000000005,0.046189999999999995,0.041729999999999996,0.03356,0.02842,0.02561,0.025920000000000002,0.025,0.026,0.02648,0.0258,0.03,0.03,0.03502,0.038,0.036,0.03566,0.03474,0.033030000000000004,0.03279,0.0322,0.032780000000000004,0.039990000000000005,0.04678,0.041409999999999995,0.039549999999999995,0.03587,0.03061,0.02361,0.02885,0.02583,0.02532,0.025,0.022629999999999997,0.02137,0.023960000000000002,0.02548,0.027800000000000002,0.02865,0.028739999999999998,0.02853,0.02951,0.02914,0.03006,0.03022,0.03194,0.039990000000000005,0.318964285714285,0.442052631578947,0.442736842105263,0.415925925925925,0.348608695652173,0.545624999999999,0.2528,0.474821428571428,0.454234042553191,0.508586206896551,0.442999999999999,0.395022222222222,0.399474999999999,0.514749999999999,0.419675675675675,0.497571428571428,0.480733333333333,0.648,0.522333333333333,0.655526315789473,0.58625,0.515222222222222,0.515833333333333,0.382347826086956,0.5219,0.484571428571428,0.630821428571428,0.6974,0.639588235294117,0.542631578947368,0.5388,0.461125,0.59925,0.521545454545454,0.55895,0.604357142857142,0.555227272727272,0.6895625,0.68375,0.68375,0.7325,0.68375,0.635,0.633153846153846,0.6675,0.565357142857142,0.48225,0.507388888888888,"[[1, 4], [2, 3]]"
0.048920000000000005,0.046189999999999995,0.041729999999999996,0.03356,0.02842,0.02561,0.025920000000000002,0.025,0.026,0.02648,0.0258,0.03,0.03,0.03502,0.038,0.036,0.03566,0.03474,0.033030000000000004,0.03279,0.0322,0.032780000000000004,0.039990000000000005,0.04678,0.041409999999999995,0.039549999999999995,0.03587,0.03061,0.02361,0.02885,0.02583,0.02532,0.025,0.022629999999999997,0.02137,0.023960000000000002,0.02548,0.027800000000000002,0.02865,0.028739999999999998,0.02853,0.02951,0.02914,0.03006,0.03022,0.03194,0.039990000000000005,0.05264,0.442052631578947,0.442736842105263,0.415925925925925,0.348608695652173,0.545624999999999,0.2528,0.474821428571428,0.454234042553191,0.508586206896551,0.442999999999999,0.395022222222222,0.399474999999999,0.514749999999999,0.419675675675675,0.497571428571428,0.480733333333333,0.648,0.522333333333333,0.655526315789473,0.58625,0.515222222222222,0.515833333333333,0.382347826086956,0.5219,0.484571428571428,0.630821428571428,0.6974,0.639588235294117,0.542631578947368,0.5388,0.461125,0.59925,0.521545454545454,0.55895,0.604357142857142,0.555227272727272,0.6895625,0.68375,0.68375,0.7325,0.68375,0.635,0.633153846153846,0.6675,0.565357142857142,0.48225,0.507388888888888,0.435125,"[[2, 3], [1, 4]]"
0.046189999999999995,0.041729999999999996,0.03356,0.02842,0.02561,0.025920000000000002,0.025,0.026,0.02648,0.0258,0.03,0.03,0.03502,0.038,0.036,0.03566,0.03474,0.033030000000000004,0.03279,0.0322,0.032780000000000004,0.039990000000000005,0.04678,0.041409999999999995,0.039549999999999995,0.03587,0.03061,0.02361,0.02885,0.02583,0.02532,0.025,0.022629999999999997,0.02137,0.023960000000000002,0.02548,0.027800000000000002,0.02865,0.028739999999999998,0.02853,0.02951,0.02914,0.03006,0.03022,0.03194,0.039990000000000005,0.05264,0.04546,0.442736842105263,0.415925925925925,0.348608695652173,0.545624999999999,0.2528,0.474821428571428,0.454234042553191,0.508586206896551,0.442999999999999,0.395022222222222,0.399474999999999,0.514749999999999,0.419675675675675,0.497571428571428,0.480733333333333,0.648,0.522333333333333,0.655526315789473,0.58625,0.515222222222222,0.515833333333333,0.382347826086956,0.5219,0.484571428571428,0.630821428571428,0.6974,0.639588235294117,0.542631578947368,0.5388,0.461125,0.59925,0.521545454545454,0.55895,0.604357142857142,0.555227272727272,0.6895625,0.68375,0.68375,0.7325,0.68375,0.635,0.633153846153846,0.6675,0.565357142857142,0.48225,0.507388888888888,0.435125,0.434428571428571,"[[2, 3], [1, 4]]"
0.041729999999999996,0.03356,0.02842,0.02561,0.025920000000000002,0.025,0.026,0.02648,0.0258,0.03,0.03,0.03502,0.038,0.036,0.03566,0.03474,0.033030000000000004,0.03279,0.0322,0.032780000000000004,0.039990000000000005,0.04678,0.041409999999999995,0.039549999999999995,0.03587,0.03061,0.02361,0.02885,0.02583,0.02532,0.025,0.022629999999999997,0.02137,0.023960000000000002,0.02548,0.027800000000000002,0.02865,0.028739999999999998,0.02853,0.02951,0.02914,0.03006,0.03022,0.03194,0.039990000000000005,0.05264,0.04546,0.037329999999999995,0.415925925925925,0.348608695652173,0.545624999999999,0.2528,0.474821428571428,0.454234042553191,0.508586206896551,0.442999999999999,0.395022222222222,0.399474999999999,0.514749999999999,0.419675675675675,0.497571428571428,0.480733333333333,0.648,0.522333333333333,0.655526315789473,0.58625,0.515222222222222,0.515833333333333,0.382347826086956,0.5219,0.484571428571428,0.630821428571428,0.6974,0.639588235294117,0.542631578947368,0.5388,0.461125,0.59925,0.521545454545454,0.55895,0.604357142857142,0.555227272727272,0.6895625,0.68375,0.68375,0.7325,0.68375,0.635,0.633153846153846,0.6675,0.565357142857142,0.48225,0.507388888888888,0.435125,0.434428571428571,0.484473684210526,"[[2, 3], [1, 4]]"
0.03356,0.02842,0.02561,0.025920000000000002,0.025,0.026,0.02648,0.0258,0.03,0.03,0.03502,0.038,0.036,0.03566,0.03474,0.033030000000000004,0.03279,0.0322,0.032780000000000004,0.039990000000000005,0.04678,0.041409999999999995,0.039549999999999995,0.03587,0.03061,0.02361,0.02885,0.02583,0.02532,0.025,0.022629999999999997,0.02137,0.023960000000000002,0.02548,0.027800000000000002,0.02865,0.028739999999999998,0.02853,0.02951,0.02914,0.03006,0.03022,0.03194,0.039990000000000005,0.05264,0.04546,0.037329999999999995,0.03890999999999999,0.348608695652173,0.545624999999999,0.2528,0.474821428571428,0.454234042553191,0.508586206896551,0.442999999999999,0.395022222222222,0.399474999999999,0.514749999999999,0.419675675675675,0.497571428571428,0.480733333333333,0.648,0.522333333333333,0.655526315789473,0.58625,0.515222222222222,0.515833333333333,0.382347826086956,0.5219,0.484571428571428,0.630821428571428,0.6974,0.639588235294117,0.542631578947368,0.5388,0.461125,0.59925,0.521545454545454,0.55895,0.604357142857142,0.555227272727272,0.6895625,0.68375,0.68375,0.7325,0.68375,0.635,0.633153846153846,0.6675,0.565357142857142,0.48225,0.507388888888888,0.435125,0.434428571428571,0.484473684210526,0.698,"[[2, 3], [1, 4]]"
0.02842,0.02561,0.025920000000000002,0.025,0.026,0.02648,0.0258,0.03,0.03,0.03502,0.038,0.036,0.03566,0.03474,0.033030000000000004,0.03279,0.0322,0.032780000000000004,0.039990000000000005,0.04678,0.041409999999999995,0.039549999999999995,0.03587,0.03061,0.02361,0.02885,0.02583,0.02532,0.025,0.022629999999999997,0.02137,0.023960000000000002,0.02548,0.027800000000000002,0.02865,0.028739999999999998,0.02853,0.02951,0.02914,0.03006,0.03022,0.03194,0.039990000000000005,0.05264,0.04546,0.037329999999999995,0.03890999999999999,0.03539,0.545624999999999,0.2528,0.474821428571428,0.454234042553191,0.508586206896551,0.442999999999999,0.395022222222222,0.399474999999999,0.514749999999999,0.419675675675675,0.497571428571428,0.480733333333333,0.648,0.522333333333333,0.655526315789473,0.58625,0.515222222222222,0.515833333333333,0.382347826086956,0.5219,0.484571428571428,0.630821428571428,0.6974,0.639588235294117,0.542631578947368,0.5388,0.461125,0.59925,0.521545454545454,0.55895,0.604357142857142,0.555227272727272,0.6895625,0.68375,0.68375,0.7325,0.68375,0.635,0.633153846153846,0.6675,0.565357142857142,0.48225,0.507388888888888,0.435125,0.434428571428571,0.484473684210526,0.698,0.58625,"[[2, 3], [1, 4]]"
0.02561,0.025920000000000002,0.025,0.026,0.02648,0.0258,0.03,0.03,0.03502,0.038,0.036,0.03566,0.03474,0.033030000000000004,0.03279,0.0322,0.032780000000000004,0.039990000000000005,0.04678,0.041409999999999995,0.039549999999999995,0.03587,0.03061,0.02361,0.02885,0.02583,0.02532,0.025,0.022629999999999997,0.02137,0.023960000000000002,0.02548,0.027800000000000002,0.02865,0.028739999999999998,0.02853,0.02951,0.02914,0.03006,0.03022,0.03194,0.039990000000000005,0.05264,0.04546,0.037329999999999995,0.03890999999999999,0.03539,0.03244,0.2528,0.474821428571428,0.454234042553191,0.508586206896551,0.442999999999999,0.395022222222222,0.399474999999999,0.514749999999999,0.419675675675675,0.497571428571428,0.480733333333333,0.648,0.522333333333333,0.655526315789473,0.58625,0.515222222222222,0.515833333333333,0.382347826086956,0.5219,0.484571428571428,0.630821428571428,0.6974,0.639588235294117,0.542631578947368,0.5388,0.461125,0.59925,0.521545454545454,0.55895,0.604357142857142,0.555227272727272,0.6895625,0.68375,0.68375,0.7325,0.68375,0.635,0.633153846153846,0.6675,0.565357142857142,0.48225,0.507388888888888,0.435125,0.434428571428571,0.484473684210526,0.698,0.58625,0.6959375,"[[2, 3], [1, 4]]"
0.025920000000000002,0.025,0.026,0.02648,0.0258,0.03,0.03,0.03502,0.038,0.036,0.03566,0.03474,0.033030000000000004,0.03279,0.0322,0.032780000000000004,0.039990000000000005,0.04678,0.041409999999999995,0.039549999999999995,0.03587,0.03061,0.02361,0.02885,0.02583,0.02532,0.025,0.022629999999999997,0.02137,0.023960000000000002,0.02548,0.027800000000000002,0.02865,0.028739999999999998,0.02853,0.02951,0.02914,0.03006,0.03022,0.03194,0.039990000000000005,0.05264,0.04546,0.037329999999999995,0.03890999999999999,0.03539,0.03244,0.032850000000000004,0.474821428571428,0.454234042553191,0.508586206896551,0.442999999999999,0.395022222222222,0.399474999999999,0.514749999999999,0.419675675675675,0.497571428571428,0.480733333333333,0.648,0.522333333333333,0.655526315789473,0.58625,0.515222222222222,0.515833333333333,0.382347826086956,0.5219,0.484571428571428,0.630821428571428,0.6974,0.639588235294117,0.542631578947368,0.5388,0.461125,0.59925,0.521545454545454,0.55895,0.604357142857142,0.555227272727272,0.6895625,0.68375,0.68375,0.7325,0.68375,0.635,0.633153846153846,0.6675,0.565357142857142,0.48225,0.507388888888888,0.435125,0.434428571428571,0.484473684210526,0.698,0.58625,0.6959375,0.596,"[[2, 3], [1, 4]]"
0.025,0.026,0.02648,0.0258,0.03,0.03,0.03502,0.038,0.036,0.03566,0.03474,0.033030000000000004,0.03279,0.0322,0.032780000000000004,0.039990000000000005,0.04678,0.041409999999999995,0.039549999999999995,0.03587,0.03061,0.02361,0.02885,0.02583,0.02532,0.025,0.022629999999999997,0.02137,0.023960000000000002,0.02548,0.027800000000000002,0.02865,0.028739999999999998,0.02853,0.02951,0.02914,0.03006,0.03022,0.03194,0.039990000000000005,0.05264,0.04546,0.037329999999999995,0.03890999999999999,0.03539,0.03244,0.032850000000000004,0.03,0.454234042553191,0.508586206896551,0.442999999999999,0.395022222222222,0.399474999999999,0.514749999999999,0.419675675675675,0.497571428571428,0.480733333333333,0.648,0.522333333333333,0.655526315789473,0.58625,0.515222222222222,0.515833333333333,0.382347826086956,0.5219,0.484571428571428,0.630821428571428,0.6974,0.639588235294117,0.542631578947368,0.5388,0.461125,0.59925,0.521545454545454,0.55895,0.604357142857142,0.555227272727272,0.6895625,0.68375,0.68375,0.7325,0.68375,0.635,0.633153846153846,0.6675,0.565357142857142,0.48225,0.507388888888888,0.435125,0.434428571428571,0.484473684210526,0.698,0.58625,0.6959375,0.596,0.58625,"[[2, 3], [1, 4]]"
0.026,0.02648,0.0258,0.03,0.03,0.03502,0.038,0.036,0.03566,0.03474,0.033030000000000004,0.03279,0.0322,0.032780000000000004,0.039990000000000005,0.04678,0.041409999999999995,0.039549999999999995,0.03587,0.03061,0.02361,0.02885,0.02583,0.02532,0.025,0.022629999999999997,0.02137,0.023960000000000002,0.02548,0.027800000000000002,0.02865,0.028739999999999998,0.02853,0.02951,0.02914,0.03006,0.03022,0.03194,0.039990000000000005,0.05264,0.04546,0.037329999999999995,0.03890999999999999,0.03539,0.03244,0.032850000000000004,0.03,0.0293,0.508586206896551,0.442999999999999,0.395022222222222,0.399474999999999,0.514749999999999,0.419675675675675,0.497571428571428,0.480733333333333,0.648,0.522333333333333,0.655526315789473,0.58625,0.515222222222222,0.515833333333333,0.382347826086956,0.5219,0.484571428571428,0.630821428571428,0.6974,0.639588235294117,0.542631578947368,0.5388,0.461125,0.59925,0.521545454545454,0.55895,0.604357142857142,0.555227272727272,0.6895625,0.68375,0.68375,0.7325,0.68375,0.635,0.633153846153846,0.6675,0.565357142857142,0.48225,0.507388888888888,0.435125,0.434428571428571,0.484473684210526,0.698,0.58625,0.6959375,0.596,0.58625,0.607142857142857,"[[1, 4], [2, 3]]"
0.02648,0.0258,0.03,0.03,0.03502,0.038,0.036,0.03566,0.03474,0.033030000000000004,0.03279,0.0322,0.032780000000000004,0.039990000000000005,0.04678,0.041409999999999995,0.039549999999999995,0.03587,0.03061,0.02361,0.02885,0.02583,0.02532,0.025,0.022629999999999997,0.02137,0.023960000000000002,0.02548,0.027800000000000002,0.02865,0.028739999999999998,0.02853,0.02951,0.02914,0.03006,0.03022,0.03194,0.039990000000000005,0.05264,0.04546,0.037329999999999995,0.03890999999999999,0.03539,0.03244,0.032850000000000004,0.03,0.0293,0.02956,0.442999999999999,0.395022222222222,0.399474999999999,0.514749999999999,0.419675675675675,0.497571428571428,0.480733333333333,0.648,0.522333333333333,0.655526315789473,0.58625,0.515222222222222,0.515833333333333,0.382347826086956,0.5219,0.484571428571428,0.630821428571428,0.6974,0.639588235294117,0.542631578947368,0.5388,0.461125,0.59925,0.521545454545454,0.55895,0.604357142857142,0.555227272727272,0.6895625,0.68375,0.68375,0.7325,0.68375,0.635,0.633153846153846,0.6675,0.565357142857142,0.48225,0.507388888888888,0.435125,0.434428571428571,0.484473684210526,0.698,0.58625,0.6959375,0.596,0.58625,0.607142857142857,0.78125,"[[2, 3], [1, 4]]"
0.0258,0.03,0.03,0.03502,0.038,0.036,0.03566,0.03474,0.033030000000000004,0.03279,0.0322,0.032780000000000004,0.039990000000000005,0.04678,0.041409999999999995,0.039549999999999995,0.03587,0.03061,0.02361,0.02885,0.02583,0.02532,0.025,0.022629999999999997,0.02137,0.023960000000000002,0.02548,0.027800000000000002,0.02865,0.028739999999999998,0.02853,0.02951,0.02914,0.03006,0.03022,0.03194,0.039990000000000005,0.05264,0.04546,0.037329999999999995,0.03890999999999999,0.03539,0.03244,0.032850000000000004,0.03,0.0293,0.02956,0.03062,0.395022222222222,0.399474999999999,0.514749999999999,0.419675675675675,0.497571428571428,0.480733333333333,0.648,0.522333333333333,0.655526315789473,0.58625,0.515222222222222,0.515833333333333,0.382347826086956,0.5219,0.484571428571428,0.630821428571428,0.6974,0.639588235294117,0.542631578947368,0.5388,0.461125,0.59925,0.521545454545454,0.55895,0.604357142857142,0.555227272727272,0.6895625,0.68375,0.68375,0.7325,0.68375,0.635,0.633153846153846,0.6675,0.565357142857142,0.48225,0.507388888888888,0.435125,0.434428571428571,0.484473684210526,0.698,0.58625,0.6959375,0.596,0.58625,0.607142857142857,0.78125,0.657583333333333,"[[1, 4], [2, 3]]"
0.03,0.03,0.03502,0.038,0.036,0.03566,0.03474,0.033030000000000004,0.03279,0.0322,0.032780000000000004,0.039990000000000005,0.04678,0.041409999999999995,0.039549999999999995,0.03587,0.03061,0.02361,0.02885,0.02583,0.02532,0.025,0.022629999999999997,0.02137,0.023960000000000002,0.02548,0.027800000000000002,0.02865,0.028739999999999998,0.02853,0.02951,0.02914,0.03006,0.03022,0.03194,0.039990000000000005,0.05264,0.04546,0.037329999999999995,0.03890999999999999,0.03539,0.03244,0.032850000000000004,0.03,0.0293,0.02956,0.03062,0.0348,0.399474999999999,0.514749999999999,0.419675675675675,0.497571428571428,0.480733333333333,0.648,0.522333333333333,0.655526315789473,0.58625,0.515222222222222,0.515833333333333,0.382347826086956,0.5219,0.484571428571428,0.630821428571428,0.6974,0.639588235294117,0.542631578947368,0.5388,0.461125,0.59925,0.521545454545454,0.55895,0.604357142857142,0.555227272727272,0.6895625,0.68375,0.68375,0.7325,0.68375,0.635,0.633153846153846,0.6675,0.565357142857142,0.48225,0.507388888888888,0.435125,0.434428571428571,0.484473684210526,0.698,0.58625,0.6959375,0.596,0.58625,0.607142857142857,0.78125,0.657583333333333,0.535642857142857,"[[2, 3], [1, 4]]"
0.03,0.03502,0.038,0.036,0.03566,0.03474,0.033030000000000004,0.03279,0.0322,0.032780000000000004,0.039990000000000005,0.04678,0.041409999999999995,0.039549999999999995,0.03587,0.03061,0.02361,0.02885,0.02583,0.02532,0.025,0.022629999999999997,0.02137,0.023960000000000002,0.02548,0.027800000000000002,0.02865,0.028739999999999998,0.02853,0.02951,0.02914,0.03006,0.03022,0.03194,0.039990000000000005,0.05264,0.04546,0.037329999999999995,0.03890999999999999,0.03539,0.03244,0.032850000000000004,0.03,0.0293,0.02956,0.03062,0.0348,0.041530000000000004,0.514749999999999,0.419675675675675,0.497571428571428,0.480733333333333,0.648,0.522333333333333,0.655526315789473,0.58625,0.515222222222222,0.515833333333333,0.382347826086956,0.5219,0.484571428571428,0.630821428571428,0.6974,0.639588235294117,0.542631578947368,0.5388,0.461125,0.59925,0.521545454545454,0.55895,0.604357142857142,0.555227272727272,0.6895625,0.68375,0.68375,0.7325,0.68375,0.635,0.633153846153846,0.6675,0.565357142857142,0.48225,0.507388888888888,0.435125,0.434428571428571,0.484473684210526,0.698,0.58625,0.6959375,0.596,0.58625,0.607142857142857,0.78125,0.657583333333333,0.535642857142857,0.5236875,"[[1, 4], [2, 3]]"
0.03502,0.038,0.036,0.03566,0.03474,0.033030000000000004,0.03279,0.0322,0.032780000000000004,0.039990000000000005,0.04678,0.041409999999999995,0.039549999999999995,0.03587,0.03061,0.02361,0.02885,0.02583,0.02532,0.025,0.022629999999999997,0.02137,0.023960000000000002,0.02548,0.027800000000000002,0.02865,0.028739999999999998,0.02853,0.02951,0.02914,0.03006,0.03022,0.03194,0.039990000000000005,0.05264,0.04546,0.037329999999999995,0.03890999999999999,0.03539,0.03244,0.032850000000000004,0.03,0.0293,0.02956,0.03062,0.0348,0.041530000000000004,0.05863,0.419675675675675,0.497571428571428,0.480733333333333,0.648,0.522333333333333,0.655526315789473,0.58625,0.515222222222222,0.515833333333333,0.382347826086956,0.5219,0.484571428571428,0.630821428571428,0.6974,0.639588235294117,0.542631578947368,0.5388,0.461125,0.59925,0.521545454545454,0.55895,0.604357142857142,0.555227272727272,0.6895625,0.68375,0.68375,0.7325,0.68375,0.635,0.633153846153846,0.6675,0.565357142857142,0.48225,0.507388888888888,0.435125,0.434428571428571,0.484473684210526,0.698,0.58625,0.6959375,0.596,0.58625,0.607142857142857,0.78125,0.657583333333333,0.535642857142857,0.5236875,0.575,"[[1, 4], [2, 3]]"
0.038,0.036,0.03566,0.03474,0.033030000000000004,0.03279,0.0322,0.032780000000000004,0.039990000000000005,0.04678,0.041409999999999995,0.039549999999999995,0.03587,0.03061,0.02361,0.02885,0.02583,0.02532,0.025,0.022629999999999997,0.02137,0.023960000000000002,0.02548,0.027800000000000002,0.02865,0.028739999999999998,0.02853,0.02951,0.02914,0.03006,0.03022,0.03194,0.039990000000000005,0.05264,0.04546,0.037329999999999995,0.03890999999999999,0.03539,0.03244,0.032850000000000004,0.03,0.0293,0.02956,0.03062,0.0348,0.041530000000000004,0.05863,0.05061,0.497571428571428,0.480733333333333,0.648,0.522333333333333,0.655526315789473,0.58625,0.515222222222222,0.515833333333333,0.382347826086956,0.5219,0.484571428571428,0.630821428571428,0.6974,0.639588235294117,0.542631578947368,0.5388,0.461125,0.59925,0.521545454545454,0.55895,0.604357142857142,0.555227272727272,0.6895625,0.68375,0.68375,0.7325,0.68375,0.635,0.633153846153846,0.6675,0.565357142857142,0.48225,0.507388888888888,0.435125,0.434428571428571,0.484473684210526,0.698,0.58625,0.6959375,0.596,0.58625,0.607142857142857,0.78125,0.657583333333333,0.535642857142857,0.5236875,0.575,0.350647058823529,"[[1, 4], [2, 3]]"
0.036,0.03566,0.03474,0.033030000000000004,0.03279,0.0322,0.032780000000000004,0.039990000000000005,0.04678,0.041409999999999995,0.039549999999999995,0.03587,0.03061,0.02361,0.02885,0.02583,0.02532,0.025,0.022629999999999997,0.02137,0.023960000000000002,0.02548,0.027800000000000002,0.02865,0.028739999999999998,0.02853,0.02951,0.02914,0.03006,0.03022,0.03194,0.039990000000000005,0.05264,0.04546,0.037329999999999995,0.03890999999999999,0.03539,0.03244,0.032850000000000004,0.03,0.0293,0.02956,0.03062,0.0348,0.041530000000000004,0.05863,0.05061,0.04033,0.480733333333333,0.648,0.522333333333333,0.655526315789473,0.58625,0.515222222222222,0.515833333333333,0.382347826086956,0.5219,0.484571428571428,0.630821428571428,0.6974,0.639588235294117,0.542631578947368,0.5388,0.461125,0.59925,0.521545454545454,0.55895,0.604357142857142,0.555227272727272,0.6895625,0.68375,0.68375,0.7325,0.68375,0.635,0.633153846153846,0.6675,0.565357142857142,0.48225,0.507388888888888,0.435125,0.434428571428571,0.484473684210526,0.698,0.58625,0.6959375,0.596,0.58625,0.607142857142857,0.78125,0.657583333333333,0.535642857142857,0.5236875,0.575,0.350647058823529,0.543235294117647,"[[2, 3], [1, 4]]"
0.03566,0.03474,0.033030000000000004,0.03279,0.0322,0.032780000000000004,0.039990000000000005,0.04678,0.041409999999999995,0.039549999999999995,0.03587,0.03061,0.02361,0.02885,0.02583,0.02532,0.025,0.022629999999999997,0.02137,0.023960000000000002,0.02548,0.027800000000000002,0.02865,0.028739999999999998,0.02853,0.02951,0.02914,0.03006,0.03022,0.03194,0.039990000000000005,0.05264,0.04546,0.037329999999999995,0.03890999999999999,0.03539,0.03244,0.032850000000000004,0.03,0.0293,0.02956,0.03062,0.0348,0.041530000000000004,0.05863,0.05061,0.04033,0.03892,0.648,0.522333333333333,0.655526315789473,0.58625,0.515222222222222,0.515833333333333,0.382347826086956,0.5219,0.484571428571428,0.630821428571428,0.6974,0.639588235294117,0.542631578947368,0.5388,0.461125,0.59925,0.521545454545454,0.55895,0.604357142857142,0.555227272727272,0.6895625,0.68375,0.68375,0.7325,0.68375,0.635,0.633153846153846,0.6675,0.565357142857142,0.48225,0.507388888888888,0.435125,0.434428571428571,0.484473684210526,0.698,0.58625,0.6959375,0.596,0.58625,0.607142857142857,0.78125,0.657583333333333,0.535642857142857,0.5236875,0.575,0.350647058823529,0.543235294117647,0.464142857142857,"[[1, 4], [2, 3]]"
0.03474,0.033030000000000004,0.03279,0.0322,0.032780000000000004,0.039990000000000005,0.04678,0.041409999999999995,0.039549999999999995,0.03587,0.03061,0.02361,0.02885,0.02583,0.02532,0.025,0.022629999999999997,0.02137,0.023960000000000002,0.02548,0.027800000000000002,0.02865,0.028739999999999998,0.02853,0.02951,0.02914,0.03006,0.03022,0.03194,0.039990000000000005,0.05264,0.04546,0.037329999999999995,0.03890999999999999,0.03539,0.03244,0.032850000000000004,0.03,0.0293,0.02956,0.03062,0.0348,0.041530000000000004,0.05863,0.05061,0.04033,0.03892,0.03667,0.522333333333333,0.655526315789473,0.58625,0.515222222222222,0.515833333333333,0.382347826086956,0.5219,0.484571428571428,0.630821428571428,0.6974,0.639588235294117,0.542631578947368,0.5388,0.461125,0.59925,0.521545454545454,0.55895,0.604357142857142,0.555227272727272,0.6895625,0.68375,0.68375,0.7325,0.68375,0.635,0.633153846153846,0.6675,0.565357142857142,0.48225,0.507388888888888,0.435125,0.434428571428571,0.484473684210526,0.698,0.58625,0.6959375,0.596,0.58625,0.607142857142857,0.78125,0.657583333333333,0.535642857142857,0.5236875,0.575,0.350647058823529,0.543235294117647,0.464142857142857,0.53,"[[2, 3], [1, 4]]"
0.033030000000000004,0.03279,0.0322,0.032780000000000004,0.039990000000000005,0.04678,0.041409999999999995,0.039549999999999995,0.03587,0.03061,0.02361,0.02885,0.02583,0.02532,0.025,0.022629999999999997,0.02137,0.023960000000000002,0.02548,0.027800000000000002,0.02865,0.028739999999999998,0.02853,0.02951,0.02914,0.03006,0.03022,0.03194,0.039990000000000005,0.05264,0.04546,0.037329999999999995,0.03890999999999999,0.03539,0.03244,0.032850000000000004,0.03,0.0293,0.02956,0.03062,0.0348,0.041530000000000004,0.05863,0.05061,0.04033,0.03892,0.03667,0.03705,0.655526315789473,0.58625,0.515222222222222,0.515833333333333,0.382347826086956,0.5219,0.484571428571428,0.630821428571428,0.6974,0.639588235294117,0.542631578947368,0.5388,0.461125,0.59925,0.521545454545454,0.55895,0.604357142857142,0.555227272727272,0.6895625,0.68375,0.68375,0.7325,0.68375,0.635,0.633153846153846,0.6675,0.565357142857142,0.48225,0.507388888888888,0.435125,0.434428571428571,0.484473684210526,0.698,0.58625,0.6959375,0.596,0.58625,0.607142857142857,0.78125,0.657583333333333,0.535642857142857,0.5236875,0.575,0.350647058823529,0.543235294117647,0.464142857142857,0.53,0.452071428571428,"[[1, 4], [2, 3]]"
0.03279,0.0322,0.032780000000000004,0.039990000000000005,0.04678,0.041409999999999995,0.039549999999999995,0.03587,0.03061,0.02361,0.02885,0.02583,0.02532,0.025,0.022629999999999997,0.02137,0.023960000000000002,0.02548,0.027800000000000002,0.02865,0.028739999999999998,0.02853,0.02951,0.02914,0.03006,0.03022,0.03194,0.039990000000000005,0.05264,0.04546,0.037329999999999995,0.03890999999999999,0.03539,0.03244,0.032850000000000004,0.03,0.0293,0.02956,0.03062,0.0348,0.041530000000000004,0.05863,0.05061,0.04033,0.03892,0.03667,0.03705,0.039939999999999996,0.58625,0.515222222222222,0.515833333333333,0.382347826086956,0.5219,0.484571428571428,0.630821428571428,0.6974,0.639588235294117,0.542631578947368,0.5388,0.461125,0.59925,0.521545454545454,0.55895,0.604357142857142,0.555227272727272,0.6895625,0.68375,0.68375,0.7325,0.68375,0.635,0.633153846153846,0.6675,0.565357142857142,0.48225,0.507388888888888,0.435125,0.434428571428571,0.484473684210526,0.698,0.58625,0.6959375,0.596,0.58625,0.607142857142857,0.78125,0.657583333333333,0.535642857142857,0.5236875,0.575,0.350647058823529,0.543235294117647,0.464142857142857,0.53,0.452071428571428,0.518882352941176,"[[1, 4], [2, 3]]"
0.0322,0.032780000000000004,0.039990000000000005,0.04678,0.041409999999999995,0.039549999999999995,0.03587,0.03061,0.02361,0.02885,0.02583,0.02532,0.025,0.022629999999999997,0.02137,0.023960000000000002,0.02548,0.027800000000000002,0.02865,0.028739999999999998,0.02853,0.02951,0.02914,0.03006,0.03022,0.03194,0.039990000000000005,0.05264,0.04546,0.037329999999999995,0.03890999999999999,0.03539,0.03244,0.032850000000000004,0.03,0.0293,0.02956,0.03062,0.0348,0.041530000000000004,0.05863,0.05061,0.04033,0.03892,0.03667,0.03705,0.039939999999999996,0.04109,0.515222222222222,0.515833333333333,0.382347826086956,0.5219,0.484571428571428,0.630821428571428,0.6974,0.639588235294117,0.542631578947368,0.5388,0.461125,0.59925,0.521545454545454,0.55895,0.604357142857142,0.555227272727272,0.6895625,0.68375,0.68375,0.7325,0.68375,0.635,0.633153846153846,0.6675,0.565357142857142,0.48225,0.507388888888888,0.435125,0.434428571428571,0.484473684210526,0.698,0.58625,0.6959375,0.596,0.58625,0.607142857142857,0.78125,0.657583333333333,0.535642857142857,0.5236875,0.575,0.350647058823529,0.543235294117647,0.464142857142857,0.53,0.452071428571428,0.518882352941176,0.505,"[[1, 4], [2, 3]]"
0.032780000000000004,0.039990000000000005,0.04678,0.041409999999999995,0.039549999999999995,0.03587,0.03061,0.02361,0.02885,0.02583,0.02532,0.025,0.022629999999999997,0.02137,0.023960000000000002,0.02548,0.027800000000000002,0.02865,0.028739999999999998,0.02853,0.02951,0.02914,0.03006,0.03022,0.03194,0.039990000000000005,0.05264,0.04546,0.037329999999999995,0.03890999999999999,0.03539,0.03244,0.032850000000000004,0.03,0.0293,0.02956,0.03062,0.0348,0.041530000000000004,0.05863,0.05061,0.04033,0.03892,0.03667,0.03705,0.039939999999999996,0.04109,0.03939,0.515833333333333,0.382347826086956,0.5219,0.484571428571428,0.630821428571428,0.6974,0.639588235294117,0.542631578947368,0.5388,0.461125,0.59925,0.521545454545454,0.55895,0.604357142857142,0.555227272727272,0.6895625,0.68375,0.68375,0.7325,0.68375,0.635,0.633153846153846,0.6675,0.565357142857142,0.48225,0.507388888888888,0.435125,0.434428571428571,0.484473684210526,0.698,0.58625,0.6959375,0.596,0.58625,0.607142857142857,0.78125,0.657583333333333,0.535642857142857,0.5236875,0.575,0.350647058823529,0.543235294117647,0.464142857142857,0.53,0.452071428571428,0.518882352941176,0.505,0.543235294117647,"[[1, 4], [2, 3]]"
0.039990000000000005,0.04678,0.041409999999999995,0.039549999999999995,0.03587,0.03061,0.02361,0.02885,0.02583,0.02532,0.025,0.022629999999999997,0.02137,0.023960000000000002,0.02548,0.027800000000000002,0.02865,0.028739999999999998,0.02853,0.02951,0.02914,0.03006,0.03022,0.03194,0.039990000000000005,0.05264,0.04546,0.037329999999999995,0.03890999999999999,0.03539,0.03244,0.032850000000000004,0.03,0.0293,0.02956,0.03062,0.0348,0.041530000000000004,0.05863,0.05061,0.04033,0.03892,0.03667,0.03705,0.039939999999999996,0.04109,0.03939,0.04131,0.382347826086956,0.5219,0.484571428571428,0.630821428571428,0.6974,0.639588235294117,0.542631578947368,0.5388,0.461125,0.59925,0.521545454545454,0.55895,0.604357142857142,0.555227272727272,0.6895625,0.68375,0.68375,0.7325,0.68375,0.635,0.633153846153846,0.6675,0.565357142857142,0.48225,0.507388888888888,0.435125,0.434428571428571,0.484473684210526,0.698,0.58625,0.6959375,0.596,0.58625,0.607142857142857,0.78125,0.657583333333333,0.535642857142857,0.5236875,0.575,0.350647058823529,0.543235294117647,0.464142857142857,0.53,0.452071428571428,0.518882352941176,0.505,0.543235294117647,0.5375,"[[2, 3], [1, 4]]"
0.04678,0.041409999999999995,0.039549999999999995,0.03587,0.03061,0.02361,0.02885,0.02583,0.02532,0.025,0.022629999999999997,0.02137,0.023960000000000002,0.02548,0.027800000000000002,0.02865,0.028739999999999998,0.02853,0.02951,0.02914,0.03006,0.03022,0.03194,0.039990000000000005,0.05264,0.04546,0.037329999999999995,0.03890999999999999,0.03539,0.03244,0.032850000000000004,0.03,0.0293,0.02956,0.03062,0.0348,0.041530000000000004,0.05863,0.05061,0.04033,0.03892,0.03667,0.03705,0.039939999999999996,0.04109,0.03939,0.04131,0.05266,0.5219,0.484571428571428,0.630821428571428,0.6974,0.639588235294117,0.542631578947368,0.5388,0.461125,0.59925,0.521545454545454,0.55895,0.604357142857142,0.555227272727272,0.6895625,0.68375,0.68375,0.7325,0.68375,0.635,0.633153846153846,0.6675,0.565357142857142,0.48225,0.507388888888888,0.435125,0.434428571428571,0.484473684210526,0.698,0.58625,0.6959375,0.596,0.58625,0.607142857142857,0.78125,0.657583333333333,0.535642857142857,0.5236875,0.575,0.350647058823529,0.543235294117647,0.464142857142857,0.53,0.452071428571428,0.518882352941176,0.505,0.543235294117647,0.5375,0.518,"[[1, 4], [2, 3]]"
0.041409999999999995,0.039549999999999995,0.03587,0.03061,0.02361,0.02885,0.02583,0.02532,0.025,0.022629999999999997,0.02137,0.023960000000000002,0.02548,0.027800000000000002,0.02865,0.028739999999999998,0.02853,0.02951,0.02914,0.03006,0.03022,0.03194,0.039990000000000005,0.05264,0.04546,0.037329999999999995,0.03890999999999999,0.03539,0.03244,0.032850000000000004,0.03,0.0293,0.02956,0.03062,0.0348,0.041530000000000004,0.05863,0.05061,0.04033,0.03892,0.03667,0.03705,0.039939999999999996,0.04109,0.03939,0.04131,0.05266,0.06373,0.484571428571428,0.630821428571428,0.6974,0.639588235294117,0.542631578947368,0.5388,0.461125,0.59925,0.521545454545454,0.55895,0.604357142857142,0.555227272727272,0.6895625,0.68375,0.68375,0.7325,0.68375,0.635,0.633153846153846,0.6675,0.565357142857142,0.48225,0.507388888888888,0.435125,0.434428571428571,0.484473684210526,0.698,0.58625,0.6959375,0.596,0.58625,0.607142857142857,0.78125,0.657583333333333,0.535642857142857,0.5236875,0.575,0.350647058823529,0.543235294117647,0.464142857142857,0.53,0.452071428571428,0.518882352941176,0.505,0.543235294117647,0.5375,0.518,0.523571428571428,"[[2, 3], [1, 4]]"
0.039549999999999995,0.03587,0.03061,0.02361,0.02885,0.02583,0.02532,0.025,0.022629999999999997,0.02137,0.023960000000000002,0.02548,0.027800000000000002,0.02865,0.028739999999999998,0.02853,0.02951,0.02914,0.03006,0.03022,0.03194,0.039990000000000005,0.05264,0.04546,0.037329999999999995,0.03890999999999999,0.03539,0.03244,0.032850000000000004,0.03,0.0293,0.02956,0.03062,0.0348,0.041530000000000004,0.05863,0.05061,0.04033,0.03892,0.03667,0.03705,0.039939999999999996,0.04109,0.03939,0.04131,0.05266,0.06373,0.06251,0.630821428571428,0.6974,0.639588235294117,0.542631578947368,0.5388,0.461125,0.59925,0.521545454545454,0.55895,0.604357142857142,0.555227272727272,0.6895625,0.68375,0.68375,0.7325,0.68375,0.635,0.633153846153846,0.6675,0.565357142857142,0.48225,0.507388888888888,0.435125,0.434428571428571,0.484473684210526,0.698,0.58625,0.6959375,0.596,0.58625,0.607142857142857,0.78125,0.657583333333333,0.535642857142857,0.5236875,0.575,0.350647058823529,0.543235294117647,0.464142857142857,0.53,0.452071428571428,0.518882352941176,0.505,0.543235294117647,0.5375,0.518,0.523571428571428,0.30525,"[[2, 3], [1, 4]]"
0.03587,0.03061,0.02361,0.02885,0.02583,0.02532,0.025,0.022629999999999997,0.02137,0.023960000000000002,0.02548,0.027800000000000002,0.02865,0.028739999999999998,0.02853,0.02951,0.02914,0.03006,0.03022,0.03194,0.039990000000000005,0.05264,0.04546,0.037329999999999995,0.03890999999999999,0.03539,0.03244,0.032850000000000004,0.03,0.0293,0.02956,0.03062,0.0348,0.041530000000000004,0.05863,0.05061,0.04033,0.03892,0.03667,0.03705,0.039939999999999996,0.04109,0.03939,0.04131,0.05266,0.06373,0.06251,0.05276,0.6974,0.639588235294117,0.542631578947368,0.5388,0.461125,0.59925,0.521545454545454,0.55895,0.604357142857142,0.555227272727272,0.6895625,0.68375,0.68375,0.7325,0.68375,0.635,0.633153846153846,0.6675,0.565357142857142,0.48225,0.507388888888888,0.435125,0.434428571428571,0.484473684210526,0.698,0.58625,0.6959375,0.596,0.58625,0.607142857142857,0.78125,0.657583333333333,0.535642857142857,0.5236875,0.575,0.350647058823529,0.543235294117647,0.464142857142857,0.53,0.452071428571428,0.518882352941176,0.505,0.543235294117647,0.5375,0.518,0.523571428571428,0.30525,0.506625,"[[2, 3], [1, 4]]"
0.03061,0.02361,0.02885,0.02583,0.02532,0.025,0.022629999999999997,0.02137,0.023960000000000002,0.02548,0.027800000000000002,0.02865,0.028739999999999998,0.02853,0.02951,0.02914,0.03006,0.03022,0.03194,0.039990000000000005,0.05264,0.04546,0.037329999999999995,0.03890999999999999,0.03539,0.03244,0.032850000000000004,0.03,0.0293,0.02956,0.03062,0.0348,0.041530000000000004,0.05863,0.05061,0.04033,0.03892,0.03667,0.03705,0.039939999999999996,0.04109,0.03939,0.04131,0.05266,0.06373,0.06251,0.05276,0.05373,0.639588235294117,0.542631578947368,0.5388,0.461125,0.59925,0.521545454545454,0.55895,0.604357142857142,0.555227272727272,0.6895625,0.68375,0.68375,0.7325,0.68375,0.635,0.633153846153846,0.6675,0.565357142857142,0.48225,0.507388888888888,0.435125,0.434428571428571,0.484473684210526,0.698,0.58625,0.6959375,0.596,0.58625,0.607142857142857,0.78125,0.657583333333333,0.535642857142857,0.5236875,0.575,0.350647058823529,0.543235294117647,0.464142857142857,0.53,0.452071428571428,0.518882352941176,0.505,0.543235294117647,0.5375,0.518,0.523571428571428,0.30525,0.506625,0.504999999999999,"[[2, 3], [1, 4]]"
0.02361,0.02885,0.02583,0.02532,0.025,0.022629999999999997,0.02137,0.023960000000000002,0.02548,0.027800000000000002,0.02865,0.028739999999999998,0.02853,0.02951,0.02914,0.03006,0.03022,0.03194,0.039990000000000005,0.05264,0.04546,0.037329999999999995,0.03890999999999999,0.03539,0.03244,0.032850000000000004,0.03,0.0293,0.02956,0.03062,0.0348,0.041530000000000004,0.05863,0.05061,0.04033,0.03892,0.03667,0.03705,0.039939999999999996,0.04109,0.03939,0.04131,0.05266,0.06373,0.06251,0.05276,0.05373,0.0489,0.542631578947368,0.5388,0.461125,0.59925,0.521545454545454,0.55895,0.604357142857142,0.555227272727272,0.6895625,0.68375,0.68375,0.7325,0.68375,0.635,0.633153846153846,0.6675,0.565357142857142,0.48225,0.507388888888888,0.435125,0.434428571428571,0.484473684210526,0.698,0.58625,0.6959375,0.596,0.58625,0.607142857142857,0.78125,0.657583333333333,0.535642857142857,0.5236875,0.575,0.350647058823529,0.543235294117647,0.464142857142857,0.53,0.452071428571428,0.518882352941176,0.505,0.543235294117647,0.5375,0.518,0.523571428571428,0.30525,0.506625,0.504999999999999,0.557,"[[1, 4], [2, 3]]"
0.02885,0.02583,0.02532,0.025,0.022629999999999997,0.02137,0.023960000000000002,0.02548,0.027800000000000002,0.02865,0.028739999999999998,0.02853,0.02951,0.02914,0.03006,0.03022,0.03194,0.039990000000000005,0.05264,0.04546,0.037329999999999995,0.03890999999999999,0.03539,0.03244,0.032850000000000004,0.03,0.0293,0.02956,0.03062,0.0348,0.041530000000000004,0.05863,0.05061,0.04033,0.03892,0.03667,0.03705,0.039939999999999996,0.04109,0.03939,0.04131,0.05266,0.06373,0.06251,0.05276,0.05373,0.0489,0.04285,0.5388,0.461125,0.59925,0.521545454545454,0.55895,0.604357142857142,0.555227272727272,0.6895625,0.68375,0.68375,0.7325,0.68375,0.635,0.633153846153846,0.6675,0.565357142857142,0.48225,0.507388888888888,0.435125,0.434428571428571,0.484473684210526,0.698,0.58625,0.6959375,0.596,0.58625,0.607142857142857,0.78125,0.657583333333333,0.535642857142857,0.5236875,0.575,0.350647058823529,0.543235294117647,0.464142857142857,0.53,0.452071428571428,0.518882352941176,0.505,0.543235294117647,0.5375,0.518,0.523571428571428,0.30525,0.506625,0.504999999999999,0.557,0.535159999999999,"[[2, 3], [1, 4]]"
0.02583,0.02532,0.025,0.022629999999999997,0.02137,0.023960000000000002,0.02548,0.027800000000000002,0.02865,0.028739999999999998,0.02853,0.02951,0.02914,0.03006,0.03022,0.03194,0.039990000000000005,0.05264,0.04546,0.037329999999999995,0.03890999999999999,0.03539,0.03244,0.032850000000000004,0.03,0.0293,0.02956,0.03062,0.0348,0.041530000000000004,0.05863,0.05061,0.04033,0.03892,0.03667,0.03705,0.039939999999999996,0.04109,0.03939,0.04131,0.05266,0.06373,0.06251,0.05276,0.05373,0.0489,0.04285,0.04829,0.461125,0.59925,0.521545454545454,0.55895,0.604357142857142,0.555227272727272,0.6895625,0.68375,0.68375,0.7325,0.68375,0.635,0.633153846153846,0.6675,0.565357142857142,0.48225,0.507388888888888,0.435125,0.434428571428571,0.484473684210526,0.698,0.58625,0.6959375,0.596,0.58625,0.607142857142857,0.78125,0.657583333333333,0.535642857142857,0.5236875,0.575,0.350647058823529,0.543235294117647,0.464142857142857,0.53,0.452071428571428,0.518882352941176,0.505,0.543235294117647,0.5375,0.518,0.523571428571428,0.30525,0.506625,0.504999999999999,0.557,0.535159999999999,0.38747619047619,"[[2, 3], [1, 4]]"
0.02532,0.025,0.022629999999999997,0.02137,0.023960000000000002,0.02548,0.027800000000000002,0.02865,0.028739999999999998,0.02853,0.02951,0.02914,0.03006,0.03022,0.03194,0.039990000000000005,0.05264,0.04546,0.037329999999999995,0.03890999999999999,0.03539,0.03244,0.032850000000000004,0.03,0.0293,0.02956,0.03062,0.0348,0.041530000000000004,0.05863,0.05061,0.04033,0.03892,0.03667,0.03705,0.039939999999999996,0.04109,0.03939,0.04131,0.05266,0.06373,0.06251,0.05276,0.05373,0.0489,0.04285,0.04829,0.04864,0.59925,0.521545454545454,0.55895,0.604357142857142,0.555227272727272,0.6895625,0.68375,0.68375,0.7325,0.68375,0.635,0.633153846153846,0.6675,0.565357142857142,0.48225,0.507388888888888,0.435125,0.434428571428571,0.484473684210526,0.698,0.58625,0.6959375,0.596,0.58625,0.607142857142857,0.78125,0.657583333333333,0.535642857142857,0.5236875,0.575,0.350647058823529,0.543235294117647,0.464142857142857,0.53,0.452071428571428,0.518882352941176,0.505,0.543235294117647,0.5375,0.518,0.523571428571428,0.30525,0.506625,0.504999999999999,0.557,0.535159999999999,0.38747619047619,0.405105263157894,"[[2, 3], [1, 4]]"
0.025,0.022629999999999997,0.02137,0.023960000000000002,0.02548,0.027800000000000002,0.02865,0.028739999999999998,0.02853,0.02951,0.02914,0.03006,0.03022,0.03194,0.039990000000000005,0.05264,0.04546,0.037329999999999995,0.03890999999999999,0.03539,0.03244,0.032850000000000004,0.03,0.0293,0.02956,0.03062,0.0348,0.041530000000000004,0.05863,0.05061,0.04033,0.03892,0.03667,0.03705,0.039939999999999996,0.04109,0.03939,0.04131,0.05266,0.06373,0.06251,0.05276,0.05373,0.0489,0.04285,0.04829,0.04864,0.05106,0.521545454545454,0.55895,0.604357142857142,0.555227272727272,0.6895625,0.68375,0.68375,0.7325,0.68375,0.635,0.633153846153846,0.6675,0.565357142857142,0.48225,0.507388888888888,0.435125,0.434428571428571,0.484473684210526,0.698,0.58625,0.6959375,0.596,0.58625,0.607142857142857,0.78125,0.657583333333333,0.535642857142857,0.5236875,0.575,0.350647058823529,0.543235294117647,0.464142857142857,0.53,0.452071428571428,0.518882352941176,0.505,0.543235294117647,0.5375,0.518,0.523571428571428,0.30525,0.506625,0.504999999999999,0.557,0.535159999999999,0.38747619047619,0.405105263157894,0.424470588235294,"[[1, 4], [2, 3]]"
0.022629999999999997,0.02137,0.023960000000000002,0.02548,0.027800000000000002,0.02865,0.028739999999999998,0.02853,0.02951,0.02914,0.03006,0.03022,0.03194,0.039990000000000005,0.05264,0.04546,0.037329999999999995,0.03890999999999999,0.03539,0.03244,0.032850000000000004,0.03,0.0293,0.02956,0.03062,0.0348,0.041530000000000004,0.05863,0.05061,0.04033,0.03892,0.03667,0.03705,0.039939999999999996,0.04109,0.03939,0.04131,0.05266,0.06373,0.06251,0.05276,0.05373,0.0489,0.04285,0.04829,0.04864,0.05106,0.05017,0.55895,0.604357142857142,0.555227272727272,0.6895625,0.68375,0.68375,0.7325,0.68375,0.635,0.633153846153846,0.6675,0.565357142857142,0.48225,0.507388888888888,0.435125,0.434428571428571,0.484473684210526,0.698,0.58625,0.6959375,0.596,0.58625,0.607142857142857,0.78125,0.657583333333333,0.535642857142857,0.5236875,0.575,0.350647058823529,0.543235294117647,0.464142857142857,0.53,0.452071428571428,0.518882352941176,0.505,0.543235294117647,0.5375,0.518,0.523571428571428,0.30525,0.506625,0.504999999999999,0.557,0.535159999999999,0.38747619047619,0.405105263157894,0.424470588235294,0.493099999999999,"[[2, 3], [1, 4]]"
0.02137,0.023960000000000002,0.02548,0.027800000000000002,0.02865,0.028739999999999998,0.02853,0.02951,0.02914,0.03006,0.03022,0.03194,0.039990000000000005,0.05264,0.04546,0.037329999999999995,0.03890999999999999,0.03539,0.03244,0.032850000000000004,0.03,0.0293,0.02956,0.03062,0.0348,0.041530000000000004,0.05863,0.05061,0.04033,0.03892,0.03667,0.03705,0.039939999999999996,0.04109,0.03939,0.04131,0.05266,0.06373,0.06251,0.05276,0.05373,0.0489,0.04285,0.04829,0.04864,0.05106,0.05017,0.05543,0.604357142857142,0.555227272727272,0.6895625,0.68375,0.68375,0.7325,0.68375,0.635,0.633153846153846,0.6675,0.565357142857142,0.48225,0.507388888888888,0.435125,0.434428571428571,0.484473684210526,0.698,0.58625,0.6959375,0.596,0.58625,0.607142857142857,0.78125,0.657583333333333,0.535642857142857,0.5236875,0.575,0.350647058823529,0.543235294117647,0.464142857142857,0.53,0.452071428571428,0.518882352941176,0.505,0.543235294117647,0.5375,0.518,0.523571428571428,0.30525,0.506625,0.504999999999999,0.557,0.535159999999999,0.38747619047619,0.405105263157894,0.424470588235294,0.493099999999999,0.522875,"[[2, 3], [1, 4]]"
0.023960000000000002,0.02548,0.027800000000000002,0.02865,0.028739999999999998,0.02853,0.02951,0.02914,0.03006,0.03022,0.03194,0.039990000000000005,0.05264,0.04546,0.037329999999999995,0.03890999999999999,0.03539,0.03244,0.032850000000000004,0.03,0.0293,0.02956,0.03062,0.0348,0.041530000000000004,0.05863,0.05061,0.04033,0.03892,0.03667,0.03705,0.039939999999999996,0.04109,0.03939,0.04131,0.05266,0.06373,0.06251,0.05276,0.05373,0.0489,0.04285,0.04829,0.04864,0.05106,0.05017,0.05543,0.05,0.555227272727272,0.6895625,0.68375,0.68375,0.7325,0.68375,0.635,0.633153846153846,0.6675,0.565357142857142,0.48225,0.507388888888888,0.435125,0.434428571428571,0.484473684210526,0.698,0.58625,0.6959375,0.596,0.58625,0.607142857142857,0.78125,0.657583333333333,0.535642857142857,0.5236875,0.575,0.350647058823529,0.543235294117647,0.464142857142857,0.53,0.452071428571428,0.518882352941176,0.505,0.543235294117647,0.5375,0.518,0.523571428571428,0.30525,0.506625,0.504999999999999,0.557,0.535159999999999,0.38747619047619,0.405105263157894,0.424470588235294,0.493099999999999,0.522875,0.548333333333333,"[[2, 3], [1, 4]]"
0.02548,0.027800000000000002,0.02865,0.028739999999999998,0.02853,0.02951,0.02914,0.03006,0.03022,0.03194,0.039990000000000005,0.05264,0.04546,0.037329999999999995,0.03890999999999999,0.03539,0.03244,0.032850000000000004,0.03,0.0293,0.02956,0.03062,0.0348,0.041530000000000004,0.05863,0.05061,0.04033,0.03892,0.03667,0.03705,0.039939999999999996,0.04109,0.03939,0.04131,0.05266,0.06373,0.06251,0.05276,0.05373,0.0489,0.04285,0.04829,0.04864,0.05106,0.05017,0.05543,0.05,0.06547,0.6895625,0.68375,0.68375,0.7325,0.68375,0.635,0.633153846153846,0.6675,0.565357142857142,0.48225,0.507388888888888,0.435125,0.434428571428571,0.484473684210526,0.698,0.58625,0.6959375,0.596,0.58625,0.607142857142857,0.78125,0.657583333333333,0.535642857142857,0.5236875,0.575,0.350647058823529,0.543235294117647,0.464142857142857,0.53,0.452071428571428,0.518882352941176,0.505,0.543235294117647,0.5375,0.518,0.523571428571428,0.30525,0.506625,0.504999999999999,0.557,0.535159999999999,0.38747619047619,0.405105263157894,0.424470588235294,0.493099999999999,0.522875,0.548333333333333,0.462285714285714,"[[1, 4], [2, 3]]"
0.027800000000000002,0.02865,0.028739999999999998,0.02853,0.02951,0.02914,0.03006,0.03022,0.03194,0.039990000000000005,0.05264,0.04546,0.037329999999999995,0.03890999999999999,0.03539,0.03244,0.032850000000000004,0.03,0.0293,0.02956,0.03062,0.0348,0.041530000000000004,0.05863,0.05061,0.04033,0.03892,0.03667,0.03705,0.039939999999999996,0.04109,0.03939,0.04131,0.05266,0.06373,0.06251,0.05276,0.05373,0.0489,0.04285,0.04829,0.04864,0.05106,0.05017,0.05543,0.05,0.06547,0.1012,0.68375,0.68375,0.7325,0.68375,0.635,0.633153846153846,0.6675,0.565357142857142,0.48225,0.507388888888888,0.435125,0.434428571428571,0.484473684210526,0.698,0.58625,0.6959375,0.596,0.58625,0.607142857142857,0.78125,0.657583333333333,0.535642857142857,0.5236875,0.575,0.350647058823529,0.543235294117647,0.464142857142857,0.53,0.452071428571428,0.518882352941176,0.505,0.543235294117647,0.5375,0.518,0.523571428571428,0.30525,0.506625,0.504999999999999,0.557,0.535159999999999,0.38747619047619,0.405105263157894,0.424470588235294,0.493099999999999,0.522875,0.548333333333333,0.462285714285714,0.412285714285714,"[[2, 3], [1, 4]]"
0.02865,0.028739999999999998,0.02853,0.02951,0.02914,0.03006,0.03022,0.03194,0.039990000000000005,0.05264,0.04546,0.037329999999999995,0.03890999999999999,0.03539,0.03244,0.032850000000000004,0.03,0.0293,0.02956,0.03062,0.0348,0.041530000000000004,0.05863,0.05061,0.04033,0.03892,0.03667,0.03705,0.039939999999999996,0.04109,0.03939,0.04131,0.05266,0.06373,0.06251,0.05276,0.05373,0.0489,0.04285,0.04829,0.04864,0.05106,0.05017,0.05543,0.05,0.06547,0.1012,0.07967,0.68375,0.7325,0.68375,0.635,0.633153846153846,0.6675,0.565357142857142,0.48225,0.507388888888888,0.435125,0.434428571428571,0.484473684210526,0.698,0.58625,0.6959375,0.596,0.58625,0.607142857142857,0.78125,0.657583333333333,0.535642857142857,0.5236875,0.575,0.350647058823529,0.543235294117647,0.464142857142857,0.53,0.452071428571428,0.518882352941176,0.505,0.543235294117647,0.5375,0.518,0.523571428571428,0.30525,0.506625,0.504999999999999,0.557,0.535159999999999,0.38747619047619,0.405105263157894,0.424470588235294,0.493099999999999,0.522875,0.548333333333333,0.462285714285714,0.412285714285714,0.44337037037037,"[[2, 3], [1, 4]]"
0.028739999999999998,0.02853,0.02951,0.02914,0.03006,0.03022,0.03194,0.039990000000000005,0.05264,0.04546,0.037329999999999995,0.03890999999999999,0.03539,0.03244,0.032850000000000004,0.03,0.0293,0.02956,0.03062,0.0348,0.041530000000000004,0.05863,0.05061,0.04033,0.03892,0.03667,0.03705,0.039939999999999996,0.04109,0.03939,0.04131,0.05266,0.06373,0.06251,0.05276,0.05373,0.0489,0.04285,0.04829,0.04864,0.05106,0.05017,0.05543,0.05,0.06547,0.1012,0.07967,0.0587,0.7325,0.68375,0.635,0.633153846153846,0.6675,0.565357142857142,0.48225,0.507388888888888,0.435125,0.434428571428571,0.484473684210526,0.698,0.58625,0.6959375,0.596,0.58625,0.607142857142857,0.78125,0.657583333333333,0.535642857142857,0.5236875,0.575,0.350647058823529,0.543235294117647,0.464142857142857,0.53,0.452071428571428,0.518882352941176,0.505,0.543235294117647,0.5375,0.518,0.523571428571428,0.30525,0.506625,0.504999999999999,0.557,0.535159999999999,0.38747619047619,0.405105263157894,0.424470588235294,0.493099999999999,0.522875,0.548333333333333,0.462285714285714,0.412285714285714,0.44337037037037,0.47185,"[[2, 3], [1, 4]]"
0.02853,0.02951,0.02914,0.03006,0.03022,0.03194,0.039990000000000005,0.05264,0.04546,0.037329999999999995,0.03890999999999999,0.03539,0.03244,0.032850000000000004,0.03,0.0293,0.02956,0.03062,0.0348,0.041530000000000004,0.05863,0.05061,0.04033,0.03892,0.03667,0.03705,0.039939999999999996,0.04109,0.03939,0.04131,0.05266,0.06373,0.06251,0.05276,0.05373,0.0489,0.04285,0.04829,0.04864,0.05106,0.05017,0.05543,0.05,0.06547,0.1012,0.07967,0.0587,0.048240000000000005,0.68375,0.635,0.633153846153846,0.6675,0.565357142857142,0.48225,0.507388888888888,0.435125,0.434428571428571,0.484473684210526,0.698,0.58625,0.6959375,0.596,0.58625,0.607142857142857,0.78125,0.657583333333333,0.535642857142857,0.5236875,0.575,0.350647058823529,0.543235294117647,0.464142857142857,0.53,0.452071428571428,0.518882352941176,0.505,0.543235294117647,0.5375,0.518,0.523571428571428,0.30525,0.506625,0.504999999999999,0.557,0.535159999999999,0.38747619047619,0.405105263157894,0.424470588235294,0.493099999999999,0.522875,0.548333333333333,0.462285714285714,0.412285714285714,0.44337037037037,0.47185,0.467559999999999,"[[2, 3], [1, 4]]"
0.02951,0.02914,0.03006,0.03022,0.03194,0.039990000000000005,0.05264,0.04546,0.037329999999999995,0.03890999999999999,0.03539,0.03244,0.032850000000000004,0.03,0.0293,0.02956,0.03062,0.0348,0.041530000000000004,0.05863,0.05061,0.04033,0.03892,0.03667,0.03705,0.039939999999999996,0.04109,0.03939,0.04131,0.05266,0.06373,0.06251,0.05276,0.05373,0.0489,0.04285,0.04829,0.04864,0.05106,0.05017,0.05543,0.05,0.06547,0.1012,0.07967,0.0587,0.048240000000000005,0.05,0.635,0.633153846153846,0.6675,0.565357142857142,0.48225,0.507388888888888,0.435125,0.434428571428571,0.484473684210526,0.698,0.58625,0.6959375,0.596,0.58625,0.607142857142857,0.78125,0.657583333333333,0.535642857142857,0.5236875,0.575,0.350647058823529,0.543235294117647,0.464142857142857,0.53,0.452071428571428,0.518882352941176,0.505,0.543235294117647,0.5375,0.518,0.523571428571428,0.30525,0.506625,0.504999999999999,0.557,0.535159999999999,0.38747619047619,0.405105263157894,0.424470588235294,0.493099999999999,0.522875,0.548333333333333,0.462285714285714,0.412285714285714,0.44337037037037,0.47185,0.467559999999999,0.501359999999999,"[[1, 4], [2, 3]]"
0.02914,0.03006,0.03022,0.03194,0.039990000000000005,0.05264,0.04546,0.037329999999999995,0.03890999999999999,0.03539,0.03244,0.032850000000000004,0.03,0.0293,0.02956,0.03062,0.0348,0.041530000000000004,0.05863,0.05061,0.04033,0.03892,0.03667,0.03705,0.039939999999999996,0.04109,0.03939,0.04131,0.05266,0.06373,0.06251,0.05276,0.05373,0.0489,0.04285,0.04829,0.04864,0.05106,0.05017,0.05543,0.05,0.06547,0.1012,0.07967,0.0587,0.048240000000000005,0.05,0.04147,0.633153846153846,0.6675,0.565357142857142,0.48225,0.507388888888888,0.435125,0.434428571428571,0.484473684210526,0.698,0.58625,0.6959375,0.596,0.58625,0.607142857142857,0.78125,0.657583333333333,0.535642857142857,0.5236875,0.575,0.350647058823529,0.543235294117647,0.464142857142857,0.53,0.452071428571428,0.518882352941176,0.505,0.543235294117647,0.5375,0.518,0.523571428571428,0.30525,0.506625,0.504999999999999,0.557,0.535159999999999,0.38747619047619,0.405105263157894,0.424470588235294,0.493099999999999,0.522875,0.548333333333333,0.462285714285714,0.412285714285714,0.44337037037037,0.47185,0.467559999999999,0.501359999999999,0.483679999999999,"[[1, 4], [2, 3]]"
0.03006,0.03022,0.03194,0.039990000000000005,0.05264,0.04546,0.037329999999999995,0.03890999999999999,0.03539,0.03244,0.032850000000000004,0.03,0.0293,0.02956,0.03062,0.0348,0.041530000000000004,0.05863,0.05061,0.04033,0.03892,0.03667,0.03705,0.039939999999999996,0.04109,0.03939,0.04131,0.05266,0.06373,0.06251,0.05276,0.05373,0.0489,0.04285,0.04829,0.04864,0.05106,0.05017,0.05543,0.05,0.06547,0.1012,0.07967,0.0587,0.048240000000000005,0.05,0.04147,0.038340000000000006,0.6675,0.565357142857142,0.48225,0.507388888888888,0.435125,0.434428571428571,0.484473684210526,0.698,0.58625,0.6959375,0.596,0.58625,0.607142857142857,0.78125,0.657583333333333,0.535642857142857,0.5236875,0.575,0.350647058823529,0.543235294117647,0.464142857142857,0.53,0.452071428571428,0.518882352941176,0.505,0.543235294117647,0.5375,0.518,0.523571428571428,0.30525,0.506625,0.504999999999999,0.557,0.535159999999999,0.38747619047619,0.405105263157894,0.424470588235294,0.493099999999999,0.522875,0.548333333333333,0.462285714285714,0.412285714285714,0.44337037037037,0.47185,0.467559999999999,0.501359999999999,0.483679999999999,0.453593749999999,"[[1, 4], [2, 3]]"
0.03022,0.03194,0.039990000000000005,0.05264,0.04546,0.037329999999999995,0.03890999999999999,0.03539,0.03244,0.032850000000000004,0.03,0.0293,0.02956,0.03062,0.0348,0.041530000000000004,0.05863,0.05061,0.04033,0.03892,0.03667,0.03705,0.039939999999999996,0.04109,0.03939,0.04131,0.05266,0.06373,0.06251,0.05276,0.05373,0.0489,0.04285,0.04829,0.04864,0.05106,0.05017,0.05543,0.05,0.06547,0.1012,0.07967,0.0587,0.048240000000000005,0.05,0.04147,0.038340000000000006,0.03458,0.565357142857142,0.48225,0.507388888888888,0.435125,0.434428571428571,0.484473684210526,0.698,0.58625,0.6959375,0.596,0.58625,0.607142857142857,0.78125,0.657583333333333,0.535642857142857,0.5236875,0.575,0.350647058823529,0.543235294117647,0.464142857142857,0.53,0.452071428571428,0.518882352941176,0.505,0.543235294117647,0.5375,0.518,0.523571428571428,0.30525,0.506625,0.504999999999999,0.557,0.535159999999999,0.38747619047619,0.405105263157894,0.424470588235294,0.493099999999999,0.522875,0.548333333333333,0.462285714285714,0.412285714285714,0.44337037037037,0.47185,0.467559999999999,0.501359999999999,0.483679999999999,0.453593749999999,0.501749999999999,"[[2, 3], [1, 4]]"
0.03194,0.039990000000000005,0.05264,0.04546,0.037329999999999995,0.03890999999999999,0.03539,0.03244,0.032850000000000004,0.03,0.0293,0.02956,0.03062,0.0348,0.041530000000000004,0.05863,0.05061,0.04033,0.03892,0.03667,0.03705,0.039939999999999996,0.04109,0.03939,0.04131,0.05266,0.06373,0.06251,0.05276,0.05373,0.0489,0.04285,0.04829,0.04864,0.05106,0.05017,0.05543,0.05,0.06547,0.1012,0.07967,0.0587,0.048240000000000005,0.05,0.04147,0.038340000000000006,0.03458,0.03254,0.48225,0.507388888888888,0.435125,0.434428571428571,0.484473684210526,0.698,0.58625,0.6959375,0.596,0.58625,0.607142857142857,0.78125,0.657583333333333,0.535642857142857,0.5236875,0.575,0.350647058823529,0.543235294117647,0.464142857142857,0.53,0.452071428571428,0.518882352941176,0.505,0.543235294117647,0.5375,0.518,0.523571428571428,0.30525,0.506625,0.504999999999999,0.557,0.535159999999999,0.38747619047619,0.405105263157894,0.424470588235294,0.493099999999999,0.522875,0.548333333333333,0.462285714285714,0.412285714285714,0.44337037037037,0.47185,0.467559999999999,0.501359999999999,0.483679999999999,0.453593749999999,0.501749999999999,0.456604166666666,"[[1, 4], [2, 3]]"
0.039990000000000005,0.05264,0.04546,0.037329999999999995,0.03890999999999999,0.03539,0.03244,0.032850000000000004,0.03,0.0293,0.02956,0.03062,0.0348,0.041530000000000004,0.05863,0.05061,0.04033,0.03892,0.03667,0.03705,0.039939999999999996,0.04109,0.03939,0.04131,0.05266,0.06373,0.06251,0.05276,0.05373,0.0489,0.04285,0.04829,0.04864,0.05106,0.05017,0.05543,0.05,0.06547,0.1012,0.07967,0.0587,0.048240000000000005,0.05,0.04147,0.038340000000000006,0.03458,0.03254,0.03199,0.507388888888888,0.435125,0.434428571428571,0.484473684210526,0.698,0.58625,0.6959375,0.596,0.58625,0.607142857142857,0.78125,0.657583333333333,0.535642857142857,0.5236875,0.575,0.350647058823529,0.543235294117647,0.464142857142857,0.53,0.452071428571428,0.518882352941176,0.505,0.543235294117647,0.5375,0.518,0.523571428571428,0.30525,0.506625,0.504999999999999,0.557,0.535159999999999,0.38747619047619,0.405105263157894,0.424470588235294,0.493099999999999,0.522875,0.548333333333333,0.462285714285714,0.412285714285714,0.44337037037037,0.47185,0.467559999999999,0.501359999999999,0.483679999999999,0.453593749999999,0.501749999999999,0.456604166666666,0.506538461538461,"[[1, 4], [2, 3]]"
0.05264,0.04546,0.037329999999999995,0.03890999999999999,0.03539,0.03244,0.032850000000000004,0.03,0.0293,0.02956,0.03062,0.0348,0.041530000000000004,0.05863,0.05061,0.04033,0.03892,0.03667,0.03705,0.039939999999999996,0.04109,0.03939,0.04131,0.05266,0.06373,0.06251,0.05276,0.05373,0.0489,0.04285,0.04829,0.04864,0.05106,0.05017,0.05543,0.05,0.06547,0.1012,0.07967,0.0587,0.048240000000000005,0.05,0.04147,0.038340000000000006,0.03458,0.03254,0.03199,0.04556,0.435125,0.434428571428571,0.484473684210526,0.698,0.58625,0.6959375,0.596,0.58625,0.607142857142857,0.78125,0.657583333333333,0.535642857142857,0.5236875,0.575,0.350647058823529,0.543235294117647,0.464142857142857,0.53,0.452071428571428,0.518882352941176,0.505,0.543235294117647,0.5375,0.518,0.523571428571428,0.30525,0.506625,0.504999999999999,0.557,0.535159999999999,0.38747619047619,0.405105263157894,0.424470588235294,0.493099999999999,0.522875,0.548333333333333,0.462285714285714,0.412285714285714,0.44337037037037,0.47185,0.467559999999999,0.501359999999999,0.483679999999999,0.453593749999999,0.501749999999999,0.456604166666666,0.506538461538461,0.464322580645161,"[[1, 4], [2, 3]]"
0.04546,0.037329999999999995,0.03890999999999999,0.03539,0.03244,0.032850000000000004,0.03,0.0293,0.02956,0.03062,0.0348,0.041530000000000004,0.05863,0.05061,0.04033,0.03892,0.03667,0.03705,0.039939999999999996,0.04109,0.03939,0.04131,0.05266,0.06373,0.06251,0.05276,0.05373,0.0489,0.04285,0.04829,0.04864,0.05106,0.05017,0.05543,0.05,0.06547,0.1012,0.07967,0.0587,0.048240000000000005,0.05,0.04147,0.038340000000000006,0.03458,0.03254,0.03199,0.04556,0.04978,0.434428571428571,0.484473684210526,0.698,0.58625,0.6959375,0.596,0.58625,0.607142857142857,0.78125,0.657583333333333,0.535642857142857,0.5236875,0.575,0.350647058823529,0.543235294117647,0.464142857142857,0.53,0.452071428571428,0.518882352941176,0.505,0.543235294117647,0.5375,0.518,0.523571428571428,0.30525,0.506625,0.504999999999999,0.557,0.535159999999999,0.38747619047619,0.405105263157894,0.424470588235294,0.493099999999999,0.522875,0.548333333333333,0.462285714285714,0.412285714285714,0.44337037037037,0.47185,0.467559999999999,0.501359999999999,0.483679999999999,0.453593749999999,0.501749999999999,0.456604166666666,0.506538461538461,0.464322580645161,0.478093023255813,"[[1, 4], [2, 3]]"
0.037329999999999995,0.03890999999999999,0.03539,0.03244,0.032850000000000004,0.03,0.0293,0.02956,0.03062,0.0348,0.041530000000000004,0.05863,0.05061,0.04033,0.03892,0.03667,0.03705,0.039939999999999996,0.04109,0.03939,0.04131,0.05266,0.06373,0.06251,0.05276,0.05373,0.0489,0.04285,0.04829,0.04864,0.05106,0.05017,0.05543,0.05,0.06547,0.1012,0.07967,0.0587,0.048240000000000005,0.05,0.04147,0.038340000000000006,0.03458,0.03254,0.03199,0.04556,0.04978,0.04864,0.484473684210526,0.698,0.58625,0.6959375,0.596,0.58625,0.607142857142857,0.78125,0.657583333333333,0.535642857142857,0.5236875,0.575,0.350647058823529,0.543235294117647,0.464142857142857,0.53,0.452071428571428,0.518882352941176,0.505,0.543235294117647,0.5375,0.518,0.523571428571428,0.30525,0.506625,0.504999999999999,0.557,0.535159999999999,0.38747619047619,0.405105263157894,0.424470588235294,0.493099999999999,0.522875,0.548333333333333,0.462285714285714,0.412285714285714,0.44337037037037,0.47185,0.467559999999999,0.501359999999999,0.483679999999999,0.453593749999999,0.501749999999999,0.456604166666666,0.506538461538461,0.464322580645161,0.478093023255813,0.474839999999999,"[[1, 4], [2, 3]]"
0.03890999999999999,0.03539,0.03244,0.032850000000000004,0.03,0.0293,0.02956,0.03062,0.0348,0.041530000000000004,0.05863,0.05061,0.04033,0.03892,0.03667,0.03705,0.039939999999999996,0.04109,0.03939,0.04131,0.05266,0.06373,0.06251,0.05276,0.05373,0.0489,0.04285,0.04829,0.04864,0.05106,0.05017,0.05543,0.05,0.06547,0.1012,0.07967,0.0587,0.048240000000000005,0.05,0.04147,0.038340000000000006,0.03458,0.03254,0.03199,0.04556,0.04978,0.04864,0.04504,0.698,0.58625,0.6959375,0.596,0.58625,0.607142857142857,0.78125,0.657583333333333,0.535642857142857,0.5236875,0.575,0.350647058823529,0.543235294117647,0.464142857142857,0.53,0.452071428571428,0.518882352941176,0.505,0.543235294117647,0.5375,0.518,0.523571428571428,0.30525,0.506625,0.504999999999999,0.557,0.535159999999999,0.38747619047619,0.405105263157894,0.424470588235294,0.493099999999999,0.522875,0.548333333333333,0.462285714285714,0.412285714285714,0.44337037037037,0.47185,0.467559999999999,0.501359999999999,0.483679999999999,0.453593749999999,0.501749999999999,0.456604166666666,0.506538461538461,0.464322580645161,0.478093023255813,0.474839999999999,0.489576923076922,"[[1, 4], [2, 3]]"
0.03539,0.03244,0.032850000000000004,0.03,0.0293,0.02956,0.03062,0.0348,0.041530000000000004,0.05863,0.05061,0.04033,0.03892,0.03667,0.03705,0.039939999999999996,0.04109,0.03939,0.04131,0.05266,0.06373,0.06251,0.05276,0.05373,0.0489,0.04285,0.04829,0.04864,0.05106,0.05017,0.05543,0.05,0.06547,0.1012,0.07967,0.0587,0.048240000000000005,0.05,0.04147,0.038340000000000006,0.03458,0.03254,0.03199,0.04556,0.04978,0.04864,0.04504,0.0416,0.58625,0.6959375,0.596,0.58625,0.607142857142857,0.78125,0.657583333333333,0.535642857142857,0.5236875,0.575,0.350647058823529,0.543235294117647,0.464142857142857,0.53,0.452071428571428,0.518882352941176,0.505,0.543235294117647,0.5375,0.518,0.523571428571428,0.30525,0.506625,0.504999999999999,0.557,0.535159999999999,0.38747619047619,0.405105263157894,0.424470588235294,0.493099999999999,0.522875,0.548333333333333,0.462285714285714,0.412285714285714,0.44337037037037,0.47185,0.467559999999999,0.501359999999999,0.483679999999999,0.453593749999999,0.501749999999999,0.456604166666666,0.506538461538461,0.464322580645161,0.478093023255813,0.474839999999999,0.489576923076922,0.6325625,"[[2, 3], [1, 4]]"
0.03244,0.032850000000000004,0.03,0.0293,0.02956,0.03062,0.0348,0.041530000000000004,0.05863,0.05061,0.04033,0.03892,0.03667,0.03705,0.039939999999999996,0.04109,0.03939,0.04131,0.05266,0.06373,0.06251,0.05276,0.05373,0.0489,0.04285,0.04829,0.04864,0.05106,0.05017,0.05543,0.05,0.06547,0.1012,0.07967,0.0587,0.048240000000000005,0.05,0.04147,0.038340000000000006,0.03458,0.03254,0.03199,0.04556,0.04978,0.04864,0.04504,0.0416,0.02996,0.6959375,0.596,0.58625,0.607142857142857,0.78125,0.657583333333333,0.535642857142857,0.5236875,0.575,0.350647058823529,0.543235294117647,0.464142857142857,0.53,0.452071428571428,0.518882352941176,0.505,0.543235294117647,0.5375,0.518,0.523571428571428,0.30525,0.506625,0.504999999999999,0.557,0.535159999999999,0.38747619047619,0.405105263157894,0.424470588235294,0.493099999999999,0.522875,0.548333333333333,0.462285714285714,0.412285714285714,0.44337037037037,0.47185,0.467559999999999,0.501359999999999,0.483679999999999,0.453593749999999,0.501749999999999,0.456604166666666,0.506538461538461,0.464322580645161,0.478093023255813,0.474839999999999,0.489576923076922,0.6325625,0.676411764705882,"[[1, 4], [2, 3]]"
0.032850000000000004,0.03,0.0293,0.02956,0.03062,0.0348,0.041530000000000004,0.05863,0.05061,0.04033,0.03892,0.03667,0.03705,0.039939999999999996,0.04109,0.03939,0.04131,0.05266,0.06373,0.06251,0.05276,0.05373,0.0489,0.04285,0.04829,0.04864,0.05106,0.05017,0.05543,0.05,0.06547,0.1012,0.07967,0.0587,0.048240000000000005,0.05,0.04147,0.038340000000000006,0.03458,0.03254,0.03199,0.04556,0.04978,0.04864,0.04504,0.0416,0.02996,0.026539999999999998,0.596,0.58625,0.607142857142857,0.78125,0.657583333333333,0.535642857142857,0.5236875,0.575,0.350647058823529,0.543235294117647,0.464142857142857,0.53,0.452071428571428,0.518882352941176,0.505,0.543235294117647,0.5375,0.518,0.523571428571428,0.30525,0.506625,0.504999999999999,0.557,0.535159999999999,0.38747619047619,0.405105263157894,0.424470588235294,0.493099999999999,0.522875,0.548333333333333,0.462285714285714,0.412285714285714,0.44337037037037,0.47185,0.467559999999999,0.501359999999999,0.483679999999999,0.453593749999999,0.501749999999999,0.456604166666666,0.506538461538461,0.464322580645161,0.478093023255813,0.474839999999999,0.489576923076922,0.6325625,0.676411764705882,0.615499999999999,"[[2, 3], [1, 4]]"
0.03,0.0293,0.02956,0.03062,0.0348,0.041530000000000004,0.05863,0.05061,0.04033,0.03892,0.03667,0.03705,0.039939999999999996,0.04109,0.03939,0.04131,0.05266,0.06373,0.06251,0.05276,0.05373,0.0489,0.04285,0.04829,0.04864,0.05106,0.05017,0.05543,0.05,0.06547,0.1012,0.07967,0.0587,0.048240000000000005,0.05,0.04147,0.038340000000000006,0.03458,0.03254,0.03199,0.04556,0.04978,0.04864,0.04504,0.0416,0.02996,0.026539999999999998,0.03447,0.58625,0.607142857142857,0.78125,0.657583333333333,0.535642857142857,0.5236875,0.575,0.350647058823529,0.543235294117647,0.464142857142857,0.53,0.452071428571428,0.518882352941176,0.505,0.543235294117647,0.5375,0.518,0.523571428571428,0.30525,0.506625,0.504999999999999,0.557,0.535159999999999,0.38747619047619,0.405105263157894,0.424470588235294,0.493099999999999,0.522875,0.548333333333333,0.462285714285714,0.412285714285714,0.44337037037037,0.47185,0.467559999999999,0.501359999999999,0.483679999999999,0.453593749999999,0.501749999999999,0.456604166666666,0.506538461538461,0.464322580645161,0.478093023255813,0.474839999999999,0.489576923076922,0.6325625,0.676411764705882,0.615499999999999,0.641964285714285,"[[2, 3], [1, 4]]"
0.0293,0.02956,0.03062,0.0348,0.041530000000000004,0.05863,0.05061,0.04033,0.03892,0.03667,0.03705,0.039939999999999996,0.04109,0.03939,0.04131,0.05266,0.06373,0.06251,0.05276,0.05373,0.0489,0.04285,0.04829,0.04864,0.05106,0.05017,0.05543,0.05,0.06547,0.1012,0.07967,0.0587,0.048240000000000005,0.05,0.04147,0.038340000000000006,0.03458,0.03254,0.03199,0.04556,0.04978,0.04864,0.04504,0.0416,0.02996,0.026539999999999998,0.03447,0.033280000000000004,0.607142857142857,0.78125,0.657583333333333,0.535642857142857,0.5236875,0.575,0.350647058823529,0.543235294117647,0.464142857142857,0.53,0.452071428571428,0.518882352941176,0.505,0.543235294117647,0.5375,0.518,0.523571428571428,0.30525,0.506625,0.504999999999999,0.557,0.535159999999999,0.38747619047619,0.405105263157894,0.424470588235294,0.493099999999999,0.522875,0.548333333333333,0.462285714285714,0.412285714285714,0.44337037037037,0.47185,0.467559999999999,0.501359999999999,0.483679999999999,0.453593749999999,0.501749999999999,0.456604166666666,0.506538461538461,0.464322580645161,0.478093023255813,0.474839999999999,0.489576923076922,0.6325625,0.676411764705882,0.615499999999999,0.641964285714285,0.690076923076922,"[[2, 3], [1, 4]]"
0.02956,0.03062,0.0348,0.041530000000000004,0.05863,0.05061,0.04033,0.03892,0.03667,0.03705,0.039939999999999996,0.04109,0.03939,0.04131,0.05266,0.06373,0.06251,0.05276,0.05373,0.0489,0.04285,0.04829,0.04864,0.05106,0.05017,0.05543,0.05,0.06547,0.1012,0.07967,0.0587,0.048240000000000005,0.05,0.04147,0.038340000000000006,0.03458,0.03254,0.03199,0.04556,0.04978,0.04864,0.04504,0.0416,0.02996,0.026539999999999998,0.03447,0.033280000000000004,0.0314,0.78125,0.657583333333333,0.535642857142857,0.5236875,0.575,0.350647058823529,0.543235294117647,0.464142857142857,0.53,0.452071428571428,0.518882352941176,0.505,0.543235294117647,0.5375,0.518,0.523571428571428,0.30525,0.506625,0.504999999999999,0.557,0.535159999999999,0.38747619047619,0.405105263157894,0.424470588235294,0.493099999999999,0.522875,0.548333333333333,0.462285714285714,0.412285714285714,0.44337037037037,0.47185,0.467559999999999,0.501359999999999,0.483679999999999,0.453593749999999,0.501749999999999,0.456604166666666,0.506538461538461,0.464322580645161,0.478093023255813,0.474839999999999,0.489576923076922,0.6325625,0.676411764705882,0.615499999999999,0.641964285714285,0.690076923076922,0.732499999999999,"[[2, 3], [1, 4]]"
0.03062,0.0348,0.041530000000000004,0.05863,0.05061,0.04033,0.03892,0.03667,0.03705,0.039939999999999996,0.04109,0.03939,0.04131,0.05266,0.06373,0.06251,0.05276,0.05373,0.0489,0.04285,0.04829,0.04864,0.05106,0.05017,0.05543,0.05,0.06547,0.1012,0.07967,0.0587,0.048240000000000005,0.05,0.04147,0.038340000000000006,0.03458,0.03254,0.03199,0.04556,0.04978,0.04864,0.04504,0.0416,0.02996,0.026539999999999998,0.03447,0.033280000000000004,0.0314,0.032310000000000005,0.657583333333333,0.535642857142857,0.5236875,0.575,0.350647058823529,0.543235294117647,0.464142857142857,0.53,0.452071428571428,0.518882352941176,0.505,0.543235294117647,0.5375,0.518,0.523571428571428,0.30525,0.506625,0.504999999999999,0.557,0.535159999999999,0.38747619047619,0.405105263157894,0.424470588235294,0.493099999999999,0.522875,0.548333333333333,0.462285714285714,0.412285714285714,0.44337037037037,0.47185,0.467559999999999,0.501359999999999,0.483679999999999,0.453593749999999,0.501749999999999,0.456604166666666,0.506538461538461,0.464322580645161,0.478093023255813,0.474839999999999,0.489576923076922,0.6325625,0.676411764705882,0.615499999999999,0.641964285714285,0.690076923076922,0.732499999999999,0.820045454545454,"[[2, 3], [1, 4]]"
0.0348,0.041530000000000004,0.05863,0.05061,0.04033,0.03892,0.03667,0.03705,0.039939999999999996,0.04109,0.03939,0.04131,0.05266,0.06373,0.06251,0.05276,0.05373,0.0489,0.04285,0.04829,0.04864,0.05106,0.05017,0.05543,0.05,0.06547,0.1012,0.07967,0.0587,0.048240000000000005,0.05,0.04147,0.038340000000000006,0.03458,0.03254,0.03199,0.04556,0.04978,0.04864,0.04504,0.0416,0.02996,0.026539999999999998,0.03447,0.033280000000000004,0.0314,0.032310000000000005,0.03118,0.535642857142857,0.5236875,0.575,0.350647058823529,0.543235294117647,0.464142857142857,0.53,0.452071428571428,0.518882352941176,0.505,0.543235294117647,0.5375,0.518,0.523571428571428,0.30525,0.506625,0.504999999999999,0.557,0.535159999999999,0.38747619047619,0.405105263157894,0.424470588235294,0.493099999999999,0.522875,0.548333333333333,0.462285714285714,0.412285714285714,0.44337037037037,0.47185,0.467559999999999,0.501359999999999,0.483679999999999,0.453593749999999,0.501749999999999,0.456604166666666,0.506538461538461,0.464322580645161,0.478093023255813,0.474839999999999,0.489576923076922,0.6325625,0.676411764705882,0.615499999999999,0.641964285714285,0.690076923076922,0.732499999999999,0.820045454545454,0.686315789473684,"[[2, 3], [1, 4]]"
0.041530000000000004,0.05863,0.05061,0.04033,0.03892,0.03667,0.03705,0.039939999999999996,0.04109,0.03939,0.04131,0.05266,0.06373,0.06251,0.05276,0.05373,0.0489,0.04285,0.04829,0.04864,0.05106,0.05017,0.05543,0.05,0.06547,0.1012,0.07967,0.0587,0.048240000000000005,0.05,0.04147,0.038340000000000006,0.03458,0.03254,0.03199,0.04556,0.04978,0.04864,0.04504,0.0416,0.02996,0.026539999999999998,0.03447,0.033280000000000004,0.0314,0.032310000000000005,0.03118,0.03109,0.5236875,0.575,0.350647058823529,0.543235294117647,0.464142857142857,0.53,0.452071428571428,0.518882352941176,0.505,0.543235294117647,0.5375,0.518,0.523571428571428,0.30525,0.506625,0.504999999999999,0.557,0.535159999999999,0.38747619047619,0.405105263157894,0.424470588235294,0.493099999999999,0.522875,0.548333333333333,0.462285714285714,0.412285714285714,0.44337037037037,0.47185,0.467559999999999,0.501359999999999,0.483679999999999,0.453593749999999,0.501749999999999,0.456604166666666,0.506538461538461,0.464322580645161,0.478093023255813,0.474839999999999,0.489576923076922,0.6325625,0.676411764705882,0.615499999999999,0.641964285714285,0.690076923076922,0.732499999999999,0.820045454545454,0.686315789473684,0.7325,"[[2, 3], [1, 4]]"
0.05863,0.05061,0.04033,0.03892,0.03667,0.03705,0.039939999999999996,0.04109,0.03939,0.04131,0.05266,0.06373,0.06251,0.05276,0.05373,0.0489,0.04285,0.04829,0.04864,0.05106,0.05017,0.05543,0.05,0.06547,0.1012,0.07967,0.0587,0.048240000000000005,0.05,0.04147,0.038340000000000006,0.03458,0.03254,0.03199,0.04556,0.04978,0.04864,0.04504,0.0416,0.02996,0.026539999999999998,0.03447,0.033280000000000004,0.0314,0.032310000000000005,0.03118,0.03109,0.04249,0.575,0.350647058823529,0.543235294117647,0.464142857142857,0.53,0.452071428571428,0.518882352941176,0.505,0.543235294117647,0.5375,0.518,0.523571428571428,0.30525,0.506625,0.504999999999999,0.557,0.535159999999999,0.38747619047619,0.405105263157894,0.424470588235294,0.493099999999999,0.522875,0.548333333333333,0.462285714285714,0.412285714285714,0.44337037037037,0.47185,0.467559999999999,0.501359999999999,0.483679999999999,0.453593749999999,0.501749999999999,0.456604166666666,0.506538461538461,0.464322580645161,0.478093023255813,0.474839999999999,0.489576923076922,0.6325625,0.676411764705882,0.615499999999999,0.641964285714285,0.690076923076922,0.732499999999999,0.820045454545454,0.686315789473684,0.7325,0.526125,"[[2, 3], [1, 4]]"
0.05061,0.04033,0.03892,0.03667,0.03705,0.039939999999999996,0.04109,0.03939,0.04131,0.05266,0.06373,0.06251,0.05276,0.05373,0.0489,0.04285,0.04829,0.04864,0.05106,0.05017,0.05543,0.05,0.06547,0.1012,0.07967,0.0587,0.048240000000000005,0.05,0.04147,0.038340000000000006,0.03458,0.03254,0.03199,0.04556,0.04978,0.04864,0.04504,0.0416,0.02996,0.026539999999999998,0.03447,0.033280000000000004,0.0314,0.032310000000000005,0.03118,0.03109,0.04249,0.05069,0.350647058823529,0.543235294117647,0.464142857142857,0.53,0.452071428571428,0.518882352941176,0.505,0.543235294117647,0.5375,0.518,0.523571428571428,0.30525,0.506625,0.504999999999999,0.557,0.535159999999999,0.38747619047619,0.405105263157894,0.424470588235294,0.493099999999999,0.522875,0.548333333333333,0.462285714285714,0.412285714285714,0.44337037037037,0.47185,0.467559999999999,0.501359999999999,0.483679999999999,0.453593749999999,0.501749999999999,0.456604166666666,0.506538461538461,0.464322580645161,0.478093023255813,0.474839999999999,0.489576923076922,0.6325625,0.676411764705882,0.615499999999999,0.641964285714285,0.690076923076922,0.732499999999999,0.820045454545454,0.686315789473684,0.7325,0.526125,0.4869,"[[2, 3], [1, 4]]"
0.04033,0.03892,0.03667,0.03705,0.039939999999999996,0.04109,0.03939,0.04131,0.05266,0.06373,0.06251,0.05276,0.05373,0.0489,0.04285,0.04829,0.04864,0.05106,0.05017,0.05543,0.05,0.06547,0.1012,0.07967,0.0587,0.048240000000000005,0.05,0.04147,0.038340000000000006,0.03458,0.03254,0.03199,0.04556,0.04978,0.04864,0.04504,0.0416,0.02996,0.026539999999999998,0.03447,0.033280000000000004,0.0314,0.032310000000000005,0.03118,0.03109,0.04249,0.05069,0.047310000000000005,0.543235294117647,0.464142857142857,0.53,0.452071428571428,0.518882352941176,0.505,0.543235294117647,0.5375,0.518,0.523571428571428,0.30525,0.506625,0.504999999999999,0.557,0.535159999999999,0.38747619047619,0.405105263157894,0.424470588235294,0.493099999999999,0.522875,0.548333333333333,0.462285714285714,0.412285714285714,0.44337037037037,0.47185,0.467559999999999,0.501359999999999,0.483679999999999,0.453593749999999,0.501749999999999,0.456604166666666,0.506538461538461,0.464322580645161,0.478093023255813,0.474839999999999,0.489576923076922,0.6325625,0.676411764705882,0.615499999999999,0.641964285714285,0.690076923076922,0.732499999999999,0.820045454545454,0.686315789473684,0.7325,0.526125,0.4869,0.52390909090909,"[[2, 3], [1, 4]]"
0.03892,0.03667,0.03705,0.039939999999999996,0.04109,0.03939,0.04131,0.05266,0.06373,0.06251,0.05276,0.05373,0.0489,0.04285,0.04829,0.04864,0.05106,0.05017,0.05543,0.05,0.06547,0.1012,0.07967,0.0587,0.048240000000000005,0.05,0.04147,0.038340000000000006,0.03458,0.03254,0.03199,0.04556,0.04978,0.04864,0.04504,0.0416,0.02996,0.026539999999999998,0.03447,0.033280000000000004,0.0314,0.032310000000000005,0.03118,0.03109,0.04249,0.05069,0.047310000000000005,0.04076,0.464142857142857,0.53,0.452071428571428,0.518882352941176,0.505,0.543235294117647,0.5375,0.518,0.523571428571428,0.30525,0.506625,0.504999999999999,0.557,0.535159999999999,0.38747619047619,0.405105263157894,0.424470588235294,0.493099999999999,0.522875,0.548333333333333,0.462285714285714,0.412285714285714,0.44337037037037,0.47185,0.467559999999999,0.501359999999999,0.483679999999999,0.453593749999999,0.501749999999999,0.456604166666666,0.506538461538461,0.464322580645161,0.478093023255813,0.474839999999999,0.489576923076922,0.6325625,0.676411764705882,0.615499999999999,0.641964285714285,0.690076923076922,0.732499999999999,0.820045454545454,0.686315789473684,0.7325,0.526125,0.4869,0.52390909090909,0.402238095238095,"[[2, 3], [1, 4]]"
0.03667,0.03705,0.039939999999999996,0.04109,0.03939,0.04131,0.05266,0.06373,0.06251,0.05276,0.05373,0.0489,0.04285,0.04829,0.04864,0.05106,0.05017,0.05543,0.05,0.06547,0.1012,0.07967,0.0587,0.048240000000000005,0.05,0.04147,0.038340000000000006,0.03458,0.03254,0.03199,0.04556,0.04978,0.04864,0.04504,0.0416,0.02996,0.026539999999999998,0.03447,0.033280000000000004,0.0314,0.032310000000000005,0.03118,0.03109,0.04249,0.05069,0.047310000000000005,0.04076,0.039799999999999995,0.53,0.452071428571428,0.518882352941176,0.505,0.543235294117647,0.5375,0.518,0.523571428571428,0.30525,0.506625,0.504999999999999,0.557,0.535159999999999,0.38747619047619,0.405105263157894,0.424470588235294,0.493099999999999,0.522875,0.548333333333333,0.462285714285714,0.412285714285714,0.44337037037037,0.47185,0.467559999999999,0.501359999999999,0.483679999999999,0.453593749999999,0.501749999999999,0.456604166666666,0.506538461538461,0.464322580645161,0.478093023255813,0.474839999999999,0.489576923076922,0.6325625,0.676411764705882,0.615499999999999,0.641964285714285,0.690076923076922,0.732499999999999,0.820045454545454,0.686315789473684,0.7325,0.526125,0.4869,0.52390909090909,0.402238095238095,0.488578947368421,"[[1, 4], [2, 3]]"
0.03705,0.039939999999999996,0.04109,0.03939,0.04131,0.05266,0.06373,0.06251,0.05276,0.05373,0.0489,0.04285,0.04829,0.04864,0.05106,0.05017,0.05543,0.05,0.06547,0.1012,0.07967,0.0587,0.048240000000000005,0.05,0.04147,0.038340000000000006,0.03458,0.03254,0.03199,0.04556,0.04978,0.04864,0.04504,0.0416,0.02996,0.026539999999999998,0.03447,0.033280000000000004,0.0314,0.032310000000000005,0.03118,0.03109,0.04249,0.05069,0.047310000000000005,0.04076,0.039799999999999995,0.04,0.452071428571428,0.518882352941176,0.505,0.543235294117647,0.5375,0.518,0.523571428571428,0.30525,0.506625,0.504999999999999,0.557,0.535159999999999,0.38747619047619,0.405105263157894,0.424470588235294,0.493099999999999,0.522875,0.548333333333333,0.462285714285714,0.412285714285714,0.44337037037037,0.47185,0.467559999999999,0.501359999999999,0.483679999999999,0.453593749999999,0.501749999999999,0.456604166666666,0.506538461538461,0.464322580645161,0.478093023255813,0.474839999999999,0.489576923076922,0.6325625,0.676411764705882,0.615499999999999,0.641964285714285,0.690076923076922,0.732499999999999,0.820045454545454,0.686315789473684,0.7325,0.526125,0.4869,0.52390909090909,0.402238095238095,0.488578947368421,0.6675,"[[2, 3], [1, 4]]"
0.039939999999999996,0.04109,0.03939,0.04131,0.05266,0.06373,0.06251,0.05276,0.05373,0.0489,0.04285,0.04829,0.04864,0.05106,0.05017,0.05543,0.05,0.06547,0.1012,0.07967,0.0587,0.048240000000000005,0.05,0.04147,0.038340000000000006,0.03458,0.03254,0.03199,0.04556,0.04978,0.04864,0.04504,0.0416,0.02996,0.026539999999999998,0.03447,0.033280000000000004,0.0314,0.032310000000000005,0.03118,0.03109,0.04249,0.05069,0.047310000000000005,0.04076,0.039799999999999995,0.04,0.03853,0.518882352941176,0.505,0.543235294117647,0.5375,0.518,0.523571428571428,0.30525,0.506625,0.504999999999999,0.557,0.535159999999999,0.38747619047619,0.405105263157894,0.424470588235294,0.493099999999999,0.522875,0.548333333333333,0.462285714285714,0.412285714285714,0.44337037037037,0.47185,0.467559999999999,0.501359999999999,0.483679999999999,0.453593749999999,0.501749999999999,0.456604166666666,0.506538461538461,0.464322580645161,0.478093023255813,0.474839999999999,0.489576923076922,0.6325625,0.676411764705882,0.615499999999999,0.641964285714285,0.690076923076922,0.732499999999999,0.820045454545454,0.686315789473684,0.7325,0.526125,0.4869,0.52390909090909,0.402238095238095,0.488578947368421,0.6675,0.58625,"[[1, 4], [2, 3]]"
0.04109,0.03939,0.04131,0.05266,0.06373,0.06251,0.05276,0.05373,0.0489,0.04285,0.04829,0.04864,0.05106,0.05017,0.05543,0.05,0.06547,0.1012,0.07967,0.0587,0.048240000000000005,0.05,0.04147,0.038340000000000006,0.03458,0.03254,0.03199,0.04556,0.04978,0.04864,0.04504,0.0416,0.02996,0.026539999999999998,0.03447,0.033280000000000004,0.0314,0.032310000000000005,0.03118,0.03109,0.04249,0.05069,0.047310000000000005,0.04076,0.039799999999999995,0.04,0.03853,0.0351,0.505,0.543235294117647,0.5375,0.518,0.523571428571428,0.30525,0.506625,0.504999999999999,0.557,0.535159999999999,0.38747619047619,0.405105263157894,0.424470588235294,0.493099999999999,0.522875,0.548333333333333,0.462285714285714,0.412285714285714,0.44337037037037,0.47185,0.467559999999999,0.501359999999999,0.483679999999999,0.453593749999999,0.501749999999999,0.456604166666666,0.506538461538461,0.464322580645161,0.478093023255813,0.474839999999999,0.489576923076922,0.6325625,0.676411764705882,0.615499999999999,0.641964285714285,0.690076923076922,0.732499999999999,0.820045454545454,0.686315789473684,0.7325,0.526125,0.4869,0.52390909090909,0.402238095238095,0.488578947368421,0.6675,0.58625,0.659374999999999,"[[1, 4], [2, 3]]"
0.03939,0.04131,0.05266,0.06373,0.06251,0.05276,0.05373,0.0489,0.04285,0.04829,0.04864,0.05106,0.05017,0.05543,0.05,0.06547,0.1012,0.07967,0.0587,0.048240000000000005,0.05,0.04147,0.038340000000000006,0.03458,0.03254,0.03199,0.04556,0.04978,0.04864,0.04504,0.0416,0.02996,0.026539999999999998,0.03447,0.033280000000000004,0.0314,0.032310000000000005,0.03118,0.03109,0.04249,0.05069,0.047310000000000005,0.04076,0.039799999999999995,0.04,0.03853,0.0351,0.033549999999999996,0.543235294117647,0.5375,0.518,0.523571428571428,0.30525,0.506625,0.504999999999999,0.557,0.535159999999999,0.38747619047619,0.405105263157894,0.424470588235294,0.493099999999999,0.522875,0.548333333333333,0.462285714285714,0.412285714285714,0.44337037037037,0.47185,0.467559999999999,0.501359999999999,0.483679999999999,0.453593749999999,0.501749999999999,0.456604166666666,0.506538461538461,0.464322580645161,0.478093023255813,0.474839999999999,0.489576923076922,0.6325625,0.676411764705882,0.615499999999999,0.641964285714285,0.690076923076922,0.732499999999999,0.820045454545454,0.686315789473684,0.7325,0.526125,0.4869,0.52390909090909,0.402238095238095,0.488578947368421,0.6675,0.58625,0.659374999999999,0.760666666666666,"[[2, 3], [1, 4]]"
0.04131,0.05266,0.06373,0.06251,0.05276,0.05373,0.0489,0.04285,0.04829,0.04864,0.05106,0.05017,0.05543,0.05,0.06547,0.1012,0.07967,0.0587,0.048240000000000005,0.05,0.04147,0.038340000000000006,0.03458,0.03254,0.03199,0.04556,0.04978,0.04864,0.04504,0.0416,0.02996,0.026539999999999998,0.03447,0.033280000000000004,0.0314,0.032310000000000005,0.03118,0.03109,0.04249,0.05069,0.047310000000000005,0.04076,0.039799999999999995,0.04,0.03853,0.0351,0.033549999999999996,0.03268,0.5375,0.518,0.523571428571428,0.30525,0.506625,0.504999999999999,0.557,0.535159999999999,0.38747619047619,0.405105263157894,0.424470588235294,0.493099999999999,0.522875,0.548333333333333,0.462285714285714,0.412285714285714,0.44337037037037,0.47185,0.467559999999999,0.501359999999999,0.483679999999999,0.453593749999999,0.501749999999999,0.456604166666666,0.506538461538461,0.464322580645161,0.478093023255813,0.474839999999999,0.489576923076922,0.6325625,0.676411764705882,0.615499999999999,0.641964285714285,0.690076923076922,0.732499999999999,0.820045454545454,0.686315789473684,0.7325,0.526125,0.4869,0.52390909090909,0.402238095238095,0.488578947368421,0.6675,0.58625,0.659374999999999,0.760666666666666,0.614,"[[1, 4], [2, 3]]"
0.05266,0.06373,0.06251,0.05276,0.05373,0.0489,0.04285,0.04829,0.04864,0.05106,0.05017,0.05543,0.05,0.06547,0.1012,0.07967,0.0587,0.048240000000000005,0.05,0.04147,0.038340000000000006,0.03458,0.03254,0.03199,0.04556,0.04978,0.04864,0.04504,0.0416,0.02996,0.026539999999999998,0.03447,0.033280000000000004,0.0314,0.032310000000000005,0.03118,0.03109,0.04249,0.05069,0.047310000000000005,0.04076,0.039799999999999995,0.04,0.03853,0.0351,0.033549999999999996,0.03268,0.03383,0.518,0.523571428571428,0.30525,0.506625,0.504999999999999,0.557,0.535159999999999,0.38747619047619,0.405105263157894,0.424470588235294,0.493099999999999,0.522875,0.548333333333333,0.462285714285714,0.412285714285714,0.44337037037037,0.47185,0.467559999999999,0.501359999999999,0.483679999999999,0.453593749999999,0.501749999999999,0.456604166666666,0.506538461538461,0.464322580645161,0.478093023255813,0.474839999999999,0.489576923076922,0.6325625,0.676411764705882,0.615499999999999,0.641964285714285,0.690076923076922,0.732499999999999,0.820045454545454,0.686315789473684,0.7325,0.526125,0.4869,0.52390909090909,0.402238095238095,0.488578947368421,0.6675,0.58625,0.659374999999999,0.760666666666666,0.614,0.87875,"[[2, 3], [1, 4]]"
0.06373,0.06251,0.05276,0.05373,0.0489,0.04285,0.04829,0.04864,0.05106,0.05017,0.05543,0.05,0.06547,0.1012,0.07967,0.0587,0.048240000000000005,0.05,0.04147,0.038340000000000006,0.03458,0.03254,0.03199,0.04556,0.04978,0.04864,0.04504,0.0416,0.02996,0.026539999999999998,0.03447,0.033280000000000004,0.0314,0.032310000000000005,0.03118,0.03109,0.04249,0.05069,0.047310000000000005,0.04076,0.039799999999999995,0.04,0.03853,0.0351,0.033549999999999996,0.03268,0.03383,0.0431,0.523571428571428,0.30525,0.506625,0.504999999999999,0.557,0.535159999999999,0.38747619047619,0.405105263157894,0.424470588235294,0.493099999999999,0.522875,0.548333333333333,0.462285714285714,0.412285714285714,0.44337037037037,0.47185,0.467559999999999,0.501359999999999,0.483679999999999,0.453593749999999,0.501749999999999,0.456604166666666,0.506538461538461,0.464322580645161,0.478093023255813,0.474839999999999,0.489576923076922,0.6325625,0.676411764705882,0.615499999999999,0.641964285714285,0.690076923076922,0.732499999999999,0.820045454545454,0.686315789473684,0.7325,0.526125,0.4869,0.52390909090909,0.402238095238095,0.488578947368421,0.6675,0.58625,0.659374999999999,0.760666666666666,0.614,0.87875,0.569,"[[1, 4], [2, 3]]"
0.06251,0.05276,0.05373,0.0489,0.04285,0.04829,0.04864,0.05106,0.05017,0.05543,0.05,0.06547,0.1012,0.07967,0.0587,0.048240000000000005,0.05,0.04147,0.038340000000000006,0.03458,0.03254,0.03199,0.04556,0.04978,0.04864,0.04504,0.0416,0.02996,0.026539999999999998,0.03447,0.033280000000000004,0.0314,0.032310000000000005,0.03118,0.03109,0.04249,0.05069,0.047310000000000005,0.04076,0.039799999999999995,0.04,0.03853,0.0351,0.033549999999999996,0.03268,0.03383,0.0431,0.046049999999999994,0.30525,0.506625,0.504999999999999,0.557,0.535159999999999,0.38747619047619,0.405105263157894,0.424470588235294,0.493099999999999,0.522875,0.548333333333333,0.462285714285714,0.412285714285714,0.44337037037037,0.47185,0.467559999999999,0.501359999999999,0.483679999999999,0.453593749999999,0.501749999999999,0.456604166666666,0.506538461538461,0.464322580645161,0.478093023255813,0.474839999999999,0.489576923076922,0.6325625,0.676411764705882,0.615499999999999,0.641964285714285,0.690076923076922,0.732499999999999,0.820045454545454,0.686315789473684,0.7325,0.526125,0.4869,0.52390909090909,0.402238095238095,0.488578947368421,0.6675,0.58625,0.659374999999999,0.760666666666666,0.614,0.87875,0.569,0.619214285714285,"[[2, 3], [1, 4]]"
0.05276,0.05373,0.0489,0.04285,0.04829,0.04864,0.05106,0.05017,0.05543,0.05,0.06547,0.1012,0.07967,0.0587,0.048240000000000005,0.05,0.04147,0.038340000000000006,0.03458,0.03254,0.03199,0.04556,0.04978,0.04864,0.04504,0.0416,0.02996,0.026539999999999998,0.03447,0.033280000000000004,0.0314,0.032310000000000005,0.03118,0.03109,0.04249,0.05069,0.047310000000000005,0.04076,0.039799999999999995,0.04,0.03853,0.0351,0.033549999999999996,0.03268,0.03383,0.0431,0.046049999999999994,0.043859999999999996,0.506625,0.504999999999999,0.557,0.535159999999999,0.38747619047619,0.405105263157894,0.424470588235294,0.493099999999999,0.522875,0.548333333333333,0.462285714285714,0.412285714285714,0.44337037037037,0.47185,0.467559999999999,0.501359999999999,0.483679999999999,0.453593749999999,0.501749999999999,0.456604166666666,0.506538461538461,0.464322580645161,0.478093023255813,0.474839999999999,0.489576923076922,0.6325625,0.676411764705882,0.615499999999999,0.641964285714285,0.690076923076922,0.732499999999999,0.820045454545454,0.686315789473684,0.7325,0.526125,0.4869,0.52390909090909,0.402238095238095,0.488578947368421,0.6675,0.58625,0.659374999999999,0.760666666666666,0.614,0.87875,0.569,0.619214285714285,0.724266666666666,"[[2, 3], [1, 4]]"
0.05373,0.0489,0.04285,0.04829,0.04864,0.05106,0.05017,0.05543,0.05,0.06547,0.1012,0.07967,0.0587,0.048240000000000005,0.05,0.04147,0.038340000000000006,0.03458,0.03254,0.03199,0.04556,0.04978,0.04864,0.04504,0.0416,0.02996,0.026539999999999998,0.03447,0.033280000000000004,0.0314,0.032310000000000005,0.03118,0.03109,0.04249,0.05069,0.047310000000000005,0.04076,0.039799999999999995,0.04,0.03853,0.0351,0.033549999999999996,0.03268,0.03383,0.0431,0.046049999999999994,0.043859999999999996,0.0415,0.504999999999999,0.557,0.535159999999999,0.38747619047619,0.405105263157894,0.424470588235294,0.493099999999999,0.522875,0.548333333333333,0.462285714285714,0.412285714285714,0.44337037037037,0.47185,0.467559999999999,0.501359999999999,0.483679999999999,0.453593749999999,0.501749999999999,0.456604166666666,0.506538461538461,0.464322580645161,0.478093023255813,0.474839999999999,0.489576923076922,0.6325625,0.676411764705882,0.615499999999999,0.641964285714285,0.690076923076922,0.732499999999999,0.820045454545454,0.686315789473684,0.7325,0.526125,0.4869,0.52390909090909,0.402238095238095,0.488578947368421,0.6675,0.58625,0.659374999999999,0.760666666666666,0.614,0.87875,0.569,0.619214285714285,0.724266666666666,0.661142857142857,"[[1, 4], [2, 3]]"
0.0489,0.04285,0.04829,0.04864,0.05106,0.05017,0.05543,0.05,0.06547,0.1012,0.07967,0.0587,0.048240000000000005,0.05,0.04147,0.038340000000000006,0.03458,0.03254,0.03199,0.04556,0.04978,0.04864,0.04504,0.0416,0.02996,0.026539999999999998,0.03447,0.033280000000000004,0.0314,0.032310000000000005,0.03118,0.03109,0.04249,0.05069,0.047310000000000005,0.04076,0.039799999999999995,0.04,0.03853,0.0351,0.033549999999999996,0.03268,0.03383,0.0431,0.046049999999999994,0.043859999999999996,0.0415,0.039740000000000004,0.557,0.535159999999999,0.38747619047619,0.405105263157894,0.424470588235294,0.493099999999999,0.522875,0.548333333333333,0.462285714285714,0.412285714285714,0.44337037037037,0.47185,0.467559999999999,0.501359999999999,0.483679999999999,0.453593749999999,0.501749999999999,0.456604166666666,0.506538461538461,0.464322580645161,0.478093023255813,0.474839999999999,0.489576923076922,0.6325625,0.676411764705882,0.615499999999999,0.641964285714285,0.690076923076922,0.732499999999999,0.820045454545454,0.686315789473684,0.7325,0.526125,0.4869,0.52390909090909,0.402238095238095,0.488578947368421,0.6675,0.58625,0.659374999999999,0.760666666666666,0.614,0.87875,0.569,0.619214285714285,0.724266666666666,0.661142857142857,0.619214285714285,"[[2, 3], [1, 4]]"
0.04285,0.04829,0.04864,0.05106,0.05017,0.05543,0.05,0.06547,0.1012,0.07967,0.0587,0.048240000000000005,0.05,0.04147,0.038340000000000006,0.03458,0.03254,0.03199,0.04556,0.04978,0.04864,0.04504,0.0416,0.02996,0.026539999999999998,0.03447,0.033280000000000004,0.0314,0.032310000000000005,0.03118,0.03109,0.04249,0.05069,0.047310000000000005,0.04076,0.039799999999999995,0.04,0.03853,0.0351,0.033549999999999996,0.03268,0.03383,0.0431,0.046049999999999994,0.043859999999999996,0.0415,0.039740000000000004,0.03579,0.535159999999999,0.38747619047619,0.405105263157894,0.424470588235294,0.493099999999999,0.522875,0.548333333333333,0.462285714285714,0.412285714285714,0.44337037037037,0.47185,0.467559999999999,0.501359999999999,0.483679999999999,0.453593749999999,0.501749999999999,0.456604166666666,0.506538461538461,0.464322580645161,0.478093023255813,0.474839999999999,0.489576923076922,0.6325625,0.676411764705882,0.615499999999999,0.641964285714285,0.690076923076922,0.732499999999999,0.820045454545454,0.686315789473684,0.7325,0.526125,0.4869,0.52390909090909,0.402238095238095,0.488578947368421,0.6675,0.58625,0.659374999999999,0.760666666666666,0.614,0.87875,0.569,0.619214285714285,0.724266666666666,0.661142857142857,0.619214285714285,0.697833333333333,"[[1, 4], [2, 3]]"
0.04829,0.04864,0.05106,0.05017,0.05543,0.05,0.06547,0.1012,0.07967,0.0587,0.048240000000000005,0.05,0.04147,0.038340000000000006,0.03458,0.03254,0.03199,0.04556,0.04978,0.04864,0.04504,0.0416,0.02996,0.026539999999999998,0.03447,0.033280000000000004,0.0314,0.032310000000000005,0.03118,0.03109,0.04249,0.05069,0.047310000000000005,0.04076,0.039799999999999995,0.04,0.03853,0.0351,0.033549999999999996,0.03268,0.03383,0.0431,0.046049999999999994,0.043859999999999996,0.0415,0.039740000000000004,0.03579,0.03426,0.38747619047619,0.405105263157894,0.424470588235294,0.493099999999999,0.522875,0.548333333333333,0.462285714285714,0.412285714285714,0.44337037037037,0.47185,0.467559999999999,0.501359999999999,0.483679999999999,0.453593749999999,0.501749999999999,0.456604166666666,0.506538461538461,0.464322580645161,0.478093023255813,0.474839999999999,0.489576923076922,0.6325625,0.676411764705882,0.615499999999999,0.641964285714285,0.690076923076922,0.732499999999999,0.820045454545454,0.686315789473684,0.7325,0.526125,0.4869,0.52390909090909,0.402238095238095,0.488578947368421,0.6675,0.58625,0.659374999999999,0.760666666666666,0.614,0.87875,0.569,0.619214285714285,0.724266666666666,0.661142857142857,0.619214285714285,0.697833333333333,0.631999999999999,"[[1, 4], [2, 3]]"
0.04864,0.05106,0.05017,0.05543,0.05,0.06547,0.1012,0.07967,0.0587,0.048240000000000005,0.05,0.04147,0.038340000000000006,0.03458,0.03254,0.03199,0.04556,0.04978,0.04864,0.04504,0.0416,0.02996,0.026539999999999998,0.03447,0.033280000000000004,0.0314,0.032310000000000005,0.03118,0.03109,0.04249,0.05069,0.047310000000000005,0.04076,0.039799999999999995,0.04,0.03853,0.0351,0.033549999999999996,0.03268,0.03383,0.0431,0.046049999999999994,0.043859999999999996,0.0415,0.039740000000000004,0.03579,0.03426,0.032560000000000006,0.405105263157894,0.424470588235294,0.493099999999999,0.522875,0.548333333333333,0.462285714285714,0.412285714285714,0.44337037037037,0.47185,0.467559999999999,0.501359999999999,0.483679999999999,0.453593749999999,0.501749999999999,0.456604166666666,0.506538461538461,0.464322580645161,0.478093023255813,0.474839999999999,0.489576923076922,0.6325625,0.676411764705882,0.615499999999999,0.641964285714285,0.690076923076922,0.732499999999999,0.820045454545454,0.686315789473684,0.7325,0.526125,0.4869,0.52390909090909,0.402238095238095,0.488578947368421,0.6675,0.58625,0.659374999999999,0.760666666666666,0.614,0.87875,0.569,0.619214285714285,0.724266666666666,0.661142857142857,0.619214285714285,0.697833333333333,0.631999999999999,0.87875,"[[1, 4], [2, 3]]"
0.05106,0.05017,0.05543,0.05,0.06547,0.1012,0.07967,0.0587,0.048240000000000005,0.05,0.04147,0.038340000000000006,0.03458,0.03254,0.03199,0.04556,0.04978,0.04864,0.04504,0.0416,0.02996,0.026539999999999998,0.03447,0.033280000000000004,0.0314,0.032310000000000005,0.03118,0.03109,0.04249,0.05069,0.047310000000000005,0.04076,0.039799999999999995,0.04,0.03853,0.0351,0.033549999999999996,0.03268,0.03383,0.0431,0.046049999999999994,0.043859999999999996,0.0415,0.039740000000000004,0.03579,0.03426,0.032560000000000006,0.02995,0.424470588235294,0.493099999999999,0.522875,0.548333333333333,0.462285714285714,0.412285714285714,0.44337037037037,0.47185,0.467559999999999,0.501359999999999,0.483679999999999,0.453593749999999,0.501749999999999,0.456604166666666,0.506538461538461,0.464322580645161,0.478093023255813,0.474839999999999,0.489576923076922,0.6325625,0.676411764705882,0.615499999999999,0.641964285714285,0.690076923076922,0.732499999999999,0.820045454545454,0.686315789473684,0.7325,0.526125,0.4869,0.52390909090909,0.402238095238095,0.488578947368421,0.6675,0.58625,0.659374999999999,0.760666666666666,0.614,0.87875,0.569,0.619214285714285,0.724266666666666,0.661142857142857,0.619214285714285,0.697833333333333,0.631999999999999,0.87875,0.6844,"[[1, 4], [2, 3]]"
0.05017,0.05543,0.05,0.06547,0.1012,0.07967,0.0587,0.048240000000000005,0.05,0.04147,0.038340000000000006,0.03458,0.03254,0.03199,0.04556,0.04978,0.04864,0.04504,0.0416,0.02996,0.026539999999999998,0.03447,0.033280000000000004,0.0314,0.032310000000000005,0.03118,0.03109,0.04249,0.05069,0.047310000000000005,0.04076,0.039799999999999995,0.04,0.03853,0.0351,0.033549999999999996,0.03268,0.03383,0.0431,0.046049999999999994,0.043859999999999996,0.0415,0.039740000000000004,0.03579,0.03426,0.032560000000000006,0.02995,0.02903,0.493099999999999,0.522875,0.548333333333333,0.462285714285714,0.412285714285714,0.44337037037037,0.47185,0.467559999999999,0.501359999999999,0.483679999999999,0.453593749999999,0.501749999999999,0.456604166666666,0.506538461538461,0.464322580645161,0.478093023255813,0.474839999999999,0.489576923076922,0.6325625,0.676411764705882,0.615499999999999,0.641964285714285,0.690076923076922,0.732499999999999,0.820045454545454,0.686315789473684,0.7325,0.526125,0.4869,0.52390909090909,0.402238095238095,0.488578947368421,0.6675,0.58625,0.659374999999999,0.760666666666666,0.614,0.87875,0.569,0.619214285714285,0.724266666666666,0.661142857142857,0.619214285714285,0.697833333333333,0.631999999999999,0.87875,0.6844,0.532555555555555,"[[1, 4], [2, 3]]"
0.05543,0.05,0.06547,0.1012,0.07967,0.0587,0.048240000000000005,0.05,0.04147,0.038340000000000006,0.03458,0.03254,0.03199,0.04556,0.04978,0.04864,0.04504,0.0416,0.02996,0.026539999999999998,0.03447,0.033280000000000004,0.0314,0.032310000000000005,0.03118,0.03109,0.04249,0.05069,0.047310000000000005,0.04076,0.039799999999999995,0.04,0.03853,0.0351,0.033549999999999996,0.03268,0.03383,0.0431,0.046049999999999994,0.043859999999999996,0.0415,0.039740000000000004,0.03579,0.03426,0.032560000000000006,0.02995,0.02903,0.02819,0.522875,0.548333333333333,0.462285714285714,0.412285714285714,0.44337037037037,0.47185,0.467559999999999,0.501359999999999,0.483679999999999,0.453593749999999,0.501749999999999,0.456604166666666,0.506538461538461,0.464322580645161,0.478093023255813,0.474839999999999,0.489576923076922,0.6325625,0.676411764705882,0.615499999999999,0.641964285714285,0.690076923076922,0.732499999999999,0.820045454545454,0.686315789473684,0.7325,0.526125,0.4869,0.52390909090909,0.402238095238095,0.488578947368421,0.6675,0.58625,0.659374999999999,0.760666666666666,0.614,0.87875,0.569,0.619214285714285,0.724266666666666,0.661142857142857,0.619214285714285,0.697833333333333,0.631999999999999,0.87875,0.6844,0.532555555555555,0.472190476190476,"[[1, 4], [2, 3]]"
0.05,0.06547,0.1012,0.07967,0.0587,0.048240000000000005,0.05,0.04147,0.038340000000000006,0.03458,0.03254,0.03199,0.04556,0.04978,0.04864,0.04504,0.0416,0.02996,0.026539999999999998,0.03447,0.033280000000000004,0.0314,0.032310000000000005,0.03118,0.03109,0.04249,0.05069,0.047310000000000005,0.04076,0.039799999999999995,0.04,0.03853,0.0351,0.033549999999999996,0.03268,0.03383,0.0431,0.046049999999999994,0.043859999999999996,0.0415,0.039740000000000004,0.03579,0.03426,0.032560000000000006,0.02995,0.02903,0.02819,0.02871,0.548333333333333,0.462285714285714,0.412285714285714,0.44337037037037,0.47185,0.467559999999999,0.501359999999999,0.483679999999999,0.453593749999999,0.501749999999999,0.456604166666666,0.506538461538461,0.464322580645161,0.478093023255813,0.474839999999999,0.489576923076922,0.6325625,0.676411764705882,0.615499999999999,0.641964285714285,0.690076923076922,0.732499999999999,0.820045454545454,0.686315789473684,0.7325,0.526125,0.4869,0.52390909090909,0.402238095238095,0.488578947368421,0.6675,0.58625,0.659374999999999,0.760666666666666,0.614,0.87875,0.569,0.619214285714285,0.724266666666666,0.661142857142857,0.619214285714285,0.697833333333333,0.631999999999999,0.87875,0.6844,0.532555555555555,0.472190476190476,0.60965,"[[2, 3], [1, 4]]"
0.06547,0.1012,0.07967,0.0587,0.048240000000000005,0.05,0.04147,0.038340000000000006,0.03458,0.03254,0.03199,0.04556,0.04978,0.04864,0.04504,0.0416,0.02996,0.026539999999999998,0.03447,0.033280000000000004,0.0314,0.032310000000000005,0.03118,0.03109,0.04249,0.05069,0.047310000000000005,0.04076,0.039799999999999995,0.04,0.03853,0.0351,0.033549999999999996,0.03268,0.03383,0.0431,0.046049999999999994,0.043859999999999996,0.0415,0.039740000000000004,0.03579,0.03426,0.032560000000000006,0.02995,0.02903,0.02819,0.02871,0.031010000000000003,0.462285714285714,0.412285714285714,0.44337037037037,0.47185,0.467559999999999,0.501359999999999,0.483679999999999,0.453593749999999,0.501749999999999,0.456604166666666,0.506538461538461,0.464322580645161,0.478093023255813,0.474839999999999,0.489576923076922,0.6325625,0.676411764705882,0.615499999999999,0.641964285714285,0.690076923076922,0.732499999999999,0.820045454545454,0.686315789473684,0.7325,0.526125,0.4869,0.52390909090909,0.402238095238095,0.488578947368421,0.6675,0.58625,0.659374999999999,0.760666666666666,0.614,0.87875,0.569,0.619214285714285,0.724266666666666,0.661142857142857,0.619214285714285,0.697833333333333,0.631999999999999,0.87875,0.6844,0.532555555555555,0.472190476190476,0.60965,0.723823529411764,"[[1, 4], [2, 3]]"
0.1012,0.07967,0.0587,0.048240000000000005,0.05,0.04147,0.038340000000000006,0.03458,0.03254,0.03199,0.04556,0.04978,0.04864,0.04504,0.0416,0.02996,0.026539999999999998,0.03447,0.033280000000000004,0.0314,0.032310000000000005,0.03118,0.03109,0.04249,0.05069,0.047310000000000005,0.04076,0.039799999999999995,0.04,0.03853,0.0351,0.033549999999999996,0.03268,0.03383,0.0431,0.046049999999999994,0.043859999999999996,0.0415,0.039740000000000004,0.03579,0.03426,0.032560000000000006,0.02995,0.02903,0.02819,0.02871,0.031010000000000003,0.039409999999999994,0.412285714285714,0.44337037037037,0.47185,0.467559999999999,0.501359999999999,0.483679999999999,0.453593749999999,0.501749999999999,0.456604166666666,0.506538461538461,0.464322580645161,0.478093023255813,0.474839999999999,0.489576923076922,0.6325625,0.676411764705882,0.615499999999999,0.641964285714285,0.690076923076922,0.732499999999999,0.820045454545454,0.686315789473684,0.7325,0.526125,0.4869,0.52390909090909,0.402238095238095,0.488578947368421,0.6675,0.58625,0.659374999999999,0.760666666666666,0.614,0.87875,0.569,0.619214285714285,0.724266666666666,0.661142857142857,0.619214285714285,0.697833333333333,0.631999999999999,0.87875,0.6844,0.532555555555555,0.472190476190476,0.60965,0.723823529411764,0.500839999999999,"[[2, 3], [1, 4]]"
0.07967,0.0587,0.048240000000000005,0.05,0.04147,0.038340000000000006,0.03458,0.03254,0.03199,0.04556,0.04978,0.04864,0.04504,0.0416,0.02996,0.026539999999999998,0.03447,0.033280000000000004,0.0314,0.032310000000000005,0.03118,0.03109,0.04249,0.05069,0.047310000000000005,0.04076,0.039799999999999995,0.04,0.03853,0.0351,0.033549999999999996,0.03268,0.03383,0.0431,0.046049999999999994,0.043859999999999996,0.0415,0.039740000000000004,0.03579,0.03426,0.032560000000000006,0.02995,0.02903,0.02819,0.02871,0.031010000000000003,0.039409999999999994,0.04879,0.44337037037037,0.47185,0.467559999999999,0.501359999999999,0.483679999999999,0.453593749999999,0.501749999999999,0.456604166666666,0.506538461538461,0.464322580645161,0.478093023255813,0.474839999999999,0.489576923076922,0.6325625,0.676411764705882,0.615499999999999,0.641964285714285,0.690076923076922,0.732499999999999,0.820045454545454,0.686315789473684,0.7325,0.526125,0.4869,0.52390909090909,0.402238095238095,0.488578947368421,0.6675,0.58625,0.659374999999999,0.760666666666666,0.614,0.87875,0.569,0.619214285714285,0.724266666666666,0.661142857142857,0.619214285714285,0.697833333333333,0.631999999999999,0.87875,0.6844,0.532555555555555,0.472190476190476,0.60965,0.723823529411764,0.500839999999999,0.437818181818181,"[[1, 4], [2, 3]]"
0.0587,0.048240000000000005,0.05,0.04147,0.038340000000000006,0.03458,0.03254,0.03199,0.04556,0.04978,0.04864,0.04504,0.0416,0.02996,0.026539999999999998,0.03447,0.033280000000000004,0.0314,0.032310000000000005,0.03118,0.03109,0.04249,0.05069,0.047310000000000005,0.04076,0.039799999999999995,0.04,0.03853,0.0351,0.033549999999999996,0.03268,0.03383,0.0431,0.046049999999999994,0.043859999999999996,0.0415,0.039740000000000004,0.03579,0.03426,0.032560000000000006,0.02995,0.02903,0.02819,0.02871,0.031010000000000003,0.039409999999999994,0.04879,0.047380000000000005,0.47185,0.467559999999999,0.501359999999999,0.483679999999999,0.453593749999999,0.501749999999999,0.456604166666666,0.506538461538461,0.464322580645161,0.478093023255813,0.474839999999999,0.489576923076922,0.6325625,0.676411764705882,0.615499999999999,0.641964285714285,0.690076923076922,0.732499999999999,0.820045454545454,0.686315789473684,0.7325,0.526125,0.4869,0.52390909090909,0.402238095238095,0.488578947368421,0.6675,0.58625,0.659374999999999,0.760666666666666,0.614,0.87875,0.569,0.619214285714285,0.724266666666666,0.661142857142857,0.619214285714285,0.697833333333333,0.631999999999999,0.87875,0.6844,0.532555555555555,0.472190476190476,0.60965,0.723823529411764,0.500839999999999,0.437818181818181,0.3016,"[[2, 3], [1, 4]]"
0.048240000000000005,0.05,0.04147,0.038340000000000006,0.03458,0.03254,0.03199,0.04556,0.04978,0.04864,0.04504,0.0416,0.02996,0.026539999999999998,0.03447,0.033280000000000004,0.0314,0.032310000000000005,0.03118,0.03109,0.04249,0.05069,0.047310000000000005,0.04076,0.039799999999999995,0.04,0.03853,0.0351,0.033549999999999996,0.03268,0.03383,0.0431,0.046049999999999994,0.043859999999999996,0.0415,0.039740000000000004,0.03579,0.03426,0.032560000000000006,0.02995,0.02903,0.02819,0.02871,0.031010000000000003,0.039409999999999994,0.04879,0.047380000000000005,0.04285,0.467559999999999,0.501359999999999,0.483679999999999,0.453593749999999,0.501749999999999,0.456604166666666,0.506538461538461,0.464322580645161,0.478093023255813,0.474839999999999,0.489576923076922,0.6325625,0.676411764705882,0.615499999999999,0.641964285714285,0.690076923076922,0.732499999999999,0.820045454545454,0.686315789473684,0.7325,0.526125,0.4869,0.52390909090909,0.402238095238095,0.488578947368421,0.6675,0.58625,0.659374999999999,0.760666666666666,0.614,0.87875,0.569,0.619214285714285,0.724266666666666,0.661142857142857,0.619214285714285,0.697833333333333,0.631999999999999,0.87875,0.6844,0.532555555555555,0.472190476190476,0.60965,0.723823529411764,0.500839999999999,0.437818181818181,0.3016,0.6005,"[[2, 3], [1, 4]]"
0.05,0.04147,0.038340000000000006,0.03458,0.03254,0.03199,0.04556,0.04978,0.04864,0.04504,0.0416,0.02996,0.026539999999999998,0.03447,0.033280000000000004,0.0314,0.032310000000000005,0.03118,0.03109,0.04249,0.05069,0.047310000000000005,0.04076,0.039799999999999995,0.04,0.03853,0.0351,0.033549999999999996,0.03268,0.03383,0.0431,0.046049999999999994,0.043859999999999996,0.0415,0.039740000000000004,0.03579,0.03426,0.032560000000000006,0.02995,0.02903,0.02819,0.02871,0.031010000000000003,0.039409999999999994,0.04879,0.047380000000000005,0.04285,0.04165,0.501359999999999,0.483679999999999,0.453593749999999,0.501749999999999,0.456604166666666,0.506538461538461,0.464322580645161,0.478093023255813,0.474839999999999,0.489576923076922,0.6325625,0.676411764705882,0.615499999999999,0.641964285714285,0.690076923076922,0.732499999999999,0.820045454545454,0.686315789473684,0.7325,0.526125,0.4869,0.52390909090909,0.402238095238095,0.488578947368421,0.6675,0.58625,0.659374999999999,0.760666666666666,0.614,0.87875,0.569,0.619214285714285,0.724266666666666,0.661142857142857,0.619214285714285,0.697833333333333,0.631999999999999,0.87875,0.6844,0.532555555555555,0.472190476190476,0.60965,0.723823529411764,0.500839999999999,0.437818181818181,0.3016,0.6005,0.587,"[[2, 3], [1, 4]]"
0.04147,0.038340000000000006,0.03458,0.03254,0.03199,0.04556,0.04978,0.04864,0.04504,0.0416,0.02996,0.026539999999999998,0.03447,0.033280000000000004,0.0314,0.032310000000000005,0.03118,0.03109,0.04249,0.05069,0.047310000000000005,0.04076,0.039799999999999995,0.04,0.03853,0.0351,0.033549999999999996,0.03268,0.03383,0.0431,0.046049999999999994,0.043859999999999996,0.0415,0.039740000000000004,0.03579,0.03426,0.032560000000000006,0.02995,0.02903,0.02819,0.02871,0.031010000000000003,0.039409999999999994,0.04879,0.047380000000000005,0.04285,0.04165,0.039880000000000006,0.483679999999999,0.453593749999999,0.501749999999999,0.456604166666666,0.506538461538461,0.464322580645161,0.478093023255813,0.474839999999999,0.489576923076922,0.6325625,0.676411764705882,0.615499999999999,0.641964285714285,0.690076923076922,0.732499999999999,0.820045454545454,0.686315789473684,0.7325,0.526125,0.4869,0.52390909090909,0.402238095238095,0.488578947368421,0.6675,0.58625,0.659374999999999,0.760666666666666,0.614,0.87875,0.569,0.619214285714285,0.724266666666666,0.661142857142857,0.619214285714285,0.697833333333333,0.631999999999999,0.87875,0.6844,0.532555555555555,0.472190476190476,0.60965,0.723823529411764,0.500839999999999,0.437818181818181,0.3016,0.6005,0.587,0.546142857142857,"[[2, 3], [1, 4]]"
0.038340000000000006,0.03458,0.03254,0.03199,0.04556,0.04978,0.04864,0.04504,0.0416,0.02996,0.026539999999999998,0.03447,0.033280000000000004,0.0314,0.032310000000000005,0.03118,0.03109,0.04249,0.05069,0.047310000000000005,0.04076,0.039799999999999995,0.04,0.03853,0.0351,0.033549999999999996,0.03268,0.03383,0.0431,0.046049999999999994,0.043859999999999996,0.0415,0.039740000000000004,0.03579,0.03426,0.032560000000000006,0.02995,0.02903,0.02819,0.02871,0.031010000000000003,0.039409999999999994,0.04879,0.047380000000000005,0.04285,0.04165,0.039880000000000006,0.03548,0.453593749999999,0.501749999999999,0.456604166666666,0.506538461538461,0.464322580645161,0.478093023255813,0.474839999999999,0.489576923076922,0.6325625,0.676411764705882,0.615499999999999,0.641964285714285,0.690076923076922,0.732499999999999,0.820045454545454,0.686315789473684,0.7325,0.526125,0.4869,0.52390909090909,0.402238095238095,0.488578947368421,0.6675,0.58625,0.659374999999999,0.760666666666666,0.614,0.87875,0.569,0.619214285714285,0.724266666666666,0.661142857142857,0.619214285714285,0.697833333333333,0.631999999999999,0.87875,0.6844,0.532555555555555,0.472190476190476,0.60965,0.723823529411764,0.500839999999999,0.437818181818181,0.3016,0.6005,0.587,0.546142857142857,0.611999999999999,"[[2, 3], [1, 4]]"
0.03458,0.03254,0.03199,0.04556,0.04978,0.04864,0.04504,0.0416,0.02996,0.026539999999999998,0.03447,0.033280000000000004,0.0314,0.032310000000000005,0.03118,0.03109,0.04249,0.05069,0.047310000000000005,0.04076,0.039799999999999995,0.04,0.03853,0.0351,0.033549999999999996,0.03268,0.03383,0.0431,0.046049999999999994,0.043859999999999996,0.0415,0.039740000000000004,0.03579,0.03426,0.032560000000000006,0.02995,0.02903,0.02819,0.02871,0.031010000000000003,0.039409999999999994,0.04879,0.047380000000000005,0.04285,0.04165,0.039880000000000006,0.03548,0.03157,0.501749999999999,0.456604166666666,0.506538461538461,0.464322580645161,0.478093023255813,0.474839999999999,0.489576923076922,0.6325625,0.676411764705882,0.615499999999999,0.641964285714285,0.690076923076922,0.732499999999999,0.820045454545454,0.686315789473684,0.7325,0.526125,0.4869,0.52390909090909,0.402238095238095,0.488578947368421,0.6675,0.58625,0.659374999999999,0.760666666666666,0.614,0.87875,0.569,0.619214285714285,0.724266666666666,0.661142857142857,0.619214285714285,0.697833333333333,0.631999999999999,0.87875,0.6844,0.532555555555555,0.472190476190476,0.60965,0.723823529411764,0.500839999999999,0.437818181818181,0.3016,0.6005,0.587,0.546142857142857,0.611999999999999,0.7325,"[[1, 4], [2, 3]]"
0.03254,0.03199,0.04556,0.04978,0.04864,0.04504,0.0416,0.02996,0.026539999999999998,0.03447,0.033280000000000004,0.0314,0.032310000000000005,0.03118,0.03109,0.04249,0.05069,0.047310000000000005,0.04076,0.039799999999999995,0.04,0.03853,0.0351,0.033549999999999996,0.03268,0.03383,0.0431,0.046049999999999994,0.043859999999999996,0.0415,0.039740000000000004,0.03579,0.03426,0.032560000000000006,0.02995,0.02903,0.02819,0.02871,0.031010000000000003,0.039409999999999994,0.04879,0.047380000000000005,0.04285,0.04165,0.039880000000000006,0.03548,0.03157,0.030969999999999998,0.456604166666666,0.506538461538461,0.464322580645161,0.478093023255813,0.474839999999999,0.489576923076922,0.6325625,0.676411764705882,0.615499999999999,0.641964285714285,0.690076923076922,0.732499999999999,0.820045454545454,0.686315789473684,0.7325,0.526125,0.4869,0.52390909090909,0.402238095238095,0.488578947368421,0.6675,0.58625,0.659374999999999,0.760666666666666,0.614,0.87875,0.569,0.619214285714285,0.724266666666666,0.661142857142857,0.619214285714285,0.697833333333333,0.631999999999999,0.87875,0.6844,0.532555555555555,0.472190476190476,0.60965,0.723823529411764,0.500839999999999,0.437818181818181,0.3016,0.6005,0.587,0.546142857142857,0.611999999999999,0.7325,0.360142857142857,"[[1, 4], [2, 3]]"
0.03199,0.04556,0.04978,0.04864,0.04504,0.0416,0.02996,0.026539999999999998,0.03447,0.033280000000000004,0.0314,0.032310000000000005,0.03118,0.03109,0.04249,0.05069,0.047310000000000005,0.04076,0.039799999999999995,0.04,0.03853,0.0351,0.033549999999999996,0.03268,0.03383,0.0431,0.046049999999999994,0.043859999999999996,0.0415,0.039740000000000004,0.03579,0.03426,0.032560000000000006,0.02995,0.02903,0.02819,0.02871,0.031010000000000003,0.039409999999999994,0.04879,0.047380000000000005,0.04285,0.04165,0.039880000000000006,0.03548,0.03157,0.030969999999999998,0.03174,0.506538461538461,0.464322580645161,0.478093023255813,0.474839999999999,0.489576923076922,0.6325625,0.676411764705882,0.615499999999999,0.641964285714285,0.690076923076922,0.732499999999999,0.820045454545454,0.686315789473684,0.7325,0.526125,0.4869,0.52390909090909,0.402238095238095,0.488578947368421,0.6675,0.58625,0.659374999999999,0.760666666666666,0.614,0.87875,0.569,0.619214285714285,0.724266666666666,0.661142857142857,0.619214285714285,0.697833333333333,0.631999999999999,0.87875,0.6844,0.532555555555555,0.472190476190476,0.60965,0.723823529411764,0.500839999999999,0.437818181818181,0.3016,0.6005,0.587,0.546142857142857,0.611999999999999,0.7325,0.360142857142857,0.671947368421052,"[[2, 3], [1, 4]]"
0.04556,0.04978,0.04864,0.04504,0.0416,0.02996,0.026539999999999998,0.03447,0.033280000000000004,0.0314,0.032310000000000005,0.03118,0.03109,0.04249,0.05069,0.047310000000000005,0.04076,0.039799999999999995,0.04,0.03853,0.0351,0.033549999999999996,0.03268,0.03383,0.0431,0.046049999999999994,0.043859999999999996,0.0415,0.039740000000000004,0.03579,0.03426,0.032560000000000006,0.02995,0.02903,0.02819,0.02871,0.031010000000000003,0.039409999999999994,0.04879,0.047380000000000005,0.04285,0.04165,0.039880000000000006,0.03548,0.03157,0.030969999999999998,0.03174,0.03377,0.464322580645161,0.478093023255813,0.474839999999999,0.489576923076922,0.6325625,0.676411764705882,0.615499999999999,0.641964285714285,0.690076923076922,0.732499999999999,0.820045454545454,0.686315789473684,0.7325,0.526125,0.4869,0.52390909090909,0.402238095238095,0.488578947368421,0.6675,0.58625,0.659374999999999,0.760666666666666,0.614,0.87875,0.569,0.619214285714285,0.724266666666666,0.661142857142857,0.619214285714285,0.697833333333333,0.631999999999999,0.87875,0.6844,0.532555555555555,0.472190476190476,0.60965,0.723823529411764,0.500839999999999,0.437818181818181,0.3016,0.6005,0.587,0.546142857142857,0.611999999999999,0.7325,0.360142857142857,0.671947368421052,0.755,"[[2, 3], [1, 4]]"
0.04978,0.04864,0.04504,0.0416,0.02996,0.026539999999999998,0.03447,0.033280000000000004,0.0314,0.032310000000000005,0.03118,0.03109,0.04249,0.05069,0.047310000000000005,0.04076,0.039799999999999995,0.04,0.03853,0.0351,0.033549999999999996,0.03268,0.03383,0.0431,0.046049999999999994,0.043859999999999996,0.0415,0.039740000000000004,0.03579,0.03426,0.032560000000000006,0.02995,0.02903,0.02819,0.02871,0.031010000000000003,0.039409999999999994,0.04879,0.047380000000000005,0.04285,0.04165,0.039880000000000006,0.03548,0.03157,0.030969999999999998,0.03174,0.03377,0.04,0.478093023255813,0.474839999999999,0.489576923076922,0.6325625,0.676411764705882,0.615499999999999,0.641964285714285,0.690076923076922,0.732499999999999,0.820045454545454,0.686315789473684,0.7325,0.526125,0.4869,0.52390909090909,0.402238095238095,0.488578947368421,0.6675,0.58625,0.659374999999999,0.760666666666666,0.614,0.87875,0.569,0.619214285714285,0.724266666666666,0.661142857142857,0.619214285714285,0.697833333333333,0.631999999999999,0.87875,0.6844,0.532555555555555,0.472190476190476,0.60965,0.723823529411764,0.500839999999999,0.437818181818181,0.3016,0.6005,0.587,0.546142857142857,0.611999999999999,0.7325,0.360142857142857,0.671947368421052,0.755,0.556,"[[2, 3], [1, 4]]"
0.04864,0.04504,0.0416,0.02996,0.026539999999999998,0.03447,0.033280000000000004,0.0314,0.032310000000000005,0.03118,0.03109,0.04249,0.05069,0.047310000000000005,0.04076,0.039799999999999995,0.04,0.03853,0.0351,0.033549999999999996,0.03268,0.03383,0.0431,0.046049999999999994,0.043859999999999996,0.0415,0.039740000000000004,0.03579,0.03426,0.032560000000000006,0.02995,0.02903,0.02819,0.02871,0.031010000000000003,0.039409999999999994,0.04879,0.047380000000000005,0.04285,0.04165,0.039880000000000006,0.03548,0.03157,0.030969999999999998,0.03174,0.03377,0.04,0.044649999999999995,0.474839999999999,0.489576923076922,0.6325625,0.676411764705882,0.615499999999999,0.641964285714285,0.690076923076922,0.732499999999999,0.820045454545454,0.686315789473684,0.7325,0.526125,0.4869,0.52390909090909,0.402238095238095,0.488578947368421,0.6675,0.58625,0.659374999999999,0.760666666666666,0.614,0.87875,0.569,0.619214285714285,0.724266666666666,0.661142857142857,0.619214285714285,0.697833333333333,0.631999999999999,0.87875,0.6844,0.532555555555555,0.472190476190476,0.60965,0.723823529411764,0.500839999999999,0.437818181818181,0.3016,0.6005,0.587,0.546142857142857,0.611999999999999,0.7325,0.360142857142857,0.671947368421052,0.755,0.556,0.544125,"[[1, 4], [2, 3]]"
0.04504,0.0416,0.02996,0.026539999999999998,0.03447,0.033280000000000004,0.0314,0.032310000000000005,0.03118,0.03109,0.04249,0.05069,0.047310000000000005,0.04076,0.039799999999999995,0.04,0.03853,0.0351,0.033549999999999996,0.03268,0.03383,0.0431,0.046049999999999994,0.043859999999999996,0.0415,0.039740000000000004,0.03579,0.03426,0.032560000000000006,0.02995,0.02903,0.02819,0.02871,0.031010000000000003,0.039409999999999994,0.04879,0.047380000000000005,0.04285,0.04165,0.039880000000000006,0.03548,0.03157,0.030969999999999998,0.03174,0.03377,0.04,0.044649999999999995,0.04229,0.489576923076922,0.6325625,0.676411764705882,0.615499999999999,0.641964285714285,0.690076923076922,0.732499999999999,0.820045454545454,0.686315789473684,0.7325,0.526125,0.4869,0.52390909090909,0.402238095238095,0.488578947368421,0.6675,0.58625,0.659374999999999,0.760666666666666,0.614,0.87875,0.569,0.619214285714285,0.724266666666666,0.661142857142857,0.619214285714285,0.697833333333333,0.631999999999999,0.87875,0.6844,0.532555555555555,0.472190476190476,0.60965,0.723823529411764,0.500839999999999,0.437818181818181,0.3016,0.6005,0.587,0.546142857142857,0.611999999999999,0.7325,0.360142857142857,0.671947368421052,0.755,0.556,0.544125,0.50435294117647,"[[2, 3], [1, 4]]"
0.0416,0.02996,0.026539999999999998,0.03447,0.033280000000000004,0.0314,0.032310000000000005,0.03118,0.03109,0.04249,0.05069,0.047310000000000005,0.04076,0.039799999999999995,0.04,0.03853,0.0351,0.033549999999999996,0.03268,0.03383,0.0431,0.046049999999999994,0.043859999999999996,0.0415,0.039740000000000004,0.03579,0.03426,0.032560000000000006,0.02995,0.02903,0.02819,0.02871,0.031010000000000003,0.039409999999999994,0.04879,0.047380000000000005,0.04285,0.04165,0.039880000000000006,0.03548,0.03157,0.030969999999999998,0.03174,0.03377,0.04,0.044649999999999995,0.04229,0.0399,0.6325625,0.676411764705882,0.615499999999999,0.641964285714285,0.690076923076922,0.732499999999999,0.820045454545454,0.686315789473684,0.7325,0.526125,0.4869,0.52390909090909,0.402238095238095,0.488578947368421,0.6675,0.58625,0.659374999999999,0.760666666666666,0.614,0.87875,0.569,0.619214285714285,0.724266666666666,0.661142857142857,0.619214285714285,0.697833333333333,0.631999999999999,0.87875,0.6844,0.532555555555555,0.472190476190476,0.60965,0.723823529411764,0.500839999999999,0.437818181818181,0.3016,0.6005,0.587,0.546142857142857,0.611999999999999,0.7325,0.360142857142857,0.671947368421052,0.755,0.556,0.544125,0.50435294117647,0.4514,"[[2, 3], [1, 4]]"
0.02996,0.026539999999999998,0.03447,0.033280000000000004,0.0314,0.032310000000000005,0.03118,0.03109,0.04249,0.05069,0.047310000000000005,0.04076,0.039799999999999995,0.04,0.03853,0.0351,0.033549999999999996,0.03268,0.03383,0.0431,0.046049999999999994,0.043859999999999996,0.0415,0.039740000000000004,0.03579,0.03426,0.032560000000000006,0.02995,0.02903,0.02819,0.02871,0.031010000000000003,0.039409999999999994,0.04879,0.047380000000000005,0.04285,0.04165,0.039880000000000006,0.03548,0.03157,0.030969999999999998,0.03174,0.03377,0.04,0.044649999999999995,0.04229,0.0399,0.038520000000000006,0.676411764705882,0.615499999999999,0.641964285714285,0.690076923076922,0.732499999999999,0.820045454545454,0.686315789473684,0.7325,0.526125,0.4869,0.52390909090909,0.402238095238095,0.488578947368421,0.6675,0.58625,0.659374999999999,0.760666666666666,0.614,0.87875,0.569,0.619214285714285,0.724266666666666,0.661142857142857,0.619214285714285,0.697833333333333,0.631999999999999,0.87875,0.6844,0.532555555555555,0.472190476190476,0.60965,0.723823529411764,0.500839999999999,0.437818181818181,0.3016,0.6005,0.587,0.546142857142857,0.611999999999999,0.7325,0.360142857142857,0.671947368421052,0.755,0.556,0.544125,0.50435294117647,0.4514,0.44975,"[[1, 4], [2, 3]]"
0.026539999999999998,0.03447,0.033280000000000004,0.0314,0.032310000000000005,0.03118,0.03109,0.04249,0.05069,0.047310000000000005,0.04076,0.039799999999999995,0.04,0.03853,0.0351,0.033549999999999996,0.03268,0.03383,0.0431,0.046049999999999994,0.043859999999999996,0.0415,0.039740000000000004,0.03579,0.03426,0.032560000000000006,0.02995,0.02903,0.02819,0.02871,0.031010000000000003,0.039409999999999994,0.04879,0.047380000000000005,0.04285,0.04165,0.039880000000000006,0.03548,0.03157,0.030969999999999998,0.03174,0.03377,0.04,0.044649999999999995,0.04229,0.0399,0.038520000000000006,0.03484,0.615499999999999,0.641964285714285,0.690076923076922,0.732499999999999,0.820045454545454,0.686315789473684,0.7325,0.526125,0.4869,0.52390909090909,0.402238095238095,0.488578947368421,0.6675,0.58625,0.659374999999999,0.760666666666666,0.614,0.87875,0.569,0.619214285714285,0.724266666666666,0.661142857142857,0.619214285714285,0.697833333333333,0.631999999999999,0.87875,0.6844,0.532555555555555,0.472190476190476,0.60965,0.723823529411764,0.500839999999999,0.437818181818181,0.3016,0.6005,0.587,0.546142857142857,0.611999999999999,0.7325,0.360142857142857,0.671947368421052,0.755,0.556,0.544125,0.50435294117647,0.4514,0.44975,0.78125,"[[2, 3], [1, 4]]"
0.03447,0.033280000000000004,0.0314,0.032310000000000005,0.03118,0.03109,0.04249,0.05069,0.047310000000000005,0.04076,0.039799999999999995,0.04,0.03853,0.0351,0.033549999999999996,0.03268,0.03383,0.0431,0.046049999999999994,0.043859999999999996,0.0415,0.039740000000000004,0.03579,0.03426,0.032560000000000006,0.02995,0.02903,0.02819,0.02871,0.031010000000000003,0.039409999999999994,0.04879,0.047380000000000005,0.04285,0.04165,0.039880000000000006,0.03548,0.03157,0.030969999999999998,0.03174,0.03377,0.04,0.044649999999999995,0.04229,0.0399,0.038520000000000006,0.03484,0.03321,0.641964285714285,0.690076923076922,0.732499999999999,0.820045454545454,0.686315789473684,0.7325,0.526125,0.4869,0.52390909090909,0.402238095238095,0.488578947368421,0.6675,0.58625,0.659374999999999,0.760666666666666,0.614,0.87875,0.569,0.619214285714285,0.724266666666666,0.661142857142857,0.619214285714285,0.697833333333333,0.631999999999999,0.87875,0.6844,0.532555555555555,0.472190476190476,0.60965,0.723823529411764,0.500839999999999,0.437818181818181,0.3016,0.6005,0.587,0.546142857142857,0.611999999999999,0.7325,0.360142857142857,0.671947368421052,0.755,0.556,0.544125,0.50435294117647,0.4514,0.44975,0.78125,0.45425,"[[2, 3], [1, 4]]"
0.033280000000000004,0.0314,0.032310000000000005,0.03118,0.03109,0.04249,0.05069,0.047310000000000005,0.04076,0.039799999999999995,0.04,0.03853,0.0351,0.033549999999999996,0.03268,0.03383,0.0431,0.046049999999999994,0.043859999999999996,0.0415,0.039740000000000004,0.03579,0.03426,0.032560000000000006,0.02995,0.02903,0.02819,0.02871,0.031010000000000003,0.039409999999999994,0.04879,0.047380000000000005,0.04285,0.04165,0.039880000000000006,0.03548,0.03157,0.030969999999999998,0.03174,0.03377,0.04,0.044649999999999995,0.04229,0.0399,0.038520000000000006,0.03484,0.03321,0.03553,0.690076923076922,0.732499999999999,0.820045454545454,0.686315789473684,0.7325,0.526125,0.4869,0.52390909090909,0.402238095238095,0.488578947368421,0.6675,0.58625,0.659374999999999,0.760666666666666,0.614,0.87875,0.569,0.619214285714285,0.724266666666666,0.661142857142857,0.619214285714285,0.697833333333333,0.631999999999999,0.87875,0.6844,0.532555555555555,0.472190476190476,0.60965,0.723823529411764,0.500839999999999,0.437818181818181,0.3016,0.6005,0.587,0.546142857142857,0.611999999999999,0.7325,0.360142857142857,0.671947368421052,0.755,0.556,0.544125,0.50435294117647,0.4514,0.44975,0.78125,0.45425,0.5375,"[[1, 4], [2, 3]]"
0.0314,0.032310000000000005,0.03118,0.03109,0.04249,0.05069,0.047310000000000005,0.04076,0.039799999999999995,0.04,0.03853,0.0351,0.033549999999999996,0.03268,0.03383,0.0431,0.046049999999999994,0.043859999999999996,0.0415,0.039740000000000004,0.03579,0.03426,0.032560000000000006,0.02995,0.02903,0.02819,0.02871,0.031010000000000003,0.039409999999999994,0.04879,0.047380000000000005,0.04285,0.04165,0.039880000000000006,0.03548,0.03157,0.030969999999999998,0.03174,0.03377,0.04,0.044649999999999995,0.04229,0.0399,0.038520000000000006,0.03484,0.03321,0.03553,0.03342,0.732499999999999,0.820045454545454,0.686315789473684,0.7325,0.526125,0.4869,0.52390909090909,0.402238095238095,0.488578947368421,0.6675,0.58625,0.659374999999999,0.760666666666666,0.614,0.87875,0.569,0.619214285714285,0.724266666666666,0.661142857142857,0.619214285714285,0.697833333333333,0.631999999999999,0.87875,0.6844,0.532555555555555,0.472190476190476,0.60965,0.723823529411764,0.500839999999999,0.437818181818181,0.3016,0.6005,0.587,0.546142857142857,0.611999999999999,0.7325,0.360142857142857,0.671947368421052,0.755,0.556,0.544125,0.50435294117647,0.4514,0.44975,0.78125,0.45425,0.5375,0.71,"[[2, 3], [1, 4]]"
0.032310000000000005,0.03118,0.03109,0.04249,0.05069,0.047310000000000005,0.04076,0.039799999999999995,0.04,0.03853,0.0351,0.033549999999999996,0.03268,0.03383,0.0431,0.046049999999999994,0.043859999999999996,0.0415,0.039740000000000004,0.03579,0.03426,0.032560000000000006,0.02995,0.02903,0.02819,0.02871,0.031010000000000003,0.039409999999999994,0.04879,0.047380000000000005,0.04285,0.04165,0.039880000000000006,0.03548,0.03157,0.030969999999999998,0.03174,0.03377,0.04,0.044649999999999995,0.04229,0.0399,0.038520000000000006,0.03484,0.03321,0.03553,0.03342,0.03198,0.820045454545454,0.686315789473684,0.7325,0.526125,0.4869,0.52390909090909,0.402238095238095,0.488578947368421,0.6675,0.58625,0.659374999999999,0.760666666666666,0.614,0.87875,0.569,0.619214285714285,0.724266666666666,0.661142857142857,0.619214285714285,0.697833333333333,0.631999999999999,0.87875,0.6844,0.532555555555555,0.472190476190476,0.60965,0.723823529411764,0.500839999999999,0.437818181818181,0.3016,0.6005,0.587,0.546142857142857,0.611999999999999,0.7325,0.360142857142857,0.671947368421052,0.755,0.556,0.544125,0.50435294117647,0.4514,0.44975,0.78125,0.45425,0.5375,0.71,0.78125,"[[1, 4], [2, 3]]"
0.03118,0.03109,0.04249,0.05069,0.047310000000000005,0.04076,0.039799999999999995,0.04,0.03853,0.0351,0.033549999999999996,0.03268,0.03383,0.0431,0.046049999999999994,0.043859999999999996,0.0415,0.039740000000000004,0.03579,0.03426,0.032560000000000006,0.02995,0.02903,0.02819,0.02871,0.031010000000000003,0.039409999999999994,0.04879,0.047380000000000005,0.04285,0.04165,0.039880000000000006,0.03548,0.03157,0.030969999999999998,0.03174,0.03377,0.04,0.044649999999999995,0.04229,0.0399,0.038520000000000006,0.03484,0.03321,0.03553,0.03342,0.03198,0.03193,0.686315789473684,0.7325,0.526125,0.4869,0.52390909090909,0.402238095238095,0.488578947368421,0.6675,0.58625,0.659374999999999,0.760666666666666,0.614,0.87875,0.569,0.619214285714285,0.724266666666666,0.661142857142857,0.619214285714285,0.697833333333333,0.631999999999999,0.87875,0.6844,0.532555555555555,0.472190476190476,0.60965,0.723823529411764,0.500839999999999,0.437818181818181,0.3016,0.6005,0.587,0.546142857142857,0.611999999999999,0.7325,0.360142857142857,0.671947368421052,0.755,0.556,0.544125,0.50435294117647,0.4514,0.44975,0.78125,0.45425,0.5375,0.71,0.78125,0.7325,"[[2, 3], [1, 4]]"
0.03109,0.04249,0.05069,0.047310000000000005,0.04076,0.039799999999999995,0.04,0.03853,0.0351,0.033549999999999996,0.03268,0.03383,0.0431,0.046049999999999994,0.043859999999999996,0.0415,0.039740000000000004,0.03579,0.03426,0.032560000000000006,0.02995,0.02903,0.02819,0.02871,0.031010000000000003,0.039409999999999994,0.04879,0.047380000000000005,0.04285,0.04165,0.039880000000000006,0.03548,0.03157,0.030969999999999998,0.03174,0.03377,0.04,0.044649999999999995,0.04229,0.0399,0.038520000000000006,0.03484,0.03321,0.03553,0.03342,0.03198,0.03193,0.032369999999999996,0.7325,0.526125,0.4869,0.52390909090909,0.402238095238095,0.488578947368421,0.6675,0.58625,0.659374999999999,0.760666666666666,0.614,0.87875,0.569,0.619214285714285,0.724266666666666,0.661142857142857,0.619214285714285,0.697833333333333,0.631999999999999,0.87875,0.6844,0.532555555555555,0.472190476190476,0.60965,0.723823529411764,0.500839999999999,0.437818181818181,0.3016,0.6005,0.587,0.546142857142857,0.611999999999999,0.7325,0.360142857142857,0.671947368421052,0.755,0.556,0.544125,0.50435294117647,0.4514,0.44975,0.78125,0.45425,0.5375,0.71,0.78125,0.7325,0.732499999999999,"[[1, 4], [2, 3]]"
0.04249,0.05069,0.047310000000000005,0.04076,0.039799999999999995,0.04,0.03853,0.0351,0.033549999999999996,0.03268,0.03383,0.0431,0.046049999999999994,0.043859999999999996,0.0415,0.039740000000000004,0.03579,0.03426,0.032560000000000006,0.02995,0.02903,0.02819,0.02871,0.031010000000000003,0.039409999999999994,0.04879,0.047380000000000005,0.04285,0.04165,0.039880000000000006,0.03548,0.03157,0.030969999999999998,0.03174,0.03377,0.04,0.044649999999999995,0.04229,0.0399,0.038520000000000006,0.03484,0.03321,0.03553,0.03342,0.03198,0.03193,0.032369999999999996,0.03322,0.526125,0.4869,0.52390909090909,0.402238095238095,0.488578947368421,0.6675,0.58625,0.659374999999999,0.760666666666666,0.614,0.87875,0.569,0.619214285714285,0.724266666666666,0.661142857142857,0.619214285714285,0.697833333333333,0.631999999999999,0.87875,0.6844,0.532555555555555,0.472190476190476,0.60965,0.723823529411764,0.500839999999999,0.437818181818181,0.3016,0.6005,0.587,0.546142857142857,0.611999999999999,0.7325,0.360142857142857,0.671947368421052,0.755,0.556,0.544125,0.50435294117647,0.4514,0.44975,0.78125,0.45425,0.5375,0.71,0.78125,0.7325,0.732499999999999,0.723399999999999,"[[1, 4], [2, 3]]"
0.05069,0.047310000000000005,0.04076,0.039799999999999995,0.04,0.03853,0.0351,0.033549999999999996,0.03268,0.03383,0.0431,0.046049999999999994,0.043859999999999996,0.0415,0.039740000000000004,0.03579,0.03426,0.032560000000000006,0.02995,0.02903,0.02819,0.02871,0.031010000000000003,0.039409999999999994,0.04879,0.047380000000000005,0.04285,0.04165,0.039880000000000006,0.03548,0.03157,0.030969999999999998,0.03174,0.03377,0.04,0.044649999999999995,0.04229,0.0399,0.038520000000000006,0.03484,0.03321,0.03553,0.03342,0.03198,0.03193,0.032369999999999996,0.03322,0.03807,0.4869,0.52390909090909,0.402238095238095,0.488578947368421,0.6675,0.58625,0.659374999999999,0.760666666666666,0.614,0.87875,0.569,0.619214285714285,0.724266666666666,0.661142857142857,0.619214285714285,0.697833333333333,0.631999999999999,0.87875,0.6844,0.532555555555555,0.472190476190476,0.60965,0.723823529411764,0.500839999999999,0.437818181818181,0.3016,0.6005,0.587,0.546142857142857,0.611999999999999,0.7325,0.360142857142857,0.671947368421052,0.755,0.556,0.544125,0.50435294117647,0.4514,0.44975,0.78125,0.45425,0.5375,0.71,0.78125,0.7325,0.732499999999999,0.723399999999999,0.612058823529411,"[[1, 4], [2, 3]]"
0.047310000000000005,0.04076,0.039799999999999995,0.04,0.03853,0.0351,0.033549999999999996,0.03268,0.03383,0.0431,0.046049999999999994,0.043859999999999996,0.0415,0.039740000000000004,0.03579,0.03426,0.032560000000000006,0.02995,0.02903,0.02819,0.02871,0.031010000000000003,0.039409999999999994,0.04879,0.047380000000000005,0.04285,0.04165,0.039880000000000006,0.03548,0.03157,0.030969999999999998,0.03174,0.03377,0.04,0.044649999999999995,0.04229,0.0399,0.038520000000000006,0.03484,0.03321,0.03553,0.03342,0.03198,0.03193,0.032369999999999996,0.03322,0.03807,0.044590000000000005,0.52390909090909,0.402238095238095,0.488578947368421,0.6675,0.58625,0.659374999999999,0.760666666666666,0.614,0.87875,0.569,0.619214285714285,0.724266666666666,0.661142857142857,0.619214285714285,0.697833333333333,0.631999999999999,0.87875,0.6844,0.532555555555555,0.472190476190476,0.60965,0.723823529411764,0.500839999999999,0.437818181818181,0.3016,0.6005,0.587,0.546142857142857,0.611999999999999,0.7325,0.360142857142857,0.671947368421052,0.755,0.556,0.544125,0.50435294117647,0.4514,0.44975,0.78125,0.45425,0.5375,0.71,0.78125,0.7325,0.732499999999999,0.723399999999999,0.612058823529411,0.4207,"[[2, 3], [1, 4]]"
0.04076,0.039799999999999995,0.04,0.03853,0.0351,0.033549999999999996,0.03268,0.03383,0.0431,0.046049999999999994,0.043859999999999996,0.0415,0.039740000000000004,0.03579,0.03426,0.032560000000000006,0.02995,0.02903,0.02819,0.02871,0.031010000000000003,0.039409999999999994,0.04879,0.047380000000000005,0.04285,0.04165,0.039880000000000006,0.03548,0.03157,0.030969999999999998,0.03174,0.03377,0.04,0.044649999999999995,0.04229,0.0399,0.038520000000000006,0.03484,0.03321,0.03553,0.03342,0.03198,0.03193,0.032369999999999996,0.03322,0.03807,0.044590000000000005,0.04181,0.402238095238095,0.488578947368421,0.6675,0.58625,0.659374999999999,0.760666666666666,0.614,0.87875,0.569,0.619214285714285,0.724266666666666,0.661142857142857,0.619214285714285,0.697833333333333,0.631999999999999,0.87875,0.6844,0.532555555555555,0.472190476190476,0.60965,0.723823529411764,0.500839999999999,0.437818181818181,0.3016,0.6005,0.587,0.546142857142857,0.611999999999999,0.7325,0.360142857142857,0.671947368421052,0.755,0.556,0.544125,0.50435294117647,0.4514,0.44975,0.78125,0.45425,0.5375,0.71,0.78125,0.7325,0.732499999999999,0.723399999999999,0.612058823529411,0.4207,0.34425,"[[1, 4], [2, 3]]"
0.039799999999999995,0.04,0.03853,0.0351,0.033549999999999996,0.03268,0.03383,0.0431,0.046049999999999994,0.043859999999999996,0.0415,0.039740000000000004,0.03579,0.03426,0.032560000000000006,0.02995,0.02903,0.02819,0.02871,0.031010000000000003,0.039409999999999994,0.04879,0.047380000000000005,0.04285,0.04165,0.039880000000000006,0.03548,0.03157,0.030969999999999998,0.03174,0.03377,0.04,0.044649999999999995,0.04229,0.0399,0.038520000000000006,0.03484,0.03321,0.03553,0.03342,0.03198,0.03193,0.032369999999999996,0.03322,0.03807,0.044590000000000005,0.04181,0.04122,0.488578947368421,0.6675,0.58625,0.659374999999999,0.760666666666666,0.614,0.87875,0.569,0.619214285714285,0.724266666666666,0.661142857142857,0.619214285714285,0.697833333333333,0.631999999999999,0.87875,0.6844,0.532555555555555,0.472190476190476,0.60965,0.723823529411764,0.500839999999999,0.437818181818181,0.3016,0.6005,0.587,0.546142857142857,0.611999999999999,0.7325,0.360142857142857,0.671947368421052,0.755,0.556,0.544125,0.50435294117647,0.4514,0.44975,0.78125,0.45425,0.5375,0.71,0.78125,0.7325,0.732499999999999,0.723399999999999,0.612058823529411,0.4207,0.34425,0.523,"[[1, 4], [2, 3]]"
0.04,0.03853,0.0351,0.033549999999999996,0.03268,0.03383,0.0431,0.046049999999999994,0.043859999999999996,0.0415,0.039740000000000004,0.03579,0.03426,0.032560000000000006,0.02995,0.02903,0.02819,0.02871,0.031010000000000003,0.039409999999999994,0.04879,0.047380000000000005,0.04285,0.04165,0.039880000000000006,0.03548,0.03157,0.030969999999999998,0.03174,0.03377,0.04,0.044649999999999995,0.04229,0.0399,0.038520000000000006,0.03484,0.03321,0.03553,0.03342,0.03198,0.03193,0.032369999999999996,0.03322,0.03807,0.044590000000000005,0.04181,0.04122,0.040299999999999996,0.6675,0.58625,0.659374999999999,0.760666666666666,0.614,0.87875,0.569,0.619214285714285,0.724266666666666,0.661142857142857,0.619214285714285,0.697833333333333,0.631999999999999,0.87875,0.6844,0.532555555555555,0.472190476190476,0.60965,0.723823529411764,0.500839999999999,0.437818181818181,0.3016,0.6005,0.587,0.546142857142857,0.611999999999999,0.7325,0.360142857142857,0.671947368421052,0.755,0.556,0.544125,0.50435294117647,0.4514,0.44975,0.78125,0.45425,0.5375,0.71,0.78125,0.7325,0.732499999999999,0.723399999999999,0.612058823529411,0.4207,0.34425,0.523,0.542,"[[2, 3], [1, 4]]"
0.03853,0.0351,0.033549999999999996,0.03268,0.03383,0.0431,0.046049999999999994,0.043859999999999996,0.0415,0.039740000000000004,0.03579,0.03426,0.032560000000000006,0.02995,0.02903,0.02819,0.02871,0.031010000000000003,0.039409999999999994,0.04879,0.047380000000000005,0.04285,0.04165,0.039880000000000006,0.03548,0.03157,0.030969999999999998,0.03174,0.03377,0.04,0.044649999999999995,0.04229,0.0399,0.038520000000000006,0.03484,0.03321,0.03553,0.03342,0.03198,0.03193,0.032369999999999996,0.03322,0.03807,0.044590000000000005,0.04181,0.04122,0.040299999999999996,0.03774,0.58625,0.659374999999999,0.760666666666666,0.614,0.87875,0.569,0.619214285714285,0.724266666666666,0.661142857142857,0.619214285714285,0.697833333333333,0.631999999999999,0.87875,0.6844,0.532555555555555,0.472190476190476,0.60965,0.723823529411764,0.500839999999999,0.437818181818181,0.3016,0.6005,0.587,0.546142857142857,0.611999999999999,0.7325,0.360142857142857,0.671947368421052,0.755,0.556,0.544125,0.50435294117647,0.4514,0.44975,0.78125,0.45425,0.5375,0.71,0.78125,0.7325,0.732499999999999,0.723399999999999,0.612058823529411,0.4207,0.34425,0.523,0.542,0.362117647058823,"[[2, 3], [1, 4]]"
0.0351,0.033549999999999996,0.03268,0.03383,0.0431,0.046049999999999994,0.043859999999999996,0.0415,0.039740000000000004,0.03579,0.03426,0.032560000000000006,0.02995,0.02903,0.02819,0.02871,0.031010000000000003,0.039409999999999994,0.04879,0.047380000000000005,0.04285,0.04165,0.039880000000000006,0.03548,0.03157,0.030969999999999998,0.03174,0.03377,0.04,0.044649999999999995,0.04229,0.0399,0.038520000000000006,0.03484,0.03321,0.03553,0.03342,0.03198,0.03193,0.032369999999999996,0.03322,0.03807,0.044590000000000005,0.04181,0.04122,0.040299999999999996,0.03774,0.03667,0.659374999999999,0.760666666666666,0.614,0.87875,0.569,0.619214285714285,0.724266666666666,0.661142857142857,0.619214285714285,0.697833333333333,0.631999999999999,0.87875,0.6844,0.532555555555555,0.472190476190476,0.60965,0.723823529411764,0.500839999999999,0.437818181818181,0.3016,0.6005,0.587,0.546142857142857,0.611999999999999,0.7325,0.360142857142857,0.671947368421052,0.755,0.556,0.544125,0.50435294117647,0.4514,0.44975,0.78125,0.45425,0.5375,0.71,0.78125,0.7325,0.732499999999999,0.723399999999999,0.612058823529411,0.4207,0.34425,0.523,0.542,0.362117647058823,0.622,"[[1, 4], [2, 3]]"
0.033549999999999996,0.03268,0.03383,0.0431,0.046049999999999994,0.043859999999999996,0.0415,0.039740000000000004,0.03579,0.03426,0.032560000000000006,0.02995,0.02903,0.02819,0.02871,0.031010000000000003,0.039409999999999994,0.04879,0.047380000000000005,0.04285,0.04165,0.039880000000000006,0.03548,0.03157,0.030969999999999998,0.03174,0.03377,0.04,0.044649999999999995,0.04229,0.0399,0.038520000000000006,0.03484,0.03321,0.03553,0.03342,0.03198,0.03193,0.032369999999999996,0.03322,0.03807,0.044590000000000005,0.04181,0.04122,0.040299999999999996,0.03774,0.03667,0.035859999999999996,0.760666666666666,0.614,0.87875,0.569,0.619214285714285,0.724266666666666,0.661142857142857,0.619214285714285,0.697833333333333,0.631999999999999,0.87875,0.6844,0.532555555555555,0.472190476190476,0.60965,0.723823529411764,0.500839999999999,0.437818181818181,0.3016,0.6005,0.587,0.546142857142857,0.611999999999999,0.7325,0.360142857142857,0.671947368421052,0.755,0.556,0.544125,0.50435294117647,0.4514,0.44975,0.78125,0.45425,0.5375,0.71,0.78125,0.7325,0.732499999999999,0.723399999999999,0.612058823529411,0.4207,0.34425,0.523,0.542,0.362117647058823,0.622,0.617937499999999,"[[1, 4], [2, 3]]"
0.03268,0.03383,0.0431,0.046049999999999994,0.043859999999999996,0.0415,0.039740000000000004,0.03579,0.03426,0.032560000000000006,0.02995,0.02903,0.02819,0.02871,0.031010000000000003,0.039409999999999994,0.04879,0.047380000000000005,0.04285,0.04165,0.039880000000000006,0.03548,0.03157,0.030969999999999998,0.03174,0.03377,0.04,0.044649999999999995,0.04229,0.0399,0.038520000000000006,0.03484,0.03321,0.03553,0.03342,0.03198,0.03193,0.032369999999999996,0.03322,0.03807,0.044590000000000005,0.04181,0.04122,0.040299999999999996,0.03774,0.03667,0.035859999999999996,0.03246,0.614,0.87875,0.569,0.619214285714285,0.724266666666666,0.661142857142857,0.619214285714285,0.697833333333333,0.631999999999999,0.87875,0.6844,0.532555555555555,0.472190476190476,0.60965,0.723823529411764,0.500839999999999,0.437818181818181,0.3016,0.6005,0.587,0.546142857142857,0.611999999999999,0.7325,0.360142857142857,0.671947368421052,0.755,0.556,0.544125,0.50435294117647,0.4514,0.44975,0.78125,0.45425,0.5375,0.71,0.78125,0.7325,0.732499999999999,0.723399999999999,0.612058823529411,0.4207,0.34425,0.523,0.542,0.362117647058823,0.622,0.617937499999999,0.5805625,"[[1, 4], [2, 3]]"
0.03383,0.0431,0.046049999999999994,0.043859999999999996,0.0415,0.039740000000000004,0.03579,0.03426,0.032560000000000006,0.02995,0.02903,0.02819,0.02871,0.031010000000000003,0.039409999999999994,0.04879,0.047380000000000005,0.04285,0.04165,0.039880000000000006,0.03548,0.03157,0.030969999999999998,0.03174,0.03377,0.04,0.044649999999999995,0.04229,0.0399,0.038520000000000006,0.03484,0.03321,0.03553,0.03342,0.03198,0.03193,0.032369999999999996,0.03322,0.03807,0.044590000000000005,0.04181,0.04122,0.040299999999999996,0.03774,0.03667,0.035859999999999996,0.03246,0.03203,0.87875,0.569,0.619214285714285,0.724266666666666,0.661142857142857,0.619214285714285,0.697833333333333,0.631999999999999,0.87875,0.6844,0.532555555555555,0.472190476190476,0.60965,0.723823529411764,0.500839999999999,0.437818181818181,0.3016,0.6005,0.587,0.546142857142857,0.611999999999999,0.7325,0.360142857142857,0.671947368421052,0.755,0.556,0.544125,0.50435294117647,0.4514,0.44975,0.78125,0.45425,0.5375,0.71,0.78125,0.7325,0.732499999999999,0.723399999999999,0.612058823529411,0.4207,0.34425,0.523,0.542,0.362117647058823,0.622,0.617937499999999,0.5805625,0.695210526315789,"[[1, 4], [2, 3]]"
0.0431,0.046049999999999994,0.043859999999999996,0.0415,0.039740000000000004,0.03579,0.03426,0.032560000000000006,0.02995,0.02903,0.02819,0.02871,0.031010000000000003,0.039409999999999994,0.04879,0.047380000000000005,0.04285,0.04165,0.039880000000000006,0.03548,0.03157,0.030969999999999998,0.03174,0.03377,0.04,0.044649999999999995,0.04229,0.0399,0.038520000000000006,0.03484,0.03321,0.03553,0.03342,0.03198,0.03193,0.032369999999999996,0.03322,0.03807,0.044590000000000005,0.04181,0.04122,0.040299999999999996,0.03774,0.03667,0.035859999999999996,0.03246,0.03203,0.03191,0.569,0.619214285714285,0.724266666666666,0.661142857142857,0.619214285714285,0.697833333333333,0.631999999999999,0.87875,0.6844,0.532555555555555,0.472190476190476,0.60965,0.723823529411764,0.500839999999999,0.437818181818181,0.3016,0.6005,0.587,0.546142857142857,0.611999999999999,0.7325,0.360142857142857,0.671947368421052,0.755,0.556,0.544125,0.50435294117647,0.4514,0.44975,0.78125,0.45425,0.5375,0.71,0.78125,0.7325,0.732499999999999,0.723399999999999,0.612058823529411,0.4207,0.34425,0.523,0.542,0.362117647058823,0.622,0.617937499999999,0.5805625,0.695210526315789,0.589809523809523,"[[2, 3], [1, 4]]"
0.046049999999999994,0.043859999999999996,0.0415,0.039740000000000004,0.03579,0.03426,0.032560000000000006,0.02995,0.02903,0.02819,0.02871,0.031010000000000003,0.039409999999999994,0.04879,0.047380000000000005,0.04285,0.04165,0.039880000000000006,0.03548,0.03157,0.030969999999999998,0.03174,0.03377,0.04,0.044649999999999995,0.04229,0.0399,0.038520000000000006,0.03484,0.03321,0.03553,0.03342,0.03198,0.03193,0.032369999999999996,0.03322,0.03807,0.044590000000000005,0.04181,0.04122,0.040299999999999996,0.03774,0.03667,0.035859999999999996,0.03246,0.03203,0.03191,0.03623,0.619214285714285,0.724266666666666,0.661142857142857,0.619214285714285,0.697833333333333,0.631999999999999,0.87875,0.6844,0.532555555555555,0.472190476190476,0.60965,0.723823529411764,0.500839999999999,0.437818181818181,0.3016,0.6005,0.587,0.546142857142857,0.611999999999999,0.7325,0.360142857142857,0.671947368421052,0.755,0.556,0.544125,0.50435294117647,0.4514,0.44975,0.78125,0.45425,0.5375,0.71,0.78125,0.7325,0.732499999999999,0.723399999999999,0.612058823529411,0.4207,0.34425,0.523,0.542,0.362117647058823,0.622,0.617937499999999,0.5805625,0.695210526315789,0.589809523809523,0.481235294117647,"[[2, 3], [1, 4]]"
0.043859999999999996,0.0415,0.039740000000000004,0.03579,0.03426,0.032560000000000006,0.02995,0.02903,0.02819,0.02871,0.031010000000000003,0.039409999999999994,0.04879,0.047380000000000005,0.04285,0.04165,0.039880000000000006,0.03548,0.03157,0.030969999999999998,0.03174,0.03377,0.04,0.044649999999999995,0.04229,0.0399,0.038520000000000006,0.03484,0.03321,0.03553,0.03342,0.03198,0.03193,0.032369999999999996,0.03322,0.03807,0.044590000000000005,0.04181,0.04122,0.040299999999999996,0.03774,0.03667,0.035859999999999996,0.03246,0.03203,0.03191,0.03623,0.03723,0.724266666666666,0.661142857142857,0.619214285714285,0.697833333333333,0.631999999999999,0.87875,0.6844,0.532555555555555,0.472190476190476,0.60965,0.723823529411764,0.500839999999999,0.437818181818181,0.3016,0.6005,0.587,0.546142857142857,0.611999999999999,0.7325,0.360142857142857,0.671947368421052,0.755,0.556,0.544125,0.50435294117647,0.4514,0.44975,0.78125,0.45425,0.5375,0.71,0.78125,0.7325,0.732499999999999,0.723399999999999,0.612058823529411,0.4207,0.34425,0.523,0.542,0.362117647058823,0.622,0.617937499999999,0.5805625,0.695210526315789,0.589809523809523,0.481235294117647,0.456439999999999,"[[2, 3], [1, 4]]"
0.0415,0.039740000000000004,0.03579,0.03426,0.032560000000000006,0.02995,0.02903,0.02819,0.02871,0.031010000000000003,0.039409999999999994,0.04879,0.047380000000000005,0.04285,0.04165,0.039880000000000006,0.03548,0.03157,0.030969999999999998,0.03174,0.03377,0.04,0.044649999999999995,0.04229,0.0399,0.038520000000000006,0.03484,0.03321,0.03553,0.03342,0.03198,0.03193,0.032369999999999996,0.03322,0.03807,0.044590000000000005,0.04181,0.04122,0.040299999999999996,0.03774,0.03667,0.035859999999999996,0.03246,0.03203,0.03191,0.03623,0.03723,0.03633,0.661142857142857,0.619214285714285,0.697833333333333,0.631999999999999,0.87875,0.6844,0.532555555555555,0.472190476190476,0.60965,0.723823529411764,0.500839999999999,0.437818181818181,0.3016,0.6005,0.587,0.546142857142857,0.611999999999999,0.7325,0.360142857142857,0.671947368421052,0.755,0.556,0.544125,0.50435294117647,0.4514,0.44975,0.78125,0.45425,0.5375,0.71,0.78125,0.7325,0.732499999999999,0.723399999999999,0.612058823529411,0.4207,0.34425,0.523,0.542,0.362117647058823,0.622,0.617937499999999,0.5805625,0.695210526315789,0.589809523809523,0.481235294117647,0.456439999999999,0.665428571428571,"[[1, 4], [2, 3]]"
0.039740000000000004,0.03579,0.03426,0.032560000000000006,0.02995,0.02903,0.02819,0.02871,0.031010000000000003,0.039409999999999994,0.04879,0.047380000000000005,0.04285,0.04165,0.039880000000000006,0.03548,0.03157,0.030969999999999998,0.03174,0.03377,0.04,0.044649999999999995,0.04229,0.0399,0.038520000000000006,0.03484,0.03321,0.03553,0.03342,0.03198,0.03193,0.032369999999999996,0.03322,0.03807,0.044590000000000005,0.04181,0.04122,0.040299999999999996,0.03774,0.03667,0.035859999999999996,0.03246,0.03203,0.03191,0.03623,0.03723,0.03633,0.0347,0.619214285714285,0.697833333333333,0.631999999999999,0.87875,0.6844,0.532555555555555,0.472190476190476,0.60965,0.723823529411764,0.500839999999999,0.437818181818181,0.3016,0.6005,0.587,0.546142857142857,0.611999999999999,0.7325,0.360142857142857,0.671947368421052,0.755,0.556,0.544125,0.50435294117647,0.4514,0.44975,0.78125,0.45425,0.5375,0.71,0.78125,0.7325,0.732499999999999,0.723399999999999,0.612058823529411,0.4207,0.34425,0.523,0.542,0.362117647058823,0.622,0.617937499999999,0.5805625,0.695210526315789,0.589809523809523,0.481235294117647,0.456439999999999,0.665428571428571,0.55785,"[[2, 3], [1, 4]]"
0.03579,0.03426,0.032560000000000006,0.02995,0.02903,0.02819,0.02871,0.031010000000000003,0.039409999999999994,0.04879,0.047380000000000005,0.04285,0.04165,0.039880000000000006,0.03548,0.03157,0.030969999999999998,0.03174,0.03377,0.04,0.044649999999999995,0.04229,0.0399,0.038520000000000006,0.03484,0.03321,0.03553,0.03342,0.03198,0.03193,0.032369999999999996,0.03322,0.03807,0.044590000000000005,0.04181,0.04122,0.040299999999999996,0.03774,0.03667,0.035859999999999996,0.03246,0.03203,0.03191,0.03623,0.03723,0.03633,0.0347,0.03191,0.697833333333333,0.631999999999999,0.87875,0.6844,0.532555555555555,0.472190476190476,0.60965,0.723823529411764,0.500839999999999,0.437818181818181,0.3016,0.6005,0.587,0.546142857142857,0.611999999999999,0.7325,0.360142857142857,0.671947368421052,0.755,0.556,0.544125,0.50435294117647,0.4514,0.44975,0.78125,0.45425,0.5375,0.71,0.78125,0.7325,0.732499999999999,0.723399999999999,0.612058823529411,0.4207,0.34425,0.523,0.542,0.362117647058823,0.622,0.617937499999999,0.5805625,0.695210526315789,0.589809523809523,0.481235294117647,0.456439999999999,0.665428571428571,0.55785,0.580478260869565,"[[1, 4], [2, 3]]"
0.03426,0.032560000000000006,0.02995,0.02903,0.02819,0.02871,0.031010000000000003,0.039409999999999994,0.04879,0.047380000000000005,0.04285,0.04165,0.039880000000000006,0.03548,0.03157,0.030969999999999998,0.03174,0.03377,0.04,0.044649999999999995,0.04229,0.0399,0.038520000000000006,0.03484,0.03321,0.03553,0.03342,0.03198,0.03193,0.032369999999999996,0.03322,0.03807,0.044590000000000005,0.04181,0.04122,0.040299999999999996,0.03774,0.03667,0.035859999999999996,0.03246,0.03203,0.03191,0.03623,0.03723,0.03633,0.0347,0.03191,0.02784,0.631999999999999,0.87875,0.6844,0.532555555555555,0.472190476190476,0.60965,0.723823529411764,0.500839999999999,0.437818181818181,0.3016,0.6005,0.587,0.546142857142857,0.611999999999999,0.7325,0.360142857142857,0.671947368421052,0.755,0.556,0.544125,0.50435294117647,0.4514,0.44975,0.78125,0.45425,0.5375,0.71,0.78125,0.7325,0.732499999999999,0.723399999999999,0.612058823529411,0.4207,0.34425,0.523,0.542,0.362117647058823,0.622,0.617937499999999,0.5805625,0.695210526315789,0.589809523809523,0.481235294117647,0.456439999999999,0.665428571428571,0.55785,0.580478260869565,0.569999999999999,"[[2, 3], [1, 4]]"
0.032560000000000006,0.02995,0.02903,0.02819,0.02871,0.031010000000000003,0.039409999999999994,0.04879,0.047380000000000005,0.04285,0.04165,0.039880000000000006,0.03548,0.03157,0.030969999999999998,0.03174,0.03377,0.04,0.044649999999999995,0.04229,0.0399,0.038520000000000006,0.03484,0.03321,0.03553,0.03342,0.03198,0.03193,0.032369999999999996,0.03322,0.03807,0.044590000000000005,0.04181,0.04122,0.040299999999999996,0.03774,0.03667,0.035859999999999996,0.03246,0.03203,0.03191,0.03623,0.03723,0.03633,0.0347,0.03191,0.02784,0.02472,0.87875,0.6844,0.532555555555555,0.472190476190476,0.60965,0.723823529411764,0.500839999999999,0.437818181818181,0.3016,0.6005,0.587,0.546142857142857,0.611999999999999,0.7325,0.360142857142857,0.671947368421052,0.755,0.556,0.544125,0.50435294117647,0.4514,0.44975,0.78125,0.45425,0.5375,0.71,0.78125,0.7325,0.732499999999999,0.723399999999999,0.612058823529411,0.4207,0.34425,0.523,0.542,0.362117647058823,0.622,0.617937499999999,0.5805625,0.695210526315789,0.589809523809523,0.481235294117647,0.456439999999999,0.665428571428571,0.55785,0.580478260869565,0.569999999999999,0.582770833333333,"[[2, 3], [1, 4]]"
0.02995,0.02903,0.02819,0.02871,0.031010000000000003,0.039409999999999994,0.04879,0.047380000000000005,0.04285,0.04165,0.039880000000000006,0.03548,0.03157,0.030969999999999998,0.03174,0.03377,0.04,0.044649999999999995,0.04229,0.0399,0.038520000000000006,0.03484,0.03321,0.03553,0.03342,0.03198,0.03193,0.032369999999999996,0.03322,0.03807,0.044590000000000005,0.04181,0.04122,0.040299999999999996,0.03774,0.03667,0.035859999999999996,0.03246,0.03203,0.03191,0.03623,0.03723,0.03633,0.0347,0.03191,0.02784,0.02472,0.027039999999999998,0.6844,0.532555555555555,0.472190476190476,0.60965,0.723823529411764,0.500839999999999,0.437818181818181,0.3016,0.6005,0.587,0.546142857142857,0.611999999999999,0.7325,0.360142857142857,0.671947368421052,0.755,0.556,0.544125,0.50435294117647,0.4514,0.44975,0.78125,0.45425,0.5375,0.71,0.78125,0.7325,0.732499999999999,0.723399999999999,0.612058823529411,0.4207,0.34425,0.523,0.542,0.362117647058823,0.622,0.617937499999999,0.5805625,0.695210526315789,0.589809523809523,0.481235294117647,0.456439999999999,0.665428571428571,0.55785,0.580478260869565,0.569999999999999,0.582770833333333,0.516066666666666,"[[1, 4], [2, 3]]"
0.02903,0.02819,0.02871,0.031010000000000003,0.039409999999999994,0.04879,0.047380000000000005,0.04285,0.04165,0.039880000000000006,0.03548,0.03157,0.030969999999999998,0.03174,0.03377,0.04,0.044649999999999995,0.04229,0.0399,0.038520000000000006,0.03484,0.03321,0.03553,0.03342,0.03198,0.03193,0.032369999999999996,0.03322,0.03807,0.044590000000000005,0.04181,0.04122,0.040299999999999996,0.03774,0.03667,0.035859999999999996,0.03246,0.03203,0.03191,0.03623,0.03723,0.03633,0.0347,0.03191,0.02784,0.02472,0.027039999999999998,0.02725,0.532555555555555,0.472190476190476,0.60965,0.723823529411764,0.500839999999999,0.437818181818181,0.3016,0.6005,0.587,0.546142857142857,0.611999999999999,0.7325,0.360142857142857,0.671947368421052,0.755,0.556,0.544125,0.50435294117647,0.4514,0.44975,0.78125,0.45425,0.5375,0.71,0.78125,0.7325,0.732499999999999,0.723399999999999,0.612058823529411,0.4207,0.34425,0.523,0.542,0.362117647058823,0.622,0.617937499999999,0.5805625,0.695210526315789,0.589809523809523,0.481235294117647,0.456439999999999,0.665428571428571,0.55785,0.580478260869565,0.569999999999999,0.582770833333333,0.516066666666666,0.531812499999999,"[[1, 4], [2, 3]]"
0.02819,0.02871,0.031010000000000003,0.039409999999999994,0.04879,0.047380000000000005,0.04285,0.04165,0.039880000000000006,0.03548,0.03157,0.030969999999999998,0.03174,0.03377,0.04,0.044649999999999995,0.04229,0.0399,0.038520000000000006,0.03484,0.03321,0.03553,0.03342,0.03198,0.03193,0.032369999999999996,0.03322,0.03807,0.044590000000000005,0.04181,0.04122,0.040299999999999996,0.03774,0.03667,0.035859999999999996,0.03246,0.03203,0.03191,0.03623,0.03723,0.03633,0.0347,0.03191,0.02784,0.02472,0.027039999999999998,0.02725,0.02628,0.472190476190476,0.60965,0.723823529411764,0.500839999999999,0.437818181818181,0.3016,0.6005,0.587,0.546142857142857,0.611999999999999,0.7325,0.360142857142857,0.671947368421052,0.755,0.556,0.544125,0.50435294117647,0.4514,0.44975,0.78125,0.45425,0.5375,0.71,0.78125,0.7325,0.732499999999999,0.723399999999999,0.612058823529411,0.4207,0.34425,0.523,0.542,0.362117647058823,0.622,0.617937499999999,0.5805625,0.695210526315789,0.589809523809523,0.481235294117647,0.456439999999999,0.665428571428571,0.55785,0.580478260869565,0.569999999999999,0.582770833333333,0.516066666666666,0.531812499999999,0.478422222222222,"[[1, 4], [2, 3]]"
0.02871,0.031010000000000003,0.039409999999999994,0.04879,0.047380000000000005,0.04285,0.04165,0.039880000000000006,0.03548,0.03157,0.030969999999999998,0.03174,0.03377,0.04,0.044649999999999995,0.04229,0.0399,0.038520000000000006,0.03484,0.03321,0.03553,0.03342,0.03198,0.03193,0.032369999999999996,0.03322,0.03807,0.044590000000000005,0.04181,0.04122,0.040299999999999996,0.03774,0.03667,0.035859999999999996,0.03246,0.03203,0.03191,0.03623,0.03723,0.03633,0.0347,0.03191,0.02784,0.02472,0.027039999999999998,0.02725,0.02628,0.02707,0.60965,0.723823529411764,0.500839999999999,0.437818181818181,0.3016,0.6005,0.587,0.546142857142857,0.611999999999999,0.7325,0.360142857142857,0.671947368421052,0.755,0.556,0.544125,0.50435294117647,0.4514,0.44975,0.78125,0.45425,0.5375,0.71,0.78125,0.7325,0.732499999999999,0.723399999999999,0.612058823529411,0.4207,0.34425,0.523,0.542,0.362117647058823,0.622,0.617937499999999,0.5805625,0.695210526315789,0.589809523809523,0.481235294117647,0.456439999999999,0.665428571428571,0.55785,0.580478260869565,0.569999999999999,0.582770833333333,0.516066666666666,0.531812499999999,0.478422222222222,0.458739130434782,"[[2, 3], [1, 4]]"
0.031010000000000003,0.039409999999999994,0.04879,0.047380000000000005,0.04285,0.04165,0.039880000000000006,0.03548,0.03157,0.030969999999999998,0.03174,0.03377,0.04,0.044649999999999995,0.04229,0.0399,0.038520000000000006,0.03484,0.03321,0.03553,0.03342,0.03198,0.03193,0.032369999999999996,0.03322,0.03807,0.044590000000000005,0.04181,0.04122,0.040299999999999996,0.03774,0.03667,0.035859999999999996,0.03246,0.03203,0.03191,0.03623,0.03723,0.03633,0.0347,0.03191,0.02784,0.02472,0.027039999999999998,0.02725,0.02628,0.02707,0.027030000000000002,0.723823529411764,0.500839999999999,0.437818181818181,0.3016,0.6005,0.587,0.546142857142857,0.611999999999999,0.7325,0.360142857142857,0.671947368421052,0.755,0.556,0.544125,0.50435294117647,0.4514,0.44975,0.78125,0.45425,0.5375,0.71,0.78125,0.7325,0.732499999999999,0.723399999999999,0.612058823529411,0.4207,0.34425,0.523,0.542,0.362117647058823,0.622,0.617937499999999,0.5805625,0.695210526315789,0.589809523809523,0.481235294117647,0.456439999999999,0.665428571428571,0.55785,0.580478260869565,0.569999999999999,0.582770833333333,0.516066666666666,0.531812499999999,0.478422222222222,0.458739130434782,0.513465116279069,"[[2, 3], [1, 4]]"
0.039409999999999994,0.04879,0.047380000000000005,0.04285,0.04165,0.039880000000000006,0.03548,0.03157,0.030969999999999998,0.03174,0.03377,0.04,0.044649999999999995,0.04229,0.0399,0.038520000000000006,0.03484,0.03321,0.03553,0.03342,0.03198,0.03193,0.032369999999999996,0.03322,0.03807,0.044590000000000005,0.04181,0.04122,0.040299999999999996,0.03774,0.03667,0.035859999999999996,0.03246,0.03203,0.03191,0.03623,0.03723,0.03633,0.0347,0.03191,0.02784,0.02472,0.027039999999999998,0.02725,0.02628,0.02707,0.027030000000000002,0.0286,0.500839999999999,0.437818181818181,0.3016,0.6005,0.587,0.546142857142857,0.611999999999999,0.7325,0.360142857142857,0.671947368421052,0.755,0.556,0.544125,0.50435294117647,0.4514,0.44975,0.78125,0.45425,0.5375,0.71,0.78125,0.7325,0.732499999999999,0.723399999999999,0.612058823529411,0.4207,0.34425,0.523,0.542,0.362117647058823,0.622,0.617937499999999,0.5805625,0.695210526315789,0.589809523809523,0.481235294117647,0.456439999999999,0.665428571428571,0.55785,0.580478260869565,0.569999999999999,0.582770833333333,0.516066666666666,0.531812499999999,0.478422222222222,0.458739130434782,0.513465116279069,0.464146341463414,"[[2, 3], [1, 4]]"
0.04879,0.047380000000000005,0.04285,0.04165,0.039880000000000006,0.03548,0.03157,0.030969999999999998,0.03174,0.03377,0.04,0.044649999999999995,0.04229,0.0399,0.038520000000000006,0.03484,0.03321,0.03553,0.03342,0.03198,0.03193,0.032369999999999996,0.03322,0.03807,0.044590000000000005,0.04181,0.04122,0.040299999999999996,0.03774,0.03667,0.035859999999999996,0.03246,0.03203,0.03191,0.03623,0.03723,0.03633,0.0347,0.03191,0.02784,0.02472,0.027039999999999998,0.02725,0.02628,0.02707,0.027030000000000002,0.0286,0.02965,0.437818181818181,0.3016,0.6005,0.587,0.546142857142857,0.611999999999999,0.7325,0.360142857142857,0.671947368421052,0.755,0.556,0.544125,0.50435294117647,0.4514,0.44975,0.78125,0.45425,0.5375,0.71,0.78125,0.7325,0.732499999999999,0.723399999999999,0.612058823529411,0.4207,0.34425,0.523,0.542,0.362117647058823,0.622,0.617937499999999,0.5805625,0.695210526315789,0.589809523809523,0.481235294117647,0.456439999999999,0.665428571428571,0.55785,0.580478260869565,0.569999999999999,0.582770833333333,0.516066666666666,0.531812499999999,0.478422222222222,0.458739130434782,0.513465116279069,0.464146341463414,0.492340909090909,"[[2, 3], [1, 4]]"
0.047380000000000005,0.04285,0.04165,0.039880000000000006,0.03548,0.03157,0.030969999999999998,0.03174,0.03377,0.04,0.044649999999999995,0.04229,0.0399,0.038520000000000006,0.03484,0.03321,0.03553,0.03342,0.03198,0.03193,0.032369999999999996,0.03322,0.03807,0.044590000000000005,0.04181,0.04122,0.040299999999999996,0.03774,0.03667,0.035859999999999996,0.03246,0.03203,0.03191,0.03623,0.03723,0.03633,0.0347,0.03191,0.02784,0.02472,0.027039999999999998,0.02725,0.02628,0.02707,0.027030000000000002,0.0286,0.02965,0.0315,0.3016,0.6005,0.587,0.546142857142857,0.611999999999999,0.7325,0.360142857142857,0.671947368421052,0.755,0.556,0.544125,0.50435294117647,0.4514,0.44975,0.78125,0.45425,0.5375,0.71,0.78125,0.7325,0.732499999999999,0.723399999999999,0.612058823529411,0.4207,0.34425,0.523,0.542,0.362117647058823,0.622,0.617937499999999,0.5805625,0.695210526315789,0.589809523809523,0.481235294117647,0.456439999999999,0.665428571428571,0.55785,0.580478260869565,0.569999999999999,0.582770833333333,0.516066666666666,0.531812499999999,0.478422222222222,0.458739130434782,0.513465116279069,0.464146341463414,0.492340909090909,0.462767441860465,"[[2, 3], [1, 4]]"
0.04285,0.04165,0.039880000000000006,0.03548,0.03157,0.030969999999999998,0.03174,0.03377,0.04,0.044649999999999995,0.04229,0.0399,0.038520000000000006,0.03484,0.03321,0.03553,0.03342,0.03198,0.03193,0.032369999999999996,0.03322,0.03807,0.044590000000000005,0.04181,0.04122,0.040299999999999996,0.03774,0.03667,0.035859999999999996,0.03246,0.03203,0.03191,0.03623,0.03723,0.03633,0.0347,0.03191,0.02784,0.02472,0.027039999999999998,0.02725,0.02628,0.02707,0.027030000000000002,0.0286,0.02965,0.0315,0.03663,0.6005,0.587,0.546142857142857,0.611999999999999,0.7325,0.360142857142857,0.671947368421052,0.755,0.556,0.544125,0.50435294117647,0.4514,0.44975,0.78125,0.45425,0.5375,0.71,0.78125,0.7325,0.732499999999999,0.723399999999999,0.612058823529411,0.4207,0.34425,0.523,0.542,0.362117647058823,0.622,0.617937499999999,0.5805625,0.695210526315789,0.589809523809523,0.481235294117647,0.456439999999999,0.665428571428571,0.55785,0.580478260869565,0.569999999999999,0.582770833333333,0.516066666666666,0.531812499999999,0.478422222222222,0.458739130434782,0.513465116279069,0.464146341463414,0.492340909090909,0.462767441860465,0.592189189189189,"[[1, 4], [2, 3]]"
0.04165,0.039880000000000006,0.03548,0.03157,0.030969999999999998,0.03174,0.03377,0.04,0.044649999999999995,0.04229,0.0399,0.038520000000000006,0.03484,0.03321,0.03553,0.03342,0.03198,0.03193,0.032369999999999996,0.03322,0.03807,0.044590000000000005,0.04181,0.04122,0.040299999999999996,0.03774,0.03667,0.035859999999999996,0.03246,0.03203,0.03191,0.03623,0.03723,0.03633,0.0347,0.03191,0.02784,0.02472,0.027039999999999998,0.02725,0.02628,0.02707,0.027030000000000002,0.0286,0.02965,0.0315,0.03663,0.038729999999999994,0.587,0.546142857142857,0.611999999999999,0.7325,0.360142857142857,0.671947368421052,0.755,0.556,0.544125,0.50435294117647,0.4514,0.44975,0.78125,0.45425,0.5375,0.71,0.78125,0.7325,0.732499999999999,0.723399999999999,0.612058823529411,0.4207,0.34425,0.523,0.542,0.362117647058823,0.622,0.617937499999999,0.5805625,0.695210526315789,0.589809523809523,0.481235294117647,0.456439999999999,0.665428571428571,0.55785,0.580478260869565,0.569999999999999,0.582770833333333,0.516066666666666,0.531812499999999,0.478422222222222,0.458739130434782,0.513465116279069,0.464146341463414,0.492340909090909,0.462767441860465,0.592189189189189,0.548325,"[[2, 3], [1, 4]]"
0.039880000000000006,0.03548,0.03157,0.030969999999999998,0.03174,0.03377,0.04,0.044649999999999995,0.04229,0.0399,0.038520000000000006,0.03484,0.03321,0.03553,0.03342,0.03198,0.03193,0.032369999999999996,0.03322,0.03807,0.044590000000000005,0.04181,0.04122,0.040299999999999996,0.03774,0.03667,0.035859999999999996,0.03246,0.03203,0.03191,0.03623,0.03723,0.03633,0.0347,0.03191,0.02784,0.02472,0.027039999999999998,0.02725,0.02628,0.02707,0.027030000000000002,0.0286,0.02965,0.0315,0.03663,0.038729999999999994,0.04215,0.546142857142857,0.611999999999999,0.7325,0.360142857142857,0.671947368421052,0.755,0.556,0.544125,0.50435294117647,0.4514,0.44975,0.78125,0.45425,0.5375,0.71,0.78125,0.7325,0.732499999999999,0.723399999999999,0.612058823529411,0.4207,0.34425,0.523,0.542,0.362117647058823,0.622,0.617937499999999,0.5805625,0.695210526315789,0.589809523809523,0.481235294117647,0.456439999999999,0.665428571428571,0.55785,0.580478260869565,0.569999999999999,0.582770833333333,0.516066666666666,0.531812499999999,0.478422222222222,0.458739130434782,0.513465116279069,0.464146341463414,0.492340909090909,0.462767441860465,0.592189189189189,0.548325,0.542032258064516,"[[1, 4], [2, 3]]"
0.03548,0.03157,0.030969999999999998,0.03174,0.03377,0.04,0.044649999999999995,0.04229,0.0399,0.038520000000000006,0.03484,0.03321,0.03553,0.03342,0.03198,0.03193,0.032369999999999996,0.03322,0.03807,0.044590000000000005,0.04181,0.04122,0.040299999999999996,0.03774,0.03667,0.035859999999999996,0.03246,0.03203,0.03191,0.03623,0.03723,0.03633,0.0347,0.03191,0.02784,0.02472,0.027039999999999998,0.02725,0.02628,0.02707,0.027030000000000002,0.0286,0.02965,0.0315,0.03663,0.038729999999999994,0.04215,0.042,0.611999999999999,0.7325,0.360142857142857,0.671947368421052,0.755,0.556,0.544125,0.50435294117647,0.4514,0.44975,0.78125,0.45425,0.5375,0.71,0.78125,0.7325,0.732499999999999,0.723399999999999,0.612058823529411,0.4207,0.34425,0.523,0.542,0.362117647058823,0.622,0.617937499999999,0.5805625,0.695210526315789,0.589809523809523,0.481235294117647,0.456439999999999,0.665428571428571,0.55785,0.580478260869565,0.569999999999999,0.582770833333333,0.516066666666666,0.531812499999999,0.478422222222222,0.458739130434782,0.513465116279069,0.464146341463414,0.492340909090909,0.462767441860465,0.592189189189189,0.548325,0.542032258064516,0.3906,"[[2, 3], [1, 4]]"
0.03157,0.030969999999999998,0.03174,0.03377,0.04,0.044649999999999995,0.04229,0.0399,0.038520000000000006,0.03484,0.03321,0.03553,0.03342,0.03198,0.03193,0.032369999999999996,0.03322,0.03807,0.044590000000000005,0.04181,0.04122,0.040299999999999996,0.03774,0.03667,0.035859999999999996,0.03246,0.03203,0.03191,0.03623,0.03723,0.03633,0.0347,0.03191,0.02784,0.02472,0.027039999999999998,0.02725,0.02628,0.02707,0.027030000000000002,0.0286,0.02965,0.0315,0.03663,0.038729999999999994,0.04215,0.042,0.03968,0.7325,0.360142857142857,0.671947368421052,0.755,0.556,0.544125,0.50435294117647,0.4514,0.44975,0.78125,0.45425,0.5375,0.71,0.78125,0.7325,0.732499999999999,0.723399999999999,0.612058823529411,0.4207,0.34425,0.523,0.542,0.362117647058823,0.622,0.617937499999999,0.5805625,0.695210526315789,0.589809523809523,0.481235294117647,0.456439999999999,0.665428571428571,0.55785,0.580478260869565,0.569999999999999,0.582770833333333,0.516066666666666,0.531812499999999,0.478422222222222,0.458739130434782,0.513465116279069,0.464146341463414,0.492340909090909,0.462767441860465,0.592189189189189,0.548325,0.542032258064516,0.3906,0.535642857142857,"[[2, 3], [1, 4]]"
0.030969999999999998,0.03174,0.03377,0.04,0.044649999999999995,0.04229,0.0399,0.038520000000000006,0.03484,0.03321,0.03553,0.03342,0.03198,0.03193,0.032369999999999996,0.03322,0.03807,0.044590000000000005,0.04181,0.04122,0.040299999999999996,0.03774,0.03667,0.035859999999999996,0.03246,0.03203,0.03191,0.03623,0.03723,0.03633,0.0347,0.03191,0.02784,0.02472,0.027039999999999998,0.02725,0.02628,0.02707,0.027030000000000002,0.0286,0.02965,0.0315,0.03663,0.038729999999999994,0.04215,0.042,0.03968,0.039409999999999994,0.360142857142857,0.671947368421052,0.755,0.556,0.544125,0.50435294117647,0.4514,0.44975,0.78125,0.45425,0.5375,0.71,0.78125,0.7325,0.732499999999999,0.723399999999999,0.612058823529411,0.4207,0.34425,0.523,0.542,0.362117647058823,0.622,0.617937499999999,0.5805625,0.695210526315789,0.589809523809523,0.481235294117647,0.456439999999999,0.665428571428571,0.55785,0.580478260869565,0.569999999999999,0.582770833333333,0.516066666666666,0.531812499999999,0.478422222222222,0.458739130434782,0.513465116279069,0.464146341463414,0.492340909090909,0.462767441860465,0.592189189189189,0.548325,0.542032258064516,0.3906,0.535642857142857,0.498153846153846,"[[1, 4], [2, 3]]"
0.03174,0.03377,0.04,0.044649999999999995,0.04229,0.0399,0.038520000000000006,0.03484,0.03321,0.03553,0.03342,0.03198,0.03193,0.032369999999999996,0.03322,0.03807,0.044590000000000005,0.04181,0.04122,0.040299999999999996,0.03774,0.03667,0.035859999999999996,0.03246,0.03203,0.03191,0.03623,0.03723,0.03633,0.0347,0.03191,0.02784,0.02472,0.027039999999999998,0.02725,0.02628,0.02707,0.027030000000000002,0.0286,0.02965,0.0315,0.03663,0.038729999999999994,0.04215,0.042,0.03968,0.039409999999999994,0.03929,0.671947368421052,0.755,0.556,0.544125,0.50435294117647,0.4514,0.44975,0.78125,0.45425,0.5375,0.71,0.78125,0.7325,0.732499999999999,0.723399999999999,0.612058823529411,0.4207,0.34425,0.523,0.542,0.362117647058823,0.622,0.617937499999999,0.5805625,0.695210526315789,0.589809523809523,0.481235294117647,0.456439999999999,0.665428571428571,0.55785,0.580478260869565,0.569999999999999,0.582770833333333,0.516066666666666,0.531812499999999,0.478422222222222,0.458739130434782,0.513465116279069,0.464146341463414,0.492340909090909,0.462767441860465,0.592189189189189,0.548325,0.542032258064516,0.3906,0.535642857142857,0.498153846153846,0.357319999999999,"[[1, 4], [2, 3]]"
0.03377,0.04,0.044649999999999995,0.04229,0.0399,0.038520000000000006,0.03484,0.03321,0.03553,0.03342,0.03198,0.03193,0.032369999999999996,0.03322,0.03807,0.044590000000000005,0.04181,0.04122,0.040299999999999996,0.03774,0.03667,0.035859999999999996,0.03246,0.03203,0.03191,0.03623,0.03723,0.03633,0.0347,0.03191,0.02784,0.02472,0.027039999999999998,0.02725,0.02628,0.02707,0.027030000000000002,0.0286,0.02965,0.0315,0.03663,0.038729999999999994,0.04215,0.042,0.03968,0.039409999999999994,0.03929,0.038990000000000004,0.755,0.556,0.544125,0.50435294117647,0.4514,0.44975,0.78125,0.45425,0.5375,0.71,0.78125,0.7325,0.732499999999999,0.723399999999999,0.612058823529411,0.4207,0.34425,0.523,0.542,0.362117647058823,0.622,0.617937499999999,0.5805625,0.695210526315789,0.589809523809523,0.481235294117647,0.456439999999999,0.665428571428571,0.55785,0.580478260869565,0.569999999999999,0.582770833333333,0.516066666666666,0.531812499999999,0.478422222222222,0.458739130434782,0.513465116279069,0.464146341463414,0.492340909090909,0.462767441860465,0.592189189189189,0.548325,0.542032258064516,0.3906,0.535642857142857,0.498153846153846,0.357319999999999,0.404206896551724,"[[1, 4], [2, 3]]"
0.04,0.044649999999999995,0.04229,0.0399,0.038520000000000006,0.03484,0.03321,0.03553,0.03342,0.03198,0.03193,0.032369999999999996,0.03322,0.03807,0.044590000000000005,0.04181,0.04122,0.040299999999999996,0.03774,0.03667,0.035859999999999996,0.03246,0.03203,0.03191,0.03623,0.03723,0.03633,0.0347,0.03191,0.02784,0.02472,0.027039999999999998,0.02725,0.02628,0.02707,0.027030000000000002,0.0286,0.02965,0.0315,0.03663,0.038729999999999994,0.04215,0.042,0.03968,0.039409999999999994,0.03929,0.038990000000000004,0.04038,0.556,0.544125,0.50435294117647,0.4514,0.44975,0.78125,0.45425,0.5375,0.71,0.78125,0.7325,0.732499999999999,0.723399999999999,0.612058823529411,0.4207,0.34425,0.523,0.542,0.362117647058823,0.622,0.617937499999999,0.5805625,0.695210526315789,0.589809523809523,0.481235294117647,0.456439999999999,0.665428571428571,0.55785,0.580478260869565,0.569999999999999,0.582770833333333,0.516066666666666,0.531812499999999,0.478422222222222,0.458739130434782,0.513465116279069,0.464146341463414,0.492340909090909,0.462767441860465,0.592189189189189,0.548325,0.542032258064516,0.3906,0.535642857142857,0.498153846153846,0.357319999999999,0.404206896551724,0.31572,"[[2, 3], [1, 4]]"
0.044649999999999995,0.04229,0.0399,0.038520000000000006,0.03484,0.03321,0.03553,0.03342,0.03198,0.03193,0.032369999999999996,0.03322,0.03807,0.044590000000000005,0.04181,0.04122,0.040299999999999996,0.03774,0.03667,0.035859999999999996,0.03246,0.03203,0.03191,0.03623,0.03723,0.03633,0.0347,0.03191,0.02784,0.02472,0.027039999999999998,0.02725,0.02628,0.02707,0.027030000000000002,0.0286,0.02965,0.0315,0.03663,0.038729999999999994,0.04215,0.042,0.03968,0.039409999999999994,0.03929,0.038990000000000004,0.04038,0.04859,0.544125,0.50435294117647,0.4514,0.44975,0.78125,0.45425,0.5375,0.71,0.78125,0.7325,0.732499999999999,0.723399999999999,0.612058823529411,0.4207,0.34425,0.523,0.542,0.362117647058823,0.622,0.617937499999999,0.5805625,0.695210526315789,0.589809523809523,0.481235294117647,0.456439999999999,0.665428571428571,0.55785,0.580478260869565,0.569999999999999,0.582770833333333,0.516066666666666,0.531812499999999,0.478422222222222,0.458739130434782,0.513465116279069,0.464146341463414,0.492340909090909,0.462767441860465,0.592189189189189,0.548325,0.542032258064516,0.3906,0.535642857142857,0.498153846153846,0.357319999999999,0.404206896551724,0.31572,0.252703703703703,"[[2, 3], [1, 4]]"
0.04229,0.0399,0.038520000000000006,0.03484,0.03321,0.03553,0.03342,0.03198,0.03193,0.032369999999999996,0.03322,0.03807,0.044590000000000005,0.04181,0.04122,0.040299999999999996,0.03774,0.03667,0.035859999999999996,0.03246,0.03203,0.03191,0.03623,0.03723,0.03633,0.0347,0.03191,0.02784,0.02472,0.027039999999999998,0.02725,0.02628,0.02707,0.027030000000000002,0.0286,0.02965,0.0315,0.03663,0.038729999999999994,0.04215,0.042,0.03968,0.039409999999999994,0.03929,0.038990000000000004,0.04038,0.04859,0.05443,0.50435294117647,0.4514,0.44975,0.78125,0.45425,0.5375,0.71,0.78125,0.7325,0.732499999999999,0.723399999999999,0.612058823529411,0.4207,0.34425,0.523,0.542,0.362117647058823,0.622,0.617937499999999,0.5805625,0.695210526315789,0.589809523809523,0.481235294117647,0.456439999999999,0.665428571428571,0.55785,0.580478260869565,0.569999999999999,0.582770833333333,0.516066666666666,0.531812499999999,0.478422222222222,0.458739130434782,0.513465116279069,0.464146341463414,0.492340909090909,0.462767441860465,0.592189189189189,0.548325,0.542032258064516,0.3906,0.535642857142857,0.498153846153846,0.357319999999999,0.404206896551724,0.31572,0.252703703703703,0.332166666666666,"[[1, 4], [2, 3]]"
0.0399,0.038520000000000006,0.03484,0.03321,0.03553,0.03342,0.03198,0.03193,0.032369999999999996,0.03322,0.03807,0.044590000000000005,0.04181,0.04122,0.040299999999999996,0.03774,0.03667,0.035859999999999996,0.03246,0.03203,0.03191,0.03623,0.03723,0.03633,0.0347,0.03191,0.02784,0.02472,0.027039999999999998,0.02725,0.02628,0.02707,0.027030000000000002,0.0286,0.02965,0.0315,0.03663,0.038729999999999994,0.04215,0.042,0.03968,0.039409999999999994,0.03929,0.038990000000000004,0.04038,0.04859,0.05443,0.0515,0.4514,0.44975,0.78125,0.45425,0.5375,0.71,0.78125,0.7325,0.732499999999999,0.723399999999999,0.612058823529411,0.4207,0.34425,0.523,0.542,0.362117647058823,0.622,0.617937499999999,0.5805625,0.695210526315789,0.589809523809523,0.481235294117647,0.456439999999999,0.665428571428571,0.55785,0.580478260869565,0.569999999999999,0.582770833333333,0.516066666666666,0.531812499999999,0.478422222222222,0.458739130434782,0.513465116279069,0.464146341463414,0.492340909090909,0.462767441860465,0.592189189189189,0.548325,0.542032258064516,0.3906,0.535642857142857,0.498153846153846,0.357319999999999,0.404206896551724,0.31572,0.252703703703703,0.332166666666666,0.226583333333333,"[[2, 3], [1, 4]]"
0.038520000000000006,0.03484,0.03321,0.03553,0.03342,0.03198,0.03193,0.032369999999999996,0.03322,0.03807,0.044590000000000005,0.04181,0.04122,0.040299999999999996,0.03774,0.03667,0.035859999999999996,0.03246,0.03203,0.03191,0.03623,0.03723,0.03633,0.0347,0.03191,0.02784,0.02472,0.027039999999999998,0.02725,0.02628,0.02707,0.027030000000000002,0.0286,0.02965,0.0315,0.03663,0.038729999999999994,0.04215,0.042,0.03968,0.039409999999999994,0.03929,0.038990000000000004,0.04038,0.04859,0.05443,0.0515,0.04802,0.44975,0.78125,0.45425,0.5375,0.71,0.78125,0.7325,0.732499999999999,0.723399999999999,0.612058823529411,0.4207,0.34425,0.523,0.542,0.362117647058823,0.622,0.617937499999999,0.5805625,0.695210526315789,0.589809523809523,0.481235294117647,0.456439999999999,0.665428571428571,0.55785,0.580478260869565,0.569999999999999,0.582770833333333,0.516066666666666,0.531812499999999,0.478422222222222,0.458739130434782,0.513465116279069,0.464146341463414,0.492340909090909,0.462767441860465,0.592189189189189,0.548325,0.542032258064516,0.3906,0.535642857142857,0.498153846153846,0.357319999999999,0.404206896551724,0.31572,0.252703703703703,0.332166666666666,0.226583333333333,0.255666666666666,"[[2, 3], [1, 4]]"
0.03484,0.03321,0.03553,0.03342,0.03198,0.03193,0.032369999999999996,0.03322,0.03807,0.044590000000000005,0.04181,0.04122,0.040299999999999996,0.03774,0.03667,0.035859999999999996,0.03246,0.03203,0.03191,0.03623,0.03723,0.03633,0.0347,0.03191,0.02784,0.02472,0.027039999999999998,0.02725,0.02628,0.02707,0.027030000000000002,0.0286,0.02965,0.0315,0.03663,0.038729999999999994,0.04215,0.042,0.03968,0.039409999999999994,0.03929,0.038990000000000004,0.04038,0.04859,0.05443,0.0515,0.04802,0.045579999999999996,0.78125,0.45425,0.5375,0.71,0.78125,0.7325,0.732499999999999,0.723399999999999,0.612058823529411,0.4207,0.34425,0.523,0.542,0.362117647058823,0.622,0.617937499999999,0.5805625,0.695210526315789,0.589809523809523,0.481235294117647,0.456439999999999,0.665428571428571,0.55785,0.580478260869565,0.569999999999999,0.582770833333333,0.516066666666666,0.531812499999999,0.478422222222222,0.458739130434782,0.513465116279069,0.464146341463414,0.492340909090909,0.462767441860465,0.592189189189189,0.548325,0.542032258064516,0.3906,0.535642857142857,0.498153846153846,0.357319999999999,0.404206896551724,0.31572,0.252703703703703,0.332166666666666,0.226583333333333,0.255666666666666,0.419,"[[2, 3], [1, 4]]"
0.03321,0.03553,0.03342,0.03198,0.03193,0.032369999999999996,0.03322,0.03807,0.044590000000000005,0.04181,0.04122,0.040299999999999996,0.03774,0.03667,0.035859999999999996,0.03246,0.03203,0.03191,0.03623,0.03723,0.03633,0.0347,0.03191,0.02784,0.02472,0.027039999999999998,0.02725,0.02628,0.02707,0.027030000000000002,0.0286,0.02965,0.0315,0.03663,0.038729999999999994,0.04215,0.042,0.03968,0.039409999999999994,0.03929,0.038990000000000004,0.04038,0.04859,0.05443,0.0515,0.04802,0.045579999999999996,0.04318,0.45425,0.5375,0.71,0.78125,0.7325,0.732499999999999,0.723399999999999,0.612058823529411,0.4207,0.34425,0.523,0.542,0.362117647058823,0.622,0.617937499999999,0.5805625,0.695210526315789,0.589809523809523,0.481235294117647,0.456439999999999,0.665428571428571,0.55785,0.580478260869565,0.569999999999999,0.582770833333333,0.516066666666666,0.531812499999999,0.478422222222222,0.458739130434782,0.513465116279069,0.464146341463414,0.492340909090909,0.462767441860465,0.592189189189189,0.548325,0.542032258064516,0.3906,0.535642857142857,0.498153846153846,0.357319999999999,0.404206896551724,0.31572,0.252703703703703,0.332166666666666,0.226583333333333,0.255666666666666,0.419,0.589249999999999,"[[2, 3], [1, 4]]"
0.03553,0.03342,0.03198,0.03193,0.032369999999999996,0.03322,0.03807,0.044590000000000005,0.04181,0.04122,0.040299999999999996,0.03774,0.03667,0.035859999999999996,0.03246,0.03203,0.03191,0.03623,0.03723,0.03633,0.0347,0.03191,0.02784,0.02472,0.027039999999999998,0.02725,0.02628,0.02707,0.027030000000000002,0.0286,0.02965,0.0315,0.03663,0.038729999999999994,0.04215,0.042,0.03968,0.039409999999999994,0.03929,0.038990000000000004,0.04038,0.04859,0.05443,0.0515,0.04802,0.045579999999999996,0.04318,0.04396,0.5375,0.71,0.78125,0.7325,0.732499999999999,0.723399999999999,0.612058823529411,0.4207,0.34425,0.523,0.542,0.362117647058823,0.622,0.617937499999999,0.5805625,0.695210526315789,0.589809523809523,0.481235294117647,0.456439999999999,0.665428571428571,0.55785,0.580478260869565,0.569999999999999,0.582770833333333,0.516066666666666,0.531812499999999,0.478422222222222,0.458739130434782,0.513465116279069,0.464146341463414,0.492340909090909,0.462767441860465,0.592189189189189,0.548325,0.542032258064516,0.3906,0.535642857142857,0.498153846153846,0.357319999999999,0.404206896551724,0.31572,0.252703703703703,0.332166666666666,0.226583333333333,0.255666666666666,0.419,0.589249999999999,0.533888888888888,"[[1, 4], [2, 3]]"
0.03342,0.03198,0.03193,0.032369999999999996,0.03322,0.03807,0.044590000000000005,0.04181,0.04122,0.040299999999999996,0.03774,0.03667,0.035859999999999996,0.03246,0.03203,0.03191,0.03623,0.03723,0.03633,0.0347,0.03191,0.02784,0.02472,0.027039999999999998,0.02725,0.02628,0.02707,0.027030000000000002,0.0286,0.02965,0.0315,0.03663,0.038729999999999994,0.04215,0.042,0.03968,0.039409999999999994,0.03929,0.038990000000000004,0.04038,0.04859,0.05443,0.0515,0.04802,0.045579999999999996,0.04318,0.04396,0.04308,0.71,0.78125,0.7325,0.732499999999999,0.723399999999999,0.612058823529411,0.4207,0.34425,0.523,0.542,0.362117647058823,0.622,0.617937499999999,0.5805625,0.695210526315789,0.589809523809523,0.481235294117647,0.456439999999999,0.665428571428571,0.55785,0.580478260869565,0.569999999999999,0.582770833333333,0.516066666666666,0.531812499999999,0.478422222222222,0.458739130434782,0.513465116279069,0.464146341463414,0.492340909090909,0.462767441860465,0.592189189189189,0.548325,0.542032258064516,0.3906,0.535642857142857,0.498153846153846,0.357319999999999,0.404206896551724,0.31572,0.252703703703703,0.332166666666666,0.226583333333333,0.255666666666666,0.419,0.589249999999999,0.533888888888888,0.608620689655172,"[[1, 4], [2, 3]]"
0.03198,0.03193,0.032369999999999996,0.03322,0.03807,0.044590000000000005,0.04181,0.04122,0.040299999999999996,0.03774,0.03667,0.035859999999999996,0.03246,0.03203,0.03191,0.03623,0.03723,0.03633,0.0347,0.03191,0.02784,0.02472,0.027039999999999998,0.02725,0.02628,0.02707,0.027030000000000002,0.0286,0.02965,0.0315,0.03663,0.038729999999999994,0.04215,0.042,0.03968,0.039409999999999994,0.03929,0.038990000000000004,0.04038,0.04859,0.05443,0.0515,0.04802,0.045579999999999996,0.04318,0.04396,0.04308,0.0418,0.78125,0.7325,0.732499999999999,0.723399999999999,0.612058823529411,0.4207,0.34425,0.523,0.542,0.362117647058823,0.622,0.617937499999999,0.5805625,0.695210526315789,0.589809523809523,0.481235294117647,0.456439999999999,0.665428571428571,0.55785,0.580478260869565,0.569999999999999,0.582770833333333,0.516066666666666,0.531812499999999,0.478422222222222,0.458739130434782,0.513465116279069,0.464146341463414,0.492340909090909,0.462767441860465,0.592189189189189,0.548325,0.542032258064516,0.3906,0.535642857142857,0.498153846153846,0.357319999999999,0.404206896551724,0.31572,0.252703703703703,0.332166666666666,0.226583333333333,0.255666666666666,0.419,0.589249999999999,0.533888888888888,0.608620689655172,0.520447368421052,"[[2, 3], [1, 4]]"
0.03193,0.032369999999999996,0.03322,0.03807,0.044590000000000005,0.04181,0.04122,0.040299999999999996,0.03774,0.03667,0.035859999999999996,0.03246,0.03203,0.03191,0.03623,0.03723,0.03633,0.0347,0.03191,0.02784,0.02472,0.027039999999999998,0.02725,0.02628,0.02707,0.027030000000000002,0.0286,0.02965,0.0315,0.03663,0.038729999999999994,0.04215,0.042,0.03968,0.039409999999999994,0.03929,0.038990000000000004,0.04038,0.04859,0.05443,0.0515,0.04802,0.045579999999999996,0.04318,0.04396,0.04308,0.0418,0.03828,0.7325,0.732499999999999,0.723399999999999,0.612058823529411,0.4207,0.34425,0.523,0.542,0.362117647058823,0.622,0.617937499999999,0.5805625,0.695210526315789,0.589809523809523,0.481235294117647,0.456439999999999,0.665428571428571,0.55785,0.580478260869565,0.569999999999999,0.582770833333333,0.516066666666666,0.531812499999999,0.478422222222222,0.458739130434782,0.513465116279069,0.464146341463414,0.492340909090909,0.462767441860465,0.592189189189189,0.548325,0.542032258064516,0.3906,0.535642857142857,0.498153846153846,0.357319999999999,0.404206896551724,0.31572,0.252703703703703,0.332166666666666,0.226583333333333,0.255666666666666,0.419,0.589249999999999,0.533888888888888,0.608620689655172,0.520447368421052,0.565432432432432,"[[1, 4], [2, 3]]"
0.032369999999999996,0.03322,0.03807,0.044590000000000005,0.04181,0.04122,0.040299999999999996,0.03774,0.03667,0.035859999999999996,0.03246,0.03203,0.03191,0.03623,0.03723,0.03633,0.0347,0.03191,0.02784,0.02472,0.027039999999999998,0.02725,0.02628,0.02707,0.027030000000000002,0.0286,0.02965,0.0315,0.03663,0.038729999999999994,0.04215,0.042,0.03968,0.039409999999999994,0.03929,0.038990000000000004,0.04038,0.04859,0.05443,0.0515,0.04802,0.045579999999999996,0.04318,0.04396,0.04308,0.0418,0.03828,0.037899999999999996,0.732499999999999,0.723399999999999,0.612058823529411,0.4207,0.34425,0.523,0.542,0.362117647058823,0.622,0.617937499999999,0.5805625,0.695210526315789,0.589809523809523,0.481235294117647,0.456439999999999,0.665428571428571,0.55785,0.580478260869565,0.569999999999999,0.582770833333333,0.516066666666666,0.531812499999999,0.478422222222222,0.458739130434782,0.513465116279069,0.464146341463414,0.492340909090909,0.462767441860465,0.592189189189189,0.548325,0.542032258064516,0.3906,0.535642857142857,0.498153846153846,0.357319999999999,0.404206896551724,0.31572,0.252703703703703,0.332166666666666,0.226583333333333,0.255666666666666,0.419,0.589249999999999,0.533888888888888,0.608620689655172,0.520447368421052,0.565432432432432,0.520437499999999,"[[2, 3], [1, 4]]"
0.03322,0.03807,0.044590000000000005,0.04181,0.04122,0.040299999999999996,0.03774,0.03667,0.035859999999999996,0.03246,0.03203,0.03191,0.03623,0.03723,0.03633,0.0347,0.03191,0.02784,0.02472,0.027039999999999998,0.02725,0.02628,0.02707,0.027030000000000002,0.0286,0.02965,0.0315,0.03663,0.038729999999999994,0.04215,0.042,0.03968,0.039409999999999994,0.03929,0.038990000000000004,0.04038,0.04859,0.05443,0.0515,0.04802,0.045579999999999996,0.04318,0.04396,0.04308,0.0418,0.03828,0.037899999999999996,0.03643,0.723399999999999,0.612058823529411,0.4207,0.34425,0.523,0.542,0.362117647058823,0.622,0.617937499999999,0.5805625,0.695210526315789,0.589809523809523,0.481235294117647,0.456439999999999,0.665428571428571,0.55785,0.580478260869565,0.569999999999999,0.582770833333333,0.516066666666666,0.531812499999999,0.478422222222222,0.458739130434782,0.513465116279069,0.464146341463414,0.492340909090909,0.462767441860465,0.592189189189189,0.548325,0.542032258064516,0.3906,0.535642857142857,0.498153846153846,0.357319999999999,0.404206896551724,0.31572,0.252703703703703,0.332166666666666,0.226583333333333,0.255666666666666,0.419,0.589249999999999,0.533888888888888,0.608620689655172,0.520447368421052,0.565432432432432,0.520437499999999,0.537874999999999,"[[2, 3], [1, 4]]"
0.03807,0.044590000000000005,0.04181,0.04122,0.040299999999999996,0.03774,0.03667,0.035859999999999996,0.03246,0.03203,0.03191,0.03623,0.03723,0.03633,0.0347,0.03191,0.02784,0.02472,0.027039999999999998,0.02725,0.02628,0.02707,0.027030000000000002,0.0286,0.02965,0.0315,0.03663,0.038729999999999994,0.04215,0.042,0.03968,0.039409999999999994,0.03929,0.038990000000000004,0.04038,0.04859,0.05443,0.0515,0.04802,0.045579999999999996,0.04318,0.04396,0.04308,0.0418,0.03828,0.037899999999999996,0.03643,0.03496,0.612058823529411,0.4207,0.34425,0.523,0.542,0.362117647058823,0.622,0.617937499999999,0.5805625,0.695210526315789,0.589809523809523,0.481235294117647,0.456439999999999,0.665428571428571,0.55785,0.580478260869565,0.569999999999999,0.582770833333333,0.516066666666666,0.531812499999999,0.478422222222222,0.458739130434782,0.513465116279069,0.464146341463414,0.492340909090909,0.462767441860465,0.592189189189189,0.548325,0.542032258064516,0.3906,0.535642857142857,0.498153846153846,0.357319999999999,0.404206896551724,0.31572,0.252703703703703,0.332166666666666,0.226583333333333,0.255666666666666,0.419,0.589249999999999,0.533888888888888,0.608620689655172,0.520447368421052,0.565432432432432,0.520437499999999,0.537874999999999,0.546657142857142,"[[1, 4], [2, 3]]"
0.044590000000000005,0.04181,0.04122,0.040299999999999996,0.03774,0.03667,0.035859999999999996,0.03246,0.03203,0.03191,0.03623,0.03723,0.03633,0.0347,0.03191,0.02784,0.02472,0.027039999999999998,0.02725,0.02628,0.02707,0.027030000000000002,0.0286,0.02965,0.0315,0.03663,0.038729999999999994,0.04215,0.042,0.03968,0.039409999999999994,0.03929,0.038990000000000004,0.04038,0.04859,0.05443,0.0515,0.04802,0.045579999999999996,0.04318,0.04396,0.04308,0.0418,0.03828,0.037899999999999996,0.03643,0.03496,0.03663,0.4207,0.34425,0.523,0.542,0.362117647058823,0.622,0.617937499999999,0.5805625,0.695210526315789,0.589809523809523,0.481235294117647,0.456439999999999,0.665428571428571,0.55785,0.580478260869565,0.569999999999999,0.582770833333333,0.516066666666666,0.531812499999999,0.478422222222222,0.458739130434782,0.513465116279069,0.464146341463414,0.492340909090909,0.462767441860465,0.592189189189189,0.548325,0.542032258064516,0.3906,0.535642857142857,0.498153846153846,0.357319999999999,0.404206896551724,0.31572,0.252703703703703,0.332166666666666,0.226583333333333,0.255666666666666,0.419,0.589249999999999,0.533888888888888,0.608620689655172,0.520447368421052,0.565432432432432,0.520437499999999,0.537874999999999,0.546657142857142,0.569521739130434,"[[1, 4], [2, 3]]"
0.04181,0.04122,0.040299999999999996,0.03774,0.03667,0.035859999999999996,0.03246,0.03203,0.03191,0.03623,0.03723,0.03633,0.0347,0.03191,0.02784,0.02472,0.027039999999999998,0.02725,0.02628,0.02707,0.027030000000000002,0.0286,0.02965,0.0315,0.03663,0.038729999999999994,0.04215,0.042,0.03968,0.039409999999999994,0.03929,0.038990000000000004,0.04038,0.04859,0.05443,0.0515,0.04802,0.045579999999999996,0.04318,0.04396,0.04308,0.0418,0.03828,0.037899999999999996,0.03643,0.03496,0.03663,0.03721,0.34425,0.523,0.542,0.362117647058823,0.622,0.617937499999999,0.5805625,0.695210526315789,0.589809523809523,0.481235294117647,0.456439999999999,0.665428571428571,0.55785,0.580478260869565,0.569999999999999,0.582770833333333,0.516066666666666,0.531812499999999,0.478422222222222,0.458739130434782,0.513465116279069,0.464146341463414,0.492340909090909,0.462767441860465,0.592189189189189,0.548325,0.542032258064516,0.3906,0.535642857142857,0.498153846153846,0.357319999999999,0.404206896551724,0.31572,0.252703703703703,0.332166666666666,0.226583333333333,0.255666666666666,0.419,0.589249999999999,0.533888888888888,0.608620689655172,0.520447368421052,0.565432432432432,0.520437499999999,0.537874999999999,0.546657142857142,0.569521739130434,0.468733333333333,"[[1, 4], [2, 3]]"
0.04122,0.040299999999999996,0.03774,0.03667,0.035859999999999996,0.03246,0.03203,0.03191,0.03623,0.03723,0.03633,0.0347,0.03191,0.02784,0.02472,0.027039999999999998,0.02725,0.02628,0.02707,0.027030000000000002,0.0286,0.02965,0.0315,0.03663,0.038729999999999994,0.04215,0.042,0.03968,0.039409999999999994,0.03929,0.038990000000000004,0.04038,0.04859,0.05443,0.0515,0.04802,0.045579999999999996,0.04318,0.04396,0.04308,0.0418,0.03828,0.037899999999999996,0.03643,0.03496,0.03663,0.03721,0.038259999999999995,0.523,0.542,0.362117647058823,0.622,0.617937499999999,0.5805625,0.695210526315789,0.589809523809523,0.481235294117647,0.456439999999999,0.665428571428571,0.55785,0.580478260869565,0.569999999999999,0.582770833333333,0.516066666666666,0.531812499999999,0.478422222222222,0.458739130434782,0.513465116279069,0.464146341463414,0.492340909090909,0.462767441860465,0.592189189189189,0.548325,0.542032258064516,0.3906,0.535642857142857,0.498153846153846,0.357319999999999,0.404206896551724,0.31572,0.252703703703703,0.332166666666666,0.226583333333333,0.255666666666666,0.419,0.589249999999999,0.533888888888888,0.608620689655172,0.520447368421052,0.565432432432432,0.520437499999999,0.537874999999999,0.546657142857142,0.569521739130434,0.468733333333333,0.690714285714285,"[[2, 3], [1, 4]]"
0.040299999999999996,0.03774,0.03667,0.035859999999999996,0.03246,0.03203,0.03191,0.03623,0.03723,0.03633,0.0347,0.03191,0.02784,0.02472,0.027039999999999998,0.02725,0.02628,0.02707,0.027030000000000002,0.0286,0.02965,0.0315,0.03663,0.038729999999999994,0.04215,0.042,0.03968,0.039409999999999994,0.03929,0.038990000000000004,0.04038,0.04859,0.05443,0.0515,0.04802,0.045579999999999996,0.04318,0.04396,0.04308,0.0418,0.03828,0.037899999999999996,0.03643,0.03496,0.03663,0.03721,0.038259999999999995,0.038759999999999996,0.542,0.362117647058823,0.622,0.617937499999999,0.5805625,0.695210526315789,0.589809523809523,0.481235294117647,0.456439999999999,0.665428571428571,0.55785,0.580478260869565,0.569999999999999,0.582770833333333,0.516066666666666,0.531812499999999,0.478422222222222,0.458739130434782,0.513465116279069,0.464146341463414,0.492340909090909,0.462767441860465,0.592189189189189,0.548325,0.542032258064516,0.3906,0.535642857142857,0.498153846153846,0.357319999999999,0.404206896551724,0.31572,0.252703703703703,0.332166666666666,0.226583333333333,0.255666666666666,0.419,0.589249999999999,0.533888888888888,0.608620689655172,0.520447368421052,0.565432432432432,0.520437499999999,0.537874999999999,0.546657142857142,0.569521739130434,0.468733333333333,0.690714285714285,0.486421052631578,"[[1, 4], [2, 3]]"
0.03774,0.03667,0.035859999999999996,0.03246,0.03203,0.03191,0.03623,0.03723,0.03633,0.0347,0.03191,0.02784,0.02472,0.027039999999999998,0.02725,0.02628,0.02707,0.027030000000000002,0.0286,0.02965,0.0315,0.03663,0.038729999999999994,0.04215,0.042,0.03968,0.039409999999999994,0.03929,0.038990000000000004,0.04038,0.04859,0.05443,0.0515,0.04802,0.045579999999999996,0.04318,0.04396,0.04308,0.0418,0.03828,0.037899999999999996,0.03643,0.03496,0.03663,0.03721,0.038259999999999995,0.038759999999999996,0.039020000000000006,0.362117647058823,0.622,0.617937499999999,0.5805625,0.695210526315789,0.589809523809523,0.481235294117647,0.456439999999999,0.665428571428571,0.55785,0.580478260869565,0.569999999999999,0.582770833333333,0.516066666666666,0.531812499999999,0.478422222222222,0.458739130434782,0.513465116279069,0.464146341463414,0.492340909090909,0.462767441860465,0.592189189189189,0.548325,0.542032258064516,0.3906,0.535642857142857,0.498153846153846,0.357319999999999,0.404206896551724,0.31572,0.252703703703703,0.332166666666666,0.226583333333333,0.255666666666666,0.419,0.589249999999999,0.533888888888888,0.608620689655172,0.520447368421052,0.565432432432432,0.520437499999999,0.537874999999999,0.546657142857142,0.569521739130434,0.468733333333333,0.690714285714285,0.486421052631578,0.414324999999999,"[[2, 3], [1, 4]]"
0.03667,0.035859999999999996,0.03246,0.03203,0.03191,0.03623,0.03723,0.03633,0.0347,0.03191,0.02784,0.02472,0.027039999999999998,0.02725,0.02628,0.02707,0.027030000000000002,0.0286,0.02965,0.0315,0.03663,0.038729999999999994,0.04215,0.042,0.03968,0.039409999999999994,0.03929,0.038990000000000004,0.04038,0.04859,0.05443,0.0515,0.04802,0.045579999999999996,0.04318,0.04396,0.04308,0.0418,0.03828,0.037899999999999996,0.03643,0.03496,0.03663,0.03721,0.038259999999999995,0.038759999999999996,0.039020000000000006,0.0367,0.622,0.617937499999999,0.5805625,0.695210526315789,0.589809523809523,0.481235294117647,0.456439999999999,0.665428571428571,0.55785,0.580478260869565,0.569999999999999,0.582770833333333,0.516066666666666,0.531812499999999,0.478422222222222,0.458739130434782,0.513465116279069,0.464146341463414,0.492340909090909,0.462767441860465,0.592189189189189,0.548325,0.542032258064516,0.3906,0.535642857142857,0.498153846153846,0.357319999999999,0.404206896551724,0.31572,0.252703703703703,0.332166666666666,0.226583333333333,0.255666666666666,0.419,0.589249999999999,0.533888888888888,0.608620689655172,0.520447368421052,0.565432432432432,0.520437499999999,0.537874999999999,0.546657142857142,0.569521739130434,0.468733333333333,0.690714285714285,0.486421052631578,0.414324999999999,0.53178947368421,"[[1, 4], [2, 3]]"
0.035859999999999996,0.03246,0.03203,0.03191,0.03623,0.03723,0.03633,0.0347,0.03191,0.02784,0.02472,0.027039999999999998,0.02725,0.02628,0.02707,0.027030000000000002,0.0286,0.02965,0.0315,0.03663,0.038729999999999994,0.04215,0.042,0.03968,0.039409999999999994,0.03929,0.038990000000000004,0.04038,0.04859,0.05443,0.0515,0.04802,0.045579999999999996,0.04318,0.04396,0.04308,0.0418,0.03828,0.037899999999999996,0.03643,0.03496,0.03663,0.03721,0.038259999999999995,0.038759999999999996,0.039020000000000006,0.0367,0.03536,0.617937499999999,0.5805625,0.695210526315789,0.589809523809523,0.481235294117647,0.456439999999999,0.665428571428571,0.55785,0.580478260869565,0.569999999999999,0.582770833333333,0.516066666666666,0.531812499999999,0.478422222222222,0.458739130434782,0.513465116279069,0.464146341463414,0.492340909090909,0.462767441860465,0.592189189189189,0.548325,0.542032258064516,0.3906,0.535642857142857,0.498153846153846,0.357319999999999,0.404206896551724,0.31572,0.252703703703703,0.332166666666666,0.226583333333333,0.255666666666666,0.419,0.589249999999999,0.533888888888888,0.608620689655172,0.520447368421052,0.565432432432432,0.520437499999999,0.537874999999999,0.546657142857142,0.569521739130434,0.468733333333333,0.690714285714285,0.486421052631578,0.414324999999999,0.53178947368421,0.597051282051282,"[[1, 4], [2, 3]]"
0.03246,0.03203,0.03191,0.03623,0.03723,0.03633,0.0347,0.03191,0.02784,0.02472,0.027039999999999998,0.02725,0.02628,0.02707,0.027030000000000002,0.0286,0.02965,0.0315,0.03663,0.038729999999999994,0.04215,0.042,0.03968,0.039409999999999994,0.03929,0.038990000000000004,0.04038,0.04859,0.05443,0.0515,0.04802,0.045579999999999996,0.04318,0.04396,0.04308,0.0418,0.03828,0.037899999999999996,0.03643,0.03496,0.03663,0.03721,0.038259999999999995,0.038759999999999996,0.039020000000000006,0.0367,0.03536,0.03417,0.5805625,0.695210526315789,0.589809523809523,0.481235294117647,0.456439999999999,0.665428571428571,0.55785,0.580478260869565,0.569999999999999,0.582770833333333,0.516066666666666,0.531812499999999,0.478422222222222,0.458739130434782,0.513465116279069,0.464146341463414,0.492340909090909,0.462767441860465,0.592189189189189,0.548325,0.542032258064516,0.3906,0.535642857142857,0.498153846153846,0.357319999999999,0.404206896551724,0.31572,0.252703703703703,0.332166666666666,0.226583333333333,0.255666666666666,0.419,0.589249999999999,0.533888888888888,0.608620689655172,0.520447368421052,0.565432432432432,0.520437499999999,0.537874999999999,0.546657142857142,0.569521739130434,0.468733333333333,0.690714285714285,0.486421052631578,0.414324999999999,0.53178947368421,0.597051282051282,0.628825,"[[2, 3], [1, 4]]"
0.03203,0.03191,0.03623,0.03723,0.03633,0.0347,0.03191,0.02784,0.02472,0.027039999999999998,0.02725,0.02628,0.02707,0.027030000000000002,0.0286,0.02965,0.0315,0.03663,0.038729999999999994,0.04215,0.042,0.03968,0.039409999999999994,0.03929,0.038990000000000004,0.04038,0.04859,0.05443,0.0515,0.04802,0.045579999999999996,0.04318,0.04396,0.04308,0.0418,0.03828,0.037899999999999996,0.03643,0.03496,0.03663,0.03721,0.038259999999999995,0.038759999999999996,0.039020000000000006,0.0367,0.03536,0.03417,0.032920000000000005,0.695210526315789,0.589809523809523,0.481235294117647,0.456439999999999,0.665428571428571,0.55785,0.580478260869565,0.569999999999999,0.582770833333333,0.516066666666666,0.531812499999999,0.478422222222222,0.458739130434782,0.513465116279069,0.464146341463414,0.492340909090909,0.462767441860465,0.592189189189189,0.548325,0.542032258064516,0.3906,0.535642857142857,0.498153846153846,0.357319999999999,0.404206896551724,0.31572,0.252703703703703,0.332166666666666,0.226583333333333,0.255666666666666,0.419,0.589249999999999,0.533888888888888,0.608620689655172,0.520447368421052,0.565432432432432,0.520437499999999,0.537874999999999,0.546657142857142,0.569521739130434,0.468733333333333,0.690714285714285,0.486421052631578,0.414324999999999,0.53178947368421,0.597051282051282,0.628825,0.569666666666666,"[[2, 3], [1, 4]]"
0.03191,0.03623,0.03723,0.03633,0.0347,0.03191,0.02784,0.02472,0.027039999999999998,0.02725,0.02628,0.02707,0.027030000000000002,0.0286,0.02965,0.0315,0.03663,0.038729999999999994,0.04215,0.042,0.03968,0.039409999999999994,0.03929,0.038990000000000004,0.04038,0.04859,0.05443,0.0515,0.04802,0.045579999999999996,0.04318,0.04396,0.04308,0.0418,0.03828,0.037899999999999996,0.03643,0.03496,0.03663,0.03721,0.038259999999999995,0.038759999999999996,0.039020000000000006,0.0367,0.03536,0.03417,0.032920000000000005,0.03129,0.589809523809523,0.481235294117647,0.456439999999999,0.665428571428571,0.55785,0.580478260869565,0.569999999999999,0.582770833333333,0.516066666666666,0.531812499999999,0.478422222222222,0.458739130434782,0.513465116279069,0.464146341463414,0.492340909090909,0.462767441860465,0.592189189189189,0.548325,0.542032258064516,0.3906,0.535642857142857,0.498153846153846,0.357319999999999,0.404206896551724,0.31572,0.252703703703703,0.332166666666666,0.226583333333333,0.255666666666666,0.419,0.589249999999999,0.533888888888888,0.608620689655172,0.520447368421052,0.565432432432432,0.520437499999999,0.537874999999999,0.546657142857142,0.569521739130434,0.468733333333333,0.690714285714285,0.486421052631578,0.414324999999999,0.53178947368421,0.597051282051282,0.628825,0.569666666666666,0.516344827586206,"[[2, 3], [1, 4]]"
0.03623,0.03723,0.03633,0.0347,0.03191,0.02784,0.02472,0.027039999999999998,0.02725,0.02628,0.02707,0.027030000000000002,0.0286,0.02965,0.0315,0.03663,0.038729999999999994,0.04215,0.042,0.03968,0.039409999999999994,0.03929,0.038990000000000004,0.04038,0.04859,0.05443,0.0515,0.04802,0.045579999999999996,0.04318,0.04396,0.04308,0.0418,0.03828,0.037899999999999996,0.03643,0.03496,0.03663,0.03721,0.038259999999999995,0.038759999999999996,0.039020000000000006,0.0367,0.03536,0.03417,0.032920000000000005,0.03129,0.03189,0.481235294117647,0.456439999999999,0.665428571428571,0.55785,0.580478260869565,0.569999999999999,0.582770833333333,0.516066666666666,0.531812499999999,0.478422222222222,0.458739130434782,0.513465116279069,0.464146341463414,0.492340909090909,0.462767441860465,0.592189189189189,0.548325,0.542032258064516,0.3906,0.535642857142857,0.498153846153846,0.357319999999999,0.404206896551724,0.31572,0.252703703703703,0.332166666666666,0.226583333333333,0.255666666666666,0.419,0.589249999999999,0.533888888888888,0.608620689655172,0.520447368421052,0.565432432432432,0.520437499999999,0.537874999999999,0.546657142857142,0.569521739130434,0.468733333333333,0.690714285714285,0.486421052631578,0.414324999999999,0.53178947368421,0.597051282051282,0.628825,0.569666666666666,0.516344827586206,0.550576923076923,"[[1, 4], [2, 3]]"
0.03723,0.03633,0.0347,0.03191,0.02784,0.02472,0.027039999999999998,0.02725,0.02628,0.02707,0.027030000000000002,0.0286,0.02965,0.0315,0.03663,0.038729999999999994,0.04215,0.042,0.03968,0.039409999999999994,0.03929,0.038990000000000004,0.04038,0.04859,0.05443,0.0515,0.04802,0.045579999999999996,0.04318,0.04396,0.04308,0.0418,0.03828,0.037899999999999996,0.03643,0.03496,0.03663,0.03721,0.038259999999999995,0.038759999999999996,0.039020000000000006,0.0367,0.03536,0.03417,0.032920000000000005,0.03129,0.03189,0.03768,0.456439999999999,0.665428571428571,0.55785,0.580478260869565,0.569999999999999,0.582770833333333,0.516066666666666,0.531812499999999,0.478422222222222,0.458739130434782,0.513465116279069,0.464146341463414,0.492340909090909,0.462767441860465,0.592189189189189,0.548325,0.542032258064516,0.3906,0.535642857142857,0.498153846153846,0.357319999999999,0.404206896551724,0.31572,0.252703703703703,0.332166666666666,0.226583333333333,0.255666666666666,0.419,0.589249999999999,0.533888888888888,0.608620689655172,0.520447368421052,0.565432432432432,0.520437499999999,0.537874999999999,0.546657142857142,0.569521739130434,0.468733333333333,0.690714285714285,0.486421052631578,0.414324999999999,0.53178947368421,0.597051282051282,0.628825,0.569666666666666,0.516344827586206,0.550576923076923,0.613439024390243,"[[1, 4], [2, 3]]"
0.03633,0.0347,0.03191,0.02784,0.02472,0.027039999999999998,0.02725,0.02628,0.02707,0.027030000000000002,0.0286,0.02965,0.0315,0.03663,0.038729999999999994,0.04215,0.042,0.03968,0.039409999999999994,0.03929,0.038990000000000004,0.04038,0.04859,0.05443,0.0515,0.04802,0.045579999999999996,0.04318,0.04396,0.04308,0.0418,0.03828,0.037899999999999996,0.03643,0.03496,0.03663,0.03721,0.038259999999999995,0.038759999999999996,0.039020000000000006,0.0367,0.03536,0.03417,0.032920000000000005,0.03129,0.03189,0.03768,0.04365,0.665428571428571,0.55785,0.580478260869565,0.569999999999999,0.582770833333333,0.516066666666666,0.531812499999999,0.478422222222222,0.458739130434782,0.513465116279069,0.464146341463414,0.492340909090909,0.462767441860465,0.592189189189189,0.548325,0.542032258064516,0.3906,0.535642857142857,0.498153846153846,0.357319999999999,0.404206896551724,0.31572,0.252703703703703,0.332166666666666,0.226583333333333,0.255666666666666,0.419,0.589249999999999,0.533888888888888,0.608620689655172,0.520447368421052,0.565432432432432,0.520437499999999,0.537874999999999,0.546657142857142,0.569521739130434,0.468733333333333,0.690714285714285,0.486421052631578,0.414324999999999,0.53178947368421,0.597051282051282,0.628825,0.569666666666666,0.516344827586206,0.550576923076923,0.613439024390243,0.54575,"[[1, 4], [2, 3]]"
0.0347,0.03191,0.02784,0.02472,0.027039999999999998,0.02725,0.02628,0.02707,0.027030000000000002,0.0286,0.02965,0.0315,0.03663,0.038729999999999994,0.04215,0.042,0.03968,0.039409999999999994,0.03929,0.038990000000000004,0.04038,0.04859,0.05443,0.0515,0.04802,0.045579999999999996,0.04318,0.04396,0.04308,0.0418,0.03828,0.037899999999999996,0.03643,0.03496,0.03663,0.03721,0.038259999999999995,0.038759999999999996,0.039020000000000006,0.0367,0.03536,0.03417,0.032920000000000005,0.03129,0.03189,0.03768,0.04365,0.038060000000000004,0.55785,0.580478260869565,0.569999999999999,0.582770833333333,0.516066666666666,0.531812499999999,0.478422222222222,0.458739130434782,0.513465116279069,0.464146341463414,0.492340909090909,0.462767441860465,0.592189189189189,0.548325,0.542032258064516,0.3906,0.535642857142857,0.498153846153846,0.357319999999999,0.404206896551724,0.31572,0.252703703703703,0.332166666666666,0.226583333333333,0.255666666666666,0.419,0.589249999999999,0.533888888888888,0.608620689655172,0.520447368421052,0.565432432432432,0.520437499999999,0.537874999999999,0.546657142857142,0.569521739130434,0.468733333333333,0.690714285714285,0.486421052631578,0.414324999999999,0.53178947368421,0.597051282051282,0.628825,0.569666666666666,0.516344827586206,0.550576923076923,0.613439024390243,0.54575,0.563174999999999,"[[2, 3], [1, 4]]"
0.03191,0.02784,0.02472,0.027039999999999998,0.02725,0.02628,0.02707,0.027030000000000002,0.0286,0.02965,0.0315,0.03663,0.038729999999999994,0.04215,0.042,0.03968,0.039409999999999994,0.03929,0.038990000000000004,0.04038,0.04859,0.05443,0.0515,0.04802,0.045579999999999996,0.04318,0.04396,0.04308,0.0418,0.03828,0.037899999999999996,0.03643,0.03496,0.03663,0.03721,0.038259999999999995,0.038759999999999996,0.039020000000000006,0.0367,0.03536,0.03417,0.032920000000000005,0.03129,0.03189,0.03768,0.04365,0.038060000000000004,0.03361,0.580478260869565,0.569999999999999,0.582770833333333,0.516066666666666,0.531812499999999,0.478422222222222,0.458739130434782,0.513465116279069,0.464146341463414,0.492340909090909,0.462767441860465,0.592189189189189,0.548325,0.542032258064516,0.3906,0.535642857142857,0.498153846153846,0.357319999999999,0.404206896551724,0.31572,0.252703703703703,0.332166666666666,0.226583333333333,0.255666666666666,0.419,0.589249999999999,0.533888888888888,0.608620689655172,0.520447368421052,0.565432432432432,0.520437499999999,0.537874999999999,0.546657142857142,0.569521739130434,0.468733333333333,0.690714285714285,0.486421052631578,0.414324999999999,0.53178947368421,0.597051282051282,0.628825,0.569666666666666,0.516344827586206,0.550576923076923,0.613439024390243,0.54575,0.563174999999999,0.355814814814814,"[[2, 3], [1, 4]]"
0.02784,0.02472,0.027039999999999998,0.02725,0.02628,0.02707,0.027030000000000002,0.0286,0.02965,0.0315,0.03663,0.038729999999999994,0.04215,0.042,0.03968,0.039409999999999994,0.03929,0.038990000000000004,0.04038,0.04859,0.05443,0.0515,0.04802,0.045579999999999996,0.04318,0.04396,0.04308,0.0418,0.03828,0.037899999999999996,0.03643,0.03496,0.03663,0.03721,0.038259999999999995,0.038759999999999996,0.039020000000000006,0.0367,0.03536,0.03417,0.032920000000000005,0.03129,0.03189,0.03768,0.04365,0.038060000000000004,0.03361,0.03121,0.569999999999999,0.582770833333333,0.516066666666666,0.531812499999999,0.478422222222222,0.458739130434782,0.513465116279069,0.464146341463414,0.492340909090909,0.462767441860465,0.592189189189189,0.548325,0.542032258064516,0.3906,0.535642857142857,0.498153846153846,0.357319999999999,0.404206896551724,0.31572,0.252703703703703,0.332166666666666,0.226583333333333,0.255666666666666,0.419,0.589249999999999,0.533888888888888,0.608620689655172,0.520447368421052,0.565432432432432,0.520437499999999,0.537874999999999,0.546657142857142,0.569521739130434,0.468733333333333,0.690714285714285,0.486421052631578,0.414324999999999,0.53178947368421,0.597051282051282,0.628825,0.569666666666666,0.516344827586206,0.550576923076923,0.613439024390243,0.54575,0.563174999999999,0.355814814814814,0.52484,"[[2, 3], [1, 4]]"
0.02472,0.027039999999999998,0.02725,0.02628,0.02707,0.027030000000000002,0.0286,0.02965,0.0315,0.03663,0.038729999999999994,0.04215,0.042,0.03968,0.039409999999999994,0.03929,0.038990000000000004,0.04038,0.04859,0.05443,0.0515,0.04802,0.045579999999999996,0.04318,0.04396,0.04308,0.0418,0.03828,0.037899999999999996,0.03643,0.03496,0.03663,0.03721,0.038259999999999995,0.038759999999999996,0.039020000000000006,0.0367,0.03536,0.03417,0.032920000000000005,0.03129,0.03189,0.03768,0.04365,0.038060000000000004,0.03361,0.03121,0.02909,0.582770833333333,0.516066666666666,0.531812499999999,0.478422222222222,0.458739130434782,0.513465116279069,0.464146341463414,0.492340909090909,0.462767441860465,0.592189189189189,0.548325,0.542032258064516,0.3906,0.535642857142857,0.498153846153846,0.357319999999999,0.404206896551724,0.31572,0.252703703703703,0.332166666666666,0.226583333333333,0.255666666666666,0.419,0.589249999999999,0.533888888888888,0.608620689655172,0.520447368421052,0.565432432432432,0.520437499999999,0.537874999999999,0.546657142857142,0.569521739130434,0.468733333333333,0.690714285714285,0.486421052631578,0.414324999999999,0.53178947368421,0.597051282051282,0.628825,0.569666666666666,0.516344827586206,0.550576923076923,0.613439024390243,0.54575,0.563174999999999,0.355814814814814,0.52484,0.630357142857142,"[[1, 4], [2, 3]]"
0.027039999999999998,0.02725,0.02628,0.02707,0.027030000000000002,0.0286,0.02965,0.0315,0.03663,0.038729999999999994,0.04215,0.042,0.03968,0.039409999999999994,0.03929,0.038990000000000004,0.04038,0.04859,0.05443,0.0515,0.04802,0.045579999999999996,0.04318,0.04396,0.04308,0.0418,0.03828,0.037899999999999996,0.03643,0.03496,0.03663,0.03721,0.038259999999999995,0.038759999999999996,0.039020000000000006,0.0367,0.03536,0.03417,0.032920000000000005,0.03129,0.03189,0.03768,0.04365,0.038060000000000004,0.03361,0.03121,0.02909,0.02546,0.516066666666666,0.531812499999999,0.478422222222222,0.458739130434782,0.513465116279069,0.464146341463414,0.492340909090909,0.462767441860465,0.592189189189189,0.548325,0.542032258064516,0.3906,0.535642857142857,0.498153846153846,0.357319999999999,0.404206896551724,0.31572,0.252703703703703,0.332166666666666,0.226583333333333,0.255666666666666,0.419,0.589249999999999,0.533888888888888,0.608620689655172,0.520447368421052,0.565432432432432,0.520437499999999,0.537874999999999,0.546657142857142,0.569521739130434,0.468733333333333,0.690714285714285,0.486421052631578,0.414324999999999,0.53178947368421,0.597051282051282,0.628825,0.569666666666666,0.516344827586206,0.550576923076923,0.613439024390243,0.54575,0.563174999999999,0.355814814814814,0.52484,0.630357142857142,0.535553191489361,"[[2, 3], [1, 4]]"
0.02725,0.02628,0.02707,0.027030000000000002,0.0286,0.02965,0.0315,0.03663,0.038729999999999994,0.04215,0.042,0.03968,0.039409999999999994,0.03929,0.038990000000000004,0.04038,0.04859,0.05443,0.0515,0.04802,0.045579999999999996,0.04318,0.04396,0.04308,0.0418,0.03828,0.037899999999999996,0.03643,0.03496,0.03663,0.03721,0.038259999999999995,0.038759999999999996,0.039020000000000006,0.0367,0.03536,0.03417,0.032920000000000005,0.03129,0.03189,0.03768,0.04365,0.038060000000000004,0.03361,0.03121,0.02909,0.02546,0.030699999999999998,0.531812499999999,0.478422222222222,0.458739130434782,0.513465116279069,0.464146341463414,0.492340909090909,0.462767441860465,0.592189189189189,0.548325,0.542032258064516,0.3906,0.535642857142857,0.498153846153846,0.357319999999999,0.404206896551724,0.31572,0.252703703703703,0.332166666666666,0.226583333333333,0.255666666666666,0.419,0.589249999999999,0.533888888888888,0.608620689655172,0.520447368421052,0.565432432432432,0.520437499999999,0.537874999999999,0.546657142857142,0.569521739130434,0.468733333333333,0.690714285714285,0.486421052631578,0.414324999999999,0.53178947368421,0.597051282051282,0.628825,0.569666666666666,0.516344827586206,0.550576923076923,0.613439024390243,0.54575,0.563174999999999,0.355814814814814,0.52484,0.630357142857142,0.535553191489361,0.590928571428571,"[[2, 3], [1, 4]]"
0.02628,0.02707,0.027030000000000002,0.0286,0.02965,0.0315,0.03663,0.038729999999999994,0.04215,0.042,0.03968,0.039409999999999994,0.03929,0.038990000000000004,0.04038,0.04859,0.05443,0.0515,0.04802,0.045579999999999996,0.04318,0.04396,0.04308,0.0418,0.03828,0.037899999999999996,0.03643,0.03496,0.03663,0.03721,0.038259999999999995,0.038759999999999996,0.039020000000000006,0.0367,0.03536,0.03417,0.032920000000000005,0.03129,0.03189,0.03768,0.04365,0.038060000000000004,0.03361,0.03121,0.02909,0.02546,0.030699999999999998,0.02987,0.478422222222222,0.458739130434782,0.513465116279069,0.464146341463414,0.492340909090909,0.462767441860465,0.592189189189189,0.548325,0.542032258064516,0.3906,0.535642857142857,0.498153846153846,0.357319999999999,0.404206896551724,0.31572,0.252703703703703,0.332166666666666,0.226583333333333,0.255666666666666,0.419,0.589249999999999,0.533888888888888,0.608620689655172,0.520447368421052,0.565432432432432,0.520437499999999,0.537874999999999,0.546657142857142,0.569521739130434,0.468733333333333,0.690714285714285,0.486421052631578,0.414324999999999,0.53178947368421,0.597051282051282,0.628825,0.569666666666666,0.516344827586206,0.550576923076923,0.613439024390243,0.54575,0.563174999999999,0.355814814814814,0.52484,0.630357142857142,0.535553191489361,0.590928571428571,0.521545454545454,"[[1, 4], [2, 3]]"
0.02707,0.027030000000000002,0.0286,0.02965,0.0315,0.03663,0.038729999999999994,0.04215,0.042,0.03968,0.039409999999999994,0.03929,0.038990000000000004,0.04038,0.04859,0.05443,0.0515,0.04802,0.045579999999999996,0.04318,0.04396,0.04308,0.0418,0.03828,0.037899999999999996,0.03643,0.03496,0.03663,0.03721,0.038259999999999995,0.038759999999999996,0.039020000000000006,0.0367,0.03536,0.03417,0.032920000000000005,0.03129,0.03189,0.03768,0.04365,0.038060000000000004,0.03361,0.03121,0.02909,0.02546,0.030699999999999998,0.02987,0.02822,0.458739130434782,0.513465116279069,0.464146341463414,0.492340909090909,0.462767441860465,0.592189189189189,0.548325,0.542032258064516,0.3906,0.535642857142857,0.498153846153846,0.357319999999999,0.404206896551724,0.31572,0.252703703703703,0.332166666666666,0.226583333333333,0.255666666666666,0.419,0.589249999999999,0.533888888888888,0.608620689655172,0.520447368421052,0.565432432432432,0.520437499999999,0.537874999999999,0.546657142857142,0.569521739130434,0.468733333333333,0.690714285714285,0.486421052631578,0.414324999999999,0.53178947368421,0.597051282051282,0.628825,0.569666666666666,0.516344827586206,0.550576923076923,0.613439024390243,0.54575,0.563174999999999,0.355814814814814,0.52484,0.630357142857142,0.535553191489361,0.590928571428571,0.521545454545454,0.617124999999999,"[[2, 3], [1, 4]]"
0.027030000000000002,0.0286,0.02965,0.0315,0.03663,0.038729999999999994,0.04215,0.042,0.03968,0.039409999999999994,0.03929,0.038990000000000004,0.04038,0.04859,0.05443,0.0515,0.04802,0.045579999999999996,0.04318,0.04396,0.04308,0.0418,0.03828,0.037899999999999996,0.03643,0.03496,0.03663,0.03721,0.038259999999999995,0.038759999999999996,0.039020000000000006,0.0367,0.03536,0.03417,0.032920000000000005,0.03129,0.03189,0.03768,0.04365,0.038060000000000004,0.03361,0.03121,0.02909,0.02546,0.030699999999999998,0.02987,0.02822,0.02906,0.513465116279069,0.464146341463414,0.492340909090909,0.462767441860465,0.592189189189189,0.548325,0.542032258064516,0.3906,0.535642857142857,0.498153846153846,0.357319999999999,0.404206896551724,0.31572,0.252703703703703,0.332166666666666,0.226583333333333,0.255666666666666,0.419,0.589249999999999,0.533888888888888,0.608620689655172,0.520447368421052,0.565432432432432,0.520437499999999,0.537874999999999,0.546657142857142,0.569521739130434,0.468733333333333,0.690714285714285,0.486421052631578,0.414324999999999,0.53178947368421,0.597051282051282,0.628825,0.569666666666666,0.516344827586206,0.550576923076923,0.613439024390243,0.54575,0.563174999999999,0.355814814814814,0.52484,0.630357142857142,0.535553191489361,0.590928571428571,0.521545454545454,0.617124999999999,0.511285714285714,"[[2, 3], [1, 4]]"
0.0286,0.02965,0.0315,0.03663,0.038729999999999994,0.04215,0.042,0.03968,0.039409999999999994,0.03929,0.038990000000000004,0.04038,0.04859,0.05443,0.0515,0.04802,0.045579999999999996,0.04318,0.04396,0.04308,0.0418,0.03828,0.037899999999999996,0.03643,0.03496,0.03663,0.03721,0.038259999999999995,0.038759999999999996,0.039020000000000006,0.0367,0.03536,0.03417,0.032920000000000005,0.03129,0.03189,0.03768,0.04365,0.038060000000000004,0.03361,0.03121,0.02909,0.02546,0.030699999999999998,0.02987,0.02822,0.02906,0.030010000000000002,0.464146341463414,0.492340909090909,0.462767441860465,0.592189189189189,0.548325,0.542032258064516,0.3906,0.535642857142857,0.498153846153846,0.357319999999999,0.404206896551724,0.31572,0.252703703703703,0.332166666666666,0.226583333333333,0.255666666666666,0.419,0.589249999999999,0.533888888888888,0.608620689655172,0.520447368421052,0.565432432432432,0.520437499999999,0.537874999999999,0.546657142857142,0.569521739130434,0.468733333333333,0.690714285714285,0.486421052631578,0.414324999999999,0.53178947368421,0.597051282051282,0.628825,0.569666666666666,0.516344827586206,0.550576923076923,0.613439024390243,0.54575,0.563174999999999,0.355814814814814,0.52484,0.630357142857142,0.535553191489361,0.590928571428571,0.521545454545454,0.617124999999999,0.511285714285714,0.547294117647058,"[[1, 4], [2, 3]]"
0.02965,0.0315,0.03663,0.038729999999999994,0.04215,0.042,0.03968,0.039409999999999994,0.03929,0.038990000000000004,0.04038,0.04859,0.05443,0.0515,0.04802,0.045579999999999996,0.04318,0.04396,0.04308,0.0418,0.03828,0.037899999999999996,0.03643,0.03496,0.03663,0.03721,0.038259999999999995,0.038759999999999996,0.039020000000000006,0.0367,0.03536,0.03417,0.032920000000000005,0.03129,0.03189,0.03768,0.04365,0.038060000000000004,0.03361,0.03121,0.02909,0.02546,0.030699999999999998,0.02987,0.02822,0.02906,0.030010000000000002,0.032119999999999996,0.492340909090909,0.462767441860465,0.592189189189189,0.548325,0.542032258064516,0.3906,0.535642857142857,0.498153846153846,0.357319999999999,0.404206896551724,0.31572,0.252703703703703,0.332166666666666,0.226583333333333,0.255666666666666,0.419,0.589249999999999,0.533888888888888,0.608620689655172,0.520447368421052,0.565432432432432,0.520437499999999,0.537874999999999,0.546657142857142,0.569521739130434,0.468733333333333,0.690714285714285,0.486421052631578,0.414324999999999,0.53178947368421,0.597051282051282,0.628825,0.569666666666666,0.516344827586206,0.550576923076923,0.613439024390243,0.54575,0.563174999999999,0.355814814814814,0.52484,0.630357142857142,0.535553191489361,0.590928571428571,0.521545454545454,0.617124999999999,0.511285714285714,0.547294117647058,0.60185,"[[2, 3], [1, 4]]"
0.0315,0.03663,0.038729999999999994,0.04215,0.042,0.03968,0.039409999999999994,0.03929,0.038990000000000004,0.04038,0.04859,0.05443,0.0515,0.04802,0.045579999999999996,0.04318,0.04396,0.04308,0.0418,0.03828,0.037899999999999996,0.03643,0.03496,0.03663,0.03721,0.038259999999999995,0.038759999999999996,0.039020000000000006,0.0367,0.03536,0.03417,0.032920000000000005,0.03129,0.03189,0.03768,0.04365,0.038060000000000004,0.03361,0.03121,0.02909,0.02546,0.030699999999999998,0.02987,0.02822,0.02906,0.030010000000000002,0.032119999999999996,0.037200000000000004,0.462767441860465,0.592189189189189,0.548325,0.542032258064516,0.3906,0.535642857142857,0.498153846153846,0.357319999999999,0.404206896551724,0.31572,0.252703703703703,0.332166666666666,0.226583333333333,0.255666666666666,0.419,0.589249999999999,0.533888888888888,0.608620689655172,0.520447368421052,0.565432432432432,0.520437499999999,0.537874999999999,0.546657142857142,0.569521739130434,0.468733333333333,0.690714285714285,0.486421052631578,0.414324999999999,0.53178947368421,0.597051282051282,0.628825,0.569666666666666,0.516344827586206,0.550576923076923,0.613439024390243,0.54575,0.563174999999999,0.355814814814814,0.52484,0.630357142857142,0.535553191489361,0.590928571428571,0.521545454545454,0.617124999999999,0.511285714285714,0.547294117647058,0.60185,0.65091304347826,"[[1, 4], [2, 3]]"
0.03663,0.038729999999999994,0.04215,0.042,0.03968,0.039409999999999994,0.03929,0.038990000000000004,0.04038,0.04859,0.05443,0.0515,0.04802,0.045579999999999996,0.04318,0.04396,0.04308,0.0418,0.03828,0.037899999999999996,0.03643,0.03496,0.03663,0.03721,0.038259999999999995,0.038759999999999996,0.039020000000000006,0.0367,0.03536,0.03417,0.032920000000000005,0.03129,0.03189,0.03768,0.04365,0.038060000000000004,0.03361,0.03121,0.02909,0.02546,0.030699999999999998,0.02987,0.02822,0.02906,0.030010000000000002,0.032119999999999996,0.037200000000000004,0.04854,0.592189189189189,0.548325,0.542032258064516,0.3906,0.535642857142857,0.498153846153846,0.357319999999999,0.404206896551724,0.31572,0.252703703703703,0.332166666666666,0.226583333333333,0.255666666666666,0.419,0.589249999999999,0.533888888888888,0.608620689655172,0.520447368421052,0.565432432432432,0.520437499999999,0.537874999999999,0.546657142857142,0.569521739130434,0.468733333333333,0.690714285714285,0.486421052631578,0.414324999999999,0.53178947368421,0.597051282051282,0.628825,0.569666666666666,0.516344827586206,0.550576923076923,0.613439024390243,0.54575,0.563174999999999,0.355814814814814,0.52484,0.630357142857142,0.535553191489361,0.590928571428571,0.521545454545454,0.617124999999999,0.511285714285714,0.547294117647058,0.60185,0.65091304347826,0.597444444444444,"[[2, 3], [1, 4]]"
0.038729999999999994,0.04215,0.042,0.03968,0.039409999999999994,0.03929,0.038990000000000004,0.04038,0.04859,0.05443,0.0515,0.04802,0.045579999999999996,0.04318,0.04396,0.04308,0.0418,0.03828,0.037899999999999996,0.03643,0.03496,0.03663,0.03721,0.038259999999999995,0.038759999999999996,0.039020000000000006,0.0367,0.03536,0.03417,0.032920000000000005,0.03129,0.03189,0.03768,0.04365,0.038060000000000004,0.03361,0.03121,0.02909,0.02546,0.030699999999999998,0.02987,0.02822,0.02906,0.030010000000000002,0.032119999999999996,0.037200000000000004,0.04854,0.053579999999999996,0.548325,0.542032258064516,0.3906,0.535642857142857,0.498153846153846,0.357319999999999,0.404206896551724,0.31572,0.252703703703703,0.332166666666666,0.226583333333333,0.255666666666666,0.419,0.589249999999999,0.533888888888888,0.608620689655172,0.520447368421052,0.565432432432432,0.520437499999999,0.537874999999999,0.546657142857142,0.569521739130434,0.468733333333333,0.690714285714285,0.486421052631578,0.414324999999999,0.53178947368421,0.597051282051282,0.628825,0.569666666666666,0.516344827586206,0.550576923076923,0.613439024390243,0.54575,0.563174999999999,0.355814814814814,0.52484,0.630357142857142,0.535553191489361,0.590928571428571,0.521545454545454,0.617124999999999,0.511285714285714,0.547294117647058,0.60185,0.65091304347826,0.597444444444444,0.563157894736842,"[[1, 4], [2, 3]]"
0.04215,0.042,0.03968,0.039409999999999994,0.03929,0.038990000000000004,0.04038,0.04859,0.05443,0.0515,0.04802,0.045579999999999996,0.04318,0.04396,0.04308,0.0418,0.03828,0.037899999999999996,0.03643,0.03496,0.03663,0.03721,0.038259999999999995,0.038759999999999996,0.039020000000000006,0.0367,0.03536,0.03417,0.032920000000000005,0.03129,0.03189,0.03768,0.04365,0.038060000000000004,0.03361,0.03121,0.02909,0.02546,0.030699999999999998,0.02987,0.02822,0.02906,0.030010000000000002,0.032119999999999996,0.037200000000000004,0.04854,0.053579999999999996,0.04808,0.542032258064516,0.3906,0.535642857142857,0.498153846153846,0.357319999999999,0.404206896551724,0.31572,0.252703703703703,0.332166666666666,0.226583333333333,0.255666666666666,0.419,0.589249999999999,0.533888888888888,0.608620689655172,0.520447368421052,0.565432432432432,0.520437499999999,0.537874999999999,0.546657142857142,0.569521739130434,0.468733333333333,0.690714285714285,0.486421052631578,0.414324999999999,0.53178947368421,0.597051282051282,0.628825,0.569666666666666,0.516344827586206,0.550576923076923,0.613439024390243,0.54575,0.563174999999999,0.355814814814814,0.52484,0.630357142857142,0.535553191489361,0.590928571428571,0.521545454545454,0.617124999999999,0.511285714285714,0.547294117647058,0.60185,0.65091304347826,0.597444444444444,0.563157894736842,0.515136363636363,"[[2, 3], [1, 4]]"
0.042,0.03968,0.039409999999999994,0.03929,0.038990000000000004,0.04038,0.04859,0.05443,0.0515,0.04802,0.045579999999999996,0.04318,0.04396,0.04308,0.0418,0.03828,0.037899999999999996,0.03643,0.03496,0.03663,0.03721,0.038259999999999995,0.038759999999999996,0.039020000000000006,0.0367,0.03536,0.03417,0.032920000000000005,0.03129,0.03189,0.03768,0.04365,0.038060000000000004,0.03361,0.03121,0.02909,0.02546,0.030699999999999998,0.02987,0.02822,0.02906,0.030010000000000002,0.032119999999999996,0.037200000000000004,0.04854,0.053579999999999996,0.04808,0.04523,0.3906,0.535642857142857,0.498153846153846,0.357319999999999,0.404206896551724,0.31572,0.252703703703703,0.332166666666666,0.226583333333333,0.255666666666666,0.419,0.589249999999999,0.533888888888888,0.608620689655172,0.520447368421052,0.565432432432432,0.520437499999999,0.537874999999999,0.546657142857142,0.569521739130434,0.468733333333333,0.690714285714285,0.486421052631578,0.414324999999999,0.53178947368421,0.597051282051282,0.628825,0.569666666666666,0.516344827586206,0.550576923076923,0.613439024390243,0.54575,0.563174999999999,0.355814814814814,0.52484,0.630357142857142,0.535553191489361,0.590928571428571,0.521545454545454,0.617124999999999,0.511285714285714,0.547294117647058,0.60185,0.65091304347826,0.597444444444444,0.563157894736842,0.515136363636363,0.567818181818181,"[[1, 4], [2, 3]]"
0.03968,0.039409999999999994,0.03929,0.038990000000000004,0.04038,0.04859,0.05443,0.0515,0.04802,0.045579999999999996,0.04318,0.04396,0.04308,0.0418,0.03828,0.037899999999999996,0.03643,0.03496,0.03663,0.03721,0.038259999999999995,0.038759999999999996,0.039020000000000006,0.0367,0.03536,0.03417,0.032920000000000005,0.03129,0.03189,0.03768,0.04365,0.038060000000000004,0.03361,0.03121,0.02909,0.02546,0.030699999999999998,0.02987,0.02822,0.02906,0.030010000000000002,0.032119999999999996,0.037200000000000004,0.04854,0.053579999999999996,0.04808,0.04523,0.04419,0.535642857142857,0.498153846153846,0.357319999999999,0.404206896551724,0.31572,0.252703703703703,0.332166666666666,0.226583333333333,0.255666666666666,0.419,0.589249999999999,0.533888888888888,0.608620689655172,0.520447368421052,0.565432432432432,0.520437499999999,0.537874999999999,0.546657142857142,0.569521739130434,0.468733333333333,0.690714285714285,0.486421052631578,0.414324999999999,0.53178947368421,0.597051282051282,0.628825,0.569666666666666,0.516344827586206,0.550576923076923,0.613439024390243,0.54575,0.563174999999999,0.355814814814814,0.52484,0.630357142857142,0.535553191489361,0.590928571428571,0.521545454545454,0.617124999999999,0.511285714285714,0.547294117647058,0.60185,0.65091304347826,0.597444444444444,0.563157894736842,0.515136363636363,0.567818181818181,0.578421052631578,"[[2, 3], [1, 4]]"
0.039409999999999994,0.03929,0.038990000000000004,0.04038,0.04859,0.05443,0.0515,0.04802,0.045579999999999996,0.04318,0.04396,0.04308,0.0418,0.03828,0.037899999999999996,0.03643,0.03496,0.03663,0.03721,0.038259999999999995,0.038759999999999996,0.039020000000000006,0.0367,0.03536,0.03417,0.032920000000000005,0.03129,0.03189,0.03768,0.04365,0.038060000000000004,0.03361,0.03121,0.02909,0.02546,0.030699999999999998,0.02987,0.02822,0.02906,0.030010000000000002,0.032119999999999996,0.037200000000000004,0.04854,0.053579999999999996,0.04808,0.04523,0.04419,0.03997,0.498153846153846,0.357319999999999,0.404206896551724,0.31572,0.252703703703703,0.332166666666666,0.226583333333333,0.255666666666666,0.419,0.589249999999999,0.533888888888888,0.608620689655172,0.520447368421052,0.565432432432432,0.520437499999999,0.537874999999999,0.546657142857142,0.569521739130434,0.468733333333333,0.690714285714285,0.486421052631578,0.414324999999999,0.53178947368421,0.597051282051282,0.628825,0.569666666666666,0.516344827586206,0.550576923076923,0.613439024390243,0.54575,0.563174999999999,0.355814814814814,0.52484,0.630357142857142,0.535553191489361,0.590928571428571,0.521545454545454,0.617124999999999,0.511285714285714,0.547294117647058,0.60185,0.65091304347826,0.597444444444444,0.563157894736842,0.515136363636363,0.567818181818181,0.578421052631578,0.644666666666666,"[[2, 3], [1, 4]]"
0.03929,0.038990000000000004,0.04038,0.04859,0.05443,0.0515,0.04802,0.045579999999999996,0.04318,0.04396,0.04308,0.0418,0.03828,0.037899999999999996,0.03643,0.03496,0.03663,0.03721,0.038259999999999995,0.038759999999999996,0.039020000000000006,0.0367,0.03536,0.03417,0.032920000000000005,0.03129,0.03189,0.03768,0.04365,0.038060000000000004,0.03361,0.03121,0.02909,0.02546,0.030699999999999998,0.02987,0.02822,0.02906,0.030010000000000002,0.032119999999999996,0.037200000000000004,0.04854,0.053579999999999996,0.04808,0.04523,0.04419,0.03997,0.03613,0.357319999999999,0.404206896551724,0.31572,0.252703703703703,0.332166666666666,0.226583333333333,0.255666666666666,0.419,0.589249999999999,0.533888888888888,0.608620689655172,0.520447368421052,0.565432432432432,0.520437499999999,0.537874999999999,0.546657142857142,0.569521739130434,0.468733333333333,0.690714285714285,0.486421052631578,0.414324999999999,0.53178947368421,0.597051282051282,0.628825,0.569666666666666,0.516344827586206,0.550576923076923,0.613439024390243,0.54575,0.563174999999999,0.355814814814814,0.52484,0.630357142857142,0.535553191489361,0.590928571428571,0.521545454545454,0.617124999999999,0.511285714285714,0.547294117647058,0.60185,0.65091304347826,0.597444444444444,0.563157894736842,0.515136363636363,0.567818181818181,0.578421052631578,0.644666666666666,0.5948,"[[1, 4], [2, 3]]"
0.038990000000000004,0.04038,0.04859,0.05443,0.0515,0.04802,0.045579999999999996,0.04318,0.04396,0.04308,0.0418,0.03828,0.037899999999999996,0.03643,0.03496,0.03663,0.03721,0.038259999999999995,0.038759999999999996,0.039020000000000006,0.0367,0.03536,0.03417,0.032920000000000005,0.03129,0.03189,0.03768,0.04365,0.038060000000000004,0.03361,0.03121,0.02909,0.02546,0.030699999999999998,0.02987,0.02822,0.02906,0.030010000000000002,0.032119999999999996,0.037200000000000004,0.04854,0.053579999999999996,0.04808,0.04523,0.04419,0.03997,0.03613,0.03365,0.404206896551724,0.31572,0.252703703703703,0.332166666666666,0.226583333333333,0.255666666666666,0.419,0.589249999999999,0.533888888888888,0.608620689655172,0.520447368421052,0.565432432432432,0.520437499999999,0.537874999999999,0.546657142857142,0.569521739130434,0.468733333333333,0.690714285714285,0.486421052631578,0.414324999999999,0.53178947368421,0.597051282051282,0.628825,0.569666666666666,0.516344827586206,0.550576923076923,0.613439024390243,0.54575,0.563174999999999,0.355814814814814,0.52484,0.630357142857142,0.535553191489361,0.590928571428571,0.521545454545454,0.617124999999999,0.511285714285714,0.547294117647058,0.60185,0.65091304347826,0.597444444444444,0.563157894736842,0.515136363636363,0.567818181818181,0.578421052631578,0.644666666666666,0.5948,0.582649999999999,"[[1, 4], [2, 3]]"
0.04038,0.04859,0.05443,0.0515,0.04802,0.045579999999999996,0.04318,0.04396,0.04308,0.0418,0.03828,0.037899999999999996,0.03643,0.03496,0.03663,0.03721,0.038259999999999995,0.038759999999999996,0.039020000000000006,0.0367,0.03536,0.03417,0.032920000000000005,0.03129,0.03189,0.03768,0.04365,0.038060000000000004,0.03361,0.03121,0.02909,0.02546,0.030699999999999998,0.02987,0.02822,0.02906,0.030010000000000002,0.032119999999999996,0.037200000000000004,0.04854,0.053579999999999996,0.04808,0.04523,0.04419,0.03997,0.03613,0.03365,0.03364,0.31572,0.252703703703703,0.332166666666666,0.226583333333333,0.255666666666666,0.419,0.589249999999999,0.533888888888888,0.608620689655172,0.520447368421052,0.565432432432432,0.520437499999999,0.537874999999999,0.546657142857142,0.569521739130434,0.468733333333333,0.690714285714285,0.486421052631578,0.414324999999999,0.53178947368421,0.597051282051282,0.628825,0.569666666666666,0.516344827586206,0.550576923076923,0.613439024390243,0.54575,0.563174999999999,0.355814814814814,0.52484,0.630357142857142,0.535553191489361,0.590928571428571,0.521545454545454,0.617124999999999,0.511285714285714,0.547294117647058,0.60185,0.65091304347826,0.597444444444444,0.563157894736842,0.515136363636363,0.567818181818181,0.578421052631578,0.644666666666666,0.5948,0.582649999999999,0.6485,"[[1, 4], [2, 3]]"
0.04859,0.05443,0.0515,0.04802,0.045579999999999996,0.04318,0.04396,0.04308,0.0418,0.03828,0.037899999999999996,0.03643,0.03496,0.03663,0.03721,0.038259999999999995,0.038759999999999996,0.039020000000000006,0.0367,0.03536,0.03417,0.032920000000000005,0.03129,0.03189,0.03768,0.04365,0.038060000000000004,0.03361,0.03121,0.02909,0.02546,0.030699999999999998,0.02987,0.02822,0.02906,0.030010000000000002,0.032119999999999996,0.037200000000000004,0.04854,0.053579999999999996,0.04808,0.04523,0.04419,0.03997,0.03613,0.03365,0.03364,0.03557,0.252703703703703,0.332166666666666,0.226583333333333,0.255666666666666,0.419,0.589249999999999,0.533888888888888,0.608620689655172,0.520447368421052,0.565432432432432,0.520437499999999,0.537874999999999,0.546657142857142,0.569521739130434,0.468733333333333,0.690714285714285,0.486421052631578,0.414324999999999,0.53178947368421,0.597051282051282,0.628825,0.569666666666666,0.516344827586206,0.550576923076923,0.613439024390243,0.54575,0.563174999999999,0.355814814814814,0.52484,0.630357142857142,0.535553191489361,0.590928571428571,0.521545454545454,0.617124999999999,0.511285714285714,0.547294117647058,0.60185,0.65091304347826,0.597444444444444,0.563157894736842,0.515136363636363,0.567818181818181,0.578421052631578,0.644666666666666,0.5948,0.582649999999999,0.6485,0.6611,"[[1, 4], [2, 3]]"
0.05443,0.0515,0.04802,0.045579999999999996,0.04318,0.04396,0.04308,0.0418,0.03828,0.037899999999999996,0.03643,0.03496,0.03663,0.03721,0.038259999999999995,0.038759999999999996,0.039020000000000006,0.0367,0.03536,0.03417,0.032920000000000005,0.03129,0.03189,0.03768,0.04365,0.038060000000000004,0.03361,0.03121,0.02909,0.02546,0.030699999999999998,0.02987,0.02822,0.02906,0.030010000000000002,0.032119999999999996,0.037200000000000004,0.04854,0.053579999999999996,0.04808,0.04523,0.04419,0.03997,0.03613,0.03365,0.03364,0.03557,0.05069,0.332166666666666,0.226583333333333,0.255666666666666,0.419,0.589249999999999,0.533888888888888,0.608620689655172,0.520447368421052,0.565432432432432,0.520437499999999,0.537874999999999,0.546657142857142,0.569521739130434,0.468733333333333,0.690714285714285,0.486421052631578,0.414324999999999,0.53178947368421,0.597051282051282,0.628825,0.569666666666666,0.516344827586206,0.550576923076923,0.613439024390243,0.54575,0.563174999999999,0.355814814814814,0.52484,0.630357142857142,0.535553191489361,0.590928571428571,0.521545454545454,0.617124999999999,0.511285714285714,0.547294117647058,0.60185,0.65091304347826,0.597444444444444,0.563157894736842,0.515136363636363,0.567818181818181,0.578421052631578,0.644666666666666,0.5948,0.582649999999999,0.6485,0.6611,0.659375,"[[2, 3], [1, 4]]"
0.0515,0.04802,0.045579999999999996,0.04318,0.04396,0.04308,0.0418,0.03828,0.037899999999999996,0.03643,0.03496,0.03663,0.03721,0.038259999999999995,0.038759999999999996,0.039020000000000006,0.0367,0.03536,0.03417,0.032920000000000005,0.03129,0.03189,0.03768,0.04365,0.038060000000000004,0.03361,0.03121,0.02909,0.02546,0.030699999999999998,0.02987,0.02822,0.02906,0.030010000000000002,0.032119999999999996,0.037200000000000004,0.04854,0.053579999999999996,0.04808,0.04523,0.04419,0.03997,0.03613,0.03365,0.03364,0.03557,0.05069,0.055200000000000006,0.226583333333333,0.255666666666666,0.419,0.589249999999999,0.533888888888888,0.608620689655172,0.520447368421052,0.565432432432432,0.520437499999999,0.537874999999999,0.546657142857142,0.569521739130434,0.468733333333333,0.690714285714285,0.486421052631578,0.414324999999999,0.53178947368421,0.597051282051282,0.628825,0.569666666666666,0.516344827586206,0.550576923076923,0.613439024390243,0.54575,0.563174999999999,0.355814814814814,0.52484,0.630357142857142,0.535553191489361,0.590928571428571,0.521545454545454,0.617124999999999,0.511285714285714,0.547294117647058,0.60185,0.65091304347826,0.597444444444444,0.563157894736842,0.515136363636363,0.567818181818181,0.578421052631578,0.644666666666666,0.5948,0.582649999999999,0.6485,0.6611,0.659375,0.510949999999999,"[[2, 3], [1, 4]]"
0.04802,0.045579999999999996,0.04318,0.04396,0.04308,0.0418,0.03828,0.037899999999999996,0.03643,0.03496,0.03663,0.03721,0.038259999999999995,0.038759999999999996,0.039020000000000006,0.0367,0.03536,0.03417,0.032920000000000005,0.03129,0.03189,0.03768,0.04365,0.038060000000000004,0.03361,0.03121,0.02909,0.02546,0.030699999999999998,0.02987,0.02822,0.02906,0.030010000000000002,0.032119999999999996,0.037200000000000004,0.04854,0.053579999999999996,0.04808,0.04523,0.04419,0.03997,0.03613,0.03365,0.03364,0.03557,0.05069,0.055200000000000006,0.04481,0.255666666666666,0.419,0.589249999999999,0.533888888888888,0.608620689655172,0.520447368421052,0.565432432432432,0.520437499999999,0.537874999999999,0.546657142857142,0.569521739130434,0.468733333333333,0.690714285714285,0.486421052631578,0.414324999999999,0.53178947368421,0.597051282051282,0.628825,0.569666666666666,0.516344827586206,0.550576923076923,0.613439024390243,0.54575,0.563174999999999,0.355814814814814,0.52484,0.630357142857142,0.535553191489361,0.590928571428571,0.521545454545454,0.617124999999999,0.511285714285714,0.547294117647058,0.60185,0.65091304347826,0.597444444444444,0.563157894736842,0.515136363636363,0.567818181818181,0.578421052631578,0.644666666666666,0.5948,0.582649999999999,0.6485,0.6611,0.659375,0.510949999999999,0.5233,"[[2, 3], [1, 4]]"
0.045579999999999996,0.04318,0.04396,0.04308,0.0418,0.03828,0.037899999999999996,0.03643,0.03496,0.03663,0.03721,0.038259999999999995,0.038759999999999996,0.039020000000000006,0.0367,0.03536,0.03417,0.032920000000000005,0.03129,0.03189,0.03768,0.04365,0.038060000000000004,0.03361,0.03121,0.02909,0.02546,0.030699999999999998,0.02987,0.02822,0.02906,0.030010000000000002,0.032119999999999996,0.037200000000000004,0.04854,0.053579999999999996,0.04808,0.04523,0.04419,0.03997,0.03613,0.03365,0.03364,0.03557,0.05069,0.055200000000000006,0.04481,0.0417,0.419,0.589249999999999,0.533888888888888,0.608620689655172,0.520447368421052,0.565432432432432,0.520437499999999,0.537874999999999,0.546657142857142,0.569521739130434,0.468733333333333,0.690714285714285,0.486421052631578,0.414324999999999,0.53178947368421,0.597051282051282,0.628825,0.569666666666666,0.516344827586206,0.550576923076923,0.613439024390243,0.54575,0.563174999999999,0.355814814814814,0.52484,0.630357142857142,0.535553191489361,0.590928571428571,0.521545454545454,0.617124999999999,0.511285714285714,0.547294117647058,0.60185,0.65091304347826,0.597444444444444,0.563157894736842,0.515136363636363,0.567818181818181,0.578421052631578,0.644666666666666,0.5948,0.582649999999999,0.6485,0.6611,0.659375,0.510949999999999,0.5233,0.529266666666666,"[[1, 4], [2, 3]]"
0.04318,0.04396,0.04308,0.0418,0.03828,0.037899999999999996,0.03643,0.03496,0.03663,0.03721,0.038259999999999995,0.038759999999999996,0.039020000000000006,0.0367,0.03536,0.03417,0.032920000000000005,0.03129,0.03189,0.03768,0.04365,0.038060000000000004,0.03361,0.03121,0.02909,0.02546,0.030699999999999998,0.02987,0.02822,0.02906,0.030010000000000002,0.032119999999999996,0.037200000000000004,0.04854,0.053579999999999996,0.04808,0.04523,0.04419,0.03997,0.03613,0.03365,0.03364,0.03557,0.05069,0.055200000000000006,0.04481,0.0417,0.038759999999999996,0.589249999999999,0.533888888888888,0.608620689655172,0.520447368421052,0.565432432432432,0.520437499999999,0.537874999999999,0.546657142857142,0.569521739130434,0.468733333333333,0.690714285714285,0.486421052631578,0.414324999999999,0.53178947368421,0.597051282051282,0.628825,0.569666666666666,0.516344827586206,0.550576923076923,0.613439024390243,0.54575,0.563174999999999,0.355814814814814,0.52484,0.630357142857142,0.535553191489361,0.590928571428571,0.521545454545454,0.617124999999999,0.511285714285714,0.547294117647058,0.60185,0.65091304347826,0.597444444444444,0.563157894736842,0.515136363636363,0.567818181818181,0.578421052631578,0.644666666666666,0.5948,0.582649999999999,0.6485,0.6611,0.659375,0.510949999999999,0.5233,0.529266666666666,0.55875,"[[2, 3], [1, 4]]"
0.04396,0.04308,0.0418,0.03828,0.037899999999999996,0.03643,0.03496,0.03663,0.03721,0.038259999999999995,0.038759999999999996,0.039020000000000006,0.0367,0.03536,0.03417,0.032920000000000005,0.03129,0.03189,0.03768,0.04365,0.038060000000000004,0.03361,0.03121,0.02909,0.02546,0.030699999999999998,0.02987,0.02822,0.02906,0.030010000000000002,0.032119999999999996,0.037200000000000004,0.04854,0.053579999999999996,0.04808,0.04523,0.04419,0.03997,0.03613,0.03365,0.03364,0.03557,0.05069,0.055200000000000006,0.04481,0.0417,0.038759999999999996,0.0341,0.533888888888888,0.608620689655172,0.520447368421052,0.565432432432432,0.520437499999999,0.537874999999999,0.546657142857142,0.569521739130434,0.468733333333333,0.690714285714285,0.486421052631578,0.414324999999999,0.53178947368421,0.597051282051282,0.628825,0.569666666666666,0.516344827586206,0.550576923076923,0.613439024390243,0.54575,0.563174999999999,0.355814814814814,0.52484,0.630357142857142,0.535553191489361,0.590928571428571,0.521545454545454,0.617124999999999,0.511285714285714,0.547294117647058,0.60185,0.65091304347826,0.597444444444444,0.563157894736842,0.515136363636363,0.567818181818181,0.578421052631578,0.644666666666666,0.5948,0.582649999999999,0.6485,0.6611,0.659375,0.510949999999999,0.5233,0.529266666666666,0.55875,0.657862068965517,"[[1, 4], [2, 3]]"
0.04308,0.0418,0.03828,0.037899999999999996,0.03643,0.03496,0.03663,0.03721,0.038259999999999995,0.038759999999999996,0.039020000000000006,0.0367,0.03536,0.03417,0.032920000000000005,0.03129,0.03189,0.03768,0.04365,0.038060000000000004,0.03361,0.03121,0.02909,0.02546,0.030699999999999998,0.02987,0.02822,0.02906,0.030010000000000002,0.032119999999999996,0.037200000000000004,0.04854,0.053579999999999996,0.04808,0.04523,0.04419,0.03997,0.03613,0.03365,0.03364,0.03557,0.05069,0.055200000000000006,0.04481,0.0417,0.038759999999999996,0.0341,0.033479999999999996,0.608620689655172,0.520447368421052,0.565432432432432,0.520437499999999,0.537874999999999,0.546657142857142,0.569521739130434,0.468733333333333,0.690714285714285,0.486421052631578,0.414324999999999,0.53178947368421,0.597051282051282,0.628825,0.569666666666666,0.516344827586206,0.550576923076923,0.613439024390243,0.54575,0.563174999999999,0.355814814814814,0.52484,0.630357142857142,0.535553191489361,0.590928571428571,0.521545454545454,0.617124999999999,0.511285714285714,0.547294117647058,0.60185,0.65091304347826,0.597444444444444,0.563157894736842,0.515136363636363,0.567818181818181,0.578421052631578,0.644666666666666,0.5948,0.582649999999999,0.6485,0.6611,0.659375,0.510949999999999,0.5233,0.529266666666666,0.55875,0.657862068965517,0.540499999999999,"[[2, 3], [1, 4]]"
0.0418,0.03828,0.037899999999999996,0.03643,0.03496,0.03663,0.03721,0.038259999999999995,0.038759999999999996,0.039020000000000006,0.0367,0.03536,0.03417,0.032920000000000005,0.03129,0.03189,0.03768,0.04365,0.038060000000000004,0.03361,0.03121,0.02909,0.02546,0.030699999999999998,0.02987,0.02822,0.02906,0.030010000000000002,0.032119999999999996,0.037200000000000004,0.04854,0.053579999999999996,0.04808,0.04523,0.04419,0.03997,0.03613,0.03365,0.03364,0.03557,0.05069,0.055200000000000006,0.04481,0.0417,0.038759999999999996,0.0341,0.033479999999999996,0.03057,0.520447368421052,0.565432432432432,0.520437499999999,0.537874999999999,0.546657142857142,0.569521739130434,0.468733333333333,0.690714285714285,0.486421052631578,0.414324999999999,0.53178947368421,0.597051282051282,0.628825,0.569666666666666,0.516344827586206,0.550576923076923,0.613439024390243,0.54575,0.563174999999999,0.355814814814814,0.52484,0.630357142857142,0.535553191489361,0.590928571428571,0.521545454545454,0.617124999999999,0.511285714285714,0.547294117647058,0.60185,0.65091304347826,0.597444444444444,0.563157894736842,0.515136363636363,0.567818181818181,0.578421052631578,0.644666666666666,0.5948,0.582649999999999,0.6485,0.6611,0.659375,0.510949999999999,0.5233,0.529266666666666,0.55875,0.657862068965517,0.540499999999999,0.655799999999999,"[[2, 3], [1, 4]]"
0.03828,0.037899999999999996,0.03643,0.03496,0.03663,0.03721,0.038259999999999995,0.038759999999999996,0.039020000000000006,0.0367,0.03536,0.03417,0.032920000000000005,0.03129,0.03189,0.03768,0.04365,0.038060000000000004,0.03361,0.03121,0.02909,0.02546,0.030699999999999998,0.02987,0.02822,0.02906,0.030010000000000002,0.032119999999999996,0.037200000000000004,0.04854,0.053579999999999996,0.04808,0.04523,0.04419,0.03997,0.03613,0.03365,0.03364,0.03557,0.05069,0.055200000000000006,0.04481,0.0417,0.038759999999999996,0.0341,0.033479999999999996,0.03057,0.02884,0.565432432432432,0.520437499999999,0.537874999999999,0.546657142857142,0.569521739130434,0.468733333333333,0.690714285714285,0.486421052631578,0.414324999999999,0.53178947368421,0.597051282051282,0.628825,0.569666666666666,0.516344827586206,0.550576923076923,0.613439024390243,0.54575,0.563174999999999,0.355814814814814,0.52484,0.630357142857142,0.535553191489361,0.590928571428571,0.521545454545454,0.617124999999999,0.511285714285714,0.547294117647058,0.60185,0.65091304347826,0.597444444444444,0.563157894736842,0.515136363636363,0.567818181818181,0.578421052631578,0.644666666666666,0.5948,0.582649999999999,0.6485,0.6611,0.659375,0.510949999999999,0.5233,0.529266666666666,0.55875,0.657862068965517,0.540499999999999,0.655799999999999,0.768823529411764,"[[1, 4], [2, 3]]"
0.037899999999999996,0.03643,0.03496,0.03663,0.03721,0.038259999999999995,0.038759999999999996,0.039020000000000006,0.0367,0.03536,0.03417,0.032920000000000005,0.03129,0.03189,0.03768,0.04365,0.038060000000000004,0.03361,0.03121,0.02909,0.02546,0.030699999999999998,0.02987,0.02822,0.02906,0.030010000000000002,0.032119999999999996,0.037200000000000004,0.04854,0.053579999999999996,0.04808,0.04523,0.04419,0.03997,0.03613,0.03365,0.03364,0.03557,0.05069,0.055200000000000006,0.04481,0.0417,0.038759999999999996,0.0341,0.033479999999999996,0.03057,0.02884,0.028210000000000002,0.520437499999999,0.537874999999999,0.546657142857142,0.569521739130434,0.468733333333333,0.690714285714285,0.486421052631578,0.414324999999999,0.53178947368421,0.597051282051282,0.628825,0.569666666666666,0.516344827586206,0.550576923076923,0.613439024390243,0.54575,0.563174999999999,0.355814814814814,0.52484,0.630357142857142,0.535553191489361,0.590928571428571,0.521545454545454,0.617124999999999,0.511285714285714,0.547294117647058,0.60185,0.65091304347826,0.597444444444444,0.563157894736842,0.515136363636363,0.567818181818181,0.578421052631578,0.644666666666666,0.5948,0.582649999999999,0.6485,0.6611,0.659375,0.510949999999999,0.5233,0.529266666666666,0.55875,0.657862068965517,0.540499999999999,0.655799999999999,0.768823529411764,0.425653846153846,"[[2, 3], [1, 4]]"
0.03643,0.03496,0.03663,0.03721,0.038259999999999995,0.038759999999999996,0.039020000000000006,0.0367,0.03536,0.03417,0.032920000000000005,0.03129,0.03189,0.03768,0.04365,0.038060000000000004,0.03361,0.03121,0.02909,0.02546,0.030699999999999998,0.02987,0.02822,0.02906,0.030010000000000002,0.032119999999999996,0.037200000000000004,0.04854,0.053579999999999996,0.04808,0.04523,0.04419,0.03997,0.03613,0.03365,0.03364,0.03557,0.05069,0.055200000000000006,0.04481,0.0417,0.038759999999999996,0.0341,0.033479999999999996,0.03057,0.02884,0.028210000000000002,0.02885,0.537874999999999,0.546657142857142,0.569521739130434,0.468733333333333,0.690714285714285,0.486421052631578,0.414324999999999,0.53178947368421,0.597051282051282,0.628825,0.569666666666666,0.516344827586206,0.550576923076923,0.613439024390243,0.54575,0.563174999999999,0.355814814814814,0.52484,0.630357142857142,0.535553191489361,0.590928571428571,0.521545454545454,0.617124999999999,0.511285714285714,0.547294117647058,0.60185,0.65091304347826,0.597444444444444,0.563157894736842,0.515136363636363,0.567818181818181,0.578421052631578,0.644666666666666,0.5948,0.582649999999999,0.6485,0.6611,0.659375,0.510949999999999,0.5233,0.529266666666666,0.55875,0.657862068965517,0.540499999999999,0.655799999999999,0.768823529411764,0.425653846153846,0.66035,"[[2, 3], [1, 4]]"
0.03496,0.03663,0.03721,0.038259999999999995,0.038759999999999996,0.039020000000000006,0.0367,0.03536,0.03417,0.032920000000000005,0.03129,0.03189,0.03768,0.04365,0.038060000000000004,0.03361,0.03121,0.02909,0.02546,0.030699999999999998,0.02987,0.02822,0.02906,0.030010000000000002,0.032119999999999996,0.037200000000000004,0.04854,0.053579999999999996,0.04808,0.04523,0.04419,0.03997,0.03613,0.03365,0.03364,0.03557,0.05069,0.055200000000000006,0.04481,0.0417,0.038759999999999996,0.0341,0.033479999999999996,0.03057,0.02884,0.028210000000000002,0.02885,0.02961,0.546657142857142,0.569521739130434,0.468733333333333,0.690714285714285,0.486421052631578,0.414324999999999,0.53178947368421,0.597051282051282,0.628825,0.569666666666666,0.516344827586206,0.550576923076923,0.613439024390243,0.54575,0.563174999999999,0.355814814814814,0.52484,0.630357142857142,0.535553191489361,0.590928571428571,0.521545454545454,0.617124999999999,0.511285714285714,0.547294117647058,0.60185,0.65091304347826,0.597444444444444,0.563157894736842,0.515136363636363,0.567818181818181,0.578421052631578,0.644666666666666,0.5948,0.582649999999999,0.6485,0.6611,0.659375,0.510949999999999,0.5233,0.529266666666666,0.55875,0.657862068965517,0.540499999999999,0.655799999999999,0.768823529411764,0.425653846153846,0.66035,0.509230769230769,"[[2, 3], [1, 4]]"
0.03663,0.03721,0.038259999999999995,0.038759999999999996,0.039020000000000006,0.0367,0.03536,0.03417,0.032920000000000005,0.03129,0.03189,0.03768,0.04365,0.038060000000000004,0.03361,0.03121,0.02909,0.02546,0.030699999999999998,0.02987,0.02822,0.02906,0.030010000000000002,0.032119999999999996,0.037200000000000004,0.04854,0.053579999999999996,0.04808,0.04523,0.04419,0.03997,0.03613,0.03365,0.03364,0.03557,0.05069,0.055200000000000006,0.04481,0.0417,0.038759999999999996,0.0341,0.033479999999999996,0.03057,0.02884,0.028210000000000002,0.02885,0.02961,0.03193,0.569521739130434,0.468733333333333,0.690714285714285,0.486421052631578,0.414324999999999,0.53178947368421,0.597051282051282,0.628825,0.569666666666666,0.516344827586206,0.550576923076923,0.613439024390243,0.54575,0.563174999999999,0.355814814814814,0.52484,0.630357142857142,0.535553191489361,0.590928571428571,0.521545454545454,0.617124999999999,0.511285714285714,0.547294117647058,0.60185,0.65091304347826,0.597444444444444,0.563157894736842,0.515136363636363,0.567818181818181,0.578421052631578,0.644666666666666,0.5948,0.582649999999999,0.6485,0.6611,0.659375,0.510949999999999,0.5233,0.529266666666666,0.55875,0.657862068965517,0.540499999999999,0.655799999999999,0.768823529411764,0.425653846153846,0.66035,0.509230769230769,0.62525,"[[2, 3], [1, 4]]"
0.03721,0.038259999999999995,0.038759999999999996,0.039020000000000006,0.0367,0.03536,0.03417,0.032920000000000005,0.03129,0.03189,0.03768,0.04365,0.038060000000000004,0.03361,0.03121,0.02909,0.02546,0.030699999999999998,0.02987,0.02822,0.02906,0.030010000000000002,0.032119999999999996,0.037200000000000004,0.04854,0.053579999999999996,0.04808,0.04523,0.04419,0.03997,0.03613,0.03365,0.03364,0.03557,0.05069,0.055200000000000006,0.04481,0.0417,0.038759999999999996,0.0341,0.033479999999999996,0.03057,0.02884,0.028210000000000002,0.02885,0.02961,0.03193,0.040670000000000005,0.468733333333333,0.690714285714285,0.486421052631578,0.414324999999999,0.53178947368421,0.597051282051282,0.628825,0.569666666666666,0.516344827586206,0.550576923076923,0.613439024390243,0.54575,0.563174999999999,0.355814814814814,0.52484,0.630357142857142,0.535553191489361,0.590928571428571,0.521545454545454,0.617124999999999,0.511285714285714,0.547294117647058,0.60185,0.65091304347826,0.597444444444444,0.563157894736842,0.515136363636363,0.567818181818181,0.578421052631578,0.644666666666666,0.5948,0.582649999999999,0.6485,0.6611,0.659375,0.510949999999999,0.5233,0.529266666666666,0.55875,0.657862068965517,0.540499999999999,0.655799999999999,0.768823529411764,0.425653846153846,0.66035,0.509230769230769,0.62525,0.606173913043478,"[[2, 3], [1, 4]]"
0.038259999999999995,0.038759999999999996,0.039020000000000006,0.0367,0.03536,0.03417,0.032920000000000005,0.03129,0.03189,0.03768,0.04365,0.038060000000000004,0.03361,0.03121,0.02909,0.02546,0.030699999999999998,0.02987,0.02822,0.02906,0.030010000000000002,0.032119999999999996,0.037200000000000004,0.04854,0.053579999999999996,0.04808,0.04523,0.04419,0.03997,0.03613,0.03365,0.03364,0.03557,0.05069,0.055200000000000006,0.04481,0.0417,0.038759999999999996,0.0341,0.033479999999999996,0.03057,0.02884,0.028210000000000002,0.02885,0.02961,0.03193,0.040670000000000005,0.05165,0.690714285714285,0.486421052631578,0.414324999999999,0.53178947368421,0.597051282051282,0.628825,0.569666666666666,0.516344827586206,0.550576923076923,0.613439024390243,0.54575,0.563174999999999,0.355814814814814,0.52484,0.630357142857142,0.535553191489361,0.590928571428571,0.521545454545454,0.617124999999999,0.511285714285714,0.547294117647058,0.60185,0.65091304347826,0.597444444444444,0.563157894736842,0.515136363636363,0.567818181818181,0.578421052631578,0.644666666666666,0.5948,0.582649999999999,0.6485,0.6611,0.659375,0.510949999999999,0.5233,0.529266666666666,0.55875,0.657862068965517,0.540499999999999,0.655799999999999,0.768823529411764,0.425653846153846,0.66035,0.509230769230769,0.62525,0.606173913043478,0.427459459459459,"[[2, 3], [1, 4]]"
0.038759999999999996,0.039020000000000006,0.0367,0.03536,0.03417,0.032920000000000005,0.03129,0.03189,0.03768,0.04365,0.038060000000000004,0.03361,0.03121,0.02909,0.02546,0.030699999999999998,0.02987,0.02822,0.02906,0.030010000000000002,0.032119999999999996,0.037200000000000004,0.04854,0.053579999999999996,0.04808,0.04523,0.04419,0.03997,0.03613,0.03365,0.03364,0.03557,0.05069,0.055200000000000006,0.04481,0.0417,0.038759999999999996,0.0341,0.033479999999999996,0.03057,0.02884,0.028210000000000002,0.02885,0.02961,0.03193,0.040670000000000005,0.05165,0.04761,0.486421052631578,0.414324999999999,0.53178947368421,0.597051282051282,0.628825,0.569666666666666,0.516344827586206,0.550576923076923,0.613439024390243,0.54575,0.563174999999999,0.355814814814814,0.52484,0.630357142857142,0.535553191489361,0.590928571428571,0.521545454545454,0.617124999999999,0.511285714285714,0.547294117647058,0.60185,0.65091304347826,0.597444444444444,0.563157894736842,0.515136363636363,0.567818181818181,0.578421052631578,0.644666666666666,0.5948,0.582649999999999,0.6485,0.6611,0.659375,0.510949999999999,0.5233,0.529266666666666,0.55875,0.657862068965517,0.540499999999999,0.655799999999999,0.768823529411764,0.425653846153846,0.66035,0.509230769230769,0.62525,0.606173913043478,0.427459459459459,0.450384615384615,"[[2, 3], [1, 4]]"
0.039020000000000006,0.0367,0.03536,0.03417,0.032920000000000005,0.03129,0.03189,0.03768,0.04365,0.038060000000000004,0.03361,0.03121,0.02909,0.02546,0.030699999999999998,0.02987,0.02822,0.02906,0.030010000000000002,0.032119999999999996,0.037200000000000004,0.04854,0.053579999999999996,0.04808,0.04523,0.04419,0.03997,0.03613,0.03365,0.03364,0.03557,0.05069,0.055200000000000006,0.04481,0.0417,0.038759999999999996,0.0341,0.033479999999999996,0.03057,0.02884,0.028210000000000002,0.02885,0.02961,0.03193,0.040670000000000005,0.05165,0.04761,0.03739,0.414324999999999,0.53178947368421,0.597051282051282,0.628825,0.569666666666666,0.516344827586206,0.550576923076923,0.613439024390243,0.54575,0.563174999999999,0.355814814814814,0.52484,0.630357142857142,0.535553191489361,0.590928571428571,0.521545454545454,0.617124999999999,0.511285714285714,0.547294117647058,0.60185,0.65091304347826,0.597444444444444,0.563157894736842,0.515136363636363,0.567818181818181,0.578421052631578,0.644666666666666,0.5948,0.582649999999999,0.6485,0.6611,0.659375,0.510949999999999,0.5233,0.529266666666666,0.55875,0.657862068965517,0.540499999999999,0.655799999999999,0.768823529411764,0.425653846153846,0.66035,0.509230769230769,0.62525,0.606173913043478,0.427459459459459,0.450384615384615,0.490195121951219,"[[2, 3], [1, 4]]"
0.0367,0.03536,0.03417,0.032920000000000005,0.03129,0.03189,0.03768,0.04365,0.038060000000000004,0.03361,0.03121,0.02909,0.02546,0.030699999999999998,0.02987,0.02822,0.02906,0.030010000000000002,0.032119999999999996,0.037200000000000004,0.04854,0.053579999999999996,0.04808,0.04523,0.04419,0.03997,0.03613,0.03365,0.03364,0.03557,0.05069,0.055200000000000006,0.04481,0.0417,0.038759999999999996,0.0341,0.033479999999999996,0.03057,0.02884,0.028210000000000002,0.02885,0.02961,0.03193,0.040670000000000005,0.05165,0.04761,0.03739,0.03637,0.53178947368421,0.597051282051282,0.628825,0.569666666666666,0.516344827586206,0.550576923076923,0.613439024390243,0.54575,0.563174999999999,0.355814814814814,0.52484,0.630357142857142,0.535553191489361,0.590928571428571,0.521545454545454,0.617124999999999,0.511285714285714,0.547294117647058,0.60185,0.65091304347826,0.597444444444444,0.563157894736842,0.515136363636363,0.567818181818181,0.578421052631578,0.644666666666666,0.5948,0.582649999999999,0.6485,0.6611,0.659375,0.510949999999999,0.5233,0.529266666666666,0.55875,0.657862068965517,0.540499999999999,0.655799999999999,0.768823529411764,0.425653846153846,0.66035,0.509230769230769,0.62525,0.606173913043478,0.427459459459459,0.450384615384615,0.490195121951219,0.522772727272727,"[[2, 3], [1, 4]]"
0.03536,0.03417,0.032920000000000005,0.03129,0.03189,0.03768,0.04365,0.038060000000000004,0.03361,0.03121,0.02909,0.02546,0.030699999999999998,0.02987,0.02822,0.02906,0.030010000000000002,0.032119999999999996,0.037200000000000004,0.04854,0.053579999999999996,0.04808,0.04523,0.04419,0.03997,0.03613,0.03365,0.03364,0.03557,0.05069,0.055200000000000006,0.04481,0.0417,0.038759999999999996,0.0341,0.033479999999999996,0.03057,0.02884,0.028210000000000002,0.02885,0.02961,0.03193,0.040670000000000005,0.05165,0.04761,0.03739,0.03637,0.03337,0.597051282051282,0.628825,0.569666666666666,0.516344827586206,0.550576923076923,0.613439024390243,0.54575,0.563174999999999,0.355814814814814,0.52484,0.630357142857142,0.535553191489361,0.590928571428571,0.521545454545454,0.617124999999999,0.511285714285714,0.547294117647058,0.60185,0.65091304347826,0.597444444444444,0.563157894736842,0.515136363636363,0.567818181818181,0.578421052631578,0.644666666666666,0.5948,0.582649999999999,0.6485,0.6611,0.659375,0.510949999999999,0.5233,0.529266666666666,0.55875,0.657862068965517,0.540499999999999,0.655799999999999,0.768823529411764,0.425653846153846,0.66035,0.509230769230769,0.62525,0.606173913043478,0.427459459459459,0.450384615384615,0.490195121951219,0.522772727272727,0.451571428571428,"[[1, 4], [2, 3]]"
0.03417,0.032920000000000005,0.03129,0.03189,0.03768,0.04365,0.038060000000000004,0.03361,0.03121,0.02909,0.02546,0.030699999999999998,0.02987,0.02822,0.02906,0.030010000000000002,0.032119999999999996,0.037200000000000004,0.04854,0.053579999999999996,0.04808,0.04523,0.04419,0.03997,0.03613,0.03365,0.03364,0.03557,0.05069,0.055200000000000006,0.04481,0.0417,0.038759999999999996,0.0341,0.033479999999999996,0.03057,0.02884,0.028210000000000002,0.02885,0.02961,0.03193,0.040670000000000005,0.05165,0.04761,0.03739,0.03637,0.03337,0.03184,0.628825,0.569666666666666,0.516344827586206,0.550576923076923,0.613439024390243,0.54575,0.563174999999999,0.355814814814814,0.52484,0.630357142857142,0.535553191489361,0.590928571428571,0.521545454545454,0.617124999999999,0.511285714285714,0.547294117647058,0.60185,0.65091304347826,0.597444444444444,0.563157894736842,0.515136363636363,0.567818181818181,0.578421052631578,0.644666666666666,0.5948,0.582649999999999,0.6485,0.6611,0.659375,0.510949999999999,0.5233,0.529266666666666,0.55875,0.657862068965517,0.540499999999999,0.655799999999999,0.768823529411764,0.425653846153846,0.66035,0.509230769230769,0.62525,0.606173913043478,0.427459459459459,0.450384615384615,0.490195121951219,0.522772727272727,0.451571428571428,0.552999999999999,"[[1, 4], [2, 3]]"
0.032920000000000005,0.03129,0.03189,0.03768,0.04365,0.038060000000000004,0.03361,0.03121,0.02909,0.02546,0.030699999999999998,0.02987,0.02822,0.02906,0.030010000000000002,0.032119999999999996,0.037200000000000004,0.04854,0.053579999999999996,0.04808,0.04523,0.04419,0.03997,0.03613,0.03365,0.03364,0.03557,0.05069,0.055200000000000006,0.04481,0.0417,0.038759999999999996,0.0341,0.033479999999999996,0.03057,0.02884,0.028210000000000002,0.02885,0.02961,0.03193,0.040670000000000005,0.05165,0.04761,0.03739,0.03637,0.03337,0.03184,0.02903,0.569666666666666,0.516344827586206,0.550576923076923,0.613439024390243,0.54575,0.563174999999999,0.355814814814814,0.52484,0.630357142857142,0.535553191489361,0.590928571428571,0.521545454545454,0.617124999999999,0.511285714285714,0.547294117647058,0.60185,0.65091304347826,0.597444444444444,0.563157894736842,0.515136363636363,0.567818181818181,0.578421052631578,0.644666666666666,0.5948,0.582649999999999,0.6485,0.6611,0.659375,0.510949999999999,0.5233,0.529266666666666,0.55875,0.657862068965517,0.540499999999999,0.655799999999999,0.768823529411764,0.425653846153846,0.66035,0.509230769230769,0.62525,0.606173913043478,0.427459459459459,0.450384615384615,0.490195121951219,0.522772727272727,0.451571428571428,0.552999999999999,0.54477358490566,"[[1, 4], [2, 3]]"
0.03129,0.03189,0.03768,0.04365,0.038060000000000004,0.03361,0.03121,0.02909,0.02546,0.030699999999999998,0.02987,0.02822,0.02906,0.030010000000000002,0.032119999999999996,0.037200000000000004,0.04854,0.053579999999999996,0.04808,0.04523,0.04419,0.03997,0.03613,0.03365,0.03364,0.03557,0.05069,0.055200000000000006,0.04481,0.0417,0.038759999999999996,0.0341,0.033479999999999996,0.03057,0.02884,0.028210000000000002,0.02885,0.02961,0.03193,0.040670000000000005,0.05165,0.04761,0.03739,0.03637,0.03337,0.03184,0.02903,0.02888,0.516344827586206,0.550576923076923,0.613439024390243,0.54575,0.563174999999999,0.355814814814814,0.52484,0.630357142857142,0.535553191489361,0.590928571428571,0.521545454545454,0.617124999999999,0.511285714285714,0.547294117647058,0.60185,0.65091304347826,0.597444444444444,0.563157894736842,0.515136363636363,0.567818181818181,0.578421052631578,0.644666666666666,0.5948,0.582649999999999,0.6485,0.6611,0.659375,0.510949999999999,0.5233,0.529266666666666,0.55875,0.657862068965517,0.540499999999999,0.655799999999999,0.768823529411764,0.425653846153846,0.66035,0.509230769230769,0.62525,0.606173913043478,0.427459459459459,0.450384615384615,0.490195121951219,0.522772727272727,0.451571428571428,0.552999999999999,0.54477358490566,0.527413793103448,"[[1, 4], [2, 3]]"
0.03189,0.03768,0.04365,0.038060000000000004,0.03361,0.03121,0.02909,0.02546,0.030699999999999998,0.02987,0.02822,0.02906,0.030010000000000002,0.032119999999999996,0.037200000000000004,0.04854,0.053579999999999996,0.04808,0.04523,0.04419,0.03997,0.03613,0.03365,0.03364,0.03557,0.05069,0.055200000000000006,0.04481,0.0417,0.038759999999999996,0.0341,0.033479999999999996,0.03057,0.02884,0.028210000000000002,0.02885,0.02961,0.03193,0.040670000000000005,0.05165,0.04761,0.03739,0.03637,0.03337,0.03184,0.02903,0.02888,0.026719999999999997,0.550576923076923,0.613439024390243,0.54575,0.563174999999999,0.355814814814814,0.52484,0.630357142857142,0.535553191489361,0.590928571428571,0.521545454545454,0.617124999999999,0.511285714285714,0.547294117647058,0.60185,0.65091304347826,0.597444444444444,0.563157894736842,0.515136363636363,0.567818181818181,0.578421052631578,0.644666666666666,0.5948,0.582649999999999,0.6485,0.6611,0.659375,0.510949999999999,0.5233,0.529266666666666,0.55875,0.657862068965517,0.540499999999999,0.655799999999999,0.768823529411764,0.425653846153846,0.66035,0.509230769230769,0.62525,0.606173913043478,0.427459459459459,0.450384615384615,0.490195121951219,0.522772727272727,0.451571428571428,0.552999999999999,0.54477358490566,0.527413793103448,0.55856,"[[2, 3], [1, 4]]"
0.03768,0.04365,0.038060000000000004,0.03361,0.03121,0.02909,0.02546,0.030699999999999998,0.02987,0.02822,0.02906,0.030010000000000002,0.032119999999999996,0.037200000000000004,0.04854,0.053579999999999996,0.04808,0.04523,0.04419,0.03997,0.03613,0.03365,0.03364,0.03557,0.05069,0.055200000000000006,0.04481,0.0417,0.038759999999999996,0.0341,0.033479999999999996,0.03057,0.02884,0.028210000000000002,0.02885,0.02961,0.03193,0.040670000000000005,0.05165,0.04761,0.03739,0.03637,0.03337,0.03184,0.02903,0.02888,0.026719999999999997,0.027829999999999997,0.613439024390243,0.54575,0.563174999999999,0.355814814814814,0.52484,0.630357142857142,0.535553191489361,0.590928571428571,0.521545454545454,0.617124999999999,0.511285714285714,0.547294117647058,0.60185,0.65091304347826,0.597444444444444,0.563157894736842,0.515136363636363,0.567818181818181,0.578421052631578,0.644666666666666,0.5948,0.582649999999999,0.6485,0.6611,0.659375,0.510949999999999,0.5233,0.529266666666666,0.55875,0.657862068965517,0.540499999999999,0.655799999999999,0.768823529411764,0.425653846153846,0.66035,0.509230769230769,0.62525,0.606173913043478,0.427459459459459,0.450384615384615,0.490195121951219,0.522772727272727,0.451571428571428,0.552999999999999,0.54477358490566,0.527413793103448,0.55856,0.528919999999999,"[[1, 4], [2, 3]]"
0.04365,0.038060000000000004,0.03361,0.03121,0.02909,0.02546,0.030699999999999998,0.02987,0.02822,0.02906,0.030010000000000002,0.032119999999999996,0.037200000000000004,0.04854,0.053579999999999996,0.04808,0.04523,0.04419,0.03997,0.03613,0.03365,0.03364,0.03557,0.05069,0.055200000000000006,0.04481,0.0417,0.038759999999999996,0.0341,0.033479999999999996,0.03057,0.02884,0.028210000000000002,0.02885,0.02961,0.03193,0.040670000000000005,0.05165,0.04761,0.03739,0.03637,0.03337,0.03184,0.02903,0.02888,0.026719999999999997,0.027829999999999997,0.032560000000000006,0.54575,0.563174999999999,0.355814814814814,0.52484,0.630357142857142,0.535553191489361,0.590928571428571,0.521545454545454,0.617124999999999,0.511285714285714,0.547294117647058,0.60185,0.65091304347826,0.597444444444444,0.563157894736842,0.515136363636363,0.567818181818181,0.578421052631578,0.644666666666666,0.5948,0.582649999999999,0.6485,0.6611,0.659375,0.510949999999999,0.5233,0.529266666666666,0.55875,0.657862068965517,0.540499999999999,0.655799999999999,0.768823529411764,0.425653846153846,0.66035,0.509230769230769,0.62525,0.606173913043478,0.427459459459459,0.450384615384615,0.490195121951219,0.522772727272727,0.451571428571428,0.552999999999999,0.54477358490566,0.527413793103448,0.55856,0.528919999999999,0.433333333333333,"[[2, 3], [1, 4]]"
0.038060000000000004,0.03361,0.03121,0.02909,0.02546,0.030699999999999998,0.02987,0.02822,0.02906,0.030010000000000002,0.032119999999999996,0.037200000000000004,0.04854,0.053579999999999996,0.04808,0.04523,0.04419,0.03997,0.03613,0.03365,0.03364,0.03557,0.05069,0.055200000000000006,0.04481,0.0417,0.038759999999999996,0.0341,0.033479999999999996,0.03057,0.02884,0.028210000000000002,0.02885,0.02961,0.03193,0.040670000000000005,0.05165,0.04761,0.03739,0.03637,0.03337,0.03184,0.02903,0.02888,0.026719999999999997,0.027829999999999997,0.032560000000000006,0.03771,0.563174999999999,0.355814814814814,0.52484,0.630357142857142,0.535553191489361,0.590928571428571,0.521545454545454,0.617124999999999,0.511285714285714,0.547294117647058,0.60185,0.65091304347826,0.597444444444444,0.563157894736842,0.515136363636363,0.567818181818181,0.578421052631578,0.644666666666666,0.5948,0.582649999999999,0.6485,0.6611,0.659375,0.510949999999999,0.5233,0.529266666666666,0.55875,0.657862068965517,0.540499999999999,0.655799999999999,0.768823529411764,0.425653846153846,0.66035,0.509230769230769,0.62525,0.606173913043478,0.427459459459459,0.450384615384615,0.490195121951219,0.522772727272727,0.451571428571428,0.552999999999999,0.54477358490566,0.527413793103448,0.55856,0.528919999999999,0.433333333333333,0.447526315789473,"[[2, 3], [1, 4]]"
0.03361,0.03121,0.02909,0.02546,0.030699999999999998,0.02987,0.02822,0.02906,0.030010000000000002,0.032119999999999996,0.037200000000000004,0.04854,0.053579999999999996,0.04808,0.04523,0.04419,0.03997,0.03613,0.03365,0.03364,0.03557,0.05069,0.055200000000000006,0.04481,0.0417,0.038759999999999996,0.0341,0.033479999999999996,0.03057,0.02884,0.028210000000000002,0.02885,0.02961,0.03193,0.040670000000000005,0.05165,0.04761,0.03739,0.03637,0.03337,0.03184,0.02903,0.02888,0.026719999999999997,0.027829999999999997,0.032560000000000006,0.03771,0.032380000000000006,0.355814814814814,0.52484,0.630357142857142,0.535553191489361,0.590928571428571,0.521545454545454,0.617124999999999,0.511285714285714,0.547294117647058,0.60185,0.65091304347826,0.597444444444444,0.563157894736842,0.515136363636363,0.567818181818181,0.578421052631578,0.644666666666666,0.5948,0.582649999999999,0.6485,0.6611,0.659375,0.510949999999999,0.5233,0.529266666666666,0.55875,0.657862068965517,0.540499999999999,0.655799999999999,0.768823529411764,0.425653846153846,0.66035,0.509230769230769,0.62525,0.606173913043478,0.427459459459459,0.450384615384615,0.490195121951219,0.522772727272727,0.451571428571428,0.552999999999999,0.54477358490566,0.527413793103448,0.55856,0.528919999999999,0.433333333333333,0.447526315789473,0.550117647058823,"[[2, 3], [1, 4]]"
0.03121,0.02909,0.02546,0.030699999999999998,0.02987,0.02822,0.02906,0.030010000000000002,0.032119999999999996,0.037200000000000004,0.04854,0.053579999999999996,0.04808,0.04523,0.04419,0.03997,0.03613,0.03365,0.03364,0.03557,0.05069,0.055200000000000006,0.04481,0.0417,0.038759999999999996,0.0341,0.033479999999999996,0.03057,0.02884,0.028210000000000002,0.02885,0.02961,0.03193,0.040670000000000005,0.05165,0.04761,0.03739,0.03637,0.03337,0.03184,0.02903,0.02888,0.026719999999999997,0.027829999999999997,0.032560000000000006,0.03771,0.032380000000000006,0.032659999999999995,0.52484,0.630357142857142,0.535553191489361,0.590928571428571,0.521545454545454,0.617124999999999,0.511285714285714,0.547294117647058,0.60185,0.65091304347826,0.597444444444444,0.563157894736842,0.515136363636363,0.567818181818181,0.578421052631578,0.644666666666666,0.5948,0.582649999999999,0.6485,0.6611,0.659375,0.510949999999999,0.5233,0.529266666666666,0.55875,0.657862068965517,0.540499999999999,0.655799999999999,0.768823529411764,0.425653846153846,0.66035,0.509230769230769,0.62525,0.606173913043478,0.427459459459459,0.450384615384615,0.490195121951219,0.522772727272727,0.451571428571428,0.552999999999999,0.54477358490566,0.527413793103448,0.55856,0.528919999999999,0.433333333333333,0.447526315789473,0.550117647058823,0.460899999999999,"[[1, 4], [2, 3]]"
0.02909,0.02546,0.030699999999999998,0.02987,0.02822,0.02906,0.030010000000000002,0.032119999999999996,0.037200000000000004,0.04854,0.053579999999999996,0.04808,0.04523,0.04419,0.03997,0.03613,0.03365,0.03364,0.03557,0.05069,0.055200000000000006,0.04481,0.0417,0.038759999999999996,0.0341,0.033479999999999996,0.03057,0.02884,0.028210000000000002,0.02885,0.02961,0.03193,0.040670000000000005,0.05165,0.04761,0.03739,0.03637,0.03337,0.03184,0.02903,0.02888,0.026719999999999997,0.027829999999999997,0.032560000000000006,0.03771,0.032380000000000006,0.032659999999999995,0.03025,0.630357142857142,0.535553191489361,0.590928571428571,0.521545454545454,0.617124999999999,0.511285714285714,0.547294117647058,0.60185,0.65091304347826,0.597444444444444,0.563157894736842,0.515136363636363,0.567818181818181,0.578421052631578,0.644666666666666,0.5948,0.582649999999999,0.6485,0.6611,0.659375,0.510949999999999,0.5233,0.529266666666666,0.55875,0.657862068965517,0.540499999999999,0.655799999999999,0.768823529411764,0.425653846153846,0.66035,0.509230769230769,0.62525,0.606173913043478,0.427459459459459,0.450384615384615,0.490195121951219,0.522772727272727,0.451571428571428,0.552999999999999,0.54477358490566,0.527413793103448,0.55856,0.528919999999999,0.433333333333333,0.447526315789473,0.550117647058823,0.460899999999999,0.519949999999999,"[[2, 3], [1, 4]]"
0.02546,0.030699999999999998,0.02987,0.02822,0.02906,0.030010000000000002,0.032119999999999996,0.037200000000000004,0.04854,0.053579999999999996,0.04808,0.04523,0.04419,0.03997,0.03613,0.03365,0.03364,0.03557,0.05069,0.055200000000000006,0.04481,0.0417,0.038759999999999996,0.0341,0.033479999999999996,0.03057,0.02884,0.028210000000000002,0.02885,0.02961,0.03193,0.040670000000000005,0.05165,0.04761,0.03739,0.03637,0.03337,0.03184,0.02903,0.02888,0.026719999999999997,0.027829999999999997,0.032560000000000006,0.03771,0.032380000000000006,0.032659999999999995,0.03025,0.02359,0.535553191489361,0.590928571428571,0.521545454545454,0.617124999999999,0.511285714285714,0.547294117647058,0.60185,0.65091304347826,0.597444444444444,0.563157894736842,0.515136363636363,0.567818181818181,0.578421052631578,0.644666666666666,0.5948,0.582649999999999,0.6485,0.6611,0.659375,0.510949999999999,0.5233,0.529266666666666,0.55875,0.657862068965517,0.540499999999999,0.655799999999999,0.768823529411764,0.425653846153846,0.66035,0.509230769230769,0.62525,0.606173913043478,0.427459459459459,0.450384615384615,0.490195121951219,0.522772727272727,0.451571428571428,0.552999999999999,0.54477358490566,0.527413793103448,0.55856,0.528919999999999,0.433333333333333,0.447526315789473,0.550117647058823,0.460899999999999,0.519949999999999,0.596,"[[2, 3], [1, 4]]"
0.030699999999999998,0.02987,0.02822,0.02906,0.030010000000000002,0.032119999999999996,0.037200000000000004,0.04854,0.053579999999999996,0.04808,0.04523,0.04419,0.03997,0.03613,0.03365,0.03364,0.03557,0.05069,0.055200000000000006,0.04481,0.0417,0.038759999999999996,0.0341,0.033479999999999996,0.03057,0.02884,0.028210000000000002,0.02885,0.02961,0.03193,0.040670000000000005,0.05165,0.04761,0.03739,0.03637,0.03337,0.03184,0.02903,0.02888,0.026719999999999997,0.027829999999999997,0.032560000000000006,0.03771,0.032380000000000006,0.032659999999999995,0.03025,0.02359,0.02184,0.590928571428571,0.521545454545454,0.617124999999999,0.511285714285714,0.547294117647058,0.60185,0.65091304347826,0.597444444444444,0.563157894736842,0.515136363636363,0.567818181818181,0.578421052631578,0.644666666666666,0.5948,0.582649999999999,0.6485,0.6611,0.659375,0.510949999999999,0.5233,0.529266666666666,0.55875,0.657862068965517,0.540499999999999,0.655799999999999,0.768823529411764,0.425653846153846,0.66035,0.509230769230769,0.62525,0.606173913043478,0.427459459459459,0.450384615384615,0.490195121951219,0.522772727272727,0.451571428571428,0.552999999999999,0.54477358490566,0.527413793103448,0.55856,0.528919999999999,0.433333333333333,0.447526315789473,0.550117647058823,0.460899999999999,0.519949999999999,0.596,0.5882,"[[1, 4], [2, 3]]"
0.02987,0.02822,0.02906,0.030010000000000002,0.032119999999999996,0.037200000000000004,0.04854,0.053579999999999996,0.04808,0.04523,0.04419,0.03997,0.03613,0.03365,0.03364,0.03557,0.05069,0.055200000000000006,0.04481,0.0417,0.038759999999999996,0.0341,0.033479999999999996,0.03057,0.02884,0.028210000000000002,0.02885,0.02961,0.03193,0.040670000000000005,0.05165,0.04761,0.03739,0.03637,0.03337,0.03184,0.02903,0.02888,0.026719999999999997,0.027829999999999997,0.032560000000000006,0.03771,0.032380000000000006,0.032659999999999995,0.03025,0.02359,0.02184,0.02214,0.521545454545454,0.617124999999999,0.511285714285714,0.547294117647058,0.60185,0.65091304347826,0.597444444444444,0.563157894736842,0.515136363636363,0.567818181818181,0.578421052631578,0.644666666666666,0.5948,0.582649999999999,0.6485,0.6611,0.659375,0.510949999999999,0.5233,0.529266666666666,0.55875,0.657862068965517,0.540499999999999,0.655799999999999,0.768823529411764,0.425653846153846,0.66035,0.509230769230769,0.62525,0.606173913043478,0.427459459459459,0.450384615384615,0.490195121951219,0.522772727272727,0.451571428571428,0.552999999999999,0.54477358490566,0.527413793103448,0.55856,0.528919999999999,0.433333333333333,0.447526315789473,0.550117647058823,0.460899999999999,0.519949999999999,0.596,0.5882,0.519444444444444,"[[1, 4], [2, 3]]"
0.02822,0.02906,0.030010000000000002,0.032119999999999996,0.037200000000000004,0.04854,0.053579999999999996,0.04808,0.04523,0.04419,0.03997,0.03613,0.03365,0.03364,0.03557,0.05069,0.055200000000000006,0.04481,0.0417,0.038759999999999996,0.0341,0.033479999999999996,0.03057,0.02884,0.028210000000000002,0.02885,0.02961,0.03193,0.040670000000000005,0.05165,0.04761,0.03739,0.03637,0.03337,0.03184,0.02903,0.02888,0.026719999999999997,0.027829999999999997,0.032560000000000006,0.03771,0.032380000000000006,0.032659999999999995,0.03025,0.02359,0.02184,0.02214,0.020550000000000002,0.617124999999999,0.511285714285714,0.547294117647058,0.60185,0.65091304347826,0.597444444444444,0.563157894736842,0.515136363636363,0.567818181818181,0.578421052631578,0.644666666666666,0.5948,0.582649999999999,0.6485,0.6611,0.659375,0.510949999999999,0.5233,0.529266666666666,0.55875,0.657862068965517,0.540499999999999,0.655799999999999,0.768823529411764,0.425653846153846,0.66035,0.509230769230769,0.62525,0.606173913043478,0.427459459459459,0.450384615384615,0.490195121951219,0.522772727272727,0.451571428571428,0.552999999999999,0.54477358490566,0.527413793103448,0.55856,0.528919999999999,0.433333333333333,0.447526315789473,0.550117647058823,0.460899999999999,0.519949999999999,0.596,0.5882,0.519444444444444,0.480435897435897,"[[1, 4], [2, 3]]"
0.02906,0.030010000000000002,0.032119999999999996,0.037200000000000004,0.04854,0.053579999999999996,0.04808,0.04523,0.04419,0.03997,0.03613,0.03365,0.03364,0.03557,0.05069,0.055200000000000006,0.04481,0.0417,0.038759999999999996,0.0341,0.033479999999999996,0.03057,0.02884,0.028210000000000002,0.02885,0.02961,0.03193,0.040670000000000005,0.05165,0.04761,0.03739,0.03637,0.03337,0.03184,0.02903,0.02888,0.026719999999999997,0.027829999999999997,0.032560000000000006,0.03771,0.032380000000000006,0.032659999999999995,0.03025,0.02359,0.02184,0.02214,0.020550000000000002,0.02038,0.511285714285714,0.547294117647058,0.60185,0.65091304347826,0.597444444444444,0.563157894736842,0.515136363636363,0.567818181818181,0.578421052631578,0.644666666666666,0.5948,0.582649999999999,0.6485,0.6611,0.659375,0.510949999999999,0.5233,0.529266666666666,0.55875,0.657862068965517,0.540499999999999,0.655799999999999,0.768823529411764,0.425653846153846,0.66035,0.509230769230769,0.62525,0.606173913043478,0.427459459459459,0.450384615384615,0.490195121951219,0.522772727272727,0.451571428571428,0.552999999999999,0.54477358490566,0.527413793103448,0.55856,0.528919999999999,0.433333333333333,0.447526315789473,0.550117647058823,0.460899999999999,0.519949999999999,0.596,0.5882,0.519444444444444,0.480435897435897,0.535727272727272,"[[1, 4], [2, 3]]"
0.030010000000000002,0.032119999999999996,0.037200000000000004,0.04854,0.053579999999999996,0.04808,0.04523,0.04419,0.03997,0.03613,0.03365,0.03364,0.03557,0.05069,0.055200000000000006,0.04481,0.0417,0.038759999999999996,0.0341,0.033479999999999996,0.03057,0.02884,0.028210000000000002,0.02885,0.02961,0.03193,0.040670000000000005,0.05165,0.04761,0.03739,0.03637,0.03337,0.03184,0.02903,0.02888,0.026719999999999997,0.027829999999999997,0.032560000000000006,0.03771,0.032380000000000006,0.032659999999999995,0.03025,0.02359,0.02184,0.02214,0.020550000000000002,0.02038,0.01966,0.547294117647058,0.60185,0.65091304347826,0.597444444444444,0.563157894736842,0.515136363636363,0.567818181818181,0.578421052631578,0.644666666666666,0.5948,0.582649999999999,0.6485,0.6611,0.659375,0.510949999999999,0.5233,0.529266666666666,0.55875,0.657862068965517,0.540499999999999,0.655799999999999,0.768823529411764,0.425653846153846,0.66035,0.509230769230769,0.62525,0.606173913043478,0.427459459459459,0.450384615384615,0.490195121951219,0.522772727272727,0.451571428571428,0.552999999999999,0.54477358490566,0.527413793103448,0.55856,0.528919999999999,0.433333333333333,0.447526315789473,0.550117647058823,0.460899999999999,0.519949999999999,0.596,0.5882,0.519444444444444,0.480435897435897,0.535727272727272,0.507888888888888,"[[1, 4], [2, 3]]"
0.032119999999999996,0.037200000000000004,0.04854,0.053579999999999996,0.04808,0.04523,0.04419,0.03997,0.03613,0.03365,0.03364,0.03557,0.05069,0.055200000000000006,0.04481,0.0417,0.038759999999999996,0.0341,0.033479999999999996,0.03057,0.02884,0.028210000000000002,0.02885,0.02961,0.03193,0.040670000000000005,0.05165,0.04761,0.03739,0.03637,0.03337,0.03184,0.02903,0.02888,0.026719999999999997,0.027829999999999997,0.032560000000000006,0.03771,0.032380000000000006,0.032659999999999995,0.03025,0.02359,0.02184,0.02214,0.020550000000000002,0.02038,0.01966,0.02019,0.60185,0.65091304347826,0.597444444444444,0.563157894736842,0.515136363636363,0.567818181818181,0.578421052631578,0.644666666666666,0.5948,0.582649999999999,0.6485,0.6611,0.659375,0.510949999999999,0.5233,0.529266666666666,0.55875,0.657862068965517,0.540499999999999,0.655799999999999,0.768823529411764,0.425653846153846,0.66035,0.509230769230769,0.62525,0.606173913043478,0.427459459459459,0.450384615384615,0.490195121951219,0.522772727272727,0.451571428571428,0.552999999999999,0.54477358490566,0.527413793103448,0.55856,0.528919999999999,0.433333333333333,0.447526315789473,0.550117647058823,0.460899999999999,0.519949999999999,0.596,0.5882,0.519444444444444,0.480435897435897,0.535727272727272,0.507888888888888,0.386749999999999,"[[1, 4], [2, 3]]"
0.037200000000000004,0.04854,0.053579999999999996,0.04808,0.04523,0.04419,0.03997,0.03613,0.03365,0.03364,0.03557,0.05069,0.055200000000000006,0.04481,0.0417,0.038759999999999996,0.0341,0.033479999999999996,0.03057,0.02884,0.028210000000000002,0.02885,0.02961,0.03193,0.040670000000000005,0.05165,0.04761,0.03739,0.03637,0.03337,0.03184,0.02903,0.02888,0.026719999999999997,0.027829999999999997,0.032560000000000006,0.03771,0.032380000000000006,0.032659999999999995,0.03025,0.02359,0.02184,0.02214,0.020550000000000002,0.02038,0.01966,0.02019,0.02229,0.65091304347826,0.597444444444444,0.563157894736842,0.515136363636363,0.567818181818181,0.578421052631578,0.644666666666666,0.5948,0.582649999999999,0.6485,0.6611,0.659375,0.510949999999999,0.5233,0.529266666666666,0.55875,0.657862068965517,0.540499999999999,0.655799999999999,0.768823529411764,0.425653846153846,0.66035,0.509230769230769,0.62525,0.606173913043478,0.427459459459459,0.450384615384615,0.490195121951219,0.522772727272727,0.451571428571428,0.552999999999999,0.54477358490566,0.527413793103448,0.55856,0.528919999999999,0.433333333333333,0.447526315789473,0.550117647058823,0.460899999999999,0.519949999999999,0.596,0.5882,0.519444444444444,0.480435897435897,0.535727272727272,0.507888888888888,0.386749999999999,0.443499999999999,"[[1, 4], [2, 3]]"
0.04854,0.053579999999999996,0.04808,0.04523,0.04419,0.03997,0.03613,0.03365,0.03364,0.03557,0.05069,0.055200000000000006,0.04481,0.0417,0.038759999999999996,0.0341,0.033479999999999996,0.03057,0.02884,0.028210000000000002,0.02885,0.02961,0.03193,0.040670000000000005,0.05165,0.04761,0.03739,0.03637,0.03337,0.03184,0.02903,0.02888,0.026719999999999997,0.027829999999999997,0.032560000000000006,0.03771,0.032380000000000006,0.032659999999999995,0.03025,0.02359,0.02184,0.02214,0.020550000000000002,0.02038,0.01966,0.02019,0.02229,0.03509,0.597444444444444,0.563157894736842,0.515136363636363,0.567818181818181,0.578421052631578,0.644666666666666,0.5948,0.582649999999999,0.6485,0.6611,0.659375,0.510949999999999,0.5233,0.529266666666666,0.55875,0.657862068965517,0.540499999999999,0.655799999999999,0.768823529411764,0.425653846153846,0.66035,0.509230769230769,0.62525,0.606173913043478,0.427459459459459,0.450384615384615,0.490195121951219,0.522772727272727,0.451571428571428,0.552999999999999,0.54477358490566,0.527413793103448,0.55856,0.528919999999999,0.433333333333333,0.447526315789473,0.550117647058823,0.460899999999999,0.519949999999999,0.596,0.5882,0.519444444444444,0.480435897435897,0.535727272727272,0.507888888888888,0.386749999999999,0.443499999999999,0.493574999999999,"[[1, 4], [2, 3]]"
0.053579999999999996,0.04808,0.04523,0.04419,0.03997,0.03613,0.03365,0.03364,0.03557,0.05069,0.055200000000000006,0.04481,0.0417,0.038759999999999996,0.0341,0.033479999999999996,0.03057,0.02884,0.028210000000000002,0.02885,0.02961,0.03193,0.040670000000000005,0.05165,0.04761,0.03739,0.03637,0.03337,0.03184,0.02903,0.02888,0.026719999999999997,0.027829999999999997,0.032560000000000006,0.03771,0.032380000000000006,0.032659999999999995,0.03025,0.02359,0.02184,0.02214,0.020550000000000002,0.02038,0.01966,0.02019,0.02229,0.03509,0.03911,0.563157894736842,0.515136363636363,0.567818181818181,0.578421052631578,0.644666666666666,0.5948,0.582649999999999,0.6485,0.6611,0.659375,0.510949999999999,0.5233,0.529266666666666,0.55875,0.657862068965517,0.540499999999999,0.655799999999999,0.768823529411764,0.425653846153846,0.66035,0.509230769230769,0.62525,0.606173913043478,0.427459459459459,0.450384615384615,0.490195121951219,0.522772727272727,0.451571428571428,0.552999999999999,0.54477358490566,0.527413793103448,0.55856,0.528919999999999,0.433333333333333,0.447526315789473,0.550117647058823,0.460899999999999,0.519949999999999,0.596,0.5882,0.519444444444444,0.480435897435897,0.535727272727272,0.507888888888888,0.386749999999999,0.443499999999999,0.493574999999999,0.314972972972972,"[[1, 4], [2, 3]]"
0.04808,0.04523,0.04419,0.03997,0.03613,0.03365,0.03364,0.03557,0.05069,0.055200000000000006,0.04481,0.0417,0.038759999999999996,0.0341,0.033479999999999996,0.03057,0.02884,0.028210000000000002,0.02885,0.02961,0.03193,0.040670000000000005,0.05165,0.04761,0.03739,0.03637,0.03337,0.03184,0.02903,0.02888,0.026719999999999997,0.027829999999999997,0.032560000000000006,0.03771,0.032380000000000006,0.032659999999999995,0.03025,0.02359,0.02184,0.02214,0.020550000000000002,0.02038,0.01966,0.02019,0.02229,0.03509,0.03911,0.035859999999999996,0.515136363636363,0.567818181818181,0.578421052631578,0.644666666666666,0.5948,0.582649999999999,0.6485,0.6611,0.659375,0.510949999999999,0.5233,0.529266666666666,0.55875,0.657862068965517,0.540499999999999,0.655799999999999,0.768823529411764,0.425653846153846,0.66035,0.509230769230769,0.62525,0.606173913043478,0.427459459459459,0.450384615384615,0.490195121951219,0.522772727272727,0.451571428571428,0.552999999999999,0.54477358490566,0.527413793103448,0.55856,0.528919999999999,0.433333333333333,0.447526315789473,0.550117647058823,0.460899999999999,0.519949999999999,0.596,0.5882,0.519444444444444,0.480435897435897,0.535727272727272,0.507888888888888,0.386749999999999,0.443499999999999,0.493574999999999,0.314972972972972,0.43947619047619,"[[2, 3], [1, 4]]"
0.04523,0.04419,0.03997,0.03613,0.03365,0.03364,0.03557,0.05069,0.055200000000000006,0.04481,0.0417,0.038759999999999996,0.0341,0.033479999999999996,0.03057,0.02884,0.028210000000000002,0.02885,0.02961,0.03193,0.040670000000000005,0.05165,0.04761,0.03739,0.03637,0.03337,0.03184,0.02903,0.02888,0.026719999999999997,0.027829999999999997,0.032560000000000006,0.03771,0.032380000000000006,0.032659999999999995,0.03025,0.02359,0.02184,0.02214,0.020550000000000002,0.02038,0.01966,0.02019,0.02229,0.03509,0.03911,0.035859999999999996,0.03596,0.567818181818181,0.578421052631578,0.644666666666666,0.5948,0.582649999999999,0.6485,0.6611,0.659375,0.510949999999999,0.5233,0.529266666666666,0.55875,0.657862068965517,0.540499999999999,0.655799999999999,0.768823529411764,0.425653846153846,0.66035,0.509230769230769,0.62525,0.606173913043478,0.427459459459459,0.450384615384615,0.490195121951219,0.522772727272727,0.451571428571428,0.552999999999999,0.54477358490566,0.527413793103448,0.55856,0.528919999999999,0.433333333333333,0.447526315789473,0.550117647058823,0.460899999999999,0.519949999999999,0.596,0.5882,0.519444444444444,0.480435897435897,0.535727272727272,0.507888888888888,0.386749999999999,0.443499999999999,0.493574999999999,0.314972972972972,0.43947619047619,0.509282608695652,"[[2, 3], [1, 4]]"
0.04419,0.03997,0.03613,0.03365,0.03364,0.03557,0.05069,0.055200000000000006,0.04481,0.0417,0.038759999999999996,0.0341,0.033479999999999996,0.03057,0.02884,0.028210000000000002,0.02885,0.02961,0.03193,0.040670000000000005,0.05165,0.04761,0.03739,0.03637,0.03337,0.03184,0.02903,0.02888,0.026719999999999997,0.027829999999999997,0.032560000000000006,0.03771,0.032380000000000006,0.032659999999999995,0.03025,0.02359,0.02184,0.02214,0.020550000000000002,0.02038,0.01966,0.02019,0.02229,0.03509,0.03911,0.035859999999999996,0.03596,0.03359,0.578421052631578,0.644666666666666,0.5948,0.582649999999999,0.6485,0.6611,0.659375,0.510949999999999,0.5233,0.529266666666666,0.55875,0.657862068965517,0.540499999999999,0.655799999999999,0.768823529411764,0.425653846153846,0.66035,0.509230769230769,0.62525,0.606173913043478,0.427459459459459,0.450384615384615,0.490195121951219,0.522772727272727,0.451571428571428,0.552999999999999,0.54477358490566,0.527413793103448,0.55856,0.528919999999999,0.433333333333333,0.447526315789473,0.550117647058823,0.460899999999999,0.519949999999999,0.596,0.5882,0.519444444444444,0.480435897435897,0.535727272727272,0.507888888888888,0.386749999999999,0.443499999999999,0.493574999999999,0.314972972972972,0.43947619047619,0.509282608695652,0.431291666666666,"[[1, 4], [2, 3]]"
0.03997,0.03613,0.03365,0.03364,0.03557,0.05069,0.055200000000000006,0.04481,0.0417,0.038759999999999996,0.0341,0.033479999999999996,0.03057,0.02884,0.028210000000000002,0.02885,0.02961,0.03193,0.040670000000000005,0.05165,0.04761,0.03739,0.03637,0.03337,0.03184,0.02903,0.02888,0.026719999999999997,0.027829999999999997,0.032560000000000006,0.03771,0.032380000000000006,0.032659999999999995,0.03025,0.02359,0.02184,0.02214,0.020550000000000002,0.02038,0.01966,0.02019,0.02229,0.03509,0.03911,0.035859999999999996,0.03596,0.03359,0.032850000000000004,0.644666666666666,0.5948,0.582649999999999,0.6485,0.6611,0.659375,0.510949999999999,0.5233,0.529266666666666,0.55875,0.657862068965517,0.540499999999999,0.655799999999999,0.768823529411764,0.425653846153846,0.66035,0.509230769230769,0.62525,0.606173913043478,0.427459459459459,0.450384615384615,0.490195121951219,0.522772727272727,0.451571428571428,0.552999999999999,0.54477358490566,0.527413793103448,0.55856,0.528919999999999,0.433333333333333,0.447526315789473,0.550117647058823,0.460899999999999,0.519949999999999,0.596,0.5882,0.519444444444444,0.480435897435897,0.535727272727272,0.507888888888888,0.386749999999999,0.443499999999999,0.493574999999999,0.314972972972972,0.43947619047619,0.509282608695652,0.431291666666666,0.528471698113207,"[[2, 3], [1, 4]]"
0.03613,0.03365,0.03364,0.03557,0.05069,0.055200000000000006,0.04481,0.0417,0.038759999999999996,0.0341,0.033479999999999996,0.03057,0.02884,0.028210000000000002,0.02885,0.02961,0.03193,0.040670000000000005,0.05165,0.04761,0.03739,0.03637,0.03337,0.03184,0.02903,0.02888,0.026719999999999997,0.027829999999999997,0.032560000000000006,0.03771,0.032380000000000006,0.032659999999999995,0.03025,0.02359,0.02184,0.02214,0.020550000000000002,0.02038,0.01966,0.02019,0.02229,0.03509,0.03911,0.035859999999999996,0.03596,0.03359,0.032850000000000004,0.032909999999999995,0.5948,0.582649999999999,0.6485,0.6611,0.659375,0.510949999999999,0.5233,0.529266666666666,0.55875,0.657862068965517,0.540499999999999,0.655799999999999,0.768823529411764,0.425653846153846,0.66035,0.509230769230769,0.62525,0.606173913043478,0.427459459459459,0.450384615384615,0.490195121951219,0.522772727272727,0.451571428571428,0.552999999999999,0.54477358490566,0.527413793103448,0.55856,0.528919999999999,0.433333333333333,0.447526315789473,0.550117647058823,0.460899999999999,0.519949999999999,0.596,0.5882,0.519444444444444,0.480435897435897,0.535727272727272,0.507888888888888,0.386749999999999,0.443499999999999,0.493574999999999,0.314972972972972,0.43947619047619,0.509282608695652,0.431291666666666,0.528471698113207,0.501714285714285,"[[2, 3], [1, 4]]"
0.03365,0.03364,0.03557,0.05069,0.055200000000000006,0.04481,0.0417,0.038759999999999996,0.0341,0.033479999999999996,0.03057,0.02884,0.028210000000000002,0.02885,0.02961,0.03193,0.040670000000000005,0.05165,0.04761,0.03739,0.03637,0.03337,0.03184,0.02903,0.02888,0.026719999999999997,0.027829999999999997,0.032560000000000006,0.03771,0.032380000000000006,0.032659999999999995,0.03025,0.02359,0.02184,0.02214,0.020550000000000002,0.02038,0.01966,0.02019,0.02229,0.03509,0.03911,0.035859999999999996,0.03596,0.03359,0.032850000000000004,0.032909999999999995,0.03175,0.582649999999999,0.6485,0.6611,0.659375,0.510949999999999,0.5233,0.529266666666666,0.55875,0.657862068965517,0.540499999999999,0.655799999999999,0.768823529411764,0.425653846153846,0.66035,0.509230769230769,0.62525,0.606173913043478,0.427459459459459,0.450384615384615,0.490195121951219,0.522772727272727,0.451571428571428,0.552999999999999,0.54477358490566,0.527413793103448,0.55856,0.528919999999999,0.433333333333333,0.447526315789473,0.550117647058823,0.460899999999999,0.519949999999999,0.596,0.5882,0.519444444444444,0.480435897435897,0.535727272727272,0.507888888888888,0.386749999999999,0.443499999999999,0.493574999999999,0.314972972972972,0.43947619047619,0.509282608695652,0.431291666666666,0.528471698113207,0.501714285714285,0.431924999999999,"[[1, 4], [2, 3]]"
0.03364,0.03557,0.05069,0.055200000000000006,0.04481,0.0417,0.038759999999999996,0.0341,0.033479999999999996,0.03057,0.02884,0.028210000000000002,0.02885,0.02961,0.03193,0.040670000000000005,0.05165,0.04761,0.03739,0.03637,0.03337,0.03184,0.02903,0.02888,0.026719999999999997,0.027829999999999997,0.032560000000000006,0.03771,0.032380000000000006,0.032659999999999995,0.03025,0.02359,0.02184,0.02214,0.020550000000000002,0.02038,0.01966,0.02019,0.02229,0.03509,0.03911,0.035859999999999996,0.03596,0.03359,0.032850000000000004,0.032909999999999995,0.03175,0.0339,0.6485,0.6611,0.659375,0.510949999999999,0.5233,0.529266666666666,0.55875,0.657862068965517,0.540499999999999,0.655799999999999,0.768823529411764,0.425653846153846,0.66035,0.509230769230769,0.62525,0.606173913043478,0.427459459459459,0.450384615384615,0.490195121951219,0.522772727272727,0.451571428571428,0.552999999999999,0.54477358490566,0.527413793103448,0.55856,0.528919999999999,0.433333333333333,0.447526315789473,0.550117647058823,0.460899999999999,0.519949999999999,0.596,0.5882,0.519444444444444,0.480435897435897,0.535727272727272,0.507888888888888,0.386749999999999,0.443499999999999,0.493574999999999,0.314972972972972,0.43947619047619,0.509282608695652,0.431291666666666,0.528471698113207,0.501714285714285,0.431924999999999,0.592342857142857,"[[1, 4], [2, 3]]"
0.03557,0.05069,0.055200000000000006,0.04481,0.0417,0.038759999999999996,0.0341,0.033479999999999996,0.03057,0.02884,0.028210000000000002,0.02885,0.02961,0.03193,0.040670000000000005,0.05165,0.04761,0.03739,0.03637,0.03337,0.03184,0.02903,0.02888,0.026719999999999997,0.027829999999999997,0.032560000000000006,0.03771,0.032380000000000006,0.032659999999999995,0.03025,0.02359,0.02184,0.02214,0.020550000000000002,0.02038,0.01966,0.02019,0.02229,0.03509,0.03911,0.035859999999999996,0.03596,0.03359,0.032850000000000004,0.032909999999999995,0.03175,0.0339,0.03157,0.6611,0.659375,0.510949999999999,0.5233,0.529266666666666,0.55875,0.657862068965517,0.540499999999999,0.655799999999999,0.768823529411764,0.425653846153846,0.66035,0.509230769230769,0.62525,0.606173913043478,0.427459459459459,0.450384615384615,0.490195121951219,0.522772727272727,0.451571428571428,0.552999999999999,0.54477358490566,0.527413793103448,0.55856,0.528919999999999,0.433333333333333,0.447526315789473,0.550117647058823,0.460899999999999,0.519949999999999,0.596,0.5882,0.519444444444444,0.480435897435897,0.535727272727272,0.507888888888888,0.386749999999999,0.443499999999999,0.493574999999999,0.314972972972972,0.43947619047619,0.509282608695652,0.431291666666666,0.528471698113207,0.501714285714285,0.431924999999999,0.592342857142857,0.514749999999999,"[[2, 3], [1, 4]]"
0.05069,0.055200000000000006,0.04481,0.0417,0.038759999999999996,0.0341,0.033479999999999996,0.03057,0.02884,0.028210000000000002,0.02885,0.02961,0.03193,0.040670000000000005,0.05165,0.04761,0.03739,0.03637,0.03337,0.03184,0.02903,0.02888,0.026719999999999997,0.027829999999999997,0.032560000000000006,0.03771,0.032380000000000006,0.032659999999999995,0.03025,0.02359,0.02184,0.02214,0.020550000000000002,0.02038,0.01966,0.02019,0.02229,0.03509,0.03911,0.035859999999999996,0.03596,0.03359,0.032850000000000004,0.032909999999999995,0.03175,0.0339,0.03157,0.03121,0.659375,0.510949999999999,0.5233,0.529266666666666,0.55875,0.657862068965517,0.540499999999999,0.655799999999999,0.768823529411764,0.425653846153846,0.66035,0.509230769230769,0.62525,0.606173913043478,0.427459459459459,0.450384615384615,0.490195121951219,0.522772727272727,0.451571428571428,0.552999999999999,0.54477358490566,0.527413793103448,0.55856,0.528919999999999,0.433333333333333,0.447526315789473,0.550117647058823,0.460899999999999,0.519949999999999,0.596,0.5882,0.519444444444444,0.480435897435897,0.535727272727272,0.507888888888888,0.386749999999999,0.443499999999999,0.493574999999999,0.314972972972972,0.43947619047619,0.509282608695652,0.431291666666666,0.528471698113207,0.501714285714285,0.431924999999999,0.592342857142857,0.514749999999999,0.477102564102563,"[[1, 4], [2, 3]]"
0.055200000000000006,0.04481,0.0417,0.038759999999999996,0.0341,0.033479999999999996,0.03057,0.02884,0.028210000000000002,0.02885,0.02961,0.03193,0.040670000000000005,0.05165,0.04761,0.03739,0.03637,0.03337,0.03184,0.02903,0.02888,0.026719999999999997,0.027829999999999997,0.032560000000000006,0.03771,0.032380000000000006,0.032659999999999995,0.03025,0.02359,0.02184,0.02214,0.020550000000000002,0.02038,0.01966,0.02019,0.02229,0.03509,0.03911,0.035859999999999996,0.03596,0.03359,0.032850000000000004,0.032909999999999995,0.03175,0.0339,0.03157,0.03121,0.03903,0.510949999999999,0.5233,0.529266666666666,0.55875,0.657862068965517,0.540499999999999,0.655799999999999,0.768823529411764,0.425653846153846,0.66035,0.509230769230769,0.62525,0.606173913043478,0.427459459459459,0.450384615384615,0.490195121951219,0.522772727272727,0.451571428571428,0.552999999999999,0.54477358490566,0.527413793103448,0.55856,0.528919999999999,0.433333333333333,0.447526315789473,0.550117647058823,0.460899999999999,0.519949999999999,0.596,0.5882,0.519444444444444,0.480435897435897,0.535727272727272,0.507888888888888,0.386749999999999,0.443499999999999,0.493574999999999,0.314972972972972,0.43947619047619,0.509282608695652,0.431291666666666,0.528471698113207,0.501714285714285,0.431924999999999,0.592342857142857,0.514749999999999,0.477102564102563,0.469574999999999,"[[2, 3], [1, 4]]"
0.04481,0.0417,0.038759999999999996,0.0341,0.033479999999999996,0.03057,0.02884,0.028210000000000002,0.02885,0.02961,0.03193,0.040670000000000005,0.05165,0.04761,0.03739,0.03637,0.03337,0.03184,0.02903,0.02888,0.026719999999999997,0.027829999999999997,0.032560000000000006,0.03771,0.032380000000000006,0.032659999999999995,0.03025,0.02359,0.02184,0.02214,0.020550000000000002,0.02038,0.01966,0.02019,0.02229,0.03509,0.03911,0.035859999999999996,0.03596,0.03359,0.032850000000000004,0.032909999999999995,0.03175,0.0339,0.03157,0.03121,0.03903,0.04339,0.5233,0.529266666666666,0.55875,0.657862068965517,0.540499999999999,0.655799999999999,0.768823529411764,0.425653846153846,0.66035,0.509230769230769,0.62525,0.606173913043478,0.427459459459459,0.450384615384615,0.490195121951219,0.522772727272727,0.451571428571428,0.552999999999999,0.54477358490566,0.527413793103448,0.55856,0.528919999999999,0.433333333333333,0.447526315789473,0.550117647058823,0.460899999999999,0.519949999999999,0.596,0.5882,0.519444444444444,0.480435897435897,0.535727272727272,0.507888888888888,0.386749999999999,0.443499999999999,0.493574999999999,0.314972972972972,0.43947619047619,0.509282608695652,0.431291666666666,0.528471698113207,0.501714285714285,0.431924999999999,0.592342857142857,0.514749999999999,0.477102564102563,0.469574999999999,0.295222222222222,"[[1, 4], [2, 3]]"
0.0417,0.038759999999999996,0.0341,0.033479999999999996,0.03057,0.02884,0.028210000000000002,0.02885,0.02961,0.03193,0.040670000000000005,0.05165,0.04761,0.03739,0.03637,0.03337,0.03184,0.02903,0.02888,0.026719999999999997,0.027829999999999997,0.032560000000000006,0.03771,0.032380000000000006,0.032659999999999995,0.03025,0.02359,0.02184,0.02214,0.020550000000000002,0.02038,0.01966,0.02019,0.02229,0.03509,0.03911,0.035859999999999996,0.03596,0.03359,0.032850000000000004,0.032909999999999995,0.03175,0.0339,0.03157,0.03121,0.03903,0.04339,0.039700000000000006,0.529266666666666,0.55875,0.657862068965517,0.540499999999999,0.655799999999999,0.768823529411764,0.425653846153846,0.66035,0.509230769230769,0.62525,0.606173913043478,0.427459459459459,0.450384615384615,0.490195121951219,0.522772727272727,0.451571428571428,0.552999999999999,0.54477358490566,0.527413793103448,0.55856,0.528919999999999,0.433333333333333,0.447526315789473,0.550117647058823,0.460899999999999,0.519949999999999,0.596,0.5882,0.519444444444444,0.480435897435897,0.535727272727272,0.507888888888888,0.386749999999999,0.443499999999999,0.493574999999999,0.314972972972972,0.43947619047619,0.509282608695652,0.431291666666666,0.528471698113207,0.501714285714285,0.431924999999999,0.592342857142857,0.514749999999999,0.477102564102563,0.469574999999999,0.295222222222222,0.507166666666666,"[[2, 3], [1, 4]]"
0.038759999999999996,0.0341,0.033479999999999996,0.03057,0.02884,0.028210000000000002,0.02885,0.02961,0.03193,0.040670000000000005,0.05165,0.04761,0.03739,0.03637,0.03337,0.03184,0.02903,0.02888,0.026719999999999997,0.027829999999999997,0.032560000000000006,0.03771,0.032380000000000006,0.032659999999999995,0.03025,0.02359,0.02184,0.02214,0.020550000000000002,0.02038,0.01966,0.02019,0.02229,0.03509,0.03911,0.035859999999999996,0.03596,0.03359,0.032850000000000004,0.032909999999999995,0.03175,0.0339,0.03157,0.03121,0.03903,0.04339,0.039700000000000006,0.038189999999999995,0.55875,0.657862068965517,0.540499999999999,0.655799999999999,0.768823529411764,0.425653846153846,0.66035,0.509230769230769,0.62525,0.606173913043478,0.427459459459459,0.450384615384615,0.490195121951219,0.522772727272727,0.451571428571428,0.552999999999999,0.54477358490566,0.527413793103448,0.55856,0.528919999999999,0.433333333333333,0.447526315789473,0.550117647058823,0.460899999999999,0.519949999999999,0.596,0.5882,0.519444444444444,0.480435897435897,0.535727272727272,0.507888888888888,0.386749999999999,0.443499999999999,0.493574999999999,0.314972972972972,0.43947619047619,0.509282608695652,0.431291666666666,0.528471698113207,0.501714285714285,0.431924999999999,0.592342857142857,0.514749999999999,0.477102564102563,0.469574999999999,0.295222222222222,0.507166666666666,0.552411764705882,"[[1, 4], [2, 3]]"
0.0341,0.033479999999999996,0.03057,0.02884,0.028210000000000002,0.02885,0.02961,0.03193,0.040670000000000005,0.05165,0.04761,0.03739,0.03637,0.03337,0.03184,0.02903,0.02888,0.026719999999999997,0.027829999999999997,0.032560000000000006,0.03771,0.032380000000000006,0.032659999999999995,0.03025,0.02359,0.02184,0.02214,0.020550000000000002,0.02038,0.01966,0.02019,0.02229,0.03509,0.03911,0.035859999999999996,0.03596,0.03359,0.032850000000000004,0.032909999999999995,0.03175,0.0339,0.03157,0.03121,0.03903,0.04339,0.039700000000000006,0.038189999999999995,0.03604,0.657862068965517,0.540499999999999,0.655799999999999,0.768823529411764,0.425653846153846,0.66035,0.509230769230769,0.62525,0.606173913043478,0.427459459459459,0.450384615384615,0.490195121951219,0.522772727272727,0.451571428571428,0.552999999999999,0.54477358490566,0.527413793103448,0.55856,0.528919999999999,0.433333333333333,0.447526315789473,0.550117647058823,0.460899999999999,0.519949999999999,0.596,0.5882,0.519444444444444,0.480435897435897,0.535727272727272,0.507888888888888,0.386749999999999,0.443499999999999,0.493574999999999,0.314972972972972,0.43947619047619,0.509282608695652,0.431291666666666,0.528471698113207,0.501714285714285,0.431924999999999,0.592342857142857,0.514749999999999,0.477102564102563,0.469574999999999,0.295222222222222,0.507166666666666,0.552411764705882,0.6454,"[[2, 3], [1, 4]]"
0.033479999999999996,0.03057,0.02884,0.028210000000000002,0.02885,0.02961,0.03193,0.040670000000000005,0.05165,0.04761,0.03739,0.03637,0.03337,0.03184,0.02903,0.02888,0.026719999999999997,0.027829999999999997,0.032560000000000006,0.03771,0.032380000000000006,0.032659999999999995,0.03025,0.02359,0.02184,0.02214,0.020550000000000002,0.02038,0.01966,0.02019,0.02229,0.03509,0.03911,0.035859999999999996,0.03596,0.03359,0.032850000000000004,0.032909999999999995,0.03175,0.0339,0.03157,0.03121,0.03903,0.04339,0.039700000000000006,0.038189999999999995,0.03604,0.033350000000000005,0.540499999999999,0.655799999999999,0.768823529411764,0.425653846153846,0.66035,0.509230769230769,0.62525,0.606173913043478,0.427459459459459,0.450384615384615,0.490195121951219,0.522772727272727,0.451571428571428,0.552999999999999,0.54477358490566,0.527413793103448,0.55856,0.528919999999999,0.433333333333333,0.447526315789473,0.550117647058823,0.460899999999999,0.519949999999999,0.596,0.5882,0.519444444444444,0.480435897435897,0.535727272727272,0.507888888888888,0.386749999999999,0.443499999999999,0.493574999999999,0.314972972972972,0.43947619047619,0.509282608695652,0.431291666666666,0.528471698113207,0.501714285714285,0.431924999999999,0.592342857142857,0.514749999999999,0.477102564102563,0.469574999999999,0.295222222222222,0.507166666666666,0.552411764705882,0.6454,0.58625,"[[1, 4], [2, 3]]"
0.03057,0.02884,0.028210000000000002,0.02885,0.02961,0.03193,0.040670000000000005,0.05165,0.04761,0.03739,0.03637,0.03337,0.03184,0.02903,0.02888,0.026719999999999997,0.027829999999999997,0.032560000000000006,0.03771,0.032380000000000006,0.032659999999999995,0.03025,0.02359,0.02184,0.02214,0.020550000000000002,0.02038,0.01966,0.02019,0.02229,0.03509,0.03911,0.035859999999999996,0.03596,0.03359,0.032850000000000004,0.032909999999999995,0.03175,0.0339,0.03157,0.03121,0.03903,0.04339,0.039700000000000006,0.038189999999999995,0.03604,0.033350000000000005,0.03515,0.655799999999999,0.768823529411764,0.425653846153846,0.66035,0.509230769230769,0.62525,0.606173913043478,0.427459459459459,0.450384615384615,0.490195121951219,0.522772727272727,0.451571428571428,0.552999999999999,0.54477358490566,0.527413793103448,0.55856,0.528919999999999,0.433333333333333,0.447526315789473,0.550117647058823,0.460899999999999,0.519949999999999,0.596,0.5882,0.519444444444444,0.480435897435897,0.535727272727272,0.507888888888888,0.386749999999999,0.443499999999999,0.493574999999999,0.314972972972972,0.43947619047619,0.509282608695652,0.431291666666666,0.528471698113207,0.501714285714285,0.431924999999999,0.592342857142857,0.514749999999999,0.477102564102563,0.469574999999999,0.295222222222222,0.507166666666666,0.552411764705882,0.6454,0.58625,0.6064,"[[2, 3], [1, 4]]"
0.02884,0.028210000000000002,0.02885,0.02961,0.03193,0.040670000000000005,0.05165,0.04761,0.03739,0.03637,0.03337,0.03184,0.02903,0.02888,0.026719999999999997,0.027829999999999997,0.032560000000000006,0.03771,0.032380000000000006,0.032659999999999995,0.03025,0.02359,0.02184,0.02214,0.020550000000000002,0.02038,0.01966,0.02019,0.02229,0.03509,0.03911,0.035859999999999996,0.03596,0.03359,0.032850000000000004,0.032909999999999995,0.03175,0.0339,0.03157,0.03121,0.03903,0.04339,0.039700000000000006,0.038189999999999995,0.03604,0.033350000000000005,0.03515,0.03227,0.768823529411764,0.425653846153846,0.66035,0.509230769230769,0.62525,0.606173913043478,0.427459459459459,0.450384615384615,0.490195121951219,0.522772727272727,0.451571428571428,0.552999999999999,0.54477358490566,0.527413793103448,0.55856,0.528919999999999,0.433333333333333,0.447526315789473,0.550117647058823,0.460899999999999,0.519949999999999,0.596,0.5882,0.519444444444444,0.480435897435897,0.535727272727272,0.507888888888888,0.386749999999999,0.443499999999999,0.493574999999999,0.314972972972972,0.43947619047619,0.509282608695652,0.431291666666666,0.528471698113207,0.501714285714285,0.431924999999999,0.592342857142857,0.514749999999999,0.477102564102563,0.469574999999999,0.295222222222222,0.507166666666666,0.552411764705882,0.6454,0.58625,0.6064,0.62,"[[1, 4], [2, 3]]"
0.028210000000000002,0.02885,0.02961,0.03193,0.040670000000000005,0.05165,0.04761,0.03739,0.03637,0.03337,0.03184,0.02903,0.02888,0.026719999999999997,0.027829999999999997,0.032560000000000006,0.03771,0.032380000000000006,0.032659999999999995,0.03025,0.02359,0.02184,0.02214,0.020550000000000002,0.02038,0.01966,0.02019,0.02229,0.03509,0.03911,0.035859999999999996,0.03596,0.03359,0.032850000000000004,0.032909999999999995,0.03175,0.0339,0.03157,0.03121,0.03903,0.04339,0.039700000000000006,0.038189999999999995,0.03604,0.033350000000000005,0.03515,0.03227,0.0305,0.425653846153846,0.66035,0.509230769230769,0.62525,0.606173913043478,0.427459459459459,0.450384615384615,0.490195121951219,0.522772727272727,0.451571428571428,0.552999999999999,0.54477358490566,0.527413793103448,0.55856,0.528919999999999,0.433333333333333,0.447526315789473,0.550117647058823,0.460899999999999,0.519949999999999,0.596,0.5882,0.519444444444444,0.480435897435897,0.535727272727272,0.507888888888888,0.386749999999999,0.443499999999999,0.493574999999999,0.314972972972972,0.43947619047619,0.509282608695652,0.431291666666666,0.528471698113207,0.501714285714285,0.431924999999999,0.592342857142857,0.514749999999999,0.477102564102563,0.469574999999999,0.295222222222222,0.507166666666666,0.552411764705882,0.6454,0.58625,0.6064,0.62,0.509649999999999,"[[2, 3], [1, 4]]"
0.02885,0.02961,0.03193,0.040670000000000005,0.05165,0.04761,0.03739,0.03637,0.03337,0.03184,0.02903,0.02888,0.026719999999999997,0.027829999999999997,0.032560000000000006,0.03771,0.032380000000000006,0.032659999999999995,0.03025,0.02359,0.02184,0.02214,0.020550000000000002,0.02038,0.01966,0.02019,0.02229,0.03509,0.03911,0.035859999999999996,0.03596,0.03359,0.032850000000000004,0.032909999999999995,0.03175,0.0339,0.03157,0.03121,0.03903,0.04339,0.039700000000000006,0.038189999999999995,0.03604,0.033350000000000005,0.03515,0.03227,0.0305,0.032350000000000004,0.66035,0.509230769230769,0.62525,0.606173913043478,0.427459459459459,0.450384615384615,0.490195121951219,0.522772727272727,0.451571428571428,0.552999999999999,0.54477358490566,0.527413793103448,0.55856,0.528919999999999,0.433333333333333,0.447526315789473,0.550117647058823,0.460899999999999,0.519949999999999,0.596,0.5882,0.519444444444444,0.480435897435897,0.535727272727272,0.507888888888888,0.386749999999999,0.443499999999999,0.493574999999999,0.314972972972972,0.43947619047619,0.509282608695652,0.431291666666666,0.528471698113207,0.501714285714285,0.431924999999999,0.592342857142857,0.514749999999999,0.477102564102563,0.469574999999999,0.295222222222222,0.507166666666666,0.552411764705882,0.6454,0.58625,0.6064,0.62,0.509649999999999,0.629944444444444,"[[1, 4], [2, 3]]"
0.02961,0.03193,0.040670000000000005,0.05165,0.04761,0.03739,0.03637,0.03337,0.03184,0.02903,0.02888,0.026719999999999997,0.027829999999999997,0.032560000000000006,0.03771,0.032380000000000006,0.032659999999999995,0.03025,0.02359,0.02184,0.02214,0.020550000000000002,0.02038,0.01966,0.02019,0.02229,0.03509,0.03911,0.035859999999999996,0.03596,0.03359,0.032850000000000004,0.032909999999999995,0.03175,0.0339,0.03157,0.03121,0.03903,0.04339,0.039700000000000006,0.038189999999999995,0.03604,0.033350000000000005,0.03515,0.03227,0.0305,0.032350000000000004,0.033729999999999996,0.509230769230769,0.62525,0.606173913043478,0.427459459459459,0.450384615384615,0.490195121951219,0.522772727272727,0.451571428571428,0.552999999999999,0.54477358490566,0.527413793103448,0.55856,0.528919999999999,0.433333333333333,0.447526315789473,0.550117647058823,0.460899999999999,0.519949999999999,0.596,0.5882,0.519444444444444,0.480435897435897,0.535727272727272,0.507888888888888,0.386749999999999,0.443499999999999,0.493574999999999,0.314972972972972,0.43947619047619,0.509282608695652,0.431291666666666,0.528471698113207,0.501714285714285,0.431924999999999,0.592342857142857,0.514749999999999,0.477102564102563,0.469574999999999,0.295222222222222,0.507166666666666,0.552411764705882,0.6454,0.58625,0.6064,0.62,0.509649999999999,0.629944444444444,0.595999999999999,"[[2, 3], [1, 4]]"
0.03193,0.040670000000000005,0.05165,0.04761,0.03739,0.03637,0.03337,0.03184,0.02903,0.02888,0.026719999999999997,0.027829999999999997,0.032560000000000006,0.03771,0.032380000000000006,0.032659999999999995,0.03025,0.02359,0.02184,0.02214,0.020550000000000002,0.02038,0.01966,0.02019,0.02229,0.03509,0.03911,0.035859999999999996,0.03596,0.03359,0.032850000000000004,0.032909999999999995,0.03175,0.0339,0.03157,0.03121,0.03903,0.04339,0.039700000000000006,0.038189999999999995,0.03604,0.033350000000000005,0.03515,0.03227,0.0305,0.032350000000000004,0.033729999999999996,0.03778,0.62525,0.606173913043478,0.427459459459459,0.450384615384615,0.490195121951219,0.522772727272727,0.451571428571428,0.552999999999999,0.54477358490566,0.527413793103448,0.55856,0.528919999999999,0.433333333333333,0.447526315789473,0.550117647058823,0.460899999999999,0.519949999999999,0.596,0.5882,0.519444444444444,0.480435897435897,0.535727272727272,0.507888888888888,0.386749999999999,0.443499999999999,0.493574999999999,0.314972972972972,0.43947619047619,0.509282608695652,0.431291666666666,0.528471698113207,0.501714285714285,0.431924999999999,0.592342857142857,0.514749999999999,0.477102564102563,0.469574999999999,0.295222222222222,0.507166666666666,0.552411764705882,0.6454,0.58625,0.6064,0.62,0.509649999999999,0.629944444444444,0.595999999999999,0.502823529411764,"[[2, 3], [1, 4]]"
0.040670000000000005,0.05165,0.04761,0.03739,0.03637,0.03337,0.03184,0.02903,0.02888,0.026719999999999997,0.027829999999999997,0.032560000000000006,0.03771,0.032380000000000006,0.032659999999999995,0.03025,0.02359,0.02184,0.02214,0.020550000000000002,0.02038,0.01966,0.02019,0.02229,0.03509,0.03911,0.035859999999999996,0.03596,0.03359,0.032850000000000004,0.032909999999999995,0.03175,0.0339,0.03157,0.03121,0.03903,0.04339,0.039700000000000006,0.038189999999999995,0.03604,0.033350000000000005,0.03515,0.03227,0.0305,0.032350000000000004,0.033729999999999996,0.03778,0.04162,0.606173913043478,0.427459459459459,0.450384615384615,0.490195121951219,0.522772727272727,0.451571428571428,0.552999999999999,0.54477358490566,0.527413793103448,0.55856,0.528919999999999,0.433333333333333,0.447526315789473,0.550117647058823,0.460899999999999,0.519949999999999,0.596,0.5882,0.519444444444444,0.480435897435897,0.535727272727272,0.507888888888888,0.386749999999999,0.443499999999999,0.493574999999999,0.314972972972972,0.43947619047619,0.509282608695652,0.431291666666666,0.528471698113207,0.501714285714285,0.431924999999999,0.592342857142857,0.514749999999999,0.477102564102563,0.469574999999999,0.295222222222222,0.507166666666666,0.552411764705882,0.6454,0.58625,0.6064,0.62,0.509649999999999,0.629944444444444,0.595999999999999,0.502823529411764,0.732499999999999,"[[2, 3], [1, 4]]"
0.05165,0.04761,0.03739,0.03637,0.03337,0.03184,0.02903,0.02888,0.026719999999999997,0.027829999999999997,0.032560000000000006,0.03771,0.032380000000000006,0.032659999999999995,0.03025,0.02359,0.02184,0.02214,0.020550000000000002,0.02038,0.01966,0.02019,0.02229,0.03509,0.03911,0.035859999999999996,0.03596,0.03359,0.032850000000000004,0.032909999999999995,0.03175,0.0339,0.03157,0.03121,0.03903,0.04339,0.039700000000000006,0.038189999999999995,0.03604,0.033350000000000005,0.03515,0.03227,0.0305,0.032350000000000004,0.033729999999999996,0.03778,0.04162,0.05004,0.427459459459459,0.450384615384615,0.490195121951219,0.522772727272727,0.451571428571428,0.552999999999999,0.54477358490566,0.527413793103448,0.55856,0.528919999999999,0.433333333333333,0.447526315789473,0.550117647058823,0.460899999999999,0.519949999999999,0.596,0.5882,0.519444444444444,0.480435897435897,0.535727272727272,0.507888888888888,0.386749999999999,0.443499999999999,0.493574999999999,0.314972972972972,0.43947619047619,0.509282608695652,0.431291666666666,0.528471698113207,0.501714285714285,0.431924999999999,0.592342857142857,0.514749999999999,0.477102564102563,0.469574999999999,0.295222222222222,0.507166666666666,0.552411764705882,0.6454,0.58625,0.6064,0.62,0.509649999999999,0.629944444444444,0.595999999999999,0.502823529411764,0.732499999999999,0.551583333333333,"[[1, 4], [2, 3]]"
0.04761,0.03739,0.03637,0.03337,0.03184,0.02903,0.02888,0.026719999999999997,0.027829999999999997,0.032560000000000006,0.03771,0.032380000000000006,0.032659999999999995,0.03025,0.02359,0.02184,0.02214,0.020550000000000002,0.02038,0.01966,0.02019,0.02229,0.03509,0.03911,0.035859999999999996,0.03596,0.03359,0.032850000000000004,0.032909999999999995,0.03175,0.0339,0.03157,0.03121,0.03903,0.04339,0.039700000000000006,0.038189999999999995,0.03604,0.033350000000000005,0.03515,0.03227,0.0305,0.032350000000000004,0.033729999999999996,0.03778,0.04162,0.05004,0.06587,0.450384615384615,0.490195121951219,0.522772727272727,0.451571428571428,0.552999999999999,0.54477358490566,0.527413793103448,0.55856,0.528919999999999,0.433333333333333,0.447526315789473,0.550117647058823,0.460899999999999,0.519949999999999,0.596,0.5882,0.519444444444444,0.480435897435897,0.535727272727272,0.507888888888888,0.386749999999999,0.443499999999999,0.493574999999999,0.314972972972972,0.43947619047619,0.509282608695652,0.431291666666666,0.528471698113207,0.501714285714285,0.431924999999999,0.592342857142857,0.514749999999999,0.477102564102563,0.469574999999999,0.295222222222222,0.507166666666666,0.552411764705882,0.6454,0.58625,0.6064,0.62,0.509649999999999,0.629944444444444,0.595999999999999,0.502823529411764,0.732499999999999,0.551583333333333,0.423533333333333,"[[2, 3], [1, 4]]"
0.03739,0.03637,0.03337,0.03184,0.02903,0.02888,0.026719999999999997,0.027829999999999997,0.032560000000000006,0.03771,0.032380000000000006,0.032659999999999995,0.03025,0.02359,0.02184,0.02214,0.020550000000000002,0.02038,0.01966,0.02019,0.02229,0.03509,0.03911,0.035859999999999996,0.03596,0.03359,0.032850000000000004,0.032909999999999995,0.03175,0.0339,0.03157,0.03121,0.03903,0.04339,0.039700000000000006,0.038189999999999995,0.03604,0.033350000000000005,0.03515,0.03227,0.0305,0.032350000000000004,0.033729999999999996,0.03778,0.04162,0.05004,0.06587,0.06006,0.490195121951219,0.522772727272727,0.451571428571428,0.552999999999999,0.54477358490566,0.527413793103448,0.55856,0.528919999999999,0.433333333333333,0.447526315789473,0.550117647058823,0.460899999999999,0.519949999999999,0.596,0.5882,0.519444444444444,0.480435897435897,0.535727272727272,0.507888888888888,0.386749999999999,0.443499999999999,0.493574999999999,0.314972972972972,0.43947619047619,0.509282608695652,0.431291666666666,0.528471698113207,0.501714285714285,0.431924999999999,0.592342857142857,0.514749999999999,0.477102564102563,0.469574999999999,0.295222222222222,0.507166666666666,0.552411764705882,0.6454,0.58625,0.6064,0.62,0.509649999999999,0.629944444444444,0.595999999999999,0.502823529411764,0.732499999999999,0.551583333333333,0.423533333333333,0.4181875,"[[1, 4], [2, 3]]"
0.03637,0.03337,0.03184,0.02903,0.02888,0.026719999999999997,0.027829999999999997,0.032560000000000006,0.03771,0.032380000000000006,0.032659999999999995,0.03025,0.02359,0.02184,0.02214,0.020550000000000002,0.02038,0.01966,0.02019,0.02229,0.03509,0.03911,0.035859999999999996,0.03596,0.03359,0.032850000000000004,0.032909999999999995,0.03175,0.0339,0.03157,0.03121,0.03903,0.04339,0.039700000000000006,0.038189999999999995,0.03604,0.033350000000000005,0.03515,0.03227,0.0305,0.032350000000000004,0.033729999999999996,0.03778,0.04162,0.05004,0.06587,0.06006,0.054979999999999994,0.522772727272727,0.451571428571428,0.552999999999999,0.54477358490566,0.527413793103448,0.55856,0.528919999999999,0.433333333333333,0.447526315789473,0.550117647058823,0.460899999999999,0.519949999999999,0.596,0.5882,0.519444444444444,0.480435897435897,0.535727272727272,0.507888888888888,0.386749999999999,0.443499999999999,0.493574999999999,0.314972972972972,0.43947619047619,0.509282608695652,0.431291666666666,0.528471698113207,0.501714285714285,0.431924999999999,0.592342857142857,0.514749999999999,0.477102564102563,0.469574999999999,0.295222222222222,0.507166666666666,0.552411764705882,0.6454,0.58625,0.6064,0.62,0.509649999999999,0.629944444444444,0.595999999999999,0.502823529411764,0.732499999999999,0.551583333333333,0.423533333333333,0.4181875,0.409125,"[[1, 4], [2, 3]]"
0.03337,0.03184,0.02903,0.02888,0.026719999999999997,0.027829999999999997,0.032560000000000006,0.03771,0.032380000000000006,0.032659999999999995,0.03025,0.02359,0.02184,0.02214,0.020550000000000002,0.02038,0.01966,0.02019,0.02229,0.03509,0.03911,0.035859999999999996,0.03596,0.03359,0.032850000000000004,0.032909999999999995,0.03175,0.0339,0.03157,0.03121,0.03903,0.04339,0.039700000000000006,0.038189999999999995,0.03604,0.033350000000000005,0.03515,0.03227,0.0305,0.032350000000000004,0.033729999999999996,0.03778,0.04162,0.05004,0.06587,0.06006,0.054979999999999994,0.06704,0.451571428571428,0.552999999999999,0.54477358490566,0.527413793103448,0.55856,0.528919999999999,0.433333333333333,0.447526315789473,0.550117647058823,0.460899999999999,0.519949999999999,0.596,0.5882,0.519444444444444,0.480435897435897,0.535727272727272,0.507888888888888,0.386749999999999,0.443499999999999,0.493574999999999,0.314972972972972,0.43947619047619,0.509282608695652,0.431291666666666,0.528471698113207,0.501714285714285,0.431924999999999,0.592342857142857,0.514749999999999,0.477102564102563,0.469574999999999,0.295222222222222,0.507166666666666,0.552411764705882,0.6454,0.58625,0.6064,0.62,0.509649999999999,0.629944444444444,0.595999999999999,0.502823529411764,0.732499999999999,0.551583333333333,0.423533333333333,0.4181875,0.409125,0.408526315789473,"[[2, 3], [1, 4]]"
0.03184,0.02903,0.02888,0.026719999999999997,0.027829999999999997,0.032560000000000006,0.03771,0.032380000000000006,0.032659999999999995,0.03025,0.02359,0.02184,0.02214,0.020550000000000002,0.02038,0.01966,0.02019,0.02229,0.03509,0.03911,0.035859999999999996,0.03596,0.03359,0.032850000000000004,0.032909999999999995,0.03175,0.0339,0.03157,0.03121,0.03903,0.04339,0.039700000000000006,0.038189999999999995,0.03604,0.033350000000000005,0.03515,0.03227,0.0305,0.032350000000000004,0.033729999999999996,0.03778,0.04162,0.05004,0.06587,0.06006,0.054979999999999994,0.06704,0.05532,0.552999999999999,0.54477358490566,0.527413793103448,0.55856,0.528919999999999,0.433333333333333,0.447526315789473,0.550117647058823,0.460899999999999,0.519949999999999,0.596,0.5882,0.519444444444444,0.480435897435897,0.535727272727272,0.507888888888888,0.386749999999999,0.443499999999999,0.493574999999999,0.314972972972972,0.43947619047619,0.509282608695652,0.431291666666666,0.528471698113207,0.501714285714285,0.431924999999999,0.592342857142857,0.514749999999999,0.477102564102563,0.469574999999999,0.295222222222222,0.507166666666666,0.552411764705882,0.6454,0.58625,0.6064,0.62,0.509649999999999,0.629944444444444,0.595999999999999,0.502823529411764,0.732499999999999,0.551583333333333,0.423533333333333,0.4181875,0.409125,0.408526315789473,0.518,"[[2, 3], [1, 4]]"
0.02903,0.02888,0.026719999999999997,0.027829999999999997,0.032560000000000006,0.03771,0.032380000000000006,0.032659999999999995,0.03025,0.02359,0.02184,0.02214,0.020550000000000002,0.02038,0.01966,0.02019,0.02229,0.03509,0.03911,0.035859999999999996,0.03596,0.03359,0.032850000000000004,0.032909999999999995,0.03175,0.0339,0.03157,0.03121,0.03903,0.04339,0.039700000000000006,0.038189999999999995,0.03604,0.033350000000000005,0.03515,0.03227,0.0305,0.032350000000000004,0.033729999999999996,0.03778,0.04162,0.05004,0.06587,0.06006,0.054979999999999994,0.06704,0.05532,0.05882,0.54477358490566,0.527413793103448,0.55856,0.528919999999999,0.433333333333333,0.447526315789473,0.550117647058823,0.460899999999999,0.519949999999999,0.596,0.5882,0.519444444444444,0.480435897435897,0.535727272727272,0.507888888888888,0.386749999999999,0.443499999999999,0.493574999999999,0.314972972972972,0.43947619047619,0.509282608695652,0.431291666666666,0.528471698113207,0.501714285714285,0.431924999999999,0.592342857142857,0.514749999999999,0.477102564102563,0.469574999999999,0.295222222222222,0.507166666666666,0.552411764705882,0.6454,0.58625,0.6064,0.62,0.509649999999999,0.629944444444444,0.595999999999999,0.502823529411764,0.732499999999999,0.551583333333333,0.423533333333333,0.4181875,0.409125,0.408526315789473,0.518,0.508823529411764,"[[2, 3], [1, 4]]"
0.02888,0.026719999999999997,0.027829999999999997,0.032560000000000006,0.03771,0.032380000000000006,0.032659999999999995,0.03025,0.02359,0.02184,0.02214,0.020550000000000002,0.02038,0.01966,0.02019,0.02229,0.03509,0.03911,0.035859999999999996,0.03596,0.03359,0.032850000000000004,0.032909999999999995,0.03175,0.0339,0.03157,0.03121,0.03903,0.04339,0.039700000000000006,0.038189999999999995,0.03604,0.033350000000000005,0.03515,0.03227,0.0305,0.032350000000000004,0.033729999999999996,0.03778,0.04162,0.05004,0.06587,0.06006,0.054979999999999994,0.06704,0.05532,0.05882,0.05554,0.527413793103448,0.55856,0.528919999999999,0.433333333333333,0.447526315789473,0.550117647058823,0.460899999999999,0.519949999999999,0.596,0.5882,0.519444444444444,0.480435897435897,0.535727272727272,0.507888888888888,0.386749999999999,0.443499999999999,0.493574999999999,0.314972972972972,0.43947619047619,0.509282608695652,0.431291666666666,0.528471698113207,0.501714285714285,0.431924999999999,0.592342857142857,0.514749999999999,0.477102564102563,0.469574999999999,0.295222222222222,0.507166666666666,0.552411764705882,0.6454,0.58625,0.6064,0.62,0.509649999999999,0.629944444444444,0.595999999999999,0.502823529411764,0.732499999999999,0.551583333333333,0.423533333333333,0.4181875,0.409125,0.408526315789473,0.518,0.508823529411764,0.4863125,"[[2, 3], [1, 4]]"
0.026719999999999997,0.027829999999999997,0.032560000000000006,0.03771,0.032380000000000006,0.032659999999999995,0.03025,0.02359,0.02184,0.02214,0.020550000000000002,0.02038,0.01966,0.02019,0.02229,0.03509,0.03911,0.035859999999999996,0.03596,0.03359,0.032850000000000004,0.032909999999999995,0.03175,0.0339,0.03157,0.03121,0.03903,0.04339,0.039700000000000006,0.038189999999999995,0.03604,0.033350000000000005,0.03515,0.03227,0.0305,0.032350000000000004,0.033729999999999996,0.03778,0.04162,0.05004,0.06587,0.06006,0.054979999999999994,0.06704,0.05532,0.05882,0.05554,0.05235,0.55856,0.528919999999999,0.433333333333333,0.447526315789473,0.550117647058823,0.460899999999999,0.519949999999999,0.596,0.5882,0.519444444444444,0.480435897435897,0.535727272727272,0.507888888888888,0.386749999999999,0.443499999999999,0.493574999999999,0.314972972972972,0.43947619047619,0.509282608695652,0.431291666666666,0.528471698113207,0.501714285714285,0.431924999999999,0.592342857142857,0.514749999999999,0.477102564102563,0.469574999999999,0.295222222222222,0.507166666666666,0.552411764705882,0.6454,0.58625,0.6064,0.62,0.509649999999999,0.629944444444444,0.595999999999999,0.502823529411764,0.732499999999999,0.551583333333333,0.423533333333333,0.4181875,0.409125,0.408526315789473,0.518,0.508823529411764,0.4863125,0.612058823529411,"[[1, 4], [2, 3]]"
0.027829999999999997,0.032560000000000006,0.03771,0.032380000000000006,0.032659999999999995,0.03025,0.02359,0.02184,0.02214,0.020550000000000002,0.02038,0.01966,0.02019,0.02229,0.03509,0.03911,0.035859999999999996,0.03596,0.03359,0.032850000000000004,0.032909999999999995,0.03175,0.0339,0.03157,0.03121,0.03903,0.04339,0.039700000000000006,0.038189999999999995,0.03604,0.033350000000000005,0.03515,0.03227,0.0305,0.032350000000000004,0.033729999999999996,0.03778,0.04162,0.05004,0.06587,0.06006,0.054979999999999994,0.06704,0.05532,0.05882,0.05554,0.05235,0.04927,0.528919999999999,0.433333333333333,0.447526315789473,0.550117647058823,0.460899999999999,0.519949999999999,0.596,0.5882,0.519444444444444,0.480435897435897,0.535727272727272,0.507888888888888,0.386749999999999,0.443499999999999,0.493574999999999,0.314972972972972,0.43947619047619,0.509282608695652,0.431291666666666,0.528471698113207,0.501714285714285,0.431924999999999,0.592342857142857,0.514749999999999,0.477102564102563,0.469574999999999,0.295222222222222,0.507166666666666,0.552411764705882,0.6454,0.58625,0.6064,0.62,0.509649999999999,0.629944444444444,0.595999999999999,0.502823529411764,0.732499999999999,0.551583333333333,0.423533333333333,0.4181875,0.409125,0.408526315789473,0.518,0.508823529411764,0.4863125,0.612058823529411,0.485,"[[2, 3], [1, 4]]"
0.032560000000000006,0.03771,0.032380000000000006,0.032659999999999995,0.03025,0.02359,0.02184,0.02214,0.020550000000000002,0.02038,0.01966,0.02019,0.02229,0.03509,0.03911,0.035859999999999996,0.03596,0.03359,0.032850000000000004,0.032909999999999995,0.03175,0.0339,0.03157,0.03121,0.03903,0.04339,0.039700000000000006,0.038189999999999995,0.03604,0.033350000000000005,0.03515,0.03227,0.0305,0.032350000000000004,0.033729999999999996,0.03778,0.04162,0.05004,0.06587,0.06006,0.054979999999999994,0.06704,0.05532,0.05882,0.05554,0.05235,0.04927,0.0541,0.433333333333333,0.447526315789473,0.550117647058823,0.460899999999999,0.519949999999999,0.596,0.5882,0.519444444444444,0.480435897435897,0.535727272727272,0.507888888888888,0.386749999999999,0.443499999999999,0.493574999999999,0.314972972972972,0.43947619047619,0.509282608695652,0.431291666666666,0.528471698113207,0.501714285714285,0.431924999999999,0.592342857142857,0.514749999999999,0.477102564102563,0.469574999999999,0.295222222222222,0.507166666666666,0.552411764705882,0.6454,0.58625,0.6064,0.62,0.509649999999999,0.629944444444444,0.595999999999999,0.502823529411764,0.732499999999999,0.551583333333333,0.423533333333333,0.4181875,0.409125,0.408526315789473,0.518,0.508823529411764,0.4863125,0.612058823529411,0.485,0.44,"[[2, 3], [1, 4]]"
0.03771,0.032380000000000006,0.032659999999999995,0.03025,0.02359,0.02184,0.02214,0.020550000000000002,0.02038,0.01966,0.02019,0.02229,0.03509,0.03911,0.035859999999999996,0.03596,0.03359,0.032850000000000004,0.032909999999999995,0.03175,0.0339,0.03157,0.03121,0.03903,0.04339,0.039700000000000006,0.038189999999999995,0.03604,0.033350000000000005,0.03515,0.03227,0.0305,0.032350000000000004,0.033729999999999996,0.03778,0.04162,0.05004,0.06587,0.06006,0.054979999999999994,0.06704,0.05532,0.05882,0.05554,0.05235,0.04927,0.0541,0.0698,0.447526315789473,0.550117647058823,0.460899999999999,0.519949999999999,0.596,0.5882,0.519444444444444,0.480435897435897,0.535727272727272,0.507888888888888,0.386749999999999,0.443499999999999,0.493574999999999,0.314972972972972,0.43947619047619,0.509282608695652,0.431291666666666,0.528471698113207,0.501714285714285,0.431924999999999,0.592342857142857,0.514749999999999,0.477102564102563,0.469574999999999,0.295222222222222,0.507166666666666,0.552411764705882,0.6454,0.58625,0.6064,0.62,0.509649999999999,0.629944444444444,0.595999999999999,0.502823529411764,0.732499999999999,0.551583333333333,0.423533333333333,0.4181875,0.409125,0.408526315789473,0.518,0.508823529411764,0.4863125,0.612058823529411,0.485,0.44,0.454083333333333,"[[2, 3], [1, 4]]"
0.032380000000000006,0.032659999999999995,0.03025,0.02359,0.02184,0.02214,0.020550000000000002,0.02038,0.01966,0.02019,0.02229,0.03509,0.03911,0.035859999999999996,0.03596,0.03359,0.032850000000000004,0.032909999999999995,0.03175,0.0339,0.03157,0.03121,0.03903,0.04339,0.039700000000000006,0.038189999999999995,0.03604,0.033350000000000005,0.03515,0.03227,0.0305,0.032350000000000004,0.033729999999999996,0.03778,0.04162,0.05004,0.06587,0.06006,0.054979999999999994,0.06704,0.05532,0.05882,0.05554,0.05235,0.04927,0.0541,0.0698,0.08798,0.550117647058823,0.460899999999999,0.519949999999999,0.596,0.5882,0.519444444444444,0.480435897435897,0.535727272727272,0.507888888888888,0.386749999999999,0.443499999999999,0.493574999999999,0.314972972972972,0.43947619047619,0.509282608695652,0.431291666666666,0.528471698113207,0.501714285714285,0.431924999999999,0.592342857142857,0.514749999999999,0.477102564102563,0.469574999999999,0.295222222222222,0.507166666666666,0.552411764705882,0.6454,0.58625,0.6064,0.62,0.509649999999999,0.629944444444444,0.595999999999999,0.502823529411764,0.732499999999999,0.551583333333333,0.423533333333333,0.4181875,0.409125,0.408526315789473,0.518,0.508823529411764,0.4863125,0.612058823529411,0.485,0.44,0.454083333333333,0.25865,"[[1], [2, 3, 4]]"
0.032659999999999995,0.03025,0.02359,0.02184,0.02214,0.020550000000000002,0.02038,0.01966,0.02019,0.02229,0.03509,0.03911,0.035859999999999996,0.03596,0.03359,0.032850000000000004,0.032909999999999995,0.03175,0.0339,0.03157,0.03121,0.03903,0.04339,0.039700000000000006,0.038189999999999995,0.03604,0.033350000000000005,0.03515,0.03227,0.0305,0.032350000000000004,0.033729999999999996,0.03778,0.04162,0.05004,0.06587,0.06006,0.054979999999999994,0.06704,0.05532,0.05882,0.05554,0.05235,0.04927,0.0541,0.0698,0.08798,0.07991,0.460899999999999,0.519949999999999,0.596,0.5882,0.519444444444444,0.480435897435897,0.535727272727272,0.507888888888888,0.386749999999999,0.443499999999999,0.493574999999999,0.314972972972972,0.43947619047619,0.509282608695652,0.431291666666666,0.528471698113207,0.501714285714285,0.431924999999999,0.592342857142857,0.514749999999999,0.477102564102563,0.469574999999999,0.295222222222222,0.507166666666666,0.552411764705882,0.6454,0.58625,0.6064,0.62,0.509649999999999,0.629944444444444,0.595999999999999,0.502823529411764,0.732499999999999,0.551583333333333,0.423533333333333,0.4181875,0.409125,0.408526315789473,0.518,0.508823529411764,0.4863125,0.612058823529411,0.485,0.44,0.454083333333333,0.25865,0.266411764705882,"[[1], [2, 3, 4]]"
0.03025,0.02359,0.02184,0.02214,0.020550000000000002,0.02038,0.01966,0.02019,0.02229,0.03509,0.03911,0.035859999999999996,0.03596,0.03359,0.032850000000000004,0.032909999999999995,0.03175,0.0339,0.03157,0.03121,0.03903,0.04339,0.039700000000000006,0.038189999999999995,0.03604,0.033350000000000005,0.03515,0.03227,0.0305,0.032350000000000004,0.033729999999999996,0.03778,0.04162,0.05004,0.06587,0.06006,0.054979999999999994,0.06704,0.05532,0.05882,0.05554,0.05235,0.04927,0.0541,0.0698,0.08798,0.07991,0.07607,0.519949999999999,0.596,0.5882,0.519444444444444,0.480435897435897,0.535727272727272,0.507888888888888,0.386749999999999,0.443499999999999,0.493574999999999,0.314972972972972,0.43947619047619,0.509282608695652,0.431291666666666,0.528471698113207,0.501714285714285,0.431924999999999,0.592342857142857,0.514749999999999,0.477102564102563,0.469574999999999,0.295222222222222,0.507166666666666,0.552411764705882,0.6454,0.58625,0.6064,0.62,0.509649999999999,0.629944444444444,0.595999999999999,0.502823529411764,0.732499999999999,0.551583333333333,0.423533333333333,0.4181875,0.409125,0.408526315789473,0.518,0.508823529411764,0.4863125,0.612058823529411,0.485,0.44,0.454083333333333,0.25865,0.266411764705882,0.356681818181818,"[[1], [2, 3, 4]]"
0.02359,0.02184,0.02214,0.020550000000000002,0.02038,0.01966,0.02019,0.02229,0.03509,0.03911,0.035859999999999996,0.03596,0.03359,0.032850000000000004,0.032909999999999995,0.03175,0.0339,0.03157,0.03121,0.03903,0.04339,0.039700000000000006,0.038189999999999995,0.03604,0.033350000000000005,0.03515,0.03227,0.0305,0.032350000000000004,0.033729999999999996,0.03778,0.04162,0.05004,0.06587,0.06006,0.054979999999999994,0.06704,0.05532,0.05882,0.05554,0.05235,0.04927,0.0541,0.0698,0.08798,0.07991,0.07607,0.07598999999999999,0.596,0.5882,0.519444444444444,0.480435897435897,0.535727272727272,0.507888888888888,0.386749999999999,0.443499999999999,0.493574999999999,0.314972972972972,0.43947619047619,0.509282608695652,0.431291666666666,0.528471698113207,0.501714285714285,0.431924999999999,0.592342857142857,0.514749999999999,0.477102564102563,0.469574999999999,0.295222222222222,0.507166666666666,0.552411764705882,0.6454,0.58625,0.6064,0.62,0.509649999999999,0.629944444444444,0.595999999999999,0.502823529411764,0.732499999999999,0.551583333333333,0.423533333333333,0.4181875,0.409125,0.408526315789473,0.518,0.508823529411764,0.4863125,0.612058823529411,0.485,0.44,0.454083333333333,0.25865,0.266411764705882,0.356681818181818,0.3174375,"[[1], [2, 3, 4]]"
0.02184,0.02214,0.020550000000000002,0.02038,0.01966,0.02019,0.02229,0.03509,0.03911,0.035859999999999996,0.03596,0.03359,0.032850000000000004,0.032909999999999995,0.03175,0.0339,0.03157,0.03121,0.03903,0.04339,0.039700000000000006,0.038189999999999995,0.03604,0.033350000000000005,0.03515,0.03227,0.0305,0.032350000000000004,0.033729999999999996,0.03778,0.04162,0.05004,0.06587,0.06006,0.054979999999999994,0.06704,0.05532,0.05882,0.05554,0.05235,0.04927,0.0541,0.0698,0.08798,0.07991,0.07607,0.07598999999999999,0.062020000000000006,0.5882,0.519444444444444,0.480435897435897,0.535727272727272,0.507888888888888,0.386749999999999,0.443499999999999,0.493574999999999,0.314972972972972,0.43947619047619,0.509282608695652,0.431291666666666,0.528471698113207,0.501714285714285,0.431924999999999,0.592342857142857,0.514749999999999,0.477102564102563,0.469574999999999,0.295222222222222,0.507166666666666,0.552411764705882,0.6454,0.58625,0.6064,0.62,0.509649999999999,0.629944444444444,0.595999999999999,0.502823529411764,0.732499999999999,0.551583333333333,0.423533333333333,0.4181875,0.409125,0.408526315789473,0.518,0.508823529411764,0.4863125,0.612058823529411,0.485,0.44,0.454083333333333,0.25865,0.266411764705882,0.356681818181818,0.3174375,0.451555555555555,"[[1], [2, 3, 4]]"
0.02214,0.020550000000000002,0.02038,0.01966,0.02019,0.02229,0.03509,0.03911,0.035859999999999996,0.03596,0.03359,0.032850000000000004,0.032909999999999995,0.03175,0.0339,0.03157,0.03121,0.03903,0.04339,0.039700000000000006,0.038189999999999995,0.03604,0.033350000000000005,0.03515,0.03227,0.0305,0.032350000000000004,0.033729999999999996,0.03778,0.04162,0.05004,0.06587,0.06006,0.054979999999999994,0.06704,0.05532,0.05882,0.05554,0.05235,0.04927,0.0541,0.0698,0.08798,0.07991,0.07607,0.07598999999999999,0.062020000000000006,0.05702,0.519444444444444,0.480435897435897,0.535727272727272,0.507888888888888,0.386749999999999,0.443499999999999,0.493574999999999,0.314972972972972,0.43947619047619,0.509282608695652,0.431291666666666,0.528471698113207,0.501714285714285,0.431924999999999,0.592342857142857,0.514749999999999,0.477102564102563,0.469574999999999,0.295222222222222,0.507166666666666,0.552411764705882,0.6454,0.58625,0.6064,0.62,0.509649999999999,0.629944444444444,0.595999999999999,0.502823529411764,0.732499999999999,0.551583333333333,0.423533333333333,0.4181875,0.409125,0.408526315789473,0.518,0.508823529411764,0.4863125,0.612058823529411,0.485,0.44,0.454083333333333,0.25865,0.266411764705882,0.356681818181818,0.3174375,0.451555555555555,0.504421052631578,"[[1], [2, 3, 4]]"
0.020550000000000002,0.02038,0.01966,0.02019,0.02229,0.03509,0.03911,0.035859999999999996,0.03596,0.03359,0.032850000000000004,0.032909999999999995,0.03175,0.0339,0.03157,0.03121,0.03903,0.04339,0.039700000000000006,0.038189999999999995,0.03604,0.033350000000000005,0.03515,0.03227,0.0305,0.032350000000000004,0.033729999999999996,0.03778,0.04162,0.05004,0.06587,0.06006,0.054979999999999994,0.06704,0.05532,0.05882,0.05554,0.05235,0.04927,0.0541,0.0698,0.08798,0.07991,0.07607,0.07598999999999999,0.062020000000000006,0.05702,0.05484000000000001,0.480435897435897,0.535727272727272,0.507888888888888,0.386749999999999,0.443499999999999,0.493574999999999,0.314972972972972,0.43947619047619,0.509282608695652,0.431291666666666,0.528471698113207,0.501714285714285,0.431924999999999,0.592342857142857,0.514749999999999,0.477102564102563,0.469574999999999,0.295222222222222,0.507166666666666,0.552411764705882,0.6454,0.58625,0.6064,0.62,0.509649999999999,0.629944444444444,0.595999999999999,0.502823529411764,0.732499999999999,0.551583333333333,0.423533333333333,0.4181875,0.409125,0.408526315789473,0.518,0.508823529411764,0.4863125,0.612058823529411,0.485,0.44,0.454083333333333,0.25865,0.266411764705882,0.356681818181818,0.3174375,0.451555555555555,0.504421052631578,0.501941176470588,"[[1, 4], [2, 3]]"
0.02038,0.01966,0.02019,0.02229,0.03509,0.03911,0.035859999999999996,0.03596,0.03359,0.032850000000000004,0.032909999999999995,0.03175,0.0339,0.03157,0.03121,0.03903,0.04339,0.039700000000000006,0.038189999999999995,0.03604,0.033350000000000005,0.03515,0.03227,0.0305,0.032350000000000004,0.033729999999999996,0.03778,0.04162,0.05004,0.06587,0.06006,0.054979999999999994,0.06704,0.05532,0.05882,0.05554,0.05235,0.04927,0.0541,0.0698,0.08798,0.07991,0.07607,0.07598999999999999,0.062020000000000006,0.05702,0.05484000000000001,0.054009999999999996,0.535727272727272,0.507888888888888,0.386749999999999,0.443499999999999,0.493574999999999,0.314972972972972,0.43947619047619,0.509282608695652,0.431291666666666,0.528471698113207,0.501714285714285,0.431924999999999,0.592342857142857,0.514749999999999,0.477102564102563,0.469574999999999,0.295222222222222,0.507166666666666,0.552411764705882,0.6454,0.58625,0.6064,0.62,0.509649999999999,0.629944444444444,0.595999999999999,0.502823529411764,0.732499999999999,0.551583333333333,0.423533333333333,0.4181875,0.409125,0.408526315789473,0.518,0.508823529411764,0.4863125,0.612058823529411,0.485,0.44,0.454083333333333,0.25865,0.266411764705882,0.356681818181818,0.3174375,0.451555555555555,0.504421052631578,0.501941176470588,0.398058823529411,"[[1, 4], [2, 3]]"
0.01966,0.02019,0.02229,0.03509,0.03911,0.035859999999999996,0.03596,0.03359,0.032850000000000004,0.032909999999999995,0.03175,0.0339,0.03157,0.03121,0.03903,0.04339,0.039700000000000006,0.038189999999999995,0.03604,0.033350000000000005,0.03515,0.03227,0.0305,0.032350000000000004,0.033729999999999996,0.03778,0.04162,0.05004,0.06587,0.06006,0.054979999999999994,0.06704,0.05532,0.05882,0.05554,0.05235,0.04927,0.0541,0.0698,0.08798,0.07991,0.07607,0.07598999999999999,0.062020000000000006,0.05702,0.05484000000000001,0.054009999999999996,0.05446,0.507888888888888,0.386749999999999,0.443499999999999,0.493574999999999,0.314972972972972,0.43947619047619,0.509282608695652,0.431291666666666,0.528471698113207,0.501714285714285,0.431924999999999,0.592342857142857,0.514749999999999,0.477102564102563,0.469574999999999,0.295222222222222,0.507166666666666,0.552411764705882,0.6454,0.58625,0.6064,0.62,0.509649999999999,0.629944444444444,0.595999999999999,0.502823529411764,0.732499999999999,0.551583333333333,0.423533333333333,0.4181875,0.409125,0.408526315789473,0.518,0.508823529411764,0.4863125,0.612058823529411,0.485,0.44,0.454083333333333,0.25865,0.266411764705882,0.356681818181818,0.3174375,0.451555555555555,0.504421052631578,0.501941176470588,0.398058823529411,0.4936,"[[1, 4], [2, 3]]"
0.02019,0.02229,0.03509,0.03911,0.035859999999999996,0.03596,0.03359,0.032850000000000004,0.032909999999999995,0.03175,0.0339,0.03157,0.03121,0.03903,0.04339,0.039700000000000006,0.038189999999999995,0.03604,0.033350000000000005,0.03515,0.03227,0.0305,0.032350000000000004,0.033729999999999996,0.03778,0.04162,0.05004,0.06587,0.06006,0.054979999999999994,0.06704,0.05532,0.05882,0.05554,0.05235,0.04927,0.0541,0.0698,0.08798,0.07991,0.07607,0.07598999999999999,0.062020000000000006,0.05702,0.05484000000000001,0.054009999999999996,0.05446,0.05255,0.386749999999999,0.443499999999999,0.493574999999999,0.314972972972972,0.43947619047619,0.509282608695652,0.431291666666666,0.528471698113207,0.501714285714285,0.431924999999999,0.592342857142857,0.514749999999999,0.477102564102563,0.469574999999999,0.295222222222222,0.507166666666666,0.552411764705882,0.6454,0.58625,0.6064,0.62,0.509649999999999,0.629944444444444,0.595999999999999,0.502823529411764,0.732499999999999,0.551583333333333,0.423533333333333,0.4181875,0.409125,0.408526315789473,0.518,0.508823529411764,0.4863125,0.612058823529411,0.485,0.44,0.454083333333333,0.25865,0.266411764705882,0.356681818181818,0.3174375,0.451555555555555,0.504421052631578,0.501941176470588,0.398058823529411,0.4936,0.441392857142857,"[[2, 3], [1, 4]]"
0.02229,0.03509,0.03911,0.035859999999999996,0.03596,0.03359,0.032850000000000004,0.032909999999999995,0.03175,0.0339,0.03157,0.03121,0.03903,0.04339,0.039700000000000006,0.038189999999999995,0.03604,0.033350000000000005,0.03515,0.03227,0.0305,0.032350000000000004,0.033729999999999996,0.03778,0.04162,0.05004,0.06587,0.06006,0.054979999999999994,0.06704,0.05532,0.05882,0.05554,0.05235,0.04927,0.0541,0.0698,0.08798,0.07991,0.07607,0.07598999999999999,0.062020000000000006,0.05702,0.05484000000000001,0.054009999999999996,0.05446,0.05255,0.05361,0.443499999999999,0.493574999999999,0.314972972972972,0.43947619047619,0.509282608695652,0.431291666666666,0.528471698113207,0.501714285714285,0.431924999999999,0.592342857142857,0.514749999999999,0.477102564102563,0.469574999999999,0.295222222222222,0.507166666666666,0.552411764705882,0.6454,0.58625,0.6064,0.62,0.509649999999999,0.629944444444444,0.595999999999999,0.502823529411764,0.732499999999999,0.551583333333333,0.423533333333333,0.4181875,0.409125,0.408526315789473,0.518,0.508823529411764,0.4863125,0.612058823529411,0.485,0.44,0.454083333333333,0.25865,0.266411764705882,0.356681818181818,0.3174375,0.451555555555555,0.504421052631578,0.501941176470588,0.398058823529411,0.4936,0.441392857142857,0.506281249999999,"[[2, 3], [1, 4]]"
0.03509,0.03911,0.035859999999999996,0.03596,0.03359,0.032850000000000004,0.032909999999999995,0.03175,0.0339,0.03157,0.03121,0.03903,0.04339,0.039700000000000006,0.038189999999999995,0.03604,0.033350000000000005,0.03515,0.03227,0.0305,0.032350000000000004,0.033729999999999996,0.03778,0.04162,0.05004,0.06587,0.06006,0.054979999999999994,0.06704,0.05532,0.05882,0.05554,0.05235,0.04927,0.0541,0.0698,0.08798,0.07991,0.07607,0.07598999999999999,0.062020000000000006,0.05702,0.05484000000000001,0.054009999999999996,0.05446,0.05255,0.05361,0.05483,0.493574999999999,0.314972972972972,0.43947619047619,0.509282608695652,0.431291666666666,0.528471698113207,0.501714285714285,0.431924999999999,0.592342857142857,0.514749999999999,0.477102564102563,0.469574999999999,0.295222222222222,0.507166666666666,0.552411764705882,0.6454,0.58625,0.6064,0.62,0.509649999999999,0.629944444444444,0.595999999999999,0.502823529411764,0.732499999999999,0.551583333333333,0.423533333333333,0.4181875,0.409125,0.408526315789473,0.518,0.508823529411764,0.4863125,0.612058823529411,0.485,0.44,0.454083333333333,0.25865,0.266411764705882,0.356681818181818,0.3174375,0.451555555555555,0.504421052631578,0.501941176470588,0.398058823529411,0.4936,0.441392857142857,0.506281249999999,0.511027027027027,"[[1, 4], [2, 3]]"
0.03911,0.035859999999999996,0.03596,0.03359,0.032850000000000004,0.032909999999999995,0.03175,0.0339,0.03157,0.03121,0.03903,0.04339,0.039700000000000006,0.038189999999999995,0.03604,0.033350000000000005,0.03515,0.03227,0.0305,0.032350000000000004,0.033729999999999996,0.03778,0.04162,0.05004,0.06587,0.06006,0.054979999999999994,0.06704,0.05532,0.05882,0.05554,0.05235,0.04927,0.0541,0.0698,0.08798,0.07991,0.07607,0.07598999999999999,0.062020000000000006,0.05702,0.05484000000000001,0.054009999999999996,0.05446,0.05255,0.05361,0.05483,0.0721,0.314972972972972,0.43947619047619,0.509282608695652,0.431291666666666,0.528471698113207,0.501714285714285,0.431924999999999,0.592342857142857,0.514749999999999,0.477102564102563,0.469574999999999,0.295222222222222,0.507166666666666,0.552411764705882,0.6454,0.58625,0.6064,0.62,0.509649999999999,0.629944444444444,0.595999999999999,0.502823529411764,0.732499999999999,0.551583333333333,0.423533333333333,0.4181875,0.409125,0.408526315789473,0.518,0.508823529411764,0.4863125,0.612058823529411,0.485,0.44,0.454083333333333,0.25865,0.266411764705882,0.356681818181818,0.3174375,0.451555555555555,0.504421052631578,0.501941176470588,0.398058823529411,0.4936,0.441392857142857,0.506281249999999,0.511027027027027,0.375,"[[1, 4], [2, 3]]"
0.035859999999999996,0.03596,0.03359,0.032850000000000004,0.032909999999999995,0.03175,0.0339,0.03157,0.03121,0.03903,0.04339,0.039700000000000006,0.038189999999999995,0.03604,0.033350000000000005,0.03515,0.03227,0.0305,0.032350000000000004,0.033729999999999996,0.03778,0.04162,0.05004,0.06587,0.06006,0.054979999999999994,0.06704,0.05532,0.05882,0.05554,0.05235,0.04927,0.0541,0.0698,0.08798,0.07991,0.07607,0.07598999999999999,0.062020000000000006,0.05702,0.05484000000000001,0.054009999999999996,0.05446,0.05255,0.05361,0.05483,0.0721,0.09974,0.43947619047619,0.509282608695652,0.431291666666666,0.528471698113207,0.501714285714285,0.431924999999999,0.592342857142857,0.514749999999999,0.477102564102563,0.469574999999999,0.295222222222222,0.507166666666666,0.552411764705882,0.6454,0.58625,0.6064,0.62,0.509649999999999,0.629944444444444,0.595999999999999,0.502823529411764,0.732499999999999,0.551583333333333,0.423533333333333,0.4181875,0.409125,0.408526315789473,0.518,0.508823529411764,0.4863125,0.612058823529411,0.485,0.44,0.454083333333333,0.25865,0.266411764705882,0.356681818181818,0.3174375,0.451555555555555,0.504421052631578,0.501941176470588,0.398058823529411,0.4936,0.441392857142857,0.506281249999999,0.511027027027027,0.375,0.466342105263157,"[[2, 3], [1, 4]]"
0.03596,0.03359,0.032850000000000004,0.032909999999999995,0.03175,0.0339,0.03157,0.03121,0.03903,0.04339,0.039700000000000006,0.038189999999999995,0.03604,0.033350000000000005,0.03515,0.03227,0.0305,0.032350000000000004,0.033729999999999996,0.03778,0.04162,0.05004,0.06587,0.06006,0.054979999999999994,0.06704,0.05532,0.05882,0.05554,0.05235,0.04927,0.0541,0.0698,0.08798,0.07991,0.07607,0.07598999999999999,0.062020000000000006,0.05702,0.05484000000000001,0.054009999999999996,0.05446,0.05255,0.05361,0.05483,0.0721,0.09974,0.08209999999999999,0.509282608695652,0.431291666666666,0.528471698113207,0.501714285714285,0.431924999999999,0.592342857142857,0.514749999999999,0.477102564102563,0.469574999999999,0.295222222222222,0.507166666666666,0.552411764705882,0.6454,0.58625,0.6064,0.62,0.509649999999999,0.629944444444444,0.595999999999999,0.502823529411764,0.732499999999999,0.551583333333333,0.423533333333333,0.4181875,0.409125,0.408526315789473,0.518,0.508823529411764,0.4863125,0.612058823529411,0.485,0.44,0.454083333333333,0.25865,0.266411764705882,0.356681818181818,0.3174375,0.451555555555555,0.504421052631578,0.501941176470588,0.398058823529411,0.4936,0.441392857142857,0.506281249999999,0.511027027027027,0.375,0.466342105263157,0.364516129032258,"[[1, 4], [2, 3]]"
0.03359,0.032850000000000004,0.032909999999999995,0.03175,0.0339,0.03157,0.03121,0.03903,0.04339,0.039700000000000006,0.038189999999999995,0.03604,0.033350000000000005,0.03515,0.03227,0.0305,0.032350000000000004,0.033729999999999996,0.03778,0.04162,0.05004,0.06587,0.06006,0.054979999999999994,0.06704,0.05532,0.05882,0.05554,0.05235,0.04927,0.0541,0.0698,0.08798,0.07991,0.07607,0.07598999999999999,0.062020000000000006,0.05702,0.05484000000000001,0.054009999999999996,0.05446,0.05255,0.05361,0.05483,0.0721,0.09974,0.08209999999999999,0.06847,0.431291666666666,0.528471698113207,0.501714285714285,0.431924999999999,0.592342857142857,0.514749999999999,0.477102564102563,0.469574999999999,0.295222222222222,0.507166666666666,0.552411764705882,0.6454,0.58625,0.6064,0.62,0.509649999999999,0.629944444444444,0.595999999999999,0.502823529411764,0.732499999999999,0.551583333333333,0.423533333333333,0.4181875,0.409125,0.408526315789473,0.518,0.508823529411764,0.4863125,0.612058823529411,0.485,0.44,0.454083333333333,0.25865,0.266411764705882,0.356681818181818,0.3174375,0.451555555555555,0.504421052631578,0.501941176470588,0.398058823529411,0.4936,0.441392857142857,0.506281249999999,0.511027027027027,0.375,0.466342105263157,0.364516129032258,0.496787878787878,"[[2, 3], [1, 4]]"
0.032850000000000004,0.032909999999999995,0.03175,0.0339,0.03157,0.03121,0.03903,0.04339,0.039700000000000006,0.038189999999999995,0.03604,0.033350000000000005,0.03515,0.03227,0.0305,0.032350000000000004,0.033729999999999996,0.03778,0.04162,0.05004,0.06587,0.06006,0.054979999999999994,0.06704,0.05532,0.05882,0.05554,0.05235,0.04927,0.0541,0.0698,0.08798,0.07991,0.07607,0.07598999999999999,0.062020000000000006,0.05702,0.05484000000000001,0.054009999999999996,0.05446,0.05255,0.05361,0.05483,0.0721,0.09974,0.08209999999999999,0.06847,0.05982,0.528471698113207,0.501714285714285,0.431924999999999,0.592342857142857,0.514749999999999,0.477102564102563,0.469574999999999,0.295222222222222,0.507166666666666,0.552411764705882,0.6454,0.58625,0.6064,0.62,0.509649999999999,0.629944444444444,0.595999999999999,0.502823529411764,0.732499999999999,0.551583333333333,0.423533333333333,0.4181875,0.409125,0.408526315789473,0.518,0.508823529411764,0.4863125,0.612058823529411,0.485,0.44,0.454083333333333,0.25865,0.266411764705882,0.356681818181818,0.3174375,0.451555555555555,0.504421052631578,0.501941176470588,0.398058823529411,0.4936,0.441392857142857,0.506281249999999,0.511027027027027,0.375,0.466342105263157,0.364516129032258,0.496787878787878,0.503374999999999,"[[1, 4], [2, 3]]"
0.032909999999999995,0.03175,0.0339,0.03157,0.03121,0.03903,0.04339,0.039700000000000006,0.038189999999999995,0.03604,0.033350000000000005,0.03515,0.03227,0.0305,0.032350000000000004,0.033729999999999996,0.03778,0.04162,0.05004,0.06587,0.06006,0.054979999999999994,0.06704,0.05532,0.05882,0.05554,0.05235,0.04927,0.0541,0.0698,0.08798,0.07991,0.07607,0.07598999999999999,0.062020000000000006,0.05702,0.05484000000000001,0.054009999999999996,0.05446,0.05255,0.05361,0.05483,0.0721,0.09974,0.08209999999999999,0.06847,0.05982,0.055,0.501714285714285,0.431924999999999,0.592342857142857,0.514749999999999,0.477102564102563,0.469574999999999,0.295222222222222,0.507166666666666,0.552411764705882,0.6454,0.58625,0.6064,0.62,0.509649999999999,0.629944444444444,0.595999999999999,0.502823529411764,0.732499999999999,0.551583333333333,0.423533333333333,0.4181875,0.409125,0.408526315789473,0.518,0.508823529411764,0.4863125,0.612058823529411,0.485,0.44,0.454083333333333,0.25865,0.266411764705882,0.356681818181818,0.3174375,0.451555555555555,0.504421052631578,0.501941176470588,0.398058823529411,0.4936,0.441392857142857,0.506281249999999,0.511027027027027,0.375,0.466342105263157,0.364516129032258,0.496787878787878,0.503374999999999,0.470170731707317,"[[1, 4], [2, 3]]"
0.03175,0.0339,0.03157,0.03121,0.03903,0.04339,0.039700000000000006,0.038189999999999995,0.03604,0.033350000000000005,0.03515,0.03227,0.0305,0.032350000000000004,0.033729999999999996,0.03778,0.04162,0.05004,0.06587,0.06006,0.054979999999999994,0.06704,0.05532,0.05882,0.05554,0.05235,0.04927,0.0541,0.0698,0.08798,0.07991,0.07607,0.07598999999999999,0.062020000000000006,0.05702,0.05484000000000001,0.054009999999999996,0.05446,0.05255,0.05361,0.05483,0.0721,0.09974,0.08209999999999999,0.06847,0.05982,0.055,0.048850000000000005,0.431924999999999,0.592342857142857,0.514749999999999,0.477102564102563,0.469574999999999,0.295222222222222,0.507166666666666,0.552411764705882,0.6454,0.58625,0.6064,0.62,0.509649999999999,0.629944444444444,0.595999999999999,0.502823529411764,0.732499999999999,0.551583333333333,0.423533333333333,0.4181875,0.409125,0.408526315789473,0.518,0.508823529411764,0.4863125,0.612058823529411,0.485,0.44,0.454083333333333,0.25865,0.266411764705882,0.356681818181818,0.3174375,0.451555555555555,0.504421052631578,0.501941176470588,0.398058823529411,0.4936,0.441392857142857,0.506281249999999,0.511027027027027,0.375,0.466342105263157,0.364516129032258,0.496787878787878,0.503374999999999,0.470170731707317,0.401,"[[2, 3], [1, 4]]"
0.0339,0.03157,0.03121,0.03903,0.04339,0.039700000000000006,0.038189999999999995,0.03604,0.033350000000000005,0.03515,0.03227,0.0305,0.032350000000000004,0.033729999999999996,0.03778,0.04162,0.05004,0.06587,0.06006,0.054979999999999994,0.06704,0.05532,0.05882,0.05554,0.05235,0.04927,0.0541,0.0698,0.08798,0.07991,0.07607,0.07598999999999999,0.062020000000000006,0.05702,0.05484000000000001,0.054009999999999996,0.05446,0.05255,0.05361,0.05483,0.0721,0.09974,0.08209999999999999,0.06847,0.05982,0.055,0.048850000000000005,0.04556,0.592342857142857,0.514749999999999,0.477102564102563,0.469574999999999,0.295222222222222,0.507166666666666,0.552411764705882,0.6454,0.58625,0.6064,0.62,0.509649999999999,0.629944444444444,0.595999999999999,0.502823529411764,0.732499999999999,0.551583333333333,0.423533333333333,0.4181875,0.409125,0.408526315789473,0.518,0.508823529411764,0.4863125,0.612058823529411,0.485,0.44,0.454083333333333,0.25865,0.266411764705882,0.356681818181818,0.3174375,0.451555555555555,0.504421052631578,0.501941176470588,0.398058823529411,0.4936,0.441392857142857,0.506281249999999,0.511027027027027,0.375,0.466342105263157,0.364516129032258,0.496787878787878,0.503374999999999,0.470170731707317,0.401,0.490322580645161,"[[2, 3], [1, 4]]"
0.03157,0.03121,0.03903,0.04339,0.039700000000000006,0.038189999999999995,0.03604,0.033350000000000005,0.03515,0.03227,0.0305,0.032350000000000004,0.033729999999999996,0.03778,0.04162,0.05004,0.06587,0.06006,0.054979999999999994,0.06704,0.05532,0.05882,0.05554,0.05235,0.04927,0.0541,0.0698,0.08798,0.07991,0.07607,0.07598999999999999,0.062020000000000006,0.05702,0.05484000000000001,0.054009999999999996,0.05446,0.05255,0.05361,0.05483,0.0721,0.09974,0.08209999999999999,0.06847,0.05982,0.055,0.048850000000000005,0.04556,0.04106,0.514749999999999,0.477102564102563,0.469574999999999,0.295222222222222,0.507166666666666,0.552411764705882,0.6454,0.58625,0.6064,0.62,0.509649999999999,0.629944444444444,0.595999999999999,0.502823529411764,0.732499999999999,0.551583333333333,0.423533333333333,0.4181875,0.409125,0.408526315789473,0.518,0.508823529411764,0.4863125,0.612058823529411,0.485,0.44,0.454083333333333,0.25865,0.266411764705882,0.356681818181818,0.3174375,0.451555555555555,0.504421052631578,0.501941176470588,0.398058823529411,0.4936,0.441392857142857,0.506281249999999,0.511027027027027,0.375,0.466342105263157,0.364516129032258,0.496787878787878,0.503374999999999,0.470170731707317,0.401,0.490322580645161,0.5401,"[[1, 4], [2, 3]]"
0.03121,0.03903,0.04339,0.039700000000000006,0.038189999999999995,0.03604,0.033350000000000005,0.03515,0.03227,0.0305,0.032350000000000004,0.033729999999999996,0.03778,0.04162,0.05004,0.06587,0.06006,0.054979999999999994,0.06704,0.05532,0.05882,0.05554,0.05235,0.04927,0.0541,0.0698,0.08798,0.07991,0.07607,0.07598999999999999,0.062020000000000006,0.05702,0.05484000000000001,0.054009999999999996,0.05446,0.05255,0.05361,0.05483,0.0721,0.09974,0.08209999999999999,0.06847,0.05982,0.055,0.048850000000000005,0.04556,0.04106,0.03847,0.477102564102563,0.469574999999999,0.295222222222222,0.507166666666666,0.552411764705882,0.6454,0.58625,0.6064,0.62,0.509649999999999,0.629944444444444,0.595999999999999,0.502823529411764,0.732499999999999,0.551583333333333,0.423533333333333,0.4181875,0.409125,0.408526315789473,0.518,0.508823529411764,0.4863125,0.612058823529411,0.485,0.44,0.454083333333333,0.25865,0.266411764705882,0.356681818181818,0.3174375,0.451555555555555,0.504421052631578,0.501941176470588,0.398058823529411,0.4936,0.441392857142857,0.506281249999999,0.511027027027027,0.375,0.466342105263157,0.364516129032258,0.496787878787878,0.503374999999999,0.470170731707317,0.401,0.490322580645161,0.5401,0.419699999999999,"[[2, 3], [1, 4]]"
0.03903,0.04339,0.039700000000000006,0.038189999999999995,0.03604,0.033350000000000005,0.03515,0.03227,0.0305,0.032350000000000004,0.033729999999999996,0.03778,0.04162,0.05004,0.06587,0.06006,0.054979999999999994,0.06704,0.05532,0.05882,0.05554,0.05235,0.04927,0.0541,0.0698,0.08798,0.07991,0.07607,0.07598999999999999,0.062020000000000006,0.05702,0.05484000000000001,0.054009999999999996,0.05446,0.05255,0.05361,0.05483,0.0721,0.09974,0.08209999999999999,0.06847,0.05982,0.055,0.048850000000000005,0.04556,0.04106,0.03847,0.04169,0.469574999999999,0.295222222222222,0.507166666666666,0.552411764705882,0.6454,0.58625,0.6064,0.62,0.509649999999999,0.629944444444444,0.595999999999999,0.502823529411764,0.732499999999999,0.551583333333333,0.423533333333333,0.4181875,0.409125,0.408526315789473,0.518,0.508823529411764,0.4863125,0.612058823529411,0.485,0.44,0.454083333333333,0.25865,0.266411764705882,0.356681818181818,0.3174375,0.451555555555555,0.504421052631578,0.501941176470588,0.398058823529411,0.4936,0.441392857142857,0.506281249999999,0.511027027027027,0.375,0.466342105263157,0.364516129032258,0.496787878787878,0.503374999999999,0.470170731707317,0.401,0.490322580645161,0.5401,0.419699999999999,0.520437499999999,"[[2, 3], [1, 4]]"
0.04339,0.039700000000000006,0.038189999999999995,0.03604,0.033350000000000005,0.03515,0.03227,0.0305,0.032350000000000004,0.033729999999999996,0.03778,0.04162,0.05004,0.06587,0.06006,0.054979999999999994,0.06704,0.05532,0.05882,0.05554,0.05235,0.04927,0.0541,0.0698,0.08798,0.07991,0.07607,0.07598999999999999,0.062020000000000006,0.05702,0.05484000000000001,0.054009999999999996,0.05446,0.05255,0.05361,0.05483,0.0721,0.09974,0.08209999999999999,0.06847,0.05982,0.055,0.048850000000000005,0.04556,0.04106,0.03847,0.04169,0.04259,0.295222222222222,0.507166666666666,0.552411764705882,0.6454,0.58625,0.6064,0.62,0.509649999999999,0.629944444444444,0.595999999999999,0.502823529411764,0.732499999999999,0.551583333333333,0.423533333333333,0.4181875,0.409125,0.408526315789473,0.518,0.508823529411764,0.4863125,0.612058823529411,0.485,0.44,0.454083333333333,0.25865,0.266411764705882,0.356681818181818,0.3174375,0.451555555555555,0.504421052631578,0.501941176470588,0.398058823529411,0.4936,0.441392857142857,0.506281249999999,0.511027027027027,0.375,0.466342105263157,0.364516129032258,0.496787878787878,0.503374999999999,0.470170731707317,0.401,0.490322580645161,0.5401,0.419699999999999,0.520437499999999,0.462862068965517,"[[2, 3], [1, 4]]"
0.039700000000000006,0.038189999999999995,0.03604,0.033350000000000005,0.03515,0.03227,0.0305,0.032350000000000004,0.033729999999999996,0.03778,0.04162,0.05004,0.06587,0.06006,0.054979999999999994,0.06704,0.05532,0.05882,0.05554,0.05235,0.04927,0.0541,0.0698,0.08798,0.07991,0.07607,0.07598999999999999,0.062020000000000006,0.05702,0.05484000000000001,0.054009999999999996,0.05446,0.05255,0.05361,0.05483,0.0721,0.09974,0.08209999999999999,0.06847,0.05982,0.055,0.048850000000000005,0.04556,0.04106,0.03847,0.04169,0.04259,0.053259999999999995,0.507166666666666,0.552411764705882,0.6454,0.58625,0.6064,0.62,0.509649999999999,0.629944444444444,0.595999999999999,0.502823529411764,0.732499999999999,0.551583333333333,0.423533333333333,0.4181875,0.409125,0.408526315789473,0.518,0.508823529411764,0.4863125,0.612058823529411,0.485,0.44,0.454083333333333,0.25865,0.266411764705882,0.356681818181818,0.3174375,0.451555555555555,0.504421052631578,0.501941176470588,0.398058823529411,0.4936,0.441392857142857,0.506281249999999,0.511027027027027,0.375,0.466342105263157,0.364516129032258,0.496787878787878,0.503374999999999,0.470170731707317,0.401,0.490322580645161,0.5401,0.419699999999999,0.520437499999999,0.462862068965517,0.41855172413793,"[[1, 4], [2, 3]]"
0.038189999999999995,0.03604,0.033350000000000005,0.03515,0.03227,0.0305,0.032350000000000004,0.033729999999999996,0.03778,0.04162,0.05004,0.06587,0.06006,0.054979999999999994,0.06704,0.05532,0.05882,0.05554,0.05235,0.04927,0.0541,0.0698,0.08798,0.07991,0.07607,0.07598999999999999,0.062020000000000006,0.05702,0.05484000000000001,0.054009999999999996,0.05446,0.05255,0.05361,0.05483,0.0721,0.09974,0.08209999999999999,0.06847,0.05982,0.055,0.048850000000000005,0.04556,0.04106,0.03847,0.04169,0.04259,0.053259999999999995,0.04354,0.552411764705882,0.6454,0.58625,0.6064,0.62,0.509649999999999,0.629944444444444,0.595999999999999,0.502823529411764,0.732499999999999,0.551583333333333,0.423533333333333,0.4181875,0.409125,0.408526315789473,0.518,0.508823529411764,0.4863125,0.612058823529411,0.485,0.44,0.454083333333333,0.25865,0.266411764705882,0.356681818181818,0.3174375,0.451555555555555,0.504421052631578,0.501941176470588,0.398058823529411,0.4936,0.441392857142857,0.506281249999999,0.511027027027027,0.375,0.466342105263157,0.364516129032258,0.496787878787878,0.503374999999999,0.470170731707317,0.401,0.490322580645161,0.5401,0.419699999999999,0.520437499999999,0.462862068965517,0.41855172413793,0.474511627906976,"[[1, 4], [2, 3]]"
0.03604,0.033350000000000005,0.03515,0.03227,0.0305,0.032350000000000004,0.033729999999999996,0.03778,0.04162,0.05004,0.06587,0.06006,0.054979999999999994,0.06704,0.05532,0.05882,0.05554,0.05235,0.04927,0.0541,0.0698,0.08798,0.07991,0.07607,0.07598999999999999,0.062020000000000006,0.05702,0.05484000000000001,0.054009999999999996,0.05446,0.05255,0.05361,0.05483,0.0721,0.09974,0.08209999999999999,0.06847,0.05982,0.055,0.048850000000000005,0.04556,0.04106,0.03847,0.04169,0.04259,0.053259999999999995,0.04354,0.03725,0.6454,0.58625,0.6064,0.62,0.509649999999999,0.629944444444444,0.595999999999999,0.502823529411764,0.732499999999999,0.551583333333333,0.423533333333333,0.4181875,0.409125,0.408526315789473,0.518,0.508823529411764,0.4863125,0.612058823529411,0.485,0.44,0.454083333333333,0.25865,0.266411764705882,0.356681818181818,0.3174375,0.451555555555555,0.504421052631578,0.501941176470588,0.398058823529411,0.4936,0.441392857142857,0.506281249999999,0.511027027027027,0.375,0.466342105263157,0.364516129032258,0.496787878787878,0.503374999999999,0.470170731707317,0.401,0.490322580645161,0.5401,0.419699999999999,0.520437499999999,0.462862068965517,0.41855172413793,0.474511627906976,0.498499999999999,"[[1, 4], [2, 3]]"
0.033350000000000005,0.03515,0.03227,0.0305,0.032350000000000004,0.033729999999999996,0.03778,0.04162,0.05004,0.06587,0.06006,0.054979999999999994,0.06704,0.05532,0.05882,0.05554,0.05235,0.04927,0.0541,0.0698,0.08798,0.07991,0.07607,0.07598999999999999,0.062020000000000006,0.05702,0.05484000000000001,0.054009999999999996,0.05446,0.05255,0.05361,0.05483,0.0721,0.09974,0.08209999999999999,0.06847,0.05982,0.055,0.048850000000000005,0.04556,0.04106,0.03847,0.04169,0.04259,0.053259999999999995,0.04354,0.03725,0.036719999999999996,0.58625,0.6064,0.62,0.509649999999999,0.629944444444444,0.595999999999999,0.502823529411764,0.732499999999999,0.551583333333333,0.423533333333333,0.4181875,0.409125,0.408526315789473,0.518,0.508823529411764,0.4863125,0.612058823529411,0.485,0.44,0.454083333333333,0.25865,0.266411764705882,0.356681818181818,0.3174375,0.451555555555555,0.504421052631578,0.501941176470588,0.398058823529411,0.4936,0.441392857142857,0.506281249999999,0.511027027027027,0.375,0.466342105263157,0.364516129032258,0.496787878787878,0.503374999999999,0.470170731707317,0.401,0.490322580645161,0.5401,0.419699999999999,0.520437499999999,0.462862068965517,0.41855172413793,0.474511627906976,0.498499999999999,0.671947368421052,"[[1, 4], [2, 3]]"
0.03515,0.03227,0.0305,0.032350000000000004,0.033729999999999996,0.03778,0.04162,0.05004,0.06587,0.06006,0.054979999999999994,0.06704,0.05532,0.05882,0.05554,0.05235,0.04927,0.0541,0.0698,0.08798,0.07991,0.07607,0.07598999999999999,0.062020000000000006,0.05702,0.05484000000000001,0.054009999999999996,0.05446,0.05255,0.05361,0.05483,0.0721,0.09974,0.08209999999999999,0.06847,0.05982,0.055,0.048850000000000005,0.04556,0.04106,0.03847,0.04169,0.04259,0.053259999999999995,0.04354,0.03725,0.036719999999999996,0.02954,0.6064,0.62,0.509649999999999,0.629944444444444,0.595999999999999,0.502823529411764,0.732499999999999,0.551583333333333,0.423533333333333,0.4181875,0.409125,0.408526315789473,0.518,0.508823529411764,0.4863125,0.612058823529411,0.485,0.44,0.454083333333333,0.25865,0.266411764705882,0.356681818181818,0.3174375,0.451555555555555,0.504421052631578,0.501941176470588,0.398058823529411,0.4936,0.441392857142857,0.506281249999999,0.511027027027027,0.375,0.466342105263157,0.364516129032258,0.496787878787878,0.503374999999999,0.470170731707317,0.401,0.490322580645161,0.5401,0.419699999999999,0.520437499999999,0.462862068965517,0.41855172413793,0.474511627906976,0.498499999999999,0.671947368421052,0.497448275862068,"[[1, 4], [2, 3]]"
0.03227,0.0305,0.032350000000000004,0.033729999999999996,0.03778,0.04162,0.05004,0.06587,0.06006,0.054979999999999994,0.06704,0.05532,0.05882,0.05554,0.05235,0.04927,0.0541,0.0698,0.08798,0.07991,0.07607,0.07598999999999999,0.062020000000000006,0.05702,0.05484000000000001,0.054009999999999996,0.05446,0.05255,0.05361,0.05483,0.0721,0.09974,0.08209999999999999,0.06847,0.05982,0.055,0.048850000000000005,0.04556,0.04106,0.03847,0.04169,0.04259,0.053259999999999995,0.04354,0.03725,0.036719999999999996,0.02954,0.0287,0.62,0.509649999999999,0.629944444444444,0.595999999999999,0.502823529411764,0.732499999999999,0.551583333333333,0.423533333333333,0.4181875,0.409125,0.408526315789473,0.518,0.508823529411764,0.4863125,0.612058823529411,0.485,0.44,0.454083333333333,0.25865,0.266411764705882,0.356681818181818,0.3174375,0.451555555555555,0.504421052631578,0.501941176470588,0.398058823529411,0.4936,0.441392857142857,0.506281249999999,0.511027027027027,0.375,0.466342105263157,0.364516129032258,0.496787878787878,0.503374999999999,0.470170731707317,0.401,0.490322580645161,0.5401,0.419699999999999,0.520437499999999,0.462862068965517,0.41855172413793,0.474511627906976,0.498499999999999,0.671947368421052,0.497448275862068,0.4426,"[[1, 4], [2, 3]]"
0.0305,0.032350000000000004,0.033729999999999996,0.03778,0.04162,0.05004,0.06587,0.06006,0.054979999999999994,0.06704,0.05532,0.05882,0.05554,0.05235,0.04927,0.0541,0.0698,0.08798,0.07991,0.07607,0.07598999999999999,0.062020000000000006,0.05702,0.05484000000000001,0.054009999999999996,0.05446,0.05255,0.05361,0.05483,0.0721,0.09974,0.08209999999999999,0.06847,0.05982,0.055,0.048850000000000005,0.04556,0.04106,0.03847,0.04169,0.04259,0.053259999999999995,0.04354,0.03725,0.036719999999999996,0.02954,0.0287,0.02971,0.509649999999999,0.629944444444444,0.595999999999999,0.502823529411764,0.732499999999999,0.551583333333333,0.423533333333333,0.4181875,0.409125,0.408526315789473,0.518,0.508823529411764,0.4863125,0.612058823529411,0.485,0.44,0.454083333333333,0.25865,0.266411764705882,0.356681818181818,0.3174375,0.451555555555555,0.504421052631578,0.501941176470588,0.398058823529411,0.4936,0.441392857142857,0.506281249999999,0.511027027027027,0.375,0.466342105263157,0.364516129032258,0.496787878787878,0.503374999999999,0.470170731707317,0.401,0.490322580645161,0.5401,0.419699999999999,0.520437499999999,0.462862068965517,0.41855172413793,0.474511627906976,0.498499999999999,0.671947368421052,0.497448275862068,0.4426,0.545529411764705,"[[1, 4], [2, 3]]"
0.032350000000000004,0.033729999999999996,0.03778,0.04162,0.05004,0.06587,0.06006,0.054979999999999994,0.06704,0.05532,0.05882,0.05554,0.05235,0.04927,0.0541,0.0698,0.08798,0.07991,0.07607,0.07598999999999999,0.062020000000000006,0.05702,0.05484000000000001,0.054009999999999996,0.05446,0.05255,0.05361,0.05483,0.0721,0.09974,0.08209999999999999,0.06847,0.05982,0.055,0.048850000000000005,0.04556,0.04106,0.03847,0.04169,0.04259,0.053259999999999995,0.04354,0.03725,0.036719999999999996,0.02954,0.0287,0.02971,0.03385,0.629944444444444,0.595999999999999,0.502823529411764,0.732499999999999,0.551583333333333,0.423533333333333,0.4181875,0.409125,0.408526315789473,0.518,0.508823529411764,0.4863125,0.612058823529411,0.485,0.44,0.454083333333333,0.25865,0.266411764705882,0.356681818181818,0.3174375,0.451555555555555,0.504421052631578,0.501941176470588,0.398058823529411,0.4936,0.441392857142857,0.506281249999999,0.511027027027027,0.375,0.466342105263157,0.364516129032258,0.496787878787878,0.503374999999999,0.470170731707317,0.401,0.490322580645161,0.5401,0.419699999999999,0.520437499999999,0.462862068965517,0.41855172413793,0.474511627906976,0.498499999999999,0.671947368421052,0.497448275862068,0.4426,0.545529411764705,0.405105263157894,"[[2, 3], [1, 4]]"
0.033729999999999996,0.03778,0.04162,0.05004,0.06587,0.06006,0.054979999999999994,0.06704,0.05532,0.05882,0.05554,0.05235,0.04927,0.0541,0.0698,0.08798,0.07991,0.07607,0.07598999999999999,0.062020000000000006,0.05702,0.05484000000000001,0.054009999999999996,0.05446,0.05255,0.05361,0.05483,0.0721,0.09974,0.08209999999999999,0.06847,0.05982,0.055,0.048850000000000005,0.04556,0.04106,0.03847,0.04169,0.04259,0.053259999999999995,0.04354,0.03725,0.036719999999999996,0.02954,0.0287,0.02971,0.03385,0.03331,0.595999999999999,0.502823529411764,0.732499999999999,0.551583333333333,0.423533333333333,0.4181875,0.409125,0.408526315789473,0.518,0.508823529411764,0.4863125,0.612058823529411,0.485,0.44,0.454083333333333,0.25865,0.266411764705882,0.356681818181818,0.3174375,0.451555555555555,0.504421052631578,0.501941176470588,0.398058823529411,0.4936,0.441392857142857,0.506281249999999,0.511027027027027,0.375,0.466342105263157,0.364516129032258,0.496787878787878,0.503374999999999,0.470170731707317,0.401,0.490322580645161,0.5401,0.419699999999999,0.520437499999999,0.462862068965517,0.41855172413793,0.474511627906976,0.498499999999999,0.671947368421052,0.497448275862068,0.4426,0.545529411764705,0.405105263157894,0.6520625,"[[2, 3], [1, 4]]"
0.03778,0.04162,0.05004,0.06587,0.06006,0.054979999999999994,0.06704,0.05532,0.05882,0.05554,0.05235,0.04927,0.0541,0.0698,0.08798,0.07991,0.07607,0.07598999999999999,0.062020000000000006,0.05702,0.05484000000000001,0.054009999999999996,0.05446,0.05255,0.05361,0.05483,0.0721,0.09974,0.08209999999999999,0.06847,0.05982,0.055,0.048850000000000005,0.04556,0.04106,0.03847,0.04169,0.04259,0.053259999999999995,0.04354,0.03725,0.036719999999999996,0.02954,0.0287,0.02971,0.03385,0.03331,0.03347,0.502823529411764,0.732499999999999,0.551583333333333,0.423533333333333,0.4181875,0.409125,0.408526315789473,0.518,0.508823529411764,0.4863125,0.612058823529411,0.485,0.44,0.454083333333333,0.25865,0.266411764705882,0.356681818181818,0.3174375,0.451555555555555,0.504421052631578,0.501941176470588,0.398058823529411,0.4936,0.441392857142857,0.506281249999999,0.511027027027027,0.375,0.466342105263157,0.364516129032258,0.496787878787878,0.503374999999999,0.470170731707317,0.401,0.490322580645161,0.5401,0.419699999999999,0.520437499999999,0.462862068965517,0.41855172413793,0.474511627906976,0.498499999999999,0.671947368421052,0.497448275862068,0.4426,0.545529411764705,0.405105263157894,0.6520625,0.531565217391304,"[[1, 4], [2, 3]]"
0.04162,0.05004,0.06587,0.06006,0.054979999999999994,0.06704,0.05532,0.05882,0.05554,0.05235,0.04927,0.0541,0.0698,0.08798,0.07991,0.07607,0.07598999999999999,0.062020000000000006,0.05702,0.05484000000000001,0.054009999999999996,0.05446,0.05255,0.05361,0.05483,0.0721,0.09974,0.08209999999999999,0.06847,0.05982,0.055,0.048850000000000005,0.04556,0.04106,0.03847,0.04169,0.04259,0.053259999999999995,0.04354,0.03725,0.036719999999999996,0.02954,0.0287,0.02971,0.03385,0.03331,0.03347,0.03376,0.732499999999999,0.551583333333333,0.423533333333333,0.4181875,0.409125,0.408526315789473,0.518,0.508823529411764,0.4863125,0.612058823529411,0.485,0.44,0.454083333333333,0.25865,0.266411764705882,0.356681818181818,0.3174375,0.451555555555555,0.504421052631578,0.501941176470588,0.398058823529411,0.4936,0.441392857142857,0.506281249999999,0.511027027027027,0.375,0.466342105263157,0.364516129032258,0.496787878787878,0.503374999999999,0.470170731707317,0.401,0.490322580645161,0.5401,0.419699999999999,0.520437499999999,0.462862068965517,0.41855172413793,0.474511627906976,0.498499999999999,0.671947368421052,0.497448275862068,0.4426,0.545529411764705,0.405105263157894,0.6520625,0.531565217391304,0.465999999999999,"[[2, 3], [1, 4]]"
0.05004,0.06587,0.06006,0.054979999999999994,0.06704,0.05532,0.05882,0.05554,0.05235,0.04927,0.0541,0.0698,0.08798,0.07991,0.07607,0.07598999999999999,0.062020000000000006,0.05702,0.05484000000000001,0.054009999999999996,0.05446,0.05255,0.05361,0.05483,0.0721,0.09974,0.08209999999999999,0.06847,0.05982,0.055,0.048850000000000005,0.04556,0.04106,0.03847,0.04169,0.04259,0.053259999999999995,0.04354,0.03725,0.036719999999999996,0.02954,0.0287,0.02971,0.03385,0.03331,0.03347,0.03376,0.0344,0.551583333333333,0.423533333333333,0.4181875,0.409125,0.408526315789473,0.518,0.508823529411764,0.4863125,0.612058823529411,0.485,0.44,0.454083333333333,0.25865,0.266411764705882,0.356681818181818,0.3174375,0.451555555555555,0.504421052631578,0.501941176470588,0.398058823529411,0.4936,0.441392857142857,0.506281249999999,0.511027027027027,0.375,0.466342105263157,0.364516129032258,0.496787878787878,0.503374999999999,0.470170731707317,0.401,0.490322580645161,0.5401,0.419699999999999,0.520437499999999,0.462862068965517,0.41855172413793,0.474511627906976,0.498499999999999,0.671947368421052,0.497448275862068,0.4426,0.545529411764705,0.405105263157894,0.6520625,0.531565217391304,0.465999999999999,0.443818181818181,"[[1, 4], [2, 3]]"
0.06587,0.06006,0.054979999999999994,0.06704,0.05532,0.05882,0.05554,0.05235,0.04927,0.0541,0.0698,0.08798,0.07991,0.07607,0.07598999999999999,0.062020000000000006,0.05702,0.05484000000000001,0.054009999999999996,0.05446,0.05255,0.05361,0.05483,0.0721,0.09974,0.08209999999999999,0.06847,0.05982,0.055,0.048850000000000005,0.04556,0.04106,0.03847,0.04169,0.04259,0.053259999999999995,0.04354,0.03725,0.036719999999999996,0.02954,0.0287,0.02971,0.03385,0.03331,0.03347,0.03376,0.0344,0.03642,0.423533333333333,0.4181875,0.409125,0.408526315789473,0.518,0.508823529411764,0.4863125,0.612058823529411,0.485,0.44,0.454083333333333,0.25865,0.266411764705882,0.356681818181818,0.3174375,0.451555555555555,0.504421052631578,0.501941176470588,0.398058823529411,0.4936,0.441392857142857,0.506281249999999,0.511027027027027,0.375,0.466342105263157,0.364516129032258,0.496787878787878,0.503374999999999,0.470170731707317,0.401,0.490322580645161,0.5401,0.419699999999999,0.520437499999999,0.462862068965517,0.41855172413793,0.474511627906976,0.498499999999999,0.671947368421052,0.497448275862068,0.4426,0.545529411764705,0.405105263157894,0.6520625,0.531565217391304,0.465999999999999,0.443818181818181,0.421123076923076,"[[1, 4], [2, 3]]"
0.06006,0.054979999999999994,0.06704,0.05532,0.05882,0.05554,0.05235,0.04927,0.0541,0.0698,0.08798,0.07991,0.07607,0.07598999999999999,0.062020000000000006,0.05702,0.05484000000000001,0.054009999999999996,0.05446,0.05255,0.05361,0.05483,0.0721,0.09974,0.08209999999999999,0.06847,0.05982,0.055,0.048850000000000005,0.04556,0.04106,0.03847,0.04169,0.04259,0.053259999999999995,0.04354,0.03725,0.036719999999999996,0.02954,0.0287,0.02971,0.03385,0.03331,0.03347,0.03376,0.0344,0.03642,0.040670000000000005,0.4181875,0.409125,0.408526315789473,0.518,0.508823529411764,0.4863125,0.612058823529411,0.485,0.44,0.454083333333333,0.25865,0.266411764705882,0.356681818181818,0.3174375,0.451555555555555,0.504421052631578,0.501941176470588,0.398058823529411,0.4936,0.441392857142857,0.506281249999999,0.511027027027027,0.375,0.466342105263157,0.364516129032258,0.496787878787878,0.503374999999999,0.470170731707317,0.401,0.490322580645161,0.5401,0.419699999999999,0.520437499999999,0.462862068965517,0.41855172413793,0.474511627906976,0.498499999999999,0.671947368421052,0.497448275862068,0.4426,0.545529411764705,0.405105263157894,0.6520625,0.531565217391304,0.465999999999999,0.443818181818181,0.421123076923076,0.385245283018867,"[[1, 4], [2, 3]]"
0.054979999999999994,0.06704,0.05532,0.05882,0.05554,0.05235,0.04927,0.0541,0.0698,0.08798,0.07991,0.07607,0.07598999999999999,0.062020000000000006,0.05702,0.05484000000000001,0.054009999999999996,0.05446,0.05255,0.05361,0.05483,0.0721,0.09974,0.08209999999999999,0.06847,0.05982,0.055,0.048850000000000005,0.04556,0.04106,0.03847,0.04169,0.04259,0.053259999999999995,0.04354,0.03725,0.036719999999999996,0.02954,0.0287,0.02971,0.03385,0.03331,0.03347,0.03376,0.0344,0.03642,0.040670000000000005,0.04341,0.409125,0.408526315789473,0.518,0.508823529411764,0.4863125,0.612058823529411,0.485,0.44,0.454083333333333,0.25865,0.266411764705882,0.356681818181818,0.3174375,0.451555555555555,0.504421052631578,0.501941176470588,0.398058823529411,0.4936,0.441392857142857,0.506281249999999,0.511027027027027,0.375,0.466342105263157,0.364516129032258,0.496787878787878,0.503374999999999,0.470170731707317,0.401,0.490322580645161,0.5401,0.419699999999999,0.520437499999999,0.462862068965517,0.41855172413793,0.474511627906976,0.498499999999999,0.671947368421052,0.497448275862068,0.4426,0.545529411764705,0.405105263157894,0.6520625,0.531565217391304,0.465999999999999,0.443818181818181,0.421123076923076,0.385245283018867,0.587043478260869,"[[2, 3], [1, 4]]"
0.06704,0.05532,0.05882,0.05554,0.05235,0.04927,0.0541,0.0698,0.08798,0.07991,0.07607,0.07598999999999999,0.062020000000000006,0.05702,0.05484000000000001,0.054009999999999996,0.05446,0.05255,0.05361,0.05483,0.0721,0.09974,0.08209999999999999,0.06847,0.05982,0.055,0.048850000000000005,0.04556,0.04106,0.03847,0.04169,0.04259,0.053259999999999995,0.04354,0.03725,0.036719999999999996,0.02954,0.0287,0.02971,0.03385,0.03331,0.03347,0.03376,0.0344,0.03642,0.040670000000000005,0.04341,0.04096,0.408526315789473,0.518,0.508823529411764,0.4863125,0.612058823529411,0.485,0.44,0.454083333333333,0.25865,0.266411764705882,0.356681818181818,0.3174375,0.451555555555555,0.504421052631578,0.501941176470588,0.398058823529411,0.4936,0.441392857142857,0.506281249999999,0.511027027027027,0.375,0.466342105263157,0.364516129032258,0.496787878787878,0.503374999999999,0.470170731707317,0.401,0.490322580645161,0.5401,0.419699999999999,0.520437499999999,0.462862068965517,0.41855172413793,0.474511627906976,0.498499999999999,0.671947368421052,0.497448275862068,0.4426,0.545529411764705,0.405105263157894,0.6520625,0.531565217391304,0.465999999999999,0.443818181818181,0.421123076923076,0.385245283018867,0.587043478260869,0.466079999999999,"[[1, 4], [2, 3]]"
0.05532,0.05882,0.05554,0.05235,0.04927,0.0541,0.0698,0.08798,0.07991,0.07607,0.07598999999999999,0.062020000000000006,0.05702,0.05484000000000001,0.054009999999999996,0.05446,0.05255,0.05361,0.05483,0.0721,0.09974,0.08209999999999999,0.06847,0.05982,0.055,0.048850000000000005,0.04556,0.04106,0.03847,0.04169,0.04259,0.053259999999999995,0.04354,0.03725,0.036719999999999996,0.02954,0.0287,0.02971,0.03385,0.03331,0.03347,0.03376,0.0344,0.03642,0.040670000000000005,0.04341,0.04096,0.03646,0.518,0.508823529411764,0.4863125,0.612058823529411,0.485,0.44,0.454083333333333,0.25865,0.266411764705882,0.356681818181818,0.3174375,0.451555555555555,0.504421052631578,0.501941176470588,0.398058823529411,0.4936,0.441392857142857,0.506281249999999,0.511027027027027,0.375,0.466342105263157,0.364516129032258,0.496787878787878,0.503374999999999,0.470170731707317,0.401,0.490322580645161,0.5401,0.419699999999999,0.520437499999999,0.462862068965517,0.41855172413793,0.474511627906976,0.498499999999999,0.671947368421052,0.497448275862068,0.4426,0.545529411764705,0.405105263157894,0.6520625,0.531565217391304,0.465999999999999,0.443818181818181,0.421123076923076,0.385245283018867,0.587043478260869,0.466079999999999,0.516230769230769,"[[1, 4], [2, 3]]"
0.05882,0.05554,0.05235,0.04927,0.0541,0.0698,0.08798,0.07991,0.07607,0.07598999999999999,0.062020000000000006,0.05702,0.05484000000000001,0.054009999999999996,0.05446,0.05255,0.05361,0.05483,0.0721,0.09974,0.08209999999999999,0.06847,0.05982,0.055,0.048850000000000005,0.04556,0.04106,0.03847,0.04169,0.04259,0.053259999999999995,0.04354,0.03725,0.036719999999999996,0.02954,0.0287,0.02971,0.03385,0.03331,0.03347,0.03376,0.0344,0.03642,0.040670000000000005,0.04341,0.04096,0.03646,0.03508,0.508823529411764,0.4863125,0.612058823529411,0.485,0.44,0.454083333333333,0.25865,0.266411764705882,0.356681818181818,0.3174375,0.451555555555555,0.504421052631578,0.501941176470588,0.398058823529411,0.4936,0.441392857142857,0.506281249999999,0.511027027027027,0.375,0.466342105263157,0.364516129032258,0.496787878787878,0.503374999999999,0.470170731707317,0.401,0.490322580645161,0.5401,0.419699999999999,0.520437499999999,0.462862068965517,0.41855172413793,0.474511627906976,0.498499999999999,0.671947368421052,0.497448275862068,0.4426,0.545529411764705,0.405105263157894,0.6520625,0.531565217391304,0.465999999999999,0.443818181818181,0.421123076923076,0.385245283018867,0.587043478260869,0.466079999999999,0.516230769230769,0.468454545454545,"[[1, 4], [2, 3]]"
0.05554,0.05235,0.04927,0.0541,0.0698,0.08798,0.07991,0.07607,0.07598999999999999,0.062020000000000006,0.05702,0.05484000000000001,0.054009999999999996,0.05446,0.05255,0.05361,0.05483,0.0721,0.09974,0.08209999999999999,0.06847,0.05982,0.055,0.048850000000000005,0.04556,0.04106,0.03847,0.04169,0.04259,0.053259999999999995,0.04354,0.03725,0.036719999999999996,0.02954,0.0287,0.02971,0.03385,0.03331,0.03347,0.03376,0.0344,0.03642,0.040670000000000005,0.04341,0.04096,0.03646,0.03508,0.03369,0.4863125,0.612058823529411,0.485,0.44,0.454083333333333,0.25865,0.266411764705882,0.356681818181818,0.3174375,0.451555555555555,0.504421052631578,0.501941176470588,0.398058823529411,0.4936,0.441392857142857,0.506281249999999,0.511027027027027,0.375,0.466342105263157,0.364516129032258,0.496787878787878,0.503374999999999,0.470170731707317,0.401,0.490322580645161,0.5401,0.419699999999999,0.520437499999999,0.462862068965517,0.41855172413793,0.474511627906976,0.498499999999999,0.671947368421052,0.497448275862068,0.4426,0.545529411764705,0.405105263157894,0.6520625,0.531565217391304,0.465999999999999,0.443818181818181,0.421123076923076,0.385245283018867,0.587043478260869,0.466079999999999,0.516230769230769,0.468454545454545,0.56235294117647,"[[1, 4], [2, 3]]"
0.05235,0.04927,0.0541,0.0698,0.08798,0.07991,0.07607,0.07598999999999999,0.062020000000000006,0.05702,0.05484000000000001,0.054009999999999996,0.05446,0.05255,0.05361,0.05483,0.0721,0.09974,0.08209999999999999,0.06847,0.05982,0.055,0.048850000000000005,0.04556,0.04106,0.03847,0.04169,0.04259,0.053259999999999995,0.04354,0.03725,0.036719999999999996,0.02954,0.0287,0.02971,0.03385,0.03331,0.03347,0.03376,0.0344,0.03642,0.040670000000000005,0.04341,0.04096,0.03646,0.03508,0.03369,0.03184,0.612058823529411,0.485,0.44,0.454083333333333,0.25865,0.266411764705882,0.356681818181818,0.3174375,0.451555555555555,0.504421052631578,0.501941176470588,0.398058823529411,0.4936,0.441392857142857,0.506281249999999,0.511027027027027,0.375,0.466342105263157,0.364516129032258,0.496787878787878,0.503374999999999,0.470170731707317,0.401,0.490322580645161,0.5401,0.419699999999999,0.520437499999999,0.462862068965517,0.41855172413793,0.474511627906976,0.498499999999999,0.671947368421052,0.497448275862068,0.4426,0.545529411764705,0.405105263157894,0.6520625,0.531565217391304,0.465999999999999,0.443818181818181,0.421123076923076,0.385245283018867,0.587043478260869,0.466079999999999,0.516230769230769,0.468454545454545,0.56235294117647,0.480695652173912,"[[1, 4], [2, 3]]"
0.04927,0.0541,0.0698,0.08798,0.07991,0.07607,0.07598999999999999,0.062020000000000006,0.05702,0.05484000000000001,0.054009999999999996,0.05446,0.05255,0.05361,0.05483,0.0721,0.09974,0.08209999999999999,0.06847,0.05982,0.055,0.048850000000000005,0.04556,0.04106,0.03847,0.04169,0.04259,0.053259999999999995,0.04354,0.03725,0.036719999999999996,0.02954,0.0287,0.02971,0.03385,0.03331,0.03347,0.03376,0.0344,0.03642,0.040670000000000005,0.04341,0.04096,0.03646,0.03508,0.03369,0.03184,0.03132,0.485,0.44,0.454083333333333,0.25865,0.266411764705882,0.356681818181818,0.3174375,0.451555555555555,0.504421052631578,0.501941176470588,0.398058823529411,0.4936,0.441392857142857,0.506281249999999,0.511027027027027,0.375,0.466342105263157,0.364516129032258,0.496787878787878,0.503374999999999,0.470170731707317,0.401,0.490322580645161,0.5401,0.419699999999999,0.520437499999999,0.462862068965517,0.41855172413793,0.474511627906976,0.498499999999999,0.671947368421052,0.497448275862068,0.4426,0.545529411764705,0.405105263157894,0.6520625,0.531565217391304,0.465999999999999,0.443818181818181,0.421123076923076,0.385245283018867,0.587043478260869,0.466079999999999,0.516230769230769,0.468454545454545,0.56235294117647,0.480695652173912,0.361999999999999,"[[1, 4], [2, 3]]"
0.0541,0.0698,0.08798,0.07991,0.07607,0.07598999999999999,0.062020000000000006,0.05702,0.05484000000000001,0.054009999999999996,0.05446,0.05255,0.05361,0.05483,0.0721,0.09974,0.08209999999999999,0.06847,0.05982,0.055,0.048850000000000005,0.04556,0.04106,0.03847,0.04169,0.04259,0.053259999999999995,0.04354,0.03725,0.036719999999999996,0.02954,0.0287,0.02971,0.03385,0.03331,0.03347,0.03376,0.0344,0.03642,0.040670000000000005,0.04341,0.04096,0.03646,0.03508,0.03369,0.03184,0.03132,0.03021,0.44,0.454083333333333,0.25865,0.266411764705882,0.356681818181818,0.3174375,0.451555555555555,0.504421052631578,0.501941176470588,0.398058823529411,0.4936,0.441392857142857,0.506281249999999,0.511027027027027,0.375,0.466342105263157,0.364516129032258,0.496787878787878,0.503374999999999,0.470170731707317,0.401,0.490322580645161,0.5401,0.419699999999999,0.520437499999999,0.462862068965517,0.41855172413793,0.474511627906976,0.498499999999999,0.671947368421052,0.497448275862068,0.4426,0.545529411764705,0.405105263157894,0.6520625,0.531565217391304,0.465999999999999,0.443818181818181,0.421123076923076,0.385245283018867,0.587043478260869,0.466079999999999,0.516230769230769,0.468454545454545,0.56235294117647,0.480695652173912,0.361999999999999,0.409965517241379,"[[1, 4], [2, 3]]"
0.0698,0.08798,0.07991,0.07607,0.07598999999999999,0.062020000000000006,0.05702,0.05484000000000001,0.054009999999999996,0.05446,0.05255,0.05361,0.05483,0.0721,0.09974,0.08209999999999999,0.06847,0.05982,0.055,0.048850000000000005,0.04556,0.04106,0.03847,0.04169,0.04259,0.053259999999999995,0.04354,0.03725,0.036719999999999996,0.02954,0.0287,0.02971,0.03385,0.03331,0.03347,0.03376,0.0344,0.03642,0.040670000000000005,0.04341,0.04096,0.03646,0.03508,0.03369,0.03184,0.03132,0.03021,0.031190000000000002,0.454083333333333,0.25865,0.266411764705882,0.356681818181818,0.3174375,0.451555555555555,0.504421052631578,0.501941176470588,0.398058823529411,0.4936,0.441392857142857,0.506281249999999,0.511027027027027,0.375,0.466342105263157,0.364516129032258,0.496787878787878,0.503374999999999,0.470170731707317,0.401,0.490322580645161,0.5401,0.419699999999999,0.520437499999999,0.462862068965517,0.41855172413793,0.474511627906976,0.498499999999999,0.671947368421052,0.497448275862068,0.4426,0.545529411764705,0.405105263157894,0.6520625,0.531565217391304,0.465999999999999,0.443818181818181,0.421123076923076,0.385245283018867,0.587043478260869,0.466079999999999,0.516230769230769,0.468454545454545,0.56235294117647,0.480695652173912,0.361999999999999,0.409965517241379,0.539142857142857,"[[1, 4], [2, 3]]"
0.08798,0.07991,0.07607,0.07598999999999999,0.062020000000000006,0.05702,0.05484000000000001,0.054009999999999996,0.05446,0.05255,0.05361,0.05483,0.0721,0.09974,0.08209999999999999,0.06847,0.05982,0.055,0.048850000000000005,0.04556,0.04106,0.03847,0.04169,0.04259,0.053259999999999995,0.04354,0.03725,0.036719999999999996,0.02954,0.0287,0.02971,0.03385,0.03331,0.03347,0.03376,0.0344,0.03642,0.040670000000000005,0.04341,0.04096,0.03646,0.03508,0.03369,0.03184,0.03132,0.03021,0.031190000000000002,0.04077,0.25865,0.266411764705882,0.356681818181818,0.3174375,0.451555555555555,0.504421052631578,0.501941176470588,0.398058823529411,0.4936,0.441392857142857,0.506281249999999,0.511027027027027,0.375,0.466342105263157,0.364516129032258,0.496787878787878,0.503374999999999,0.470170731707317,0.401,0.490322580645161,0.5401,0.419699999999999,0.520437499999999,0.462862068965517,0.41855172413793,0.474511627906976,0.498499999999999,0.671947368421052,0.497448275862068,0.4426,0.545529411764705,0.405105263157894,0.6520625,0.531565217391304,0.465999999999999,0.443818181818181,0.421123076923076,0.385245283018867,0.587043478260869,0.466079999999999,0.516230769230769,0.468454545454545,0.56235294117647,0.480695652173912,0.361999999999999,0.409965517241379,0.539142857142857,0.5405,"[[1, 4], [2, 3]]"
0.07991,0.07607,0.07598999999999999,0.062020000000000006,0.05702,0.05484000000000001,0.054009999999999996,0.05446,0.05255,0.05361,0.05483,0.0721,0.09974,0.08209999999999999,0.06847,0.05982,0.055,0.048850000000000005,0.04556,0.04106,0.03847,0.04169,0.04259,0.053259999999999995,0.04354,0.03725,0.036719999999999996,0.02954,0.0287,0.02971,0.03385,0.03331,0.03347,0.03376,0.0344,0.03642,0.040670000000000005,0.04341,0.04096,0.03646,0.03508,0.03369,0.03184,0.03132,0.03021,0.031190000000000002,0.04077,0.04304,0.266411764705882,0.356681818181818,0.3174375,0.451555555555555,0.504421052631578,0.501941176470588,0.398058823529411,0.4936,0.441392857142857,0.506281249999999,0.511027027027027,0.375,0.466342105263157,0.364516129032258,0.496787878787878,0.503374999999999,0.470170731707317,0.401,0.490322580645161,0.5401,0.419699999999999,0.520437499999999,0.462862068965517,0.41855172413793,0.474511627906976,0.498499999999999,0.671947368421052,0.497448275862068,0.4426,0.545529411764705,0.405105263157894,0.6520625,0.531565217391304,0.465999999999999,0.443818181818181,0.421123076923076,0.385245283018867,0.587043478260869,0.466079999999999,0.516230769230769,0.468454545454545,0.56235294117647,0.480695652173912,0.361999999999999,0.409965517241379,0.539142857142857,0.5405,0.523086956521739,"[[1, 4], [2, 3]]"
0.07607,0.07598999999999999,0.062020000000000006,0.05702,0.05484000000000001,0.054009999999999996,0.05446,0.05255,0.05361,0.05483,0.0721,0.09974,0.08209999999999999,0.06847,0.05982,0.055,0.048850000000000005,0.04556,0.04106,0.03847,0.04169,0.04259,0.053259999999999995,0.04354,0.03725,0.036719999999999996,0.02954,0.0287,0.02971,0.03385,0.03331,0.03347,0.03376,0.0344,0.03642,0.040670000000000005,0.04341,0.04096,0.03646,0.03508,0.03369,0.03184,0.03132,0.03021,0.031190000000000002,0.04077,0.04304,0.039450000000000006,0.356681818181818,0.3174375,0.451555555555555,0.504421052631578,0.501941176470588,0.398058823529411,0.4936,0.441392857142857,0.506281249999999,0.511027027027027,0.375,0.466342105263157,0.364516129032258,0.496787878787878,0.503374999999999,0.470170731707317,0.401,0.490322580645161,0.5401,0.419699999999999,0.520437499999999,0.462862068965517,0.41855172413793,0.474511627906976,0.498499999999999,0.671947368421052,0.497448275862068,0.4426,0.545529411764705,0.405105263157894,0.6520625,0.531565217391304,0.465999999999999,0.443818181818181,0.421123076923076,0.385245283018867,0.587043478260869,0.466079999999999,0.516230769230769,0.468454545454545,0.56235294117647,0.480695652173912,0.361999999999999,0.409965517241379,0.539142857142857,0.5405,0.523086956521739,0.553576923076923,"[[1, 4], [2, 3]]"
0.07598999999999999,0.062020000000000006,0.05702,0.05484000000000001,0.054009999999999996,0.05446,0.05255,0.05361,0.05483,0.0721,0.09974,0.08209999999999999,0.06847,0.05982,0.055,0.048850000000000005,0.04556,0.04106,0.03847,0.04169,0.04259,0.053259999999999995,0.04354,0.03725,0.036719999999999996,0.02954,0.0287,0.02971,0.03385,0.03331,0.03347,0.03376,0.0344,0.03642,0.040670000000000005,0.04341,0.04096,0.03646,0.03508,0.03369,0.03184,0.03132,0.03021,0.031190000000000002,0.04077,0.04304,0.039450000000000006,0.037,0.3174375,0.451555555555555,0.504421052631578,0.501941176470588,0.398058823529411,0.4936,0.441392857142857,0.506281249999999,0.511027027027027,0.375,0.466342105263157,0.364516129032258,0.496787878787878,0.503374999999999,0.470170731707317,0.401,0.490322580645161,0.5401,0.419699999999999,0.520437499999999,0.462862068965517,0.41855172413793,0.474511627906976,0.498499999999999,0.671947368421052,0.497448275862068,0.4426,0.545529411764705,0.405105263157894,0.6520625,0.531565217391304,0.465999999999999,0.443818181818181,0.421123076923076,0.385245283018867,0.587043478260869,0.466079999999999,0.516230769230769,0.468454545454545,0.56235294117647,0.480695652173912,0.361999999999999,0.409965517241379,0.539142857142857,0.5405,0.523086956521739,0.553576923076923,0.669259259259259,"[[2, 3], [1, 4]]"
0.062020000000000006,0.05702,0.05484000000000001,0.054009999999999996,0.05446,0.05255,0.05361,0.05483,0.0721,0.09974,0.08209999999999999,0.06847,0.05982,0.055,0.048850000000000005,0.04556,0.04106,0.03847,0.04169,0.04259,0.053259999999999995,0.04354,0.03725,0.036719999999999996,0.02954,0.0287,0.02971,0.03385,0.03331,0.03347,0.03376,0.0344,0.03642,0.040670000000000005,0.04341,0.04096,0.03646,0.03508,0.03369,0.03184,0.03132,0.03021,0.031190000000000002,0.04077,0.04304,0.039450000000000006,0.037,0.032229999999999995,0.451555555555555,0.504421052631578,0.501941176470588,0.398058823529411,0.4936,0.441392857142857,0.506281249999999,0.511027027027027,0.375,0.466342105263157,0.364516129032258,0.496787878787878,0.503374999999999,0.470170731707317,0.401,0.490322580645161,0.5401,0.419699999999999,0.520437499999999,0.462862068965517,0.41855172413793,0.474511627906976,0.498499999999999,0.671947368421052,0.497448275862068,0.4426,0.545529411764705,0.405105263157894,0.6520625,0.531565217391304,0.465999999999999,0.443818181818181,0.421123076923076,0.385245283018867,0.587043478260869,0.466079999999999,0.516230769230769,0.468454545454545,0.56235294117647,0.480695652173912,0.361999999999999,0.409965517241379,0.539142857142857,0.5405,0.523086956521739,0.553576923076923,0.669259259259259,0.5102,"[[1, 4], [2, 3]]"
0.05702,0.05484000000000001,0.054009999999999996,0.05446,0.05255,0.05361,0.05483,0.0721,0.09974,0.08209999999999999,0.06847,0.05982,0.055,0.048850000000000005,0.04556,0.04106,0.03847,0.04169,0.04259,0.053259999999999995,0.04354,0.03725,0.036719999999999996,0.02954,0.0287,0.02971,0.03385,0.03331,0.03347,0.03376,0.0344,0.03642,0.040670000000000005,0.04341,0.04096,0.03646,0.03508,0.03369,0.03184,0.03132,0.03021,0.031190000000000002,0.04077,0.04304,0.039450000000000006,0.037,0.032229999999999995,0.03077,0.504421052631578,0.501941176470588,0.398058823529411,0.4936,0.441392857142857,0.506281249999999,0.511027027027027,0.375,0.466342105263157,0.364516129032258,0.496787878787878,0.503374999999999,0.470170731707317,0.401,0.490322580645161,0.5401,0.419699999999999,0.520437499999999,0.462862068965517,0.41855172413793,0.474511627906976,0.498499999999999,0.671947368421052,0.497448275862068,0.4426,0.545529411764705,0.405105263157894,0.6520625,0.531565217391304,0.465999999999999,0.443818181818181,0.421123076923076,0.385245283018867,0.587043478260869,0.466079999999999,0.516230769230769,0.468454545454545,0.56235294117647,0.480695652173912,0.361999999999999,0.409965517241379,0.539142857142857,0.5405,0.523086956521739,0.553576923076923,0.669259259259259,0.5102,0.434951219512195,"[[2, 3], [1, 4]]"
0.05484000000000001,0.054009999999999996,0.05446,0.05255,0.05361,0.05483,0.0721,0.09974,0.08209999999999999,0.06847,0.05982,0.055,0.048850000000000005,0.04556,0.04106,0.03847,0.04169,0.04259,0.053259999999999995,0.04354,0.03725,0.036719999999999996,0.02954,0.0287,0.02971,0.03385,0.03331,0.03347,0.03376,0.0344,0.03642,0.040670000000000005,0.04341,0.04096,0.03646,0.03508,0.03369,0.03184,0.03132,0.03021,0.031190000000000002,0.04077,0.04304,0.039450000000000006,0.037,0.032229999999999995,0.03077,0.03073,0.501941176470588,0.398058823529411,0.4936,0.441392857142857,0.506281249999999,0.511027027027027,0.375,0.466342105263157,0.364516129032258,0.496787878787878,0.503374999999999,0.470170731707317,0.401,0.490322580645161,0.5401,0.419699999999999,0.520437499999999,0.462862068965517,0.41855172413793,0.474511627906976,0.498499999999999,0.671947368421052,0.497448275862068,0.4426,0.545529411764705,0.405105263157894,0.6520625,0.531565217391304,0.465999999999999,0.443818181818181,0.421123076923076,0.385245283018867,0.587043478260869,0.466079999999999,0.516230769230769,0.468454545454545,0.56235294117647,0.480695652173912,0.361999999999999,0.409965517241379,0.539142857142857,0.5405,0.523086956521739,0.553576923076923,0.669259259259259,0.5102,0.434951219512195,0.45538,"[[2, 3], [1, 4]]"
0.054009999999999996,0.05446,0.05255,0.05361,0.05483,0.0721,0.09974,0.08209999999999999,0.06847,0.05982,0.055,0.048850000000000005,0.04556,0.04106,0.03847,0.04169,0.04259,0.053259999999999995,0.04354,0.03725,0.036719999999999996,0.02954,0.0287,0.02971,0.03385,0.03331,0.03347,0.03376,0.0344,0.03642,0.040670000000000005,0.04341,0.04096,0.03646,0.03508,0.03369,0.03184,0.03132,0.03021,0.031190000000000002,0.04077,0.04304,0.039450000000000006,0.037,0.032229999999999995,0.03077,0.03073,0.02816,0.398058823529411,0.4936,0.441392857142857,0.506281249999999,0.511027027027027,0.375,0.466342105263157,0.364516129032258,0.496787878787878,0.503374999999999,0.470170731707317,0.401,0.490322580645161,0.5401,0.419699999999999,0.520437499999999,0.462862068965517,0.41855172413793,0.474511627906976,0.498499999999999,0.671947368421052,0.497448275862068,0.4426,0.545529411764705,0.405105263157894,0.6520625,0.531565217391304,0.465999999999999,0.443818181818181,0.421123076923076,0.385245283018867,0.587043478260869,0.466079999999999,0.516230769230769,0.468454545454545,0.56235294117647,0.480695652173912,0.361999999999999,0.409965517241379,0.539142857142857,0.5405,0.523086956521739,0.553576923076923,0.669259259259259,0.5102,0.434951219512195,0.45538,0.445446808510638,"[[2, 3], [1, 4]]"
0.05446,0.05255,0.05361,0.05483,0.0721,0.09974,0.08209999999999999,0.06847,0.05982,0.055,0.048850000000000005,0.04556,0.04106,0.03847,0.04169,0.04259,0.053259999999999995,0.04354,0.03725,0.036719999999999996,0.02954,0.0287,0.02971,0.03385,0.03331,0.03347,0.03376,0.0344,0.03642,0.040670000000000005,0.04341,0.04096,0.03646,0.03508,0.03369,0.03184,0.03132,0.03021,0.031190000000000002,0.04077,0.04304,0.039450000000000006,0.037,0.032229999999999995,0.03077,0.03073,0.02816,0.027809999999999998,0.4936,0.441392857142857,0.506281249999999,0.511027027027027,0.375,0.466342105263157,0.364516129032258,0.496787878787878,0.503374999999999,0.470170731707317,0.401,0.490322580645161,0.5401,0.419699999999999,0.520437499999999,0.462862068965517,0.41855172413793,0.474511627906976,0.498499999999999,0.671947368421052,0.497448275862068,0.4426,0.545529411764705,0.405105263157894,0.6520625,0.531565217391304,0.465999999999999,0.443818181818181,0.421123076923076,0.385245283018867,0.587043478260869,0.466079999999999,0.516230769230769,0.468454545454545,0.56235294117647,0.480695652173912,0.361999999999999,0.409965517241379,0.539142857142857,0.5405,0.523086956521739,0.553576923076923,0.669259259259259,0.5102,0.434951219512195,0.45538,0.445446808510638,0.359605263157894,"[[1, 4], [2, 3]]"
0.05255,0.05361,0.05483,0.0721,0.09974,0.08209999999999999,0.06847,0.05982,0.055,0.048850000000000005,0.04556,0.04106,0.03847,0.04169,0.04259,0.053259999999999995,0.04354,0.03725,0.036719999999999996,0.02954,0.0287,0.02971,0.03385,0.03331,0.03347,0.03376,0.0344,0.03642,0.040670000000000005,0.04341,0.04096,0.03646,0.03508,0.03369,0.03184,0.03132,0.03021,0.031190000000000002,0.04077,0.04304,0.039450000000000006,0.037,0.032229999999999995,0.03077,0.03073,0.02816,0.027809999999999998,0.02804,0.441392857142857,0.506281249999999,0.511027027027027,0.375,0.466342105263157,0.364516129032258,0.496787878787878,0.503374999999999,0.470170731707317,0.401,0.490322580645161,0.5401,0.419699999999999,0.520437499999999,0.462862068965517,0.41855172413793,0.474511627906976,0.498499999999999,0.671947368421052,0.497448275862068,0.4426,0.545529411764705,0.405105263157894,0.6520625,0.531565217391304,0.465999999999999,0.443818181818181,0.421123076923076,0.385245283018867,0.587043478260869,0.466079999999999,0.516230769230769,0.468454545454545,0.56235294117647,0.480695652173912,0.361999999999999,0.409965517241379,0.539142857142857,0.5405,0.523086956521739,0.553576923076923,0.669259259259259,0.5102,0.434951219512195,0.45538,0.445446808510638,0.359605263157894,0.387314285714285,"[[1, 4], [2, 3]]"
0.05361,0.05483,0.0721,0.09974,0.08209999999999999,0.06847,0.05982,0.055,0.048850000000000005,0.04556,0.04106,0.03847,0.04169,0.04259,0.053259999999999995,0.04354,0.03725,0.036719999999999996,0.02954,0.0287,0.02971,0.03385,0.03331,0.03347,0.03376,0.0344,0.03642,0.040670000000000005,0.04341,0.04096,0.03646,0.03508,0.03369,0.03184,0.03132,0.03021,0.031190000000000002,0.04077,0.04304,0.039450000000000006,0.037,0.032229999999999995,0.03077,0.03073,0.02816,0.027809999999999998,0.02804,0.03201,0.506281249999999,0.511027027027027,0.375,0.466342105263157,0.364516129032258,0.496787878787878,0.503374999999999,0.470170731707317,0.401,0.490322580645161,0.5401,0.419699999999999,0.520437499999999,0.462862068965517,0.41855172413793,0.474511627906976,0.498499999999999,0.671947368421052,0.497448275862068,0.4426,0.545529411764705,0.405105263157894,0.6520625,0.531565217391304,0.465999999999999,0.443818181818181,0.421123076923076,0.385245283018867,0.587043478260869,0.466079999999999,0.516230769230769,0.468454545454545,0.56235294117647,0.480695652173912,0.361999999999999,0.409965517241379,0.539142857142857,0.5405,0.523086956521739,0.553576923076923,0.669259259259259,0.5102,0.434951219512195,0.45538,0.445446808510638,0.359605263157894,0.387314285714285,0.433333333333333,"[[1, 4], [2, 3]]"
0.05483,0.0721,0.09974,0.08209999999999999,0.06847,0.05982,0.055,0.048850000000000005,0.04556,0.04106,0.03847,0.04169,0.04259,0.053259999999999995,0.04354,0.03725,0.036719999999999996,0.02954,0.0287,0.02971,0.03385,0.03331,0.03347,0.03376,0.0344,0.03642,0.040670000000000005,0.04341,0.04096,0.03646,0.03508,0.03369,0.03184,0.03132,0.03021,0.031190000000000002,0.04077,0.04304,0.039450000000000006,0.037,0.032229999999999995,0.03077,0.03073,0.02816,0.027809999999999998,0.02804,0.03201,0.03049,0.511027027027027,0.375,0.466342105263157,0.364516129032258,0.496787878787878,0.503374999999999,0.470170731707317,0.401,0.490322580645161,0.5401,0.419699999999999,0.520437499999999,0.462862068965517,0.41855172413793,0.474511627906976,0.498499999999999,0.671947368421052,0.497448275862068,0.4426,0.545529411764705,0.405105263157894,0.6520625,0.531565217391304,0.465999999999999,0.443818181818181,0.421123076923076,0.385245283018867,0.587043478260869,0.466079999999999,0.516230769230769,0.468454545454545,0.56235294117647,0.480695652173912,0.361999999999999,0.409965517241379,0.539142857142857,0.5405,0.523086956521739,0.553576923076923,0.669259259259259,0.5102,0.434951219512195,0.45538,0.445446808510638,0.359605263157894,0.387314285714285,0.433333333333333,0.404162162162162,"[[1, 4], [2, 3]]"
0.0721,0.09974,0.08209999999999999,0.06847,0.05982,0.055,0.048850000000000005,0.04556,0.04106,0.03847,0.04169,0.04259,0.053259999999999995,0.04354,0.03725,0.036719999999999996,0.02954,0.0287,0.02971,0.03385,0.03331,0.03347,0.03376,0.0344,0.03642,0.040670000000000005,0.04341,0.04096,0.03646,0.03508,0.03369,0.03184,0.03132,0.03021,0.031190000000000002,0.04077,0.04304,0.039450000000000006,0.037,0.032229999999999995,0.03077,0.03073,0.02816,0.027809999999999998,0.02804,0.03201,0.03049,0.02991,0.375,0.466342105263157,0.364516129032258,0.496787878787878,0.503374999999999,0.470170731707317,0.401,0.490322580645161,0.5401,0.419699999999999,0.520437499999999,0.462862068965517,0.41855172413793,0.474511627906976,0.498499999999999,0.671947368421052,0.497448275862068,0.4426,0.545529411764705,0.405105263157894,0.6520625,0.531565217391304,0.465999999999999,0.443818181818181,0.421123076923076,0.385245283018867,0.587043478260869,0.466079999999999,0.516230769230769,0.468454545454545,0.56235294117647,0.480695652173912,0.361999999999999,0.409965517241379,0.539142857142857,0.5405,0.523086956521739,0.553576923076923,0.669259259259259,0.5102,0.434951219512195,0.45538,0.445446808510638,0.359605263157894,0.387314285714285,0.433333333333333,0.404162162162162,0.467595238095238,"[[1], [2, 3, 4]]"
0.09974,0.08209999999999999,0.06847,0.05982,0.055,0.048850000000000005,0.04556,0.04106,0.03847,0.04169,0.04259,0.053259999999999995,0.04354,0.03725,0.036719999999999996,0.02954,0.0287,0.02971,0.03385,0.03331,0.03347,0.03376,0.0344,0.03642,0.040670000000000005,0.04341,0.04096,0.03646,0.03508,0.03369,0.03184,0.03132,0.03021,0.031190000000000002,0.04077,0.04304,0.039450000000000006,0.037,0.032229999999999995,0.03077,0.03073,0.02816,0.027809999999999998,0.02804,0.03201,0.03049,0.02991,0.03337,0.466342105263157,0.364516129032258,0.496787878787878,0.503374999999999,0.470170731707317,0.401,0.490322580645161,0.5401,0.419699999999999,0.520437499999999,0.462862068965517,0.41855172413793,0.474511627906976,0.498499999999999,0.671947368421052,0.497448275862068,0.4426,0.545529411764705,0.405105263157894,0.6520625,0.531565217391304,0.465999999999999,0.443818181818181,0.421123076923076,0.385245283018867,0.587043478260869,0.466079999999999,0.516230769230769,0.468454545454545,0.56235294117647,0.480695652173912,0.361999999999999,0.409965517241379,0.539142857142857,0.5405,0.523086956521739,0.553576923076923,0.669259259259259,0.5102,0.434951219512195,0.45538,0.445446808510638,0.359605263157894,0.387314285714285,0.433333333333333,0.404162162162162,0.467595238095238,0.439756756756756,"[[1, 4], [2, 3]]"
0.08209999999999999,0.06847,0.05982,0.055,0.048850000000000005,0.04556,0.04106,0.03847,0.04169,0.04259,0.053259999999999995,0.04354,0.03725,0.036719999999999996,0.02954,0.0287,0.02971,0.03385,0.03331,0.03347,0.03376,0.0344,0.03642,0.040670000000000005,0.04341,0.04096,0.03646,0.03508,0.03369,0.03184,0.03132,0.03021,0.031190000000000002,0.04077,0.04304,0.039450000000000006,0.037,0.032229999999999995,0.03077,0.03073,0.02816,0.027809999999999998,0.02804,0.03201,0.03049,0.02991,0.03337,0.03602,0.364516129032258,0.496787878787878,0.503374999999999,0.470170731707317,0.401,0.490322580645161,0.5401,0.419699999999999,0.520437499999999,0.462862068965517,0.41855172413793,0.474511627906976,0.498499999999999,0.671947368421052,0.497448275862068,0.4426,0.545529411764705,0.405105263157894,0.6520625,0.531565217391304,0.465999999999999,0.443818181818181,0.421123076923076,0.385245283018867,0.587043478260869,0.466079999999999,0.516230769230769,0.468454545454545,0.56235294117647,0.480695652173912,0.361999999999999,0.409965517241379,0.539142857142857,0.5405,0.523086956521739,0.553576923076923,0.669259259259259,0.5102,0.434951219512195,0.45538,0.445446808510638,0.359605263157894,0.387314285714285,0.433333333333333,0.404162162162162,0.467595238095238,0.439756756756756,0.529699999999999,"[[1, 4], [2, 3]]"
0.06847,0.05982,0.055,0.048850000000000005,0.04556,0.04106,0.03847,0.04169,0.04259,0.053259999999999995,0.04354,0.03725,0.036719999999999996,0.02954,0.0287,0.02971,0.03385,0.03331,0.03347,0.03376,0.0344,0.03642,0.040670000000000005,0.04341,0.04096,0.03646,0.03508,0.03369,0.03184,0.03132,0.03021,0.031190000000000002,0.04077,0.04304,0.039450000000000006,0.037,0.032229999999999995,0.03077,0.03073,0.02816,0.027809999999999998,0.02804,0.03201,0.03049,0.02991,0.03337,0.03602,0.03798,0.496787878787878,0.503374999999999,0.470170731707317,0.401,0.490322580645161,0.5401,0.419699999999999,0.520437499999999,0.462862068965517,0.41855172413793,0.474511627906976,0.498499999999999,0.671947368421052,0.497448275862068,0.4426,0.545529411764705,0.405105263157894,0.6520625,0.531565217391304,0.465999999999999,0.443818181818181,0.421123076923076,0.385245283018867,0.587043478260869,0.466079999999999,0.516230769230769,0.468454545454545,0.56235294117647,0.480695652173912,0.361999999999999,0.409965517241379,0.539142857142857,0.5405,0.523086956521739,0.553576923076923,0.669259259259259,0.5102,0.434951219512195,0.45538,0.445446808510638,0.359605263157894,0.387314285714285,0.433333333333333,0.404162162162162,0.467595238095238,0.439756756756756,0.529699999999999,0.673999999999999,"[[1, 4], [2, 3]]"
0.05982,0.055,0.048850000000000005,0.04556,0.04106,0.03847,0.04169,0.04259,0.053259999999999995,0.04354,0.03725,0.036719999999999996,0.02954,0.0287,0.02971,0.03385,0.03331,0.03347,0.03376,0.0344,0.03642,0.040670000000000005,0.04341,0.04096,0.03646,0.03508,0.03369,0.03184,0.03132,0.03021,0.031190000000000002,0.04077,0.04304,0.039450000000000006,0.037,0.032229999999999995,0.03077,0.03073,0.02816,0.027809999999999998,0.02804,0.03201,0.03049,0.02991,0.03337,0.03602,0.03798,0.03793,0.503374999999999,0.470170731707317,0.401,0.490322580645161,0.5401,0.419699999999999,0.520437499999999,0.462862068965517,0.41855172413793,0.474511627906976,0.498499999999999,0.671947368421052,0.497448275862068,0.4426,0.545529411764705,0.405105263157894,0.6520625,0.531565217391304,0.465999999999999,0.443818181818181,0.421123076923076,0.385245283018867,0.587043478260869,0.466079999999999,0.516230769230769,0.468454545454545,0.56235294117647,0.480695652173912,0.361999999999999,0.409965517241379,0.539142857142857,0.5405,0.523086956521739,0.553576923076923,0.669259259259259,0.5102,0.434951219512195,0.45538,0.445446808510638,0.359605263157894,0.387314285714285,0.433333333333333,0.404162162162162,0.467595238095238,0.439756756756756,0.529699999999999,0.673999999999999,0.577647058823529,"[[2, 3], [1, 4]]"
0.055,0.048850000000000005,0.04556,0.04106,0.03847,0.04169,0.04259,0.053259999999999995,0.04354,0.03725,0.036719999999999996,0.02954,0.0287,0.02971,0.03385,0.03331,0.03347,0.03376,0.0344,0.03642,0.040670000000000005,0.04341,0.04096,0.03646,0.03508,0.03369,0.03184,0.03132,0.03021,0.031190000000000002,0.04077,0.04304,0.039450000000000006,0.037,0.032229999999999995,0.03077,0.03073,0.02816,0.027809999999999998,0.02804,0.03201,0.03049,0.02991,0.03337,0.03602,0.03798,0.03793,0.03814,0.470170731707317,0.401,0.490322580645161,0.5401,0.419699999999999,0.520437499999999,0.462862068965517,0.41855172413793,0.474511627906976,0.498499999999999,0.671947368421052,0.497448275862068,0.4426,0.545529411764705,0.405105263157894,0.6520625,0.531565217391304,0.465999999999999,0.443818181818181,0.421123076923076,0.385245283018867,0.587043478260869,0.466079999999999,0.516230769230769,0.468454545454545,0.56235294117647,0.480695652173912,0.361999999999999,0.409965517241379,0.539142857142857,0.5405,0.523086956521739,0.553576923076923,0.669259259259259,0.5102,0.434951219512195,0.45538,0.445446808510638,0.359605263157894,0.387314285714285,0.433333333333333,0.404162162162162,0.467595238095238,0.439756756756756,0.529699999999999,0.673999999999999,0.577647058823529,0.5236875,"[[1, 4], [2, 3]]"
0.048850000000000005,0.04556,0.04106,0.03847,0.04169,0.04259,0.053259999999999995,0.04354,0.03725,0.036719999999999996,0.02954,0.0287,0.02971,0.03385,0.03331,0.03347,0.03376,0.0344,0.03642,0.040670000000000005,0.04341,0.04096,0.03646,0.03508,0.03369,0.03184,0.03132,0.03021,0.031190000000000002,0.04077,0.04304,0.039450000000000006,0.037,0.032229999999999995,0.03077,0.03073,0.02816,0.027809999999999998,0.02804,0.03201,0.03049,0.02991,0.03337,0.03602,0.03798,0.03793,0.03814,0.03687,0.401,0.490322580645161,0.5401,0.419699999999999,0.520437499999999,0.462862068965517,0.41855172413793,0.474511627906976,0.498499999999999,0.671947368421052,0.497448275862068,0.4426,0.545529411764705,0.405105263157894,0.6520625,0.531565217391304,0.465999999999999,0.443818181818181,0.421123076923076,0.385245283018867,0.587043478260869,0.466079999999999,0.516230769230769,0.468454545454545,0.56235294117647,0.480695652173912,0.361999999999999,0.409965517241379,0.539142857142857,0.5405,0.523086956521739,0.553576923076923,0.669259259259259,0.5102,0.434951219512195,0.45538,0.445446808510638,0.359605263157894,0.387314285714285,0.433333333333333,0.404162162162162,0.467595238095238,0.439756756756756,0.529699999999999,0.673999999999999,0.577647058823529,0.5236875,0.72015,"[[2, 3], [1, 4]]"
0.04556,0.04106,0.03847,0.04169,0.04259,0.053259999999999995,0.04354,0.03725,0.036719999999999996,0.02954,0.0287,0.02971,0.03385,0.03331,0.03347,0.03376,0.0344,0.03642,0.040670000000000005,0.04341,0.04096,0.03646,0.03508,0.03369,0.03184,0.03132,0.03021,0.031190000000000002,0.04077,0.04304,0.039450000000000006,0.037,0.032229999999999995,0.03077,0.03073,0.02816,0.027809999999999998,0.02804,0.03201,0.03049,0.02991,0.03337,0.03602,0.03798,0.03793,0.03814,0.03687,0.0359,0.490322580645161,0.5401,0.419699999999999,0.520437499999999,0.462862068965517,0.41855172413793,0.474511627906976,0.498499999999999,0.671947368421052,0.497448275862068,0.4426,0.545529411764705,0.405105263157894,0.6520625,0.531565217391304,0.465999999999999,0.443818181818181,0.421123076923076,0.385245283018867,0.587043478260869,0.466079999999999,0.516230769230769,0.468454545454545,0.56235294117647,0.480695652173912,0.361999999999999,0.409965517241379,0.539142857142857,0.5405,0.523086956521739,0.553576923076923,0.669259259259259,0.5102,0.434951219512195,0.45538,0.445446808510638,0.359605263157894,0.387314285714285,0.433333333333333,0.404162162162162,0.467595238095238,0.439756756756756,0.529699999999999,0.673999999999999,0.577647058823529,0.5236875,0.72015,0.630142857142857,"[[2, 3], [1, 4]]"
0.04106,0.03847,0.04169,0.04259,0.053259999999999995,0.04354,0.03725,0.036719999999999996,0.02954,0.0287,0.02971,0.03385,0.03331,0.03347,0.03376,0.0344,0.03642,0.040670000000000005,0.04341,0.04096,0.03646,0.03508,0.03369,0.03184,0.03132,0.03021,0.031190000000000002,0.04077,0.04304,0.039450000000000006,0.037,0.032229999999999995,0.03077,0.03073,0.02816,0.027809999999999998,0.02804,0.03201,0.03049,0.02991,0.03337,0.03602,0.03798,0.03793,0.03814,0.03687,0.0359,0.03455,0.5401,0.419699999999999,0.520437499999999,0.462862068965517,0.41855172413793,0.474511627906976,0.498499999999999,0.671947368421052,0.497448275862068,0.4426,0.545529411764705,0.405105263157894,0.6520625,0.531565217391304,0.465999999999999,0.443818181818181,0.421123076923076,0.385245283018867,0.587043478260869,0.466079999999999,0.516230769230769,0.468454545454545,0.56235294117647,0.480695652173912,0.361999999999999,0.409965517241379,0.539142857142857,0.5405,0.523086956521739,0.553576923076923,0.669259259259259,0.5102,0.434951219512195,0.45538,0.445446808510638,0.359605263157894,0.387314285714285,0.433333333333333,0.404162162162162,0.467595238095238,0.439756756756756,0.529699999999999,0.673999999999999,0.577647058823529,0.5236875,0.72015,0.630142857142857,0.465999999999999,"[[2, 3], [1, 4]]"
0.03847,0.04169,0.04259,0.053259999999999995,0.04354,0.03725,0.036719999999999996,0.02954,0.0287,0.02971,0.03385,0.03331,0.03347,0.03376,0.0344,0.03642,0.040670000000000005,0.04341,0.04096,0.03646,0.03508,0.03369,0.03184,0.03132,0.03021,0.031190000000000002,0.04077,0.04304,0.039450000000000006,0.037,0.032229999999999995,0.03077,0.03073,0.02816,0.027809999999999998,0.02804,0.03201,0.03049,0.02991,0.03337,0.03602,0.03798,0.03793,0.03814,0.03687,0.0359,0.03455,0.03434,0.419699999999999,0.520437499999999,0.462862068965517,0.41855172413793,0.474511627906976,0.498499999999999,0.671947368421052,0.497448275862068,0.4426,0.545529411764705,0.405105263157894,0.6520625,0.531565217391304,0.465999999999999,0.443818181818181,0.421123076923076,0.385245283018867,0.587043478260869,0.466079999999999,0.516230769230769,0.468454545454545,0.56235294117647,0.480695652173912,0.361999999999999,0.409965517241379,0.539142857142857,0.5405,0.523086956521739,0.553576923076923,0.669259259259259,0.5102,0.434951219512195,0.45538,0.445446808510638,0.359605263157894,0.387314285714285,0.433333333333333,0.404162162162162,0.467595238095238,0.439756756756756,0.529699999999999,0.673999999999999,0.577647058823529,0.5236875,0.72015,0.630142857142857,0.465999999999999,0.514999999999999,"[[1, 4], [2, 3]]"
0.04169,0.04259,0.053259999999999995,0.04354,0.03725,0.036719999999999996,0.02954,0.0287,0.02971,0.03385,0.03331,0.03347,0.03376,0.0344,0.03642,0.040670000000000005,0.04341,0.04096,0.03646,0.03508,0.03369,0.03184,0.03132,0.03021,0.031190000000000002,0.04077,0.04304,0.039450000000000006,0.037,0.032229999999999995,0.03077,0.03073,0.02816,0.027809999999999998,0.02804,0.03201,0.03049,0.02991,0.03337,0.03602,0.03798,0.03793,0.03814,0.03687,0.0359,0.03455,0.03434,0.033049999999999996,0.520437499999999,0.462862068965517,0.41855172413793,0.474511627906976,0.498499999999999,0.671947368421052,0.497448275862068,0.4426,0.545529411764705,0.405105263157894,0.6520625,0.531565217391304,0.465999999999999,0.443818181818181,0.421123076923076,0.385245283018867,0.587043478260869,0.466079999999999,0.516230769230769,0.468454545454545,0.56235294117647,0.480695652173912,0.361999999999999,0.409965517241379,0.539142857142857,0.5405,0.523086956521739,0.553576923076923,0.669259259259259,0.5102,0.434951219512195,0.45538,0.445446808510638,0.359605263157894,0.387314285714285,0.433333333333333,0.404162162162162,0.467595238095238,0.439756756756756,0.529699999999999,0.673999999999999,0.577647058823529,0.5236875,0.72015,0.630142857142857,0.465999999999999,0.514999999999999,0.439656249999999,"[[1, 4], [2, 3]]"
0.04259,0.053259999999999995,0.04354,0.03725,0.036719999999999996,0.02954,0.0287,0.02971,0.03385,0.03331,0.03347,0.03376,0.0344,0.03642,0.040670000000000005,0.04341,0.04096,0.03646,0.03508,0.03369,0.03184,0.03132,0.03021,0.031190000000000002,0.04077,0.04304,0.039450000000000006,0.037,0.032229999999999995,0.03077,0.03073,0.02816,0.027809999999999998,0.02804,0.03201,0.03049,0.02991,0.03337,0.03602,0.03798,0.03793,0.03814,0.03687,0.0359,0.03455,0.03434,0.033049999999999996,0.03404,0.462862068965517,0.41855172413793,0.474511627906976,0.498499999999999,0.671947368421052,0.497448275862068,0.4426,0.545529411764705,0.405105263157894,0.6520625,0.531565217391304,0.465999999999999,0.443818181818181,0.421123076923076,0.385245283018867,0.587043478260869,0.466079999999999,0.516230769230769,0.468454545454545,0.56235294117647,0.480695652173912,0.361999999999999,0.409965517241379,0.539142857142857,0.5405,0.523086956521739,0.553576923076923,0.669259259259259,0.5102,0.434951219512195,0.45538,0.445446808510638,0.359605263157894,0.387314285714285,0.433333333333333,0.404162162162162,0.467595238095238,0.439756756756756,0.529699999999999,0.673999999999999,0.577647058823529,0.5236875,0.72015,0.630142857142857,0.465999999999999,0.514999999999999,0.439656249999999,0.562652173913043,"[[2, 3], [1, 4]]"
0.053259999999999995,0.04354,0.03725,0.036719999999999996,0.02954,0.0287,0.02971,0.03385,0.03331,0.03347,0.03376,0.0344,0.03642,0.040670000000000005,0.04341,0.04096,0.03646,0.03508,0.03369,0.03184,0.03132,0.03021,0.031190000000000002,0.04077,0.04304,0.039450000000000006,0.037,0.032229999999999995,0.03077,0.03073,0.02816,0.027809999999999998,0.02804,0.03201,0.03049,0.02991,0.03337,0.03602,0.03798,0.03793,0.03814,0.03687,0.0359,0.03455,0.03434,0.033049999999999996,0.03404,0.039520000000000007,0.41855172413793,0.474511627906976,0.498499999999999,0.671947368421052,0.497448275862068,0.4426,0.545529411764705,0.405105263157894,0.6520625,0.531565217391304,0.465999999999999,0.443818181818181,0.421123076923076,0.385245283018867,0.587043478260869,0.466079999999999,0.516230769230769,0.468454545454545,0.56235294117647,0.480695652173912,0.361999999999999,0.409965517241379,0.539142857142857,0.5405,0.523086956521739,0.553576923076923,0.669259259259259,0.5102,0.434951219512195,0.45538,0.445446808510638,0.359605263157894,0.387314285714285,0.433333333333333,0.404162162162162,0.467595238095238,0.439756756756756,0.529699999999999,0.673999999999999,0.577647058823529,0.5236875,0.72015,0.630142857142857,0.465999999999999,0.514999999999999,0.439656249999999,0.562652173913043,0.650260869565217,"[[1, 4], [2, 3]]"
0.04354,0.03725,0.036719999999999996,0.02954,0.0287,0.02971,0.03385,0.03331,0.03347,0.03376,0.0344,0.03642,0.040670000000000005,0.04341,0.04096,0.03646,0.03508,0.03369,0.03184,0.03132,0.03021,0.031190000000000002,0.04077,0.04304,0.039450000000000006,0.037,0.032229999999999995,0.03077,0.03073,0.02816,0.027809999999999998,0.02804,0.03201,0.03049,0.02991,0.03337,0.03602,0.03798,0.03793,0.03814,0.03687,0.0359,0.03455,0.03434,0.033049999999999996,0.03404,0.039520000000000007,0.045,0.474511627906976,0.498499999999999,0.671947368421052,0.497448275862068,0.4426,0.545529411764705,0.405105263157894,0.6520625,0.531565217391304,0.465999999999999,0.443818181818181,0.421123076923076,0.385245283018867,0.587043478260869,0.466079999999999,0.516230769230769,0.468454545454545,0.56235294117647,0.480695652173912,0.361999999999999,0.409965517241379,0.539142857142857,0.5405,0.523086956521739,0.553576923076923,0.669259259259259,0.5102,0.434951219512195,0.45538,0.445446808510638,0.359605263157894,0.387314285714285,0.433333333333333,0.404162162162162,0.467595238095238,0.439756756756756,0.529699999999999,0.673999999999999,0.577647058823529,0.5236875,0.72015,0.630142857142857,0.465999999999999,0.514999999999999,0.439656249999999,0.562652173913043,0.650260869565217,0.563333333333333,"[[2, 3], [1, 4]]"
0.03725,0.036719999999999996,0.02954,0.0287,0.02971,0.03385,0.03331,0.03347,0.03376,0.0344,0.03642,0.040670000000000005,0.04341,0.04096,0.03646,0.03508,0.03369,0.03184,0.03132,0.03021,0.031190000000000002,0.04077,0.04304,0.039450000000000006,0.037,0.032229999999999995,0.03077,0.03073,0.02816,0.027809999999999998,0.02804,0.03201,0.03049,0.02991,0.03337,0.03602,0.03798,0.03793,0.03814,0.03687,0.0359,0.03455,0.03434,0.033049999999999996,0.03404,0.039520000000000007,0.045,0.04547,0.498499999999999,0.671947368421052,0.497448275862068,0.4426,0.545529411764705,0.405105263157894,0.6520625,0.531565217391304,0.465999999999999,0.443818181818181,0.421123076923076,0.385245283018867,0.587043478260869,0.466079999999999,0.516230769230769,0.468454545454545,0.56235294117647,0.480695652173912,0.361999999999999,0.409965517241379,0.539142857142857,0.5405,0.523086956521739,0.553576923076923,0.669259259259259,0.5102,0.434951219512195,0.45538,0.445446808510638,0.359605263157894,0.387314285714285,0.433333333333333,0.404162162162162,0.467595238095238,0.439756756756756,0.529699999999999,0.673999999999999,0.577647058823529,0.5236875,0.72015,0.630142857142857,0.465999999999999,0.514999999999999,0.439656249999999,0.562652173913043,0.650260869565217,0.563333333333333,0.733222222222222,"[[2, 3], [1, 4]]"
0.036719999999999996,0.02954,0.0287,0.02971,0.03385,0.03331,0.03347,0.03376,0.0344,0.03642,0.040670000000000005,0.04341,0.04096,0.03646,0.03508,0.03369,0.03184,0.03132,0.03021,0.031190000000000002,0.04077,0.04304,0.039450000000000006,0.037,0.032229999999999995,0.03077,0.03073,0.02816,0.027809999999999998,0.02804,0.03201,0.03049,0.02991,0.03337,0.03602,0.03798,0.03793,0.03814,0.03687,0.0359,0.03455,0.03434,0.033049999999999996,0.03404,0.039520000000000007,0.045,0.04547,0.04028,0.671947368421052,0.497448275862068,0.4426,0.545529411764705,0.405105263157894,0.6520625,0.531565217391304,0.465999999999999,0.443818181818181,0.421123076923076,0.385245283018867,0.587043478260869,0.466079999999999,0.516230769230769,0.468454545454545,0.56235294117647,0.480695652173912,0.361999999999999,0.409965517241379,0.539142857142857,0.5405,0.523086956521739,0.553576923076923,0.669259259259259,0.5102,0.434951219512195,0.45538,0.445446808510638,0.359605263157894,0.387314285714285,0.433333333333333,0.404162162162162,0.467595238095238,0.439756756756756,0.529699999999999,0.673999999999999,0.577647058823529,0.5236875,0.72015,0.630142857142857,0.465999999999999,0.514999999999999,0.439656249999999,0.562652173913043,0.650260869565217,0.563333333333333,0.733222222222222,0.651190476190476,"[[1, 4], [2, 3]]"
0.02954,0.0287,0.02971,0.03385,0.03331,0.03347,0.03376,0.0344,0.03642,0.040670000000000005,0.04341,0.04096,0.03646,0.03508,0.03369,0.03184,0.03132,0.03021,0.031190000000000002,0.04077,0.04304,0.039450000000000006,0.037,0.032229999999999995,0.03077,0.03073,0.02816,0.027809999999999998,0.02804,0.03201,0.03049,0.02991,0.03337,0.03602,0.03798,0.03793,0.03814,0.03687,0.0359,0.03455,0.03434,0.033049999999999996,0.03404,0.039520000000000007,0.045,0.04547,0.04028,0.03325,0.497448275862068,0.4426,0.545529411764705,0.405105263157894,0.6520625,0.531565217391304,0.465999999999999,0.443818181818181,0.421123076923076,0.385245283018867,0.587043478260869,0.466079999999999,0.516230769230769,0.468454545454545,0.56235294117647,0.480695652173912,0.361999999999999,0.409965517241379,0.539142857142857,0.5405,0.523086956521739,0.553576923076923,0.669259259259259,0.5102,0.434951219512195,0.45538,0.445446808510638,0.359605263157894,0.387314285714285,0.433333333333333,0.404162162162162,0.467595238095238,0.439756756756756,0.529699999999999,0.673999999999999,0.577647058823529,0.5236875,0.72015,0.630142857142857,0.465999999999999,0.514999999999999,0.439656249999999,0.562652173913043,0.650260869565217,0.563333333333333,0.733222222222222,0.651190476190476,0.624541666666666,"[[1, 4], [2, 3]]"
0.0287,0.02971,0.03385,0.03331,0.03347,0.03376,0.0344,0.03642,0.040670000000000005,0.04341,0.04096,0.03646,0.03508,0.03369,0.03184,0.03132,0.03021,0.031190000000000002,0.04077,0.04304,0.039450000000000006,0.037,0.032229999999999995,0.03077,0.03073,0.02816,0.027809999999999998,0.02804,0.03201,0.03049,0.02991,0.03337,0.03602,0.03798,0.03793,0.03814,0.03687,0.0359,0.03455,0.03434,0.033049999999999996,0.03404,0.039520000000000007,0.045,0.04547,0.04028,0.03325,0.02691,0.4426,0.545529411764705,0.405105263157894,0.6520625,0.531565217391304,0.465999999999999,0.443818181818181,0.421123076923076,0.385245283018867,0.587043478260869,0.466079999999999,0.516230769230769,0.468454545454545,0.56235294117647,0.480695652173912,0.361999999999999,0.409965517241379,0.539142857142857,0.5405,0.523086956521739,0.553576923076923,0.669259259259259,0.5102,0.434951219512195,0.45538,0.445446808510638,0.359605263157894,0.387314285714285,0.433333333333333,0.404162162162162,0.467595238095238,0.439756756756756,0.529699999999999,0.673999999999999,0.577647058823529,0.5236875,0.72015,0.630142857142857,0.465999999999999,0.514999999999999,0.439656249999999,0.562652173913043,0.650260869565217,0.563333333333333,0.733222222222222,0.651190476190476,0.624541666666666,0.657904761904761,"[[1, 4], [2, 3]]"
0.02971,0.03385,0.03331,0.03347,0.03376,0.0344,0.03642,0.040670000000000005,0.04341,0.04096,0.03646,0.03508,0.03369,0.03184,0.03132,0.03021,0.031190000000000002,0.04077,0.04304,0.039450000000000006,0.037,0.032229999999999995,0.03077,0.03073,0.02816,0.027809999999999998,0.02804,0.03201,0.03049,0.02991,0.03337,0.03602,0.03798,0.03793,0.03814,0.03687,0.0359,0.03455,0.03434,0.033049999999999996,0.03404,0.039520000000000007,0.045,0.04547,0.04028,0.03325,0.02691,0.025,0.545529411764705,0.405105263157894,0.6520625,0.531565217391304,0.465999999999999,0.443818181818181,0.421123076923076,0.385245283018867,0.587043478260869,0.466079999999999,0.516230769230769,0.468454545454545,0.56235294117647,0.480695652173912,0.361999999999999,0.409965517241379,0.539142857142857,0.5405,0.523086956521739,0.553576923076923,0.669259259259259,0.5102,0.434951219512195,0.45538,0.445446808510638,0.359605263157894,0.387314285714285,0.433333333333333,0.404162162162162,0.467595238095238,0.439756756756756,0.529699999999999,0.673999999999999,0.577647058823529,0.5236875,0.72015,0.630142857142857,0.465999999999999,0.514999999999999,0.439656249999999,0.562652173913043,0.650260869565217,0.563333333333333,0.733222222222222,0.651190476190476,0.624541666666666,0.657904761904761,0.48875,"[[1, 4], [2, 3]]"
0.03385,0.03331,0.03347,0.03376,0.0344,0.03642,0.040670000000000005,0.04341,0.04096,0.03646,0.03508,0.03369,0.03184,0.03132,0.03021,0.031190000000000002,0.04077,0.04304,0.039450000000000006,0.037,0.032229999999999995,0.03077,0.03073,0.02816,0.027809999999999998,0.02804,0.03201,0.03049,0.02991,0.03337,0.03602,0.03798,0.03793,0.03814,0.03687,0.0359,0.03455,0.03434,0.033049999999999996,0.03404,0.039520000000000007,0.045,0.04547,0.04028,0.03325,0.02691,0.025,0.025,0.405105263157894,0.6520625,0.531565217391304,0.465999999999999,0.443818181818181,0.421123076923076,0.385245283018867,0.587043478260869,0.466079999999999,0.516230769230769,0.468454545454545,0.56235294117647,0.480695652173912,0.361999999999999,0.409965517241379,0.539142857142857,0.5405,0.523086956521739,0.553576923076923,0.669259259259259,0.5102,0.434951219512195,0.45538,0.445446808510638,0.359605263157894,0.387314285714285,0.433333333333333,0.404162162162162,0.467595238095238,0.439756756756756,0.529699999999999,0.673999999999999,0.577647058823529,0.5236875,0.72015,0.630142857142857,0.465999999999999,0.514999999999999,0.439656249999999,0.562652173913043,0.650260869565217,0.563333333333333,0.733222222222222,0.651190476190476,0.624541666666666,0.657904761904761,0.48875,0.6599375,"[[1, 4], [2, 3]]"
0.03331,0.03347,0.03376,0.0344,0.03642,0.040670000000000005,0.04341,0.04096,0.03646,0.03508,0.03369,0.03184,0.03132,0.03021,0.031190000000000002,0.04077,0.04304,0.039450000000000006,0.037,0.032229999999999995,0.03077,0.03073,0.02816,0.027809999999999998,0.02804,0.03201,0.03049,0.02991,0.03337,0.03602,0.03798,0.03793,0.03814,0.03687,0.0359,0.03455,0.03434,0.033049999999999996,0.03404,0.039520000000000007,0.045,0.04547,0.04028,0.03325,0.02691,0.025,0.025,0.02441,0.6520625,0.531565217391304,0.465999999999999,0.443818181818181,0.421123076923076,0.385245283018867,0.587043478260869,0.466079999999999,0.516230769230769,0.468454545454545,0.56235294117647,0.480695652173912,0.361999999999999,0.409965517241379,0.539142857142857,0.5405,0.523086956521739,0.553576923076923,0.669259259259259,0.5102,0.434951219512195,0.45538,0.445446808510638,0.359605263157894,0.387314285714285,0.433333333333333,0.404162162162162,0.467595238095238,0.439756756756756,0.529699999999999,0.673999999999999,0.577647058823529,0.5236875,0.72015,0.630142857142857,0.465999999999999,0.514999999999999,0.439656249999999,0.562652173913043,0.650260869565217,0.563333333333333,0.733222222222222,0.651190476190476,0.624541666666666,0.657904761904761,0.48875,0.6599375,0.64325,"[[2, 3], [1, 4]]"
0.03347,0.03376,0.0344,0.03642,0.040670000000000005,0.04341,0.04096,0.03646,0.03508,0.03369,0.03184,0.03132,0.03021,0.031190000000000002,0.04077,0.04304,0.039450000000000006,0.037,0.032229999999999995,0.03077,0.03073,0.02816,0.027809999999999998,0.02804,0.03201,0.03049,0.02991,0.03337,0.03602,0.03798,0.03793,0.03814,0.03687,0.0359,0.03455,0.03434,0.033049999999999996,0.03404,0.039520000000000007,0.045,0.04547,0.04028,0.03325,0.02691,0.025,0.025,0.02441,0.02416,0.531565217391304,0.465999999999999,0.443818181818181,0.421123076923076,0.385245283018867,0.587043478260869,0.466079999999999,0.516230769230769,0.468454545454545,0.56235294117647,0.480695652173912,0.361999999999999,0.409965517241379,0.539142857142857,0.5405,0.523086956521739,0.553576923076923,0.669259259259259,0.5102,0.434951219512195,0.45538,0.445446808510638,0.359605263157894,0.387314285714285,0.433333333333333,0.404162162162162,0.467595238095238,0.439756756756756,0.529699999999999,0.673999999999999,0.577647058823529,0.5236875,0.72015,0.630142857142857,0.465999999999999,0.514999999999999,0.439656249999999,0.562652173913043,0.650260869565217,0.563333333333333,0.733222222222222,0.651190476190476,0.624541666666666,0.657904761904761,0.48875,0.6599375,0.64325,0.596,"[[1, 4], [2, 3]]"
0.03376,0.0344,0.03642,0.040670000000000005,0.04341,0.04096,0.03646,0.03508,0.03369,0.03184,0.03132,0.03021,0.031190000000000002,0.04077,0.04304,0.039450000000000006,0.037,0.032229999999999995,0.03077,0.03073,0.02816,0.027809999999999998,0.02804,0.03201,0.03049,0.02991,0.03337,0.03602,0.03798,0.03793,0.03814,0.03687,0.0359,0.03455,0.03434,0.033049999999999996,0.03404,0.039520000000000007,0.045,0.04547,0.04028,0.03325,0.02691,0.025,0.025,0.02441,0.02416,0.0253,0.465999999999999,0.443818181818181,0.421123076923076,0.385245283018867,0.587043478260869,0.466079999999999,0.516230769230769,0.468454545454545,0.56235294117647,0.480695652173912,0.361999999999999,0.409965517241379,0.539142857142857,0.5405,0.523086956521739,0.553576923076923,0.669259259259259,0.5102,0.434951219512195,0.45538,0.445446808510638,0.359605263157894,0.387314285714285,0.433333333333333,0.404162162162162,0.467595238095238,0.439756756756756,0.529699999999999,0.673999999999999,0.577647058823529,0.5236875,0.72015,0.630142857142857,0.465999999999999,0.514999999999999,0.439656249999999,0.562652173913043,0.650260869565217,0.563333333333333,0.733222222222222,0.651190476190476,0.624541666666666,0.657904761904761,0.48875,0.6599375,0.64325,0.596,0.778812499999999,"[[2, 3], [1, 4]]"
0.0344,0.03642,0.040670000000000005,0.04341,0.04096,0.03646,0.03508,0.03369,0.03184,0.03132,0.03021,0.031190000000000002,0.04077,0.04304,0.039450000000000006,0.037,0.032229999999999995,0.03077,0.03073,0.02816,0.027809999999999998,0.02804,0.03201,0.03049,0.02991,0.03337,0.03602,0.03798,0.03793,0.03814,0.03687,0.0359,0.03455,0.03434,0.033049999999999996,0.03404,0.039520000000000007,0.045,0.04547,0.04028,0.03325,0.02691,0.025,0.025,0.02441,0.02416,0.0253,0.02657,0.443818181818181,0.421123076923076,0.385245283018867,0.587043478260869,0.466079999999999,0.516230769230769,0.468454545454545,0.56235294117647,0.480695652173912,0.361999999999999,0.409965517241379,0.539142857142857,0.5405,0.523086956521739,0.553576923076923,0.669259259259259,0.5102,0.434951219512195,0.45538,0.445446808510638,0.359605263157894,0.387314285714285,0.433333333333333,0.404162162162162,0.467595238095238,0.439756756756756,0.529699999999999,0.673999999999999,0.577647058823529,0.5236875,0.72015,0.630142857142857,0.465999999999999,0.514999999999999,0.439656249999999,0.562652173913043,0.650260869565217,0.563333333333333,0.733222222222222,0.651190476190476,0.624541666666666,0.657904761904761,0.48875,0.6599375,0.64325,0.596,0.778812499999999,0.5219,"[[2, 3], [1, 4]]"
0.03642,0.040670000000000005,0.04341,0.04096,0.03646,0.03508,0.03369,0.03184,0.03132,0.03021,0.031190000000000002,0.04077,0.04304,0.039450000000000006,0.037,0.032229999999999995,0.03077,0.03073,0.02816,0.027809999999999998,0.02804,0.03201,0.03049,0.02991,0.03337,0.03602,0.03798,0.03793,0.03814,0.03687,0.0359,0.03455,0.03434,0.033049999999999996,0.03404,0.039520000000000007,0.045,0.04547,0.04028,0.03325,0.02691,0.025,0.025,0.02441,0.02416,0.0253,0.02657,0.02978,0.421123076923076,0.385245283018867,0.587043478260869,0.466079999999999,0.516230769230769,0.468454545454545,0.56235294117647,0.480695652173912,0.361999999999999,0.409965517241379,0.539142857142857,0.5405,0.523086956521739,0.553576923076923,0.669259259259259,0.5102,0.434951219512195,0.45538,0.445446808510638,0.359605263157894,0.387314285714285,0.433333333333333,0.404162162162162,0.467595238095238,0.439756756756756,0.529699999999999,0.673999999999999,0.577647058823529,0.5236875,0.72015,0.630142857142857,0.465999999999999,0.514999999999999,0.439656249999999,0.562652173913043,0.650260869565217,0.563333333333333,0.733222222222222,0.651190476190476,0.624541666666666,0.657904761904761,0.48875,0.6599375,0.64325,0.596,0.778812499999999,0.5219,0.64740909090909,"[[2, 3], [1, 4]]"
0.040670000000000005,0.04341,0.04096,0.03646,0.03508,0.03369,0.03184,0.03132,0.03021,0.031190000000000002,0.04077,0.04304,0.039450000000000006,0.037,0.032229999999999995,0.03077,0.03073,0.02816,0.027809999999999998,0.02804,0.03201,0.03049,0.02991,0.03337,0.03602,0.03798,0.03793,0.03814,0.03687,0.0359,0.03455,0.03434,0.033049999999999996,0.03404,0.039520000000000007,0.045,0.04547,0.04028,0.03325,0.02691,0.025,0.025,0.02441,0.02416,0.0253,0.02657,0.02978,0.03718,0.385245283018867,0.587043478260869,0.466079999999999,0.516230769230769,0.468454545454545,0.56235294117647,0.480695652173912,0.361999999999999,0.409965517241379,0.539142857142857,0.5405,0.523086956521739,0.553576923076923,0.669259259259259,0.5102,0.434951219512195,0.45538,0.445446808510638,0.359605263157894,0.387314285714285,0.433333333333333,0.404162162162162,0.467595238095238,0.439756756756756,0.529699999999999,0.673999999999999,0.577647058823529,0.5236875,0.72015,0.630142857142857,0.465999999999999,0.514999999999999,0.439656249999999,0.562652173913043,0.650260869565217,0.563333333333333,0.733222222222222,0.651190476190476,0.624541666666666,0.657904761904761,0.48875,0.6599375,0.64325,0.596,0.778812499999999,0.5219,0.64740909090909,0.605666666666666,"[[2, 3], [1, 4]]"
0.04341,0.04096,0.03646,0.03508,0.03369,0.03184,0.03132,0.03021,0.031190000000000002,0.04077,0.04304,0.039450000000000006,0.037,0.032229999999999995,0.03077,0.03073,0.02816,0.027809999999999998,0.02804,0.03201,0.03049,0.02991,0.03337,0.03602,0.03798,0.03793,0.03814,0.03687,0.0359,0.03455,0.03434,0.033049999999999996,0.03404,0.039520000000000007,0.045,0.04547,0.04028,0.03325,0.02691,0.025,0.025,0.02441,0.02416,0.0253,0.02657,0.02978,0.03718,0.046079999999999996,0.587043478260869,0.466079999999999,0.516230769230769,0.468454545454545,0.56235294117647,0.480695652173912,0.361999999999999,0.409965517241379,0.539142857142857,0.5405,0.523086956521739,0.553576923076923,0.669259259259259,0.5102,0.434951219512195,0.45538,0.445446808510638,0.359605263157894,0.387314285714285,0.433333333333333,0.404162162162162,0.467595238095238,0.439756756756756,0.529699999999999,0.673999999999999,0.577647058823529,0.5236875,0.72015,0.630142857142857,0.465999999999999,0.514999999999999,0.439656249999999,0.562652173913043,0.650260869565217,0.563333333333333,0.733222222222222,0.651190476190476,0.624541666666666,0.657904761904761,0.48875,0.6599375,0.64325,0.596,0.778812499999999,0.5219,0.64740909090909,0.605666666666666,0.524239999999999,"[[2, 3], [1, 4]]"
0.04096,0.03646,0.03508,0.03369,0.03184,0.03132,0.03021,0.031190000000000002,0.04077,0.04304,0.039450000000000006,0.037,0.032229999999999995,0.03077,0.03073,0.02816,0.027809999999999998,0.02804,0.03201,0.03049,0.02991,0.03337,0.03602,0.03798,0.03793,0.03814,0.03687,0.0359,0.03455,0.03434,0.033049999999999996,0.03404,0.039520000000000007,0.045,0.04547,0.04028,0.03325,0.02691,0.025,0.025,0.02441,0.02416,0.0253,0.02657,0.02978,0.03718,0.046079999999999996,0.0437,0.466079999999999,0.516230769230769,0.468454545454545,0.56235294117647,0.480695652173912,0.361999999999999,0.409965517241379,0.539142857142857,0.5405,0.523086956521739,0.553576923076923,0.669259259259259,0.5102,0.434951219512195,0.45538,0.445446808510638,0.359605263157894,0.387314285714285,0.433333333333333,0.404162162162162,0.467595238095238,0.439756756756756,0.529699999999999,0.673999999999999,0.577647058823529,0.5236875,0.72015,0.630142857142857,0.465999999999999,0.514999999999999,0.439656249999999,0.562652173913043,0.650260869565217,0.563333333333333,0.733222222222222,0.651190476190476,0.624541666666666,0.657904761904761,0.48875,0.6599375,0.64325,0.596,0.778812499999999,0.5219,0.64740909090909,0.605666666666666,0.524239999999999,0.600874999999999,"[[1, 4], [2, 3]]"
0.03646,0.03508,0.03369,0.03184,0.03132,0.03021,0.031190000000000002,0.04077,0.04304,0.039450000000000006,0.037,0.032229999999999995,0.03077,0.03073,0.02816,0.027809999999999998,0.02804,0.03201,0.03049,0.02991,0.03337,0.03602,0.03798,0.03793,0.03814,0.03687,0.0359,0.03455,0.03434,0.033049999999999996,0.03404,0.039520000000000007,0.045,0.04547,0.04028,0.03325,0.02691,0.025,0.025,0.02441,0.02416,0.0253,0.02657,0.02978,0.03718,0.046079999999999996,0.0437,0.04186,0.516230769230769,0.468454545454545,0.56235294117647,0.480695652173912,0.361999999999999,0.409965517241379,0.539142857142857,0.5405,0.523086956521739,0.553576923076923,0.669259259259259,0.5102,0.434951219512195,0.45538,0.445446808510638,0.359605263157894,0.387314285714285,0.433333333333333,0.404162162162162,0.467595238095238,0.439756756756756,0.529699999999999,0.673999999999999,0.577647058823529,0.5236875,0.72015,0.630142857142857,0.465999999999999,0.514999999999999,0.439656249999999,0.562652173913043,0.650260869565217,0.563333333333333,0.733222222222222,0.651190476190476,0.624541666666666,0.657904761904761,0.48875,0.6599375,0.64325,0.596,0.778812499999999,0.5219,0.64740909090909,0.605666666666666,0.524239999999999,0.600874999999999,0.509085714285714,"[[1, 4], [2, 3]]"
0.03508,0.03369,0.03184,0.03132,0.03021,0.031190000000000002,0.04077,0.04304,0.039450000000000006,0.037,0.032229999999999995,0.03077,0.03073,0.02816,0.027809999999999998,0.02804,0.03201,0.03049,0.02991,0.03337,0.03602,0.03798,0.03793,0.03814,0.03687,0.0359,0.03455,0.03434,0.033049999999999996,0.03404,0.039520000000000007,0.045,0.04547,0.04028,0.03325,0.02691,0.025,0.025,0.02441,0.02416,0.0253,0.02657,0.02978,0.03718,0.046079999999999996,0.0437,0.04186,0.038630000000000005,0.468454545454545,0.56235294117647,0.480695652173912,0.361999999999999,0.409965517241379,0.539142857142857,0.5405,0.523086956521739,0.553576923076923,0.669259259259259,0.5102,0.434951219512195,0.45538,0.445446808510638,0.359605263157894,0.387314285714285,0.433333333333333,0.404162162162162,0.467595238095238,0.439756756756756,0.529699999999999,0.673999999999999,0.577647058823529,0.5236875,0.72015,0.630142857142857,0.465999999999999,0.514999999999999,0.439656249999999,0.562652173913043,0.650260869565217,0.563333333333333,0.733222222222222,0.651190476190476,0.624541666666666,0.657904761904761,0.48875,0.6599375,0.64325,0.596,0.778812499999999,0.5219,0.64740909090909,0.605666666666666,0.524239999999999,0.600874999999999,0.509085714285714,0.513272727272727,"[[1, 4], [2, 3]]"
0.03369,0.03184,0.03132,0.03021,0.031190000000000002,0.04077,0.04304,0.039450000000000006,0.037,0.032229999999999995,0.03077,0.03073,0.02816,0.027809999999999998,0.02804,0.03201,0.03049,0.02991,0.03337,0.03602,0.03798,0.03793,0.03814,0.03687,0.0359,0.03455,0.03434,0.033049999999999996,0.03404,0.039520000000000007,0.045,0.04547,0.04028,0.03325,0.02691,0.025,0.025,0.02441,0.02416,0.0253,0.02657,0.02978,0.03718,0.046079999999999996,0.0437,0.04186,0.038630000000000005,0.04076,0.56235294117647,0.480695652173912,0.361999999999999,0.409965517241379,0.539142857142857,0.5405,0.523086956521739,0.553576923076923,0.669259259259259,0.5102,0.434951219512195,0.45538,0.445446808510638,0.359605263157894,0.387314285714285,0.433333333333333,0.404162162162162,0.467595238095238,0.439756756756756,0.529699999999999,0.673999999999999,0.577647058823529,0.5236875,0.72015,0.630142857142857,0.465999999999999,0.514999999999999,0.439656249999999,0.562652173913043,0.650260869565217,0.563333333333333,0.733222222222222,0.651190476190476,0.624541666666666,0.657904761904761,0.48875,0.6599375,0.64325,0.596,0.778812499999999,0.5219,0.64740909090909,0.605666666666666,0.524239999999999,0.600874999999999,0.509085714285714,0.513272727272727,0.479499999999999,"[[1, 4], [2, 3]]"
0.03184,0.03132,0.03021,0.031190000000000002,0.04077,0.04304,0.039450000000000006,0.037,0.032229999999999995,0.03077,0.03073,0.02816,0.027809999999999998,0.02804,0.03201,0.03049,0.02991,0.03337,0.03602,0.03798,0.03793,0.03814,0.03687,0.0359,0.03455,0.03434,0.033049999999999996,0.03404,0.039520000000000007,0.045,0.04547,0.04028,0.03325,0.02691,0.025,0.025,0.02441,0.02416,0.0253,0.02657,0.02978,0.03718,0.046079999999999996,0.0437,0.04186,0.038630000000000005,0.04076,0.038450000000000005,0.480695652173912,0.361999999999999,0.409965517241379,0.539142857142857,0.5405,0.523086956521739,0.553576923076923,0.669259259259259,0.5102,0.434951219512195,0.45538,0.445446808510638,0.359605263157894,0.387314285714285,0.433333333333333,0.404162162162162,0.467595238095238,0.439756756756756,0.529699999999999,0.673999999999999,0.577647058823529,0.5236875,0.72015,0.630142857142857,0.465999999999999,0.514999999999999,0.439656249999999,0.562652173913043,0.650260869565217,0.563333333333333,0.733222222222222,0.651190476190476,0.624541666666666,0.657904761904761,0.48875,0.6599375,0.64325,0.596,0.778812499999999,0.5219,0.64740909090909,0.605666666666666,0.524239999999999,0.600874999999999,0.509085714285714,0.513272727272727,0.479499999999999,0.483759999999999,"[[1, 4], [2, 3]]"
0.03132,0.03021,0.031190000000000002,0.04077,0.04304,0.039450000000000006,0.037,0.032229999999999995,0.03077,0.03073,0.02816,0.027809999999999998,0.02804,0.03201,0.03049,0.02991,0.03337,0.03602,0.03798,0.03793,0.03814,0.03687,0.0359,0.03455,0.03434,0.033049999999999996,0.03404,0.039520000000000007,0.045,0.04547,0.04028,0.03325,0.02691,0.025,0.025,0.02441,0.02416,0.0253,0.02657,0.02978,0.03718,0.046079999999999996,0.0437,0.04186,0.038630000000000005,0.04076,0.038450000000000005,0.03384,0.361999999999999,0.409965517241379,0.539142857142857,0.5405,0.523086956521739,0.553576923076923,0.669259259259259,0.5102,0.434951219512195,0.45538,0.445446808510638,0.359605263157894,0.387314285714285,0.433333333333333,0.404162162162162,0.467595238095238,0.439756756756756,0.529699999999999,0.673999999999999,0.577647058823529,0.5236875,0.72015,0.630142857142857,0.465999999999999,0.514999999999999,0.439656249999999,0.562652173913043,0.650260869565217,0.563333333333333,0.733222222222222,0.651190476190476,0.624541666666666,0.657904761904761,0.48875,0.6599375,0.64325,0.596,0.778812499999999,0.5219,0.64740909090909,0.605666666666666,0.524239999999999,0.600874999999999,0.509085714285714,0.513272727272727,0.479499999999999,0.483759999999999,0.498644444444444,"[[1, 4], [2, 3]]"
0.03021,0.031190000000000002,0.04077,0.04304,0.039450000000000006,0.037,0.032229999999999995,0.03077,0.03073,0.02816,0.027809999999999998,0.02804,0.03201,0.03049,0.02991,0.03337,0.03602,0.03798,0.03793,0.03814,0.03687,0.0359,0.03455,0.03434,0.033049999999999996,0.03404,0.039520000000000007,0.045,0.04547,0.04028,0.03325,0.02691,0.025,0.025,0.02441,0.02416,0.0253,0.02657,0.02978,0.03718,0.046079999999999996,0.0437,0.04186,0.038630000000000005,0.04076,0.038450000000000005,0.03384,0.03159,0.409965517241379,0.539142857142857,0.5405,0.523086956521739,0.553576923076923,0.669259259259259,0.5102,0.434951219512195,0.45538,0.445446808510638,0.359605263157894,0.387314285714285,0.433333333333333,0.404162162162162,0.467595238095238,0.439756756756756,0.529699999999999,0.673999999999999,0.577647058823529,0.5236875,0.72015,0.630142857142857,0.465999999999999,0.514999999999999,0.439656249999999,0.562652173913043,0.650260869565217,0.563333333333333,0.733222222222222,0.651190476190476,0.624541666666666,0.657904761904761,0.48875,0.6599375,0.64325,0.596,0.778812499999999,0.5219,0.64740909090909,0.605666666666666,0.524239999999999,0.600874999999999,0.509085714285714,0.513272727272727,0.479499999999999,0.483759999999999,0.498644444444444,0.474983606557377,"[[2, 3], [1, 4]]"
0.031190000000000002,0.04077,0.04304,0.039450000000000006,0.037,0.032229999999999995,0.03077,0.03073,0.02816,0.027809999999999998,0.02804,0.03201,0.03049,0.02991,0.03337,0.03602,0.03798,0.03793,0.03814,0.03687,0.0359,0.03455,0.03434,0.033049999999999996,0.03404,0.039520000000000007,0.045,0.04547,0.04028,0.03325,0.02691,0.025,0.025,0.02441,0.02416,0.0253,0.02657,0.02978,0.03718,0.046079999999999996,0.0437,0.04186,0.038630000000000005,0.04076,0.038450000000000005,0.03384,0.03159,0.03201,0.539142857142857,0.5405,0.523086956521739,0.553576923076923,0.669259259259259,0.5102,0.434951219512195,0.45538,0.445446808510638,0.359605263157894,0.387314285714285,0.433333333333333,0.404162162162162,0.467595238095238,0.439756756756756,0.529699999999999,0.673999999999999,0.577647058823529,0.5236875,0.72015,0.630142857142857,0.465999999999999,0.514999999999999,0.439656249999999,0.562652173913043,0.650260869565217,0.563333333333333,0.733222222222222,0.651190476190476,0.624541666666666,0.657904761904761,0.48875,0.6599375,0.64325,0.596,0.778812499999999,0.5219,0.64740909090909,0.605666666666666,0.524239999999999,0.600874999999999,0.509085714285714,0.513272727272727,0.479499999999999,0.483759999999999,0.498644444444444,0.474983606557377,0.533061538461538,"[[2, 3], [1, 4]]"
0.04077,0.04304,0.039450000000000006,0.037,0.032229999999999995,0.03077,0.03073,0.02816,0.027809999999999998,0.02804,0.03201,0.03049,0.02991,0.03337,0.03602,0.03798,0.03793,0.03814,0.03687,0.0359,0.03455,0.03434,0.033049999999999996,0.03404,0.039520000000000007,0.045,0.04547,0.04028,0.03325,0.02691,0.025,0.025,0.02441,0.02416,0.0253,0.02657,0.02978,0.03718,0.046079999999999996,0.0437,0.04186,0.038630000000000005,0.04076,0.038450000000000005,0.03384,0.03159,0.03201,0.03226,0.5405,0.523086956521739,0.553576923076923,0.669259259259259,0.5102,0.434951219512195,0.45538,0.445446808510638,0.359605263157894,0.387314285714285,0.433333333333333,0.404162162162162,0.467595238095238,0.439756756756756,0.529699999999999,0.673999999999999,0.577647058823529,0.5236875,0.72015,0.630142857142857,0.465999999999999,0.514999999999999,0.439656249999999,0.562652173913043,0.650260869565217,0.563333333333333,0.733222222222222,0.651190476190476,0.624541666666666,0.657904761904761,0.48875,0.6599375,0.64325,0.596,0.778812499999999,0.5219,0.64740909090909,0.605666666666666,0.524239999999999,0.600874999999999,0.509085714285714,0.513272727272727,0.479499999999999,0.483759999999999,0.498644444444444,0.474983606557377,0.533061538461538,0.468711864406779,"[[2, 3], [1, 4]]"
0.04304,0.039450000000000006,0.037,0.032229999999999995,0.03077,0.03073,0.02816,0.027809999999999998,0.02804,0.03201,0.03049,0.02991,0.03337,0.03602,0.03798,0.03793,0.03814,0.03687,0.0359,0.03455,0.03434,0.033049999999999996,0.03404,0.039520000000000007,0.045,0.04547,0.04028,0.03325,0.02691,0.025,0.025,0.02441,0.02416,0.0253,0.02657,0.02978,0.03718,0.046079999999999996,0.0437,0.04186,0.038630000000000005,0.04076,0.038450000000000005,0.03384,0.03159,0.03201,0.03226,0.03587,0.523086956521739,0.553576923076923,0.669259259259259,0.5102,0.434951219512195,0.45538,0.445446808510638,0.359605263157894,0.387314285714285,0.433333333333333,0.404162162162162,0.467595238095238,0.439756756756756,0.529699999999999,0.673999999999999,0.577647058823529,0.5236875,0.72015,0.630142857142857,0.465999999999999,0.514999999999999,0.439656249999999,0.562652173913043,0.650260869565217,0.563333333333333,0.733222222222222,0.651190476190476,0.624541666666666,0.657904761904761,0.48875,0.6599375,0.64325,0.596,0.778812499999999,0.5219,0.64740909090909,0.605666666666666,0.524239999999999,0.600874999999999,0.509085714285714,0.513272727272727,0.479499999999999,0.483759999999999,0.498644444444444,0.474983606557377,0.533061538461538,0.468711864406779,0.430448979591836,"[[2, 3], [1, 4]]"
0.039450000000000006,0.037,0.032229999999999995,0.03077,0.03073,0.02816,0.027809999999999998,0.02804,0.03201,0.03049,0.02991,0.03337,0.03602,0.03798,0.03793,0.03814,0.03687,0.0359,0.03455,0.03434,0.033049999999999996,0.03404,0.039520000000000007,0.045,0.04547,0.04028,0.03325,0.02691,0.025,0.025,0.02441,0.02416,0.0253,0.02657,0.02978,0.03718,0.046079999999999996,0.0437,0.04186,0.038630000000000005,0.04076,0.038450000000000005,0.03384,0.03159,0.03201,0.03226,0.03587,0.03914,0.553576923076923,0.669259259259259,0.5102,0.434951219512195,0.45538,0.445446808510638,0.359605263157894,0.387314285714285,0.433333333333333,0.404162162162162,0.467595238095238,0.439756756756756,0.529699999999999,0.673999999999999,0.577647058823529,0.5236875,0.72015,0.630142857142857,0.465999999999999,0.514999999999999,0.439656249999999,0.562652173913043,0.650260869565217,0.563333333333333,0.733222222222222,0.651190476190476,0.624541666666666,0.657904761904761,0.48875,0.6599375,0.64325,0.596,0.778812499999999,0.5219,0.64740909090909,0.605666666666666,0.524239999999999,0.600874999999999,0.509085714285714,0.513272727272727,0.479499999999999,0.483759999999999,0.498644444444444,0.474983606557377,0.533061538461538,0.468711864406779,0.430448979591836,0.582999999999999,"[[2, 3], [1, 4]]"
0.037,0.032229999999999995,0.03077,0.03073,0.02816,0.027809999999999998,0.02804,0.03201,0.03049,0.02991,0.03337,0.03602,0.03798,0.03793,0.03814,0.03687,0.0359,0.03455,0.03434,0.033049999999999996,0.03404,0.039520000000000007,0.045,0.04547,0.04028,0.03325,0.02691,0.025,0.025,0.02441,0.02416,0.0253,0.02657,0.02978,0.03718,0.046079999999999996,0.0437,0.04186,0.038630000000000005,0.04076,0.038450000000000005,0.03384,0.03159,0.03201,0.03226,0.03587,0.03914,0.036899999999999995,0.669259259259259,0.5102,0.434951219512195,0.45538,0.445446808510638,0.359605263157894,0.387314285714285,0.433333333333333,0.404162162162162,0.467595238095238,0.439756756756756,0.529699999999999,0.673999999999999,0.577647058823529,0.5236875,0.72015,0.630142857142857,0.465999999999999,0.514999999999999,0.439656249999999,0.562652173913043,0.650260869565217,0.563333333333333,0.733222222222222,0.651190476190476,0.624541666666666,0.657904761904761,0.48875,0.6599375,0.64325,0.596,0.778812499999999,0.5219,0.64740909090909,0.605666666666666,0.524239999999999,0.600874999999999,0.509085714285714,0.513272727272727,0.479499999999999,0.483759999999999,0.498644444444444,0.474983606557377,0.533061538461538,0.468711864406779,0.430448979591836,0.582999999999999,0.54485,"[[1, 4], [2, 3]]"
0.032229999999999995,0.03077,0.03073,0.02816,0.027809999999999998,0.02804,0.03201,0.03049,0.02991,0.03337,0.03602,0.03798,0.03793,0.03814,0.03687,0.0359,0.03455,0.03434,0.033049999999999996,0.03404,0.039520000000000007,0.045,0.04547,0.04028,0.03325,0.02691,0.025,0.025,0.02441,0.02416,0.0253,0.02657,0.02978,0.03718,0.046079999999999996,0.0437,0.04186,0.038630000000000005,0.04076,0.038450000000000005,0.03384,0.03159,0.03201,0.03226,0.03587,0.03914,0.036899999999999995,0.03501,0.5102,0.434951219512195,0.45538,0.445446808510638,0.359605263157894,0.387314285714285,0.433333333333333,0.404162162162162,0.467595238095238,0.439756756756756,0.529699999999999,0.673999999999999,0.577647058823529,0.5236875,0.72015,0.630142857142857,0.465999999999999,0.514999999999999,0.439656249999999,0.562652173913043,0.650260869565217,0.563333333333333,0.733222222222222,0.651190476190476,0.624541666666666,0.657904761904761,0.48875,0.6599375,0.64325,0.596,0.778812499999999,0.5219,0.64740909090909,0.605666666666666,0.524239999999999,0.600874999999999,0.509085714285714,0.513272727272727,0.479499999999999,0.483759999999999,0.498644444444444,0.474983606557377,0.533061538461538,0.468711864406779,0.430448979591836,0.582999999999999,0.54485,0.6311,"[[2, 3], [1, 4]]"
0.03077,0.03073,0.02816,0.027809999999999998,0.02804,0.03201,0.03049,0.02991,0.03337,0.03602,0.03798,0.03793,0.03814,0.03687,0.0359,0.03455,0.03434,0.033049999999999996,0.03404,0.039520000000000007,0.045,0.04547,0.04028,0.03325,0.02691,0.025,0.025,0.02441,0.02416,0.0253,0.02657,0.02978,0.03718,0.046079999999999996,0.0437,0.04186,0.038630000000000005,0.04076,0.038450000000000005,0.03384,0.03159,0.03201,0.03226,0.03587,0.03914,0.036899999999999995,0.03501,0.03425,0.434951219512195,0.45538,0.445446808510638,0.359605263157894,0.387314285714285,0.433333333333333,0.404162162162162,0.467595238095238,0.439756756756756,0.529699999999999,0.673999999999999,0.577647058823529,0.5236875,0.72015,0.630142857142857,0.465999999999999,0.514999999999999,0.439656249999999,0.562652173913043,0.650260869565217,0.563333333333333,0.733222222222222,0.651190476190476,0.624541666666666,0.657904761904761,0.48875,0.6599375,0.64325,0.596,0.778812499999999,0.5219,0.64740909090909,0.605666666666666,0.524239999999999,0.600874999999999,0.509085714285714,0.513272727272727,0.479499999999999,0.483759999999999,0.498644444444444,0.474983606557377,0.533061538461538,0.468711864406779,0.430448979591836,0.582999999999999,0.54485,0.6311,0.555555555555555,"[[2, 3], [1, 4]]"
0.03073,0.02816,0.027809999999999998,0.02804,0.03201,0.03049,0.02991,0.03337,0.03602,0.03798,0.03793,0.03814,0.03687,0.0359,0.03455,0.03434,0.033049999999999996,0.03404,0.039520000000000007,0.045,0.04547,0.04028,0.03325,0.02691,0.025,0.025,0.02441,0.02416,0.0253,0.02657,0.02978,0.03718,0.046079999999999996,0.0437,0.04186,0.038630000000000005,0.04076,0.038450000000000005,0.03384,0.03159,0.03201,0.03226,0.03587,0.03914,0.036899999999999995,0.03501,0.03425,0.03138,0.45538,0.445446808510638,0.359605263157894,0.387314285714285,0.433333333333333,0.404162162162162,0.467595238095238,0.439756756756756,0.529699999999999,0.673999999999999,0.577647058823529,0.5236875,0.72015,0.630142857142857,0.465999999999999,0.514999999999999,0.439656249999999,0.562652173913043,0.650260869565217,0.563333333333333,0.733222222222222,0.651190476190476,0.624541666666666,0.657904761904761,0.48875,0.6599375,0.64325,0.596,0.778812499999999,0.5219,0.64740909090909,0.605666666666666,0.524239999999999,0.600874999999999,0.509085714285714,0.513272727272727,0.479499999999999,0.483759999999999,0.498644444444444,0.474983606557377,0.533061538461538,0.468711864406779,0.430448979591836,0.582999999999999,0.54485,0.6311,0.555555555555555,0.7788125,"[[2, 3], [1, 4]]"
0.02816,0.027809999999999998,0.02804,0.03201,0.03049,0.02991,0.03337,0.03602,0.03798,0.03793,0.03814,0.03687,0.0359,0.03455,0.03434,0.033049999999999996,0.03404,0.039520000000000007,0.045,0.04547,0.04028,0.03325,0.02691,0.025,0.025,0.02441,0.02416,0.0253,0.02657,0.02978,0.03718,0.046079999999999996,0.0437,0.04186,0.038630000000000005,0.04076,0.038450000000000005,0.03384,0.03159,0.03201,0.03226,0.03587,0.03914,0.036899999999999995,0.03501,0.03425,0.03138,0.03084,0.445446808510638,0.359605263157894,0.387314285714285,0.433333333333333,0.404162162162162,0.467595238095238,0.439756756756756,0.529699999999999,0.673999999999999,0.577647058823529,0.5236875,0.72015,0.630142857142857,0.465999999999999,0.514999999999999,0.439656249999999,0.562652173913043,0.650260869565217,0.563333333333333,0.733222222222222,0.651190476190476,0.624541666666666,0.657904761904761,0.48875,0.6599375,0.64325,0.596,0.778812499999999,0.5219,0.64740909090909,0.605666666666666,0.524239999999999,0.600874999999999,0.509085714285714,0.513272727272727,0.479499999999999,0.483759999999999,0.498644444444444,0.474983606557377,0.533061538461538,0.468711864406779,0.430448979591836,0.582999999999999,0.54485,0.6311,0.555555555555555,0.7788125,0.87875,"[[2, 3], [1, 4]]"
0.027809999999999998,0.02804,0.03201,0.03049,0.02991,0.03337,0.03602,0.03798,0.03793,0.03814,0.03687,0.0359,0.03455,0.03434,0.033049999999999996,0.03404,0.039520000000000007,0.045,0.04547,0.04028,0.03325,0.02691,0.025,0.025,0.02441,0.02416,0.0253,0.02657,0.02978,0.03718,0.046079999999999996,0.0437,0.04186,0.038630000000000005,0.04076,0.038450000000000005,0.03384,0.03159,0.03201,0.03226,0.03587,0.03914,0.036899999999999995,0.03501,0.03425,0.03138,0.03084,0.02982,0.359605263157894,0.387314285714285,0.433333333333333,0.404162162162162,0.467595238095238,0.439756756756756,0.529699999999999,0.673999999999999,0.577647058823529,0.5236875,0.72015,0.630142857142857,0.465999999999999,0.514999999999999,0.439656249999999,0.562652173913043,0.650260869565217,0.563333333333333,0.733222222222222,0.651190476190476,0.624541666666666,0.657904761904761,0.48875,0.6599375,0.64325,0.596,0.778812499999999,0.5219,0.64740909090909,0.605666666666666,0.524239999999999,0.600874999999999,0.509085714285714,0.513272727272727,0.479499999999999,0.483759999999999,0.498644444444444,0.474983606557377,0.533061538461538,0.468711864406779,0.430448979591836,0.582999999999999,0.54485,0.6311,0.555555555555555,0.7788125,0.87875,0.677249999999999,"[[2, 3], [1, 4]]"
0.02804,0.03201,0.03049,0.02991,0.03337,0.03602,0.03798,0.03793,0.03814,0.03687,0.0359,0.03455,0.03434,0.033049999999999996,0.03404,0.039520000000000007,0.045,0.04547,0.04028,0.03325,0.02691,0.025,0.025,0.02441,0.02416,0.0253,0.02657,0.02978,0.03718,0.046079999999999996,0.0437,0.04186,0.038630000000000005,0.04076,0.038450000000000005,0.03384,0.03159,0.03201,0.03226,0.03587,0.03914,0.036899999999999995,0.03501,0.03425,0.03138,0.03084,0.02982,0.02929,0.387314285714285,0.433333333333333,0.404162162162162,0.467595238095238,0.439756756756756,0.529699999999999,0.673999999999999,0.577647058823529,0.5236875,0.72015,0.630142857142857,0.465999999999999,0.514999999999999,0.439656249999999,0.562652173913043,0.650260869565217,0.563333333333333,0.733222222222222,0.651190476190476,0.624541666666666,0.657904761904761,0.48875,0.6599375,0.64325,0.596,0.778812499999999,0.5219,0.64740909090909,0.605666666666666,0.524239999999999,0.600874999999999,0.509085714285714,0.513272727272727,0.479499999999999,0.483759999999999,0.498644444444444,0.474983606557377,0.533061538461538,0.468711864406779,0.430448979591836,0.582999999999999,0.54485,0.6311,0.555555555555555,0.7788125,0.87875,0.677249999999999,0.697833333333333,"[[1, 4], [2, 3]]"
0.03201,0.03049,0.02991,0.03337,0.03602,0.03798,0.03793,0.03814,0.03687,0.0359,0.03455,0.03434,0.033049999999999996,0.03404,0.039520000000000007,0.045,0.04547,0.04028,0.03325,0.02691,0.025,0.025,0.02441,0.02416,0.0253,0.02657,0.02978,0.03718,0.046079999999999996,0.0437,0.04186,0.038630000000000005,0.04076,0.038450000000000005,0.03384,0.03159,0.03201,0.03226,0.03587,0.03914,0.036899999999999995,0.03501,0.03425,0.03138,0.03084,0.02982,0.02929,0.02995,0.433333333333333,0.404162162162162,0.467595238095238,0.439756756756756,0.529699999999999,0.673999999999999,0.577647058823529,0.5236875,0.72015,0.630142857142857,0.465999999999999,0.514999999999999,0.439656249999999,0.562652173913043,0.650260869565217,0.563333333333333,0.733222222222222,0.651190476190476,0.624541666666666,0.657904761904761,0.48875,0.6599375,0.64325,0.596,0.778812499999999,0.5219,0.64740909090909,0.605666666666666,0.524239999999999,0.600874999999999,0.509085714285714,0.513272727272727,0.479499999999999,0.483759999999999,0.498644444444444,0.474983606557377,0.533061538461538,0.468711864406779,0.430448979591836,0.582999999999999,0.54485,0.6311,0.555555555555555,0.7788125,0.87875,0.677249999999999,0.697833333333333,0.87875,"[[2, 3], [1, 4]]"
0.03049,0.02991,0.03337,0.03602,0.03798,0.03793,0.03814,0.03687,0.0359,0.03455,0.03434,0.033049999999999996,0.03404,0.039520000000000007,0.045,0.04547,0.04028,0.03325,0.02691,0.025,0.025,0.02441,0.02416,0.0253,0.02657,0.02978,0.03718,0.046079999999999996,0.0437,0.04186,0.038630000000000005,0.04076,0.038450000000000005,0.03384,0.03159,0.03201,0.03226,0.03587,0.03914,0.036899999999999995,0.03501,0.03425,0.03138,0.03084,0.02982,0.02929,0.02995,0.03022,0.404162162162162,0.467595238095238,0.439756756756756,0.529699999999999,0.673999999999999,0.577647058823529,0.5236875,0.72015,0.630142857142857,0.465999999999999,0.514999999999999,0.439656249999999,0.562652173913043,0.650260869565217,0.563333333333333,0.733222222222222,0.651190476190476,0.624541666666666,0.657904761904761,0.48875,0.6599375,0.64325,0.596,0.778812499999999,0.5219,0.64740909090909,0.605666666666666,0.524239999999999,0.600874999999999,0.509085714285714,0.513272727272727,0.479499999999999,0.483759999999999,0.498644444444444,0.474983606557377,0.533061538461538,0.468711864406779,0.430448979591836,0.582999999999999,0.54485,0.6311,0.555555555555555,0.7788125,0.87875,0.677249999999999,0.697833333333333,0.87875,0.709999999999999,"[[1, 4], [2, 3]]"
0.02991,0.03337,0.03602,0.03798,0.03793,0.03814,0.03687,0.0359,0.03455,0.03434,0.033049999999999996,0.03404,0.039520000000000007,0.045,0.04547,0.04028,0.03325,0.02691,0.025,0.025,0.02441,0.02416,0.0253,0.02657,0.02978,0.03718,0.046079999999999996,0.0437,0.04186,0.038630000000000005,0.04076,0.038450000000000005,0.03384,0.03159,0.03201,0.03226,0.03587,0.03914,0.036899999999999995,0.03501,0.03425,0.03138,0.03084,0.02982,0.02929,0.02995,0.03022,0.03151,0.467595238095238,0.439756756756756,0.529699999999999,0.673999999999999,0.577647058823529,0.5236875,0.72015,0.630142857142857,0.465999999999999,0.514999999999999,0.439656249999999,0.562652173913043,0.650260869565217,0.563333333333333,0.733222222222222,0.651190476190476,0.624541666666666,0.657904761904761,0.48875,0.6599375,0.64325,0.596,0.778812499999999,0.5219,0.64740909090909,0.605666666666666,0.524239999999999,0.600874999999999,0.509085714285714,0.513272727272727,0.479499999999999,0.483759999999999,0.498644444444444,0.474983606557377,0.533061538461538,0.468711864406779,0.430448979591836,0.582999999999999,0.54485,0.6311,0.555555555555555,0.7788125,0.87875,0.677249999999999,0.697833333333333,0.87875,0.709999999999999,0.586153846153846,"[[2, 3], [1, 4]]"
0.03337,0.03602,0.03798,0.03793,0.03814,0.03687,0.0359,0.03455,0.03434,0.033049999999999996,0.03404,0.039520000000000007,0.045,0.04547,0.04028,0.03325,0.02691,0.025,0.025,0.02441,0.02416,0.0253,0.02657,0.02978,0.03718,0.046079999999999996,0.0437,0.04186,0.038630000000000005,0.04076,0.038450000000000005,0.03384,0.03159,0.03201,0.03226,0.03587,0.03914,0.036899999999999995,0.03501,0.03425,0.03138,0.03084,0.02982,0.02929,0.02995,0.03022,0.03151,0.03279,0.439756756756756,0.529699999999999,0.673999999999999,0.577647058823529,0.5236875,0.72015,0.630142857142857,0.465999999999999,0.514999999999999,0.439656249999999,0.562652173913043,0.650260869565217,0.563333333333333,0.733222222222222,0.651190476190476,0.624541666666666,0.657904761904761,0.48875,0.6599375,0.64325,0.596,0.778812499999999,0.5219,0.64740909090909,0.605666666666666,0.524239999999999,0.600874999999999,0.509085714285714,0.513272727272727,0.479499999999999,0.483759999999999,0.498644444444444,0.474983606557377,0.533061538461538,0.468711864406779,0.430448979591836,0.582999999999999,0.54485,0.6311,0.555555555555555,0.7788125,0.87875,0.677249999999999,0.697833333333333,0.87875,0.709999999999999,0.586153846153846,0.6455,"[[1, 4], [2, 3]]"
0.03602,0.03798,0.03793,0.03814,0.03687,0.0359,0.03455,0.03434,0.033049999999999996,0.03404,0.039520000000000007,0.045,0.04547,0.04028,0.03325,0.02691,0.025,0.025,0.02441,0.02416,0.0253,0.02657,0.02978,0.03718,0.046079999999999996,0.0437,0.04186,0.038630000000000005,0.04076,0.038450000000000005,0.03384,0.03159,0.03201,0.03226,0.03587,0.03914,0.036899999999999995,0.03501,0.03425,0.03138,0.03084,0.02982,0.02929,0.02995,0.03022,0.03151,0.03279,0.038770000000000006,0.529699999999999,0.673999999999999,0.577647058823529,0.5236875,0.72015,0.630142857142857,0.465999999999999,0.514999999999999,0.439656249999999,0.562652173913043,0.650260869565217,0.563333333333333,0.733222222222222,0.651190476190476,0.624541666666666,0.657904761904761,0.48875,0.6599375,0.64325,0.596,0.778812499999999,0.5219,0.64740909090909,0.605666666666666,0.524239999999999,0.600874999999999,0.509085714285714,0.513272727272727,0.479499999999999,0.483759999999999,0.498644444444444,0.474983606557377,0.533061538461538,0.468711864406779,0.430448979591836,0.582999999999999,0.54485,0.6311,0.555555555555555,0.7788125,0.87875,0.677249999999999,0.697833333333333,0.87875,0.709999999999999,0.586153846153846,0.6455,0.68375,"[[1, 4], [2, 3]]"
0.03798,0.03793,0.03814,0.03687,0.0359,0.03455,0.03434,0.033049999999999996,0.03404,0.039520000000000007,0.045,0.04547,0.04028,0.03325,0.02691,0.025,0.025,0.02441,0.02416,0.0253,0.02657,0.02978,0.03718,0.046079999999999996,0.0437,0.04186,0.038630000000000005,0.04076,0.038450000000000005,0.03384,0.03159,0.03201,0.03226,0.03587,0.03914,0.036899999999999995,0.03501,0.03425,0.03138,0.03084,0.02982,0.02929,0.02995,0.03022,0.03151,0.03279,0.038770000000000006,0.04929,0.673999999999999,0.577647058823529,0.5236875,0.72015,0.630142857142857,0.465999999999999,0.514999999999999,0.439656249999999,0.562652173913043,0.650260869565217,0.563333333333333,0.733222222222222,0.651190476190476,0.624541666666666,0.657904761904761,0.48875,0.6599375,0.64325,0.596,0.778812499999999,0.5219,0.64740909090909,0.605666666666666,0.524239999999999,0.600874999999999,0.509085714285714,0.513272727272727,0.479499999999999,0.483759999999999,0.498644444444444,0.474983606557377,0.533061538461538,0.468711864406779,0.430448979591836,0.582999999999999,0.54485,0.6311,0.555555555555555,0.7788125,0.87875,0.677249999999999,0.697833333333333,0.87875,0.709999999999999,0.586153846153846,0.6455,0.68375,0.57205,"[[2, 3], [1, 4]]"
0.03793,0.03814,0.03687,0.0359,0.03455,0.03434,0.033049999999999996,0.03404,0.039520000000000007,0.045,0.04547,0.04028,0.03325,0.02691,0.025,0.025,0.02441,0.02416,0.0253,0.02657,0.02978,0.03718,0.046079999999999996,0.0437,0.04186,0.038630000000000005,0.04076,0.038450000000000005,0.03384,0.03159,0.03201,0.03226,0.03587,0.03914,0.036899999999999995,0.03501,0.03425,0.03138,0.03084,0.02982,0.02929,0.02995,0.03022,0.03151,0.03279,0.038770000000000006,0.04929,0.048530000000000004,0.577647058823529,0.5236875,0.72015,0.630142857142857,0.465999999999999,0.514999999999999,0.439656249999999,0.562652173913043,0.650260869565217,0.563333333333333,0.733222222222222,0.651190476190476,0.624541666666666,0.657904761904761,0.48875,0.6599375,0.64325,0.596,0.778812499999999,0.5219,0.64740909090909,0.605666666666666,0.524239999999999,0.600874999999999,0.509085714285714,0.513272727272727,0.479499999999999,0.483759999999999,0.498644444444444,0.474983606557377,0.533061538461538,0.468711864406779,0.430448979591836,0.582999999999999,0.54485,0.6311,0.555555555555555,0.7788125,0.87875,0.677249999999999,0.697833333333333,0.87875,0.709999999999999,0.586153846153846,0.6455,0.68375,0.57205,0.44656,"[[1, 4], [2, 3]]"
0.03814,0.03687,0.0359,0.03455,0.03434,0.033049999999999996,0.03404,0.039520000000000007,0.045,0.04547,0.04028,0.03325,0.02691,0.025,0.025,0.02441,0.02416,0.0253,0.02657,0.02978,0.03718,0.046079999999999996,0.0437,0.04186,0.038630000000000005,0.04076,0.038450000000000005,0.03384,0.03159,0.03201,0.03226,0.03587,0.03914,0.036899999999999995,0.03501,0.03425,0.03138,0.03084,0.02982,0.02929,0.02995,0.03022,0.03151,0.03279,0.038770000000000006,0.04929,0.048530000000000004,0.0441,0.5236875,0.72015,0.630142857142857,0.465999999999999,0.514999999999999,0.439656249999999,0.562652173913043,0.650260869565217,0.563333333333333,0.733222222222222,0.651190476190476,0.624541666666666,0.657904761904761,0.48875,0.6599375,0.64325,0.596,0.778812499999999,0.5219,0.64740909090909,0.605666666666666,0.524239999999999,0.600874999999999,0.509085714285714,0.513272727272727,0.479499999999999,0.483759999999999,0.498644444444444,0.474983606557377,0.533061538461538,0.468711864406779,0.430448979591836,0.582999999999999,0.54485,0.6311,0.555555555555555,0.7788125,0.87875,0.677249999999999,0.697833333333333,0.87875,0.709999999999999,0.586153846153846,0.6455,0.68375,0.57205,0.44656,0.453153846153846,"[[1, 4], [2, 3]]"
0.03687,0.0359,0.03455,0.03434,0.033049999999999996,0.03404,0.039520000000000007,0.045,0.04547,0.04028,0.03325,0.02691,0.025,0.025,0.02441,0.02416,0.0253,0.02657,0.02978,0.03718,0.046079999999999996,0.0437,0.04186,0.038630000000000005,0.04076,0.038450000000000005,0.03384,0.03159,0.03201,0.03226,0.03587,0.03914,0.036899999999999995,0.03501,0.03425,0.03138,0.03084,0.02982,0.02929,0.02995,0.03022,0.03151,0.03279,0.038770000000000006,0.04929,0.048530000000000004,0.0441,0.04433,0.72015,0.630142857142857,0.465999999999999,0.514999999999999,0.439656249999999,0.562652173913043,0.650260869565217,0.563333333333333,0.733222222222222,0.651190476190476,0.624541666666666,0.657904761904761,0.48875,0.6599375,0.64325,0.596,0.778812499999999,0.5219,0.64740909090909,0.605666666666666,0.524239999999999,0.600874999999999,0.509085714285714,0.513272727272727,0.479499999999999,0.483759999999999,0.498644444444444,0.474983606557377,0.533061538461538,0.468711864406779,0.430448979591836,0.582999999999999,0.54485,0.6311,0.555555555555555,0.7788125,0.87875,0.677249999999999,0.697833333333333,0.87875,0.709999999999999,0.586153846153846,0.6455,0.68375,0.57205,0.44656,0.453153846153846,0.58625,"[[1, 4], [2, 3]]"
0.0359,0.03455,0.03434,0.033049999999999996,0.03404,0.039520000000000007,0.045,0.04547,0.04028,0.03325,0.02691,0.025,0.025,0.02441,0.02416,0.0253,0.02657,0.02978,0.03718,0.046079999999999996,0.0437,0.04186,0.038630000000000005,0.04076,0.038450000000000005,0.03384,0.03159,0.03201,0.03226,0.03587,0.03914,0.036899999999999995,0.03501,0.03425,0.03138,0.03084,0.02982,0.02929,0.02995,0.03022,0.03151,0.03279,0.038770000000000006,0.04929,0.048530000000000004,0.0441,0.04433,0.04593,0.630142857142857,0.465999999999999,0.514999999999999,0.439656249999999,0.562652173913043,0.650260869565217,0.563333333333333,0.733222222222222,0.651190476190476,0.624541666666666,0.657904761904761,0.48875,0.6599375,0.64325,0.596,0.778812499999999,0.5219,0.64740909090909,0.605666666666666,0.524239999999999,0.600874999999999,0.509085714285714,0.513272727272727,0.479499999999999,0.483759999999999,0.498644444444444,0.474983606557377,0.533061538461538,0.468711864406779,0.430448979591836,0.582999999999999,0.54485,0.6311,0.555555555555555,0.7788125,0.87875,0.677249999999999,0.697833333333333,0.87875,0.709999999999999,0.586153846153846,0.6455,0.68375,0.57205,0.44656,0.453153846153846,0.58625,0.50978947368421,"[[1, 4], [2, 3]]"
0.03455,0.03434,0.033049999999999996,0.03404,0.039520000000000007,0.045,0.04547,0.04028,0.03325,0.02691,0.025,0.025,0.02441,0.02416,0.0253,0.02657,0.02978,0.03718,0.046079999999999996,0.0437,0.04186,0.038630000000000005,0.04076,0.038450000000000005,0.03384,0.03159,0.03201,0.03226,0.03587,0.03914,0.036899999999999995,0.03501,0.03425,0.03138,0.03084,0.02982,0.02929,0.02995,0.03022,0.03151,0.03279,0.038770000000000006,0.04929,0.048530000000000004,0.0441,0.04433,0.04593,0.042,0.465999999999999,0.514999999999999,0.439656249999999,0.562652173913043,0.650260869565217,0.563333333333333,0.733222222222222,0.651190476190476,0.624541666666666,0.657904761904761,0.48875,0.6599375,0.64325,0.596,0.778812499999999,0.5219,0.64740909090909,0.605666666666666,0.524239999999999,0.600874999999999,0.509085714285714,0.513272727272727,0.479499999999999,0.483759999999999,0.498644444444444,0.474983606557377,0.533061538461538,0.468711864406779,0.430448979591836,0.582999999999999,0.54485,0.6311,0.555555555555555,0.7788125,0.87875,0.677249999999999,0.697833333333333,0.87875,0.709999999999999,0.586153846153846,0.6455,0.68375,0.57205,0.44656,0.453153846153846,0.58625,0.50978947368421,0.5063,"[[1, 4], [2, 3]]"
0.03434,0.033049999999999996,0.03404,0.039520000000000007,0.045,0.04547,0.04028,0.03325,0.02691,0.025,0.025,0.02441,0.02416,0.0253,0.02657,0.02978,0.03718,0.046079999999999996,0.0437,0.04186,0.038630000000000005,0.04076,0.038450000000000005,0.03384,0.03159,0.03201,0.03226,0.03587,0.03914,0.036899999999999995,0.03501,0.03425,0.03138,0.03084,0.02982,0.02929,0.02995,0.03022,0.03151,0.03279,0.038770000000000006,0.04929,0.048530000000000004,0.0441,0.04433,0.04593,0.042,0.03968,0.514999999999999,0.439656249999999,0.562652173913043,0.650260869565217,0.563333333333333,0.733222222222222,0.651190476190476,0.624541666666666,0.657904761904761,0.48875,0.6599375,0.64325,0.596,0.778812499999999,0.5219,0.64740909090909,0.605666666666666,0.524239999999999,0.600874999999999,0.509085714285714,0.513272727272727,0.479499999999999,0.483759999999999,0.498644444444444,0.474983606557377,0.533061538461538,0.468711864406779,0.430448979591836,0.582999999999999,0.54485,0.6311,0.555555555555555,0.7788125,0.87875,0.677249999999999,0.697833333333333,0.87875,0.709999999999999,0.586153846153846,0.6455,0.68375,0.57205,0.44656,0.453153846153846,0.58625,0.50978947368421,0.5063,0.481785714285714,"[[2, 3], [1, 4]]"
0.033049999999999996,0.03404,0.039520000000000007,0.045,0.04547,0.04028,0.03325,0.02691,0.025,0.025,0.02441,0.02416,0.0253,0.02657,0.02978,0.03718,0.046079999999999996,0.0437,0.04186,0.038630000000000005,0.04076,0.038450000000000005,0.03384,0.03159,0.03201,0.03226,0.03587,0.03914,0.036899999999999995,0.03501,0.03425,0.03138,0.03084,0.02982,0.02929,0.02995,0.03022,0.03151,0.03279,0.038770000000000006,0.04929,0.048530000000000004,0.0441,0.04433,0.04593,0.042,0.03968,0.03785,0.439656249999999,0.562652173913043,0.650260869565217,0.563333333333333,0.733222222222222,0.651190476190476,0.624541666666666,0.657904761904761,0.48875,0.6599375,0.64325,0.596,0.778812499999999,0.5219,0.64740909090909,0.605666666666666,0.524239999999999,0.600874999999999,0.509085714285714,0.513272727272727,0.479499999999999,0.483759999999999,0.498644444444444,0.474983606557377,0.533061538461538,0.468711864406779,0.430448979591836,0.582999999999999,0.54485,0.6311,0.555555555555555,0.7788125,0.87875,0.677249999999999,0.697833333333333,0.87875,0.709999999999999,0.586153846153846,0.6455,0.68375,0.57205,0.44656,0.453153846153846,0.58625,0.50978947368421,0.5063,0.481785714285714,0.523571428571428,"[[1, 4], [2, 3]]"
0.03404,0.039520000000000007,0.045,0.04547,0.04028,0.03325,0.02691,0.025,0.025,0.02441,0.02416,0.0253,0.02657,0.02978,0.03718,0.046079999999999996,0.0437,0.04186,0.038630000000000005,0.04076,0.038450000000000005,0.03384,0.03159,0.03201,0.03226,0.03587,0.03914,0.036899999999999995,0.03501,0.03425,0.03138,0.03084,0.02982,0.02929,0.02995,0.03022,0.03151,0.03279,0.038770000000000006,0.04929,0.048530000000000004,0.0441,0.04433,0.04593,0.042,0.03968,0.03785,0.03693,0.562652173913043,0.650260869565217,0.563333333333333,0.733222222222222,0.651190476190476,0.624541666666666,0.657904761904761,0.48875,0.6599375,0.64325,0.596,0.778812499999999,0.5219,0.64740909090909,0.605666666666666,0.524239999999999,0.600874999999999,0.509085714285714,0.513272727272727,0.479499999999999,0.483759999999999,0.498644444444444,0.474983606557377,0.533061538461538,0.468711864406779,0.430448979591836,0.582999999999999,0.54485,0.6311,0.555555555555555,0.7788125,0.87875,0.677249999999999,0.697833333333333,0.87875,0.709999999999999,0.586153846153846,0.6455,0.68375,0.57205,0.44656,0.453153846153846,0.58625,0.50978947368421,0.5063,0.481785714285714,0.523571428571428,0.48875,"[[1, 4], [2, 3]]"
0.039520000000000007,0.045,0.04547,0.04028,0.03325,0.02691,0.025,0.025,0.02441,0.02416,0.0253,0.02657,0.02978,0.03718,0.046079999999999996,0.0437,0.04186,0.038630000000000005,0.04076,0.038450000000000005,0.03384,0.03159,0.03201,0.03226,0.03587,0.03914,0.036899999999999995,0.03501,0.03425,0.03138,0.03084,0.02982,0.02929,0.02995,0.03022,0.03151,0.03279,0.038770000000000006,0.04929,0.048530000000000004,0.0441,0.04433,0.04593,0.042,0.03968,0.03785,0.03693,0.038259999999999995,0.650260869565217,0.563333333333333,0.733222222222222,0.651190476190476,0.624541666666666,0.657904761904761,0.48875,0.6599375,0.64325,0.596,0.778812499999999,0.5219,0.64740909090909,0.605666666666666,0.524239999999999,0.600874999999999,0.509085714285714,0.513272727272727,0.479499999999999,0.483759999999999,0.498644444444444,0.474983606557377,0.533061538461538,0.468711864406779,0.430448979591836,0.582999999999999,0.54485,0.6311,0.555555555555555,0.7788125,0.87875,0.677249999999999,0.697833333333333,0.87875,0.709999999999999,0.586153846153846,0.6455,0.68375,0.57205,0.44656,0.453153846153846,0.58625,0.50978947368421,0.5063,0.481785714285714,0.523571428571428,0.48875,0.48875,"[[2, 3], [1, 4]]"
0.045,0.04547,0.04028,0.03325,0.02691,0.025,0.025,0.02441,0.02416,0.0253,0.02657,0.02978,0.03718,0.046079999999999996,0.0437,0.04186,0.038630000000000005,0.04076,0.038450000000000005,0.03384,0.03159,0.03201,0.03226,0.03587,0.03914,0.036899999999999995,0.03501,0.03425,0.03138,0.03084,0.02982,0.02929,0.02995,0.03022,0.03151,0.03279,0.038770000000000006,0.04929,0.048530000000000004,0.0441,0.04433,0.04593,0.042,0.03968,0.03785,0.03693,0.038259999999999995,0.04907,0.563333333333333,0.733222222222222,0.651190476190476,0.624541666666666,0.657904761904761,0.48875,0.6599375,0.64325,0.596,0.778812499999999,0.5219,0.64740909090909,0.605666666666666,0.524239999999999,0.600874999999999,0.509085714285714,0.513272727272727,0.479499999999999,0.483759999999999,0.498644444444444,0.474983606557377,0.533061538461538,0.468711864406779,0.430448979591836,0.582999999999999,0.54485,0.6311,0.555555555555555,0.7788125,0.87875,0.677249999999999,0.697833333333333,0.87875,0.709999999999999,0.586153846153846,0.6455,0.68375,0.57205,0.44656,0.453153846153846,0.58625,0.50978947368421,0.5063,0.481785714285714,0.523571428571428,0.48875,0.48875,0.406153846153846,"[[2, 3], [1, 4]]"
0.04547,0.04028,0.03325,0.02691,0.025,0.025,0.02441,0.02416,0.0253,0.02657,0.02978,0.03718,0.046079999999999996,0.0437,0.04186,0.038630000000000005,0.04076,0.038450000000000005,0.03384,0.03159,0.03201,0.03226,0.03587,0.03914,0.036899999999999995,0.03501,0.03425,0.03138,0.03084,0.02982,0.02929,0.02995,0.03022,0.03151,0.03279,0.038770000000000006,0.04929,0.048530000000000004,0.0441,0.04433,0.04593,0.042,0.03968,0.03785,0.03693,0.038259999999999995,0.04907,0.061560000000000004,0.733222222222222,0.651190476190476,0.624541666666666,0.657904761904761,0.48875,0.6599375,0.64325,0.596,0.778812499999999,0.5219,0.64740909090909,0.605666666666666,0.524239999999999,0.600874999999999,0.509085714285714,0.513272727272727,0.479499999999999,0.483759999999999,0.498644444444444,0.474983606557377,0.533061538461538,0.468711864406779,0.430448979591836,0.582999999999999,0.54485,0.6311,0.555555555555555,0.7788125,0.87875,0.677249999999999,0.697833333333333,0.87875,0.709999999999999,0.586153846153846,0.6455,0.68375,0.57205,0.44656,0.453153846153846,0.58625,0.50978947368421,0.5063,0.481785714285714,0.523571428571428,0.48875,0.48875,0.406153846153846,0.44,"[[2, 3], [1, 4]]"
0.04028,0.03325,0.02691,0.025,0.025,0.02441,0.02416,0.0253,0.02657,0.02978,0.03718,0.046079999999999996,0.0437,0.04186,0.038630000000000005,0.04076,0.038450000000000005,0.03384,0.03159,0.03201,0.03226,0.03587,0.03914,0.036899999999999995,0.03501,0.03425,0.03138,0.03084,0.02982,0.02929,0.02995,0.03022,0.03151,0.03279,0.038770000000000006,0.04929,0.048530000000000004,0.0441,0.04433,0.04593,0.042,0.03968,0.03785,0.03693,0.038259999999999995,0.04907,0.061560000000000004,0.05643,0.651190476190476,0.624541666666666,0.657904761904761,0.48875,0.6599375,0.64325,0.596,0.778812499999999,0.5219,0.64740909090909,0.605666666666666,0.524239999999999,0.600874999999999,0.509085714285714,0.513272727272727,0.479499999999999,0.483759999999999,0.498644444444444,0.474983606557377,0.533061538461538,0.468711864406779,0.430448979591836,0.582999999999999,0.54485,0.6311,0.555555555555555,0.7788125,0.87875,0.677249999999999,0.697833333333333,0.87875,0.709999999999999,0.586153846153846,0.6455,0.68375,0.57205,0.44656,0.453153846153846,0.58625,0.50978947368421,0.5063,0.481785714285714,0.523571428571428,0.48875,0.48875,0.406153846153846,0.44,0.48875,"[[2, 3], [1, 4]]"
0.03325,0.02691,0.025,0.025,0.02441,0.02416,0.0253,0.02657,0.02978,0.03718,0.046079999999999996,0.0437,0.04186,0.038630000000000005,0.04076,0.038450000000000005,0.03384,0.03159,0.03201,0.03226,0.03587,0.03914,0.036899999999999995,0.03501,0.03425,0.03138,0.03084,0.02982,0.02929,0.02995,0.03022,0.03151,0.03279,0.038770000000000006,0.04929,0.048530000000000004,0.0441,0.04433,0.04593,0.042,0.03968,0.03785,0.03693,0.038259999999999995,0.04907,0.061560000000000004,0.05643,0.04844,0.624541666666666,0.657904761904761,0.48875,0.6599375,0.64325,0.596,0.778812499999999,0.5219,0.64740909090909,0.605666666666666,0.524239999999999,0.600874999999999,0.509085714285714,0.513272727272727,0.479499999999999,0.483759999999999,0.498644444444444,0.474983606557377,0.533061538461538,0.468711864406779,0.430448979591836,0.582999999999999,0.54485,0.6311,0.555555555555555,0.7788125,0.87875,0.677249999999999,0.697833333333333,0.87875,0.709999999999999,0.586153846153846,0.6455,0.68375,0.57205,0.44656,0.453153846153846,0.58625,0.50978947368421,0.5063,0.481785714285714,0.523571428571428,0.48875,0.48875,0.406153846153846,0.44,0.48875,0.505928571428571,"[[1, 4], [2, 3]]"
0.02691,0.025,0.025,0.02441,0.02416,0.0253,0.02657,0.02978,0.03718,0.046079999999999996,0.0437,0.04186,0.038630000000000005,0.04076,0.038450000000000005,0.03384,0.03159,0.03201,0.03226,0.03587,0.03914,0.036899999999999995,0.03501,0.03425,0.03138,0.03084,0.02982,0.02929,0.02995,0.03022,0.03151,0.03279,0.038770000000000006,0.04929,0.048530000000000004,0.0441,0.04433,0.04593,0.042,0.03968,0.03785,0.03693,0.038259999999999995,0.04907,0.061560000000000004,0.05643,0.04844,0.046439999999999995,0.657904761904761,0.48875,0.6599375,0.64325,0.596,0.778812499999999,0.5219,0.64740909090909,0.605666666666666,0.524239999999999,0.600874999999999,0.509085714285714,0.513272727272727,0.479499999999999,0.483759999999999,0.498644444444444,0.474983606557377,0.533061538461538,0.468711864406779,0.430448979591836,0.582999999999999,0.54485,0.6311,0.555555555555555,0.7788125,0.87875,0.677249999999999,0.697833333333333,0.87875,0.709999999999999,0.586153846153846,0.6455,0.68375,0.57205,0.44656,0.453153846153846,0.58625,0.50978947368421,0.5063,0.481785714285714,0.523571428571428,0.48875,0.48875,0.406153846153846,0.44,0.48875,0.505928571428571,0.534714285714285,"[[2, 3], [1, 4]]"
0.025,0.025,0.02441,0.02416,0.0253,0.02657,0.02978,0.03718,0.046079999999999996,0.0437,0.04186,0.038630000000000005,0.04076,0.038450000000000005,0.03384,0.03159,0.03201,0.03226,0.03587,0.03914,0.036899999999999995,0.03501,0.03425,0.03138,0.03084,0.02982,0.02929,0.02995,0.03022,0.03151,0.03279,0.038770000000000006,0.04929,0.048530000000000004,0.0441,0.04433,0.04593,0.042,0.03968,0.03785,0.03693,0.038259999999999995,0.04907,0.061560000000000004,0.05643,0.04844,0.046439999999999995,0.047,0.48875,0.6599375,0.64325,0.596,0.778812499999999,0.5219,0.64740909090909,0.605666666666666,0.524239999999999,0.600874999999999,0.509085714285714,0.513272727272727,0.479499999999999,0.483759999999999,0.498644444444444,0.474983606557377,0.533061538461538,0.468711864406779,0.430448979591836,0.582999999999999,0.54485,0.6311,0.555555555555555,0.7788125,0.87875,0.677249999999999,0.697833333333333,0.87875,0.709999999999999,0.586153846153846,0.6455,0.68375,0.57205,0.44656,0.453153846153846,0.58625,0.50978947368421,0.5063,0.481785714285714,0.523571428571428,0.48875,0.48875,0.406153846153846,0.44,0.48875,0.505928571428571,0.534714285714285,0.485,"[[2, 3], [1, 4]]"
0.025,0.02441,0.02416,0.0253,0.02657,0.02978,0.03718,0.046079999999999996,0.0437,0.04186,0.038630000000000005,0.04076,0.038450000000000005,0.03384,0.03159,0.03201,0.03226,0.03587,0.03914,0.036899999999999995,0.03501,0.03425,0.03138,0.03084,0.02982,0.02929,0.02995,0.03022,0.03151,0.03279,0.038770000000000006,0.04929,0.048530000000000004,0.0441,0.04433,0.04593,0.042,0.03968,0.03785,0.03693,0.038259999999999995,0.04907,0.061560000000000004,0.05643,0.04844,0.046439999999999995,0.047,0.04575,0.6599375,0.64325,0.596,0.778812499999999,0.5219,0.64740909090909,0.605666666666666,0.524239999999999,0.600874999999999,0.509085714285714,0.513272727272727,0.479499999999999,0.483759999999999,0.498644444444444,0.474983606557377,0.533061538461538,0.468711864406779,0.430448979591836,0.582999999999999,0.54485,0.6311,0.555555555555555,0.7788125,0.87875,0.677249999999999,0.697833333333333,0.87875,0.709999999999999,0.586153846153846,0.6455,0.68375,0.57205,0.44656,0.453153846153846,0.58625,0.50978947368421,0.5063,0.481785714285714,0.523571428571428,0.48875,0.48875,0.406153846153846,0.44,0.48875,0.505928571428571,0.534714285714285,0.485,0.48875,"[[2, 3], [1, 4]]"
0.02441,0.02416,0.0253,0.02657,0.02978,0.03718,0.046079999999999996,0.0437,0.04186,0.038630000000000005,0.04076,0.038450000000000005,0.03384,0.03159,0.03201,0.03226,0.03587,0.03914,0.036899999999999995,0.03501,0.03425,0.03138,0.03084,0.02982,0.02929,0.02995,0.03022,0.03151,0.03279,0.038770000000000006,0.04929,0.048530000000000004,0.0441,0.04433,0.04593,0.042,0.03968,0.03785,0.03693,0.038259999999999995,0.04907,0.061560000000000004,0.05643,0.04844,0.046439999999999995,0.047,0.04575,0.045840000000000006,0.64325,0.596,0.778812499999999,0.5219,0.64740909090909,0.605666666666666,0.524239999999999,0.600874999999999,0.509085714285714,0.513272727272727,0.479499999999999,0.483759999999999,0.498644444444444,0.474983606557377,0.533061538461538,0.468711864406779,0.430448979591836,0.582999999999999,0.54485,0.6311,0.555555555555555,0.7788125,0.87875,0.677249999999999,0.697833333333333,0.87875,0.709999999999999,0.586153846153846,0.6455,0.68375,0.57205,0.44656,0.453153846153846,0.58625,0.50978947368421,0.5063,0.481785714285714,0.523571428571428,0.48875,0.48875,0.406153846153846,0.44,0.48875,0.505928571428571,0.534714285714285,0.485,0.48875,0.5765,"[[2, 3], [1, 4]]"
0.02416,0.0253,0.02657,0.02978,0.03718,0.046079999999999996,0.0437,0.04186,0.038630000000000005,0.04076,0.038450000000000005,0.03384,0.03159,0.03201,0.03226,0.03587,0.03914,0.036899999999999995,0.03501,0.03425,0.03138,0.03084,0.02982,0.02929,0.02995,0.03022,0.03151,0.03279,0.038770000000000006,0.04929,0.048530000000000004,0.0441,0.04433,0.04593,0.042,0.03968,0.03785,0.03693,0.038259999999999995,0.04907,0.061560000000000004,0.05643,0.04844,0.046439999999999995,0.047,0.04575,0.045840000000000006,0.04543,0.596,0.778812499999999,0.5219,0.64740909090909,0.605666666666666,0.524239999999999,0.600874999999999,0.509085714285714,0.513272727272727,0.479499999999999,0.483759999999999,0.498644444444444,0.474983606557377,0.533061538461538,0.468711864406779,0.430448979591836,0.582999999999999,0.54485,0.6311,0.555555555555555,0.7788125,0.87875,0.677249999999999,0.697833333333333,0.87875,0.709999999999999,0.586153846153846,0.6455,0.68375,0.57205,0.44656,0.453153846153846,0.58625,0.50978947368421,0.5063,0.481785714285714,0.523571428571428,0.48875,0.48875,0.406153846153846,0.44,0.48875,0.505928571428571,0.534714285714285,0.485,0.48875,0.5765,0.417823529411764,"[[2, 3], [1, 4]]"
0.0253,0.02657,0.02978,0.03718,0.046079999999999996,0.0437,0.04186,0.038630000000000005,0.04076,0.038450000000000005,0.03384,0.03159,0.03201,0.03226,0.03587,0.03914,0.036899999999999995,0.03501,0.03425,0.03138,0.03084,0.02982,0.02929,0.02995,0.03022,0.03151,0.03279,0.038770000000000006,0.04929,0.048530000000000004,0.0441,0.04433,0.04593,0.042,0.03968,0.03785,0.03693,0.038259999999999995,0.04907,0.061560000000000004,0.05643,0.04844,0.046439999999999995,0.047,0.04575,0.045840000000000006,0.04543,0.04709000000000001,0.778812499999999,0.5219,0.64740909090909,0.605666666666666,0.524239999999999,0.600874999999999,0.509085714285714,0.513272727272727,0.479499999999999,0.483759999999999,0.498644444444444,0.474983606557377,0.533061538461538,0.468711864406779,0.430448979591836,0.582999999999999,0.54485,0.6311,0.555555555555555,0.7788125,0.87875,0.677249999999999,0.697833333333333,0.87875,0.709999999999999,0.586153846153846,0.6455,0.68375,0.57205,0.44656,0.453153846153846,0.58625,0.50978947368421,0.5063,0.481785714285714,0.523571428571428,0.48875,0.48875,0.406153846153846,0.44,0.48875,0.505928571428571,0.534714285714285,0.485,0.48875,0.5765,0.417823529411764,0.2698,"[[1, 4], [2, 3]]"
0.02657,0.02978,0.03718,0.046079999999999996,0.0437,0.04186,0.038630000000000005,0.04076,0.038450000000000005,0.03384,0.03159,0.03201,0.03226,0.03587,0.03914,0.036899999999999995,0.03501,0.03425,0.03138,0.03084,0.02982,0.02929,0.02995,0.03022,0.03151,0.03279,0.038770000000000006,0.04929,0.048530000000000004,0.0441,0.04433,0.04593,0.042,0.03968,0.03785,0.03693,0.038259999999999995,0.04907,0.061560000000000004,0.05643,0.04844,0.046439999999999995,0.047,0.04575,0.045840000000000006,0.04543,0.04709000000000001,0.04615,0.5219,0.64740909090909,0.605666666666666,0.524239999999999,0.600874999999999,0.509085714285714,0.513272727272727,0.479499999999999,0.483759999999999,0.498644444444444,0.474983606557377,0.533061538461538,0.468711864406779,0.430448979591836,0.582999999999999,0.54485,0.6311,0.555555555555555,0.7788125,0.87875,0.677249999999999,0.697833333333333,0.87875,0.709999999999999,0.586153846153846,0.6455,0.68375,0.57205,0.44656,0.453153846153846,0.58625,0.50978947368421,0.5063,0.481785714285714,0.523571428571428,0.48875,0.48875,0.406153846153846,0.44,0.48875,0.505928571428571,0.534714285714285,0.485,0.48875,0.5765,0.417823529411764,0.2698,0.4244,"[[1, 4], [2, 3]]"
0.02978,0.03718,0.046079999999999996,0.0437,0.04186,0.038630000000000005,0.04076,0.038450000000000005,0.03384,0.03159,0.03201,0.03226,0.03587,0.03914,0.036899999999999995,0.03501,0.03425,0.03138,0.03084,0.02982,0.02929,0.02995,0.03022,0.03151,0.03279,0.038770000000000006,0.04929,0.048530000000000004,0.0441,0.04433,0.04593,0.042,0.03968,0.03785,0.03693,0.038259999999999995,0.04907,0.061560000000000004,0.05643,0.04844,0.046439999999999995,0.047,0.04575,0.045840000000000006,0.04543,0.04709000000000001,0.04615,0.04461,0.64740909090909,0.605666666666666,0.524239999999999,0.600874999999999,0.509085714285714,0.513272727272727,0.479499999999999,0.483759999999999,0.498644444444444,0.474983606557377,0.533061538461538,0.468711864406779,0.430448979591836,0.582999999999999,0.54485,0.6311,0.555555555555555,0.7788125,0.87875,0.677249999999999,0.697833333333333,0.87875,0.709999999999999,0.586153846153846,0.6455,0.68375,0.57205,0.44656,0.453153846153846,0.58625,0.50978947368421,0.5063,0.481785714285714,0.523571428571428,0.48875,0.48875,0.406153846153846,0.44,0.48875,0.505928571428571,0.534714285714285,0.485,0.48875,0.5765,0.417823529411764,0.2698,0.4244,0.534714285714285,"[[1, 4], [2, 3]]"
0.03718,0.046079999999999996,0.0437,0.04186,0.038630000000000005,0.04076,0.038450000000000005,0.03384,0.03159,0.03201,0.03226,0.03587,0.03914,0.036899999999999995,0.03501,0.03425,0.03138,0.03084,0.02982,0.02929,0.02995,0.03022,0.03151,0.03279,0.038770000000000006,0.04929,0.048530000000000004,0.0441,0.04433,0.04593,0.042,0.03968,0.03785,0.03693,0.038259999999999995,0.04907,0.061560000000000004,0.05643,0.04844,0.046439999999999995,0.047,0.04575,0.045840000000000006,0.04543,0.04709000000000001,0.04615,0.04461,0.04624,0.605666666666666,0.524239999999999,0.600874999999999,0.509085714285714,0.513272727272727,0.479499999999999,0.483759999999999,0.498644444444444,0.474983606557377,0.533061538461538,0.468711864406779,0.430448979591836,0.582999999999999,0.54485,0.6311,0.555555555555555,0.7788125,0.87875,0.677249999999999,0.697833333333333,0.87875,0.709999999999999,0.586153846153846,0.6455,0.68375,0.57205,0.44656,0.453153846153846,0.58625,0.50978947368421,0.5063,0.481785714285714,0.523571428571428,0.48875,0.48875,0.406153846153846,0.44,0.48875,0.505928571428571,0.534714285714285,0.485,0.48875,0.5765,0.417823529411764,0.2698,0.4244,0.534714285714285,0.554222222222222,"[[1, 4], [2, 3]]"
0.046079999999999996,0.0437,0.04186,0.038630000000000005,0.04076,0.038450000000000005,0.03384,0.03159,0.03201,0.03226,0.03587,0.03914,0.036899999999999995,0.03501,0.03425,0.03138,0.03084,0.02982,0.02929,0.02995,0.03022,0.03151,0.03279,0.038770000000000006,0.04929,0.048530000000000004,0.0441,0.04433,0.04593,0.042,0.03968,0.03785,0.03693,0.038259999999999995,0.04907,0.061560000000000004,0.05643,0.04844,0.046439999999999995,0.047,0.04575,0.045840000000000006,0.04543,0.04709000000000001,0.04615,0.04461,0.04624,0.05854,0.524239999999999,0.600874999999999,0.509085714285714,0.513272727272727,0.479499999999999,0.483759999999999,0.498644444444444,0.474983606557377,0.533061538461538,0.468711864406779,0.430448979591836,0.582999999999999,0.54485,0.6311,0.555555555555555,0.7788125,0.87875,0.677249999999999,0.697833333333333,0.87875,0.709999999999999,0.586153846153846,0.6455,0.68375,0.57205,0.44656,0.453153846153846,0.58625,0.50978947368421,0.5063,0.481785714285714,0.523571428571428,0.48875,0.48875,0.406153846153846,0.44,0.48875,0.505928571428571,0.534714285714285,0.485,0.48875,0.5765,0.417823529411764,0.2698,0.4244,0.534714285714285,0.554222222222222,0.529439999999999,"[[1, 4], [2, 3]]"
0.0437,0.04186,0.038630000000000005,0.04076,0.038450000000000005,0.03384,0.03159,0.03201,0.03226,0.03587,0.03914,0.036899999999999995,0.03501,0.03425,0.03138,0.03084,0.02982,0.02929,0.02995,0.03022,0.03151,0.03279,0.038770000000000006,0.04929,0.048530000000000004,0.0441,0.04433,0.04593,0.042,0.03968,0.03785,0.03693,0.038259999999999995,0.04907,0.061560000000000004,0.05643,0.04844,0.046439999999999995,0.047,0.04575,0.045840000000000006,0.04543,0.04709000000000001,0.04615,0.04461,0.04624,0.05854,0.07772,0.600874999999999,0.509085714285714,0.513272727272727,0.479499999999999,0.483759999999999,0.498644444444444,0.474983606557377,0.533061538461538,0.468711864406779,0.430448979591836,0.582999999999999,0.54485,0.6311,0.555555555555555,0.7788125,0.87875,0.677249999999999,0.697833333333333,0.87875,0.709999999999999,0.586153846153846,0.6455,0.68375,0.57205,0.44656,0.453153846153846,0.58625,0.50978947368421,0.5063,0.481785714285714,0.523571428571428,0.48875,0.48875,0.406153846153846,0.44,0.48875,0.505928571428571,0.534714285714285,0.485,0.48875,0.5765,0.417823529411764,0.2698,0.4244,0.534714285714285,0.554222222222222,0.529439999999999,0.443176470588235,"[[2, 3], [1, 4]]"
0.04186,0.038630000000000005,0.04076,0.038450000000000005,0.03384,0.03159,0.03201,0.03226,0.03587,0.03914,0.036899999999999995,0.03501,0.03425,0.03138,0.03084,0.02982,0.02929,0.02995,0.03022,0.03151,0.03279,0.038770000000000006,0.04929,0.048530000000000004,0.0441,0.04433,0.04593,0.042,0.03968,0.03785,0.03693,0.038259999999999995,0.04907,0.061560000000000004,0.05643,0.04844,0.046439999999999995,0.047,0.04575,0.045840000000000006,0.04543,0.04709000000000001,0.04615,0.04461,0.04624,0.05854,0.07772,0.06984,0.509085714285714,0.513272727272727,0.479499999999999,0.483759999999999,0.498644444444444,0.474983606557377,0.533061538461538,0.468711864406779,0.430448979591836,0.582999999999999,0.54485,0.6311,0.555555555555555,0.7788125,0.87875,0.677249999999999,0.697833333333333,0.87875,0.709999999999999,0.586153846153846,0.6455,0.68375,0.57205,0.44656,0.453153846153846,0.58625,0.50978947368421,0.5063,0.481785714285714,0.523571428571428,0.48875,0.48875,0.406153846153846,0.44,0.48875,0.505928571428571,0.534714285714285,0.485,0.48875,0.5765,0.417823529411764,0.2698,0.4244,0.534714285714285,0.554222222222222,0.529439999999999,0.443176470588235,0.443312499999999,"[[2, 3], [1, 4]]"
0.038630000000000005,0.04076,0.038450000000000005,0.03384,0.03159,0.03201,0.03226,0.03587,0.03914,0.036899999999999995,0.03501,0.03425,0.03138,0.03084,0.02982,0.02929,0.02995,0.03022,0.03151,0.03279,0.038770000000000006,0.04929,0.048530000000000004,0.0441,0.04433,0.04593,0.042,0.03968,0.03785,0.03693,0.038259999999999995,0.04907,0.061560000000000004,0.05643,0.04844,0.046439999999999995,0.047,0.04575,0.045840000000000006,0.04543,0.04709000000000001,0.04615,0.04461,0.04624,0.05854,0.07772,0.06984,0.0591,0.513272727272727,0.479499999999999,0.483759999999999,0.498644444444444,0.474983606557377,0.533061538461538,0.468711864406779,0.430448979591836,0.582999999999999,0.54485,0.6311,0.555555555555555,0.7788125,0.87875,0.677249999999999,0.697833333333333,0.87875,0.709999999999999,0.586153846153846,0.6455,0.68375,0.57205,0.44656,0.453153846153846,0.58625,0.50978947368421,0.5063,0.481785714285714,0.523571428571428,0.48875,0.48875,0.406153846153846,0.44,0.48875,0.505928571428571,0.534714285714285,0.485,0.48875,0.5765,0.417823529411764,0.2698,0.4244,0.534714285714285,0.554222222222222,0.529439999999999,0.443176470588235,0.443312499999999,0.424156249999999,"[[1, 4], [2, 3]]"
0.04076,0.038450000000000005,0.03384,0.03159,0.03201,0.03226,0.03587,0.03914,0.036899999999999995,0.03501,0.03425,0.03138,0.03084,0.02982,0.02929,0.02995,0.03022,0.03151,0.03279,0.038770000000000006,0.04929,0.048530000000000004,0.0441,0.04433,0.04593,0.042,0.03968,0.03785,0.03693,0.038259999999999995,0.04907,0.061560000000000004,0.05643,0.04844,0.046439999999999995,0.047,0.04575,0.045840000000000006,0.04543,0.04709000000000001,0.04615,0.04461,0.04624,0.05854,0.07772,0.06984,0.0591,0.05,0.479499999999999,0.483759999999999,0.498644444444444,0.474983606557377,0.533061538461538,0.468711864406779,0.430448979591836,0.582999999999999,0.54485,0.6311,0.555555555555555,0.7788125,0.87875,0.677249999999999,0.697833333333333,0.87875,0.709999999999999,0.586153846153846,0.6455,0.68375,0.57205,0.44656,0.453153846153846,0.58625,0.50978947368421,0.5063,0.481785714285714,0.523571428571428,0.48875,0.48875,0.406153846153846,0.44,0.48875,0.505928571428571,0.534714285714285,0.485,0.48875,0.5765,0.417823529411764,0.2698,0.4244,0.534714285714285,0.554222222222222,0.529439999999999,0.443176470588235,0.443312499999999,0.424156249999999,0.532857142857142,"[[1, 4], [2, 3]]"
0.038450000000000005,0.03384,0.03159,0.03201,0.03226,0.03587,0.03914,0.036899999999999995,0.03501,0.03425,0.03138,0.03084,0.02982,0.02929,0.02995,0.03022,0.03151,0.03279,0.038770000000000006,0.04929,0.048530000000000004,0.0441,0.04433,0.04593,0.042,0.03968,0.03785,0.03693,0.038259999999999995,0.04907,0.061560000000000004,0.05643,0.04844,0.046439999999999995,0.047,0.04575,0.045840000000000006,0.04543,0.04709000000000001,0.04615,0.04461,0.04624,0.05854,0.07772,0.06984,0.0591,0.05,0.04376,0.483759999999999,0.498644444444444,0.474983606557377,0.533061538461538,0.468711864406779,0.430448979591836,0.582999999999999,0.54485,0.6311,0.555555555555555,0.7788125,0.87875,0.677249999999999,0.697833333333333,0.87875,0.709999999999999,0.586153846153846,0.6455,0.68375,0.57205,0.44656,0.453153846153846,0.58625,0.50978947368421,0.5063,0.481785714285714,0.523571428571428,0.48875,0.48875,0.406153846153846,0.44,0.48875,0.505928571428571,0.534714285714285,0.485,0.48875,0.5765,0.417823529411764,0.2698,0.4244,0.534714285714285,0.554222222222222,0.529439999999999,0.443176470588235,0.443312499999999,0.424156249999999,0.532857142857142,0.418622222222221,"[[1, 4], [2, 3]]"
0.03384,0.03159,0.03201,0.03226,0.03587,0.03914,0.036899999999999995,0.03501,0.03425,0.03138,0.03084,0.02982,0.02929,0.02995,0.03022,0.03151,0.03279,0.038770000000000006,0.04929,0.048530000000000004,0.0441,0.04433,0.04593,0.042,0.03968,0.03785,0.03693,0.038259999999999995,0.04907,0.061560000000000004,0.05643,0.04844,0.046439999999999995,0.047,0.04575,0.045840000000000006,0.04543,0.04709000000000001,0.04615,0.04461,0.04624,0.05854,0.07772,0.06984,0.0591,0.05,0.04376,0.0356,0.498644444444444,0.474983606557377,0.533061538461538,0.468711864406779,0.430448979591836,0.582999999999999,0.54485,0.6311,0.555555555555555,0.7788125,0.87875,0.677249999999999,0.697833333333333,0.87875,0.709999999999999,0.586153846153846,0.6455,0.68375,0.57205,0.44656,0.453153846153846,0.58625,0.50978947368421,0.5063,0.481785714285714,0.523571428571428,0.48875,0.48875,0.406153846153846,0.44,0.48875,0.505928571428571,0.534714285714285,0.485,0.48875,0.5765,0.417823529411764,0.2698,0.4244,0.534714285714285,0.554222222222222,0.529439999999999,0.443176470588235,0.443312499999999,0.424156249999999,0.532857142857142,0.418622222222221,0.508288461538461,"[[1, 4], [2, 3]]"
0.03159,0.03201,0.03226,0.03587,0.03914,0.036899999999999995,0.03501,0.03425,0.03138,0.03084,0.02982,0.02929,0.02995,0.03022,0.03151,0.03279,0.038770000000000006,0.04929,0.048530000000000004,0.0441,0.04433,0.04593,0.042,0.03968,0.03785,0.03693,0.038259999999999995,0.04907,0.061560000000000004,0.05643,0.04844,0.046439999999999995,0.047,0.04575,0.045840000000000006,0.04543,0.04709000000000001,0.04615,0.04461,0.04624,0.05854,0.07772,0.06984,0.0591,0.05,0.04376,0.0356,0.03134,0.474983606557377,0.533061538461538,0.468711864406779,0.430448979591836,0.582999999999999,0.54485,0.6311,0.555555555555555,0.7788125,0.87875,0.677249999999999,0.697833333333333,0.87875,0.709999999999999,0.586153846153846,0.6455,0.68375,0.57205,0.44656,0.453153846153846,0.58625,0.50978947368421,0.5063,0.481785714285714,0.523571428571428,0.48875,0.48875,0.406153846153846,0.44,0.48875,0.505928571428571,0.534714285714285,0.485,0.48875,0.5765,0.417823529411764,0.2698,0.4244,0.534714285714285,0.554222222222222,0.529439999999999,0.443176470588235,0.443312499999999,0.424156249999999,0.532857142857142,0.418622222222221,0.508288461538461,0.527749999999999,"[[2, 3], [1, 4]]"
0.03201,0.03226,0.03587,0.03914,0.036899999999999995,0.03501,0.03425,0.03138,0.03084,0.02982,0.02929,0.02995,0.03022,0.03151,0.03279,0.038770000000000006,0.04929,0.048530000000000004,0.0441,0.04433,0.04593,0.042,0.03968,0.03785,0.03693,0.038259999999999995,0.04907,0.061560000000000004,0.05643,0.04844,0.046439999999999995,0.047,0.04575,0.045840000000000006,0.04543,0.04709000000000001,0.04615,0.04461,0.04624,0.05854,0.07772,0.06984,0.0591,0.05,0.04376,0.0356,0.03134,0.02989,0.533061538461538,0.468711864406779,0.430448979591836,0.582999999999999,0.54485,0.6311,0.555555555555555,0.7788125,0.87875,0.677249999999999,0.697833333333333,0.87875,0.709999999999999,0.586153846153846,0.6455,0.68375,0.57205,0.44656,0.453153846153846,0.58625,0.50978947368421,0.5063,0.481785714285714,0.523571428571428,0.48875,0.48875,0.406153846153846,0.44,0.48875,0.505928571428571,0.534714285714285,0.485,0.48875,0.5765,0.417823529411764,0.2698,0.4244,0.534714285714285,0.554222222222222,0.529439999999999,0.443176470588235,0.443312499999999,0.424156249999999,0.532857142857142,0.418622222222221,0.508288461538461,0.527749999999999,0.529249999999999,"[[2, 3], [1, 4]]"
0.03226,0.03587,0.03914,0.036899999999999995,0.03501,0.03425,0.03138,0.03084,0.02982,0.02929,0.02995,0.03022,0.03151,0.03279,0.038770000000000006,0.04929,0.048530000000000004,0.0441,0.04433,0.04593,0.042,0.03968,0.03785,0.03693,0.038259999999999995,0.04907,0.061560000000000004,0.05643,0.04844,0.046439999999999995,0.047,0.04575,0.045840000000000006,0.04543,0.04709000000000001,0.04615,0.04461,0.04624,0.05854,0.07772,0.06984,0.0591,0.05,0.04376,0.0356,0.03134,0.02989,0.027149999999999997,0.468711864406779,0.430448979591836,0.582999999999999,0.54485,0.6311,0.555555555555555,0.7788125,0.87875,0.677249999999999,0.697833333333333,0.87875,0.709999999999999,0.586153846153846,0.6455,0.68375,0.57205,0.44656,0.453153846153846,0.58625,0.50978947368421,0.5063,0.481785714285714,0.523571428571428,0.48875,0.48875,0.406153846153846,0.44,0.48875,0.505928571428571,0.534714285714285,0.485,0.48875,0.5765,0.417823529411764,0.2698,0.4244,0.534714285714285,0.554222222222222,0.529439999999999,0.443176470588235,0.443312499999999,0.424156249999999,0.532857142857142,0.418622222222221,0.508288461538461,0.527749999999999,0.529249999999999,0.551428571428571,"[[2, 3], [1, 4]]"
0.03587,0.03914,0.036899999999999995,0.03501,0.03425,0.03138,0.03084,0.02982,0.02929,0.02995,0.03022,0.03151,0.03279,0.038770000000000006,0.04929,0.048530000000000004,0.0441,0.04433,0.04593,0.042,0.03968,0.03785,0.03693,0.038259999999999995,0.04907,0.061560000000000004,0.05643,0.04844,0.046439999999999995,0.047,0.04575,0.045840000000000006,0.04543,0.04709000000000001,0.04615,0.04461,0.04624,0.05854,0.07772,0.06984,0.0591,0.05,0.04376,0.0356,0.03134,0.02989,0.027149999999999997,0.02834,0.430448979591836,0.582999999999999,0.54485,0.6311,0.555555555555555,0.7788125,0.87875,0.677249999999999,0.697833333333333,0.87875,0.709999999999999,0.586153846153846,0.6455,0.68375,0.57205,0.44656,0.453153846153846,0.58625,0.50978947368421,0.5063,0.481785714285714,0.523571428571428,0.48875,0.48875,0.406153846153846,0.44,0.48875,0.505928571428571,0.534714285714285,0.485,0.48875,0.5765,0.417823529411764,0.2698,0.4244,0.534714285714285,0.554222222222222,0.529439999999999,0.443176470588235,0.443312499999999,0.424156249999999,0.532857142857142,0.418622222222221,0.508288461538461,0.527749999999999,0.529249999999999,0.551428571428571,0.537499999999999,"[[2, 3], [1, 4]]"
0.03914,0.036899999999999995,0.03501,0.03425,0.03138,0.03084,0.02982,0.02929,0.02995,0.03022,0.03151,0.03279,0.038770000000000006,0.04929,0.048530000000000004,0.0441,0.04433,0.04593,0.042,0.03968,0.03785,0.03693,0.038259999999999995,0.04907,0.061560000000000004,0.05643,0.04844,0.046439999999999995,0.047,0.04575,0.045840000000000006,0.04543,0.04709000000000001,0.04615,0.04461,0.04624,0.05854,0.07772,0.06984,0.0591,0.05,0.04376,0.0356,0.03134,0.02989,0.027149999999999997,0.02834,0.03599,0.582999999999999,0.54485,0.6311,0.555555555555555,0.7788125,0.87875,0.677249999999999,0.697833333333333,0.87875,0.709999999999999,0.586153846153846,0.6455,0.68375,0.57205,0.44656,0.453153846153846,0.58625,0.50978947368421,0.5063,0.481785714285714,0.523571428571428,0.48875,0.48875,0.406153846153846,0.44,0.48875,0.505928571428571,0.534714285714285,0.485,0.48875,0.5765,0.417823529411764,0.2698,0.4244,0.534714285714285,0.554222222222222,0.529439999999999,0.443176470588235,0.443312499999999,0.424156249999999,0.532857142857142,0.418622222222221,0.508288461538461,0.527749999999999,0.529249999999999,0.551428571428571,0.537499999999999,0.570649999999999,"[[1, 4], [2, 3]]"
0.036899999999999995,0.03501,0.03425,0.03138,0.03084,0.02982,0.02929,0.02995,0.03022,0.03151,0.03279,0.038770000000000006,0.04929,0.048530000000000004,0.0441,0.04433,0.04593,0.042,0.03968,0.03785,0.03693,0.038259999999999995,0.04907,0.061560000000000004,0.05643,0.04844,0.046439999999999995,0.047,0.04575,0.045840000000000006,0.04543,0.04709000000000001,0.04615,0.04461,0.04624,0.05854,0.07772,0.06984,0.0591,0.05,0.04376,0.0356,0.03134,0.02989,0.027149999999999997,0.02834,0.03599,0.04217,0.54485,0.6311,0.555555555555555,0.7788125,0.87875,0.677249999999999,0.697833333333333,0.87875,0.709999999999999,0.586153846153846,0.6455,0.68375,0.57205,0.44656,0.453153846153846,0.58625,0.50978947368421,0.5063,0.481785714285714,0.523571428571428,0.48875,0.48875,0.406153846153846,0.44,0.48875,0.505928571428571,0.534714285714285,0.485,0.48875,0.5765,0.417823529411764,0.2698,0.4244,0.534714285714285,0.554222222222222,0.529439999999999,0.443176470588235,0.443312499999999,0.424156249999999,0.532857142857142,0.418622222222221,0.508288461538461,0.527749999999999,0.529249999999999,0.551428571428571,0.537499999999999,0.570649999999999,0.501717948717948,"[[2, 3], [1, 4]]"
0.03501,0.03425,0.03138,0.03084,0.02982,0.02929,0.02995,0.03022,0.03151,0.03279,0.038770000000000006,0.04929,0.048530000000000004,0.0441,0.04433,0.04593,0.042,0.03968,0.03785,0.03693,0.038259999999999995,0.04907,0.061560000000000004,0.05643,0.04844,0.046439999999999995,0.047,0.04575,0.045840000000000006,0.04543,0.04709000000000001,0.04615,0.04461,0.04624,0.05854,0.07772,0.06984,0.0591,0.05,0.04376,0.0356,0.03134,0.02989,0.027149999999999997,0.02834,0.03599,0.04217,0.03575,0.6311,0.555555555555555,0.7788125,0.87875,0.677249999999999,0.697833333333333,0.87875,0.709999999999999,0.586153846153846,0.6455,0.68375,0.57205,0.44656,0.453153846153846,0.58625,0.50978947368421,0.5063,0.481785714285714,0.523571428571428,0.48875,0.48875,0.406153846153846,0.44,0.48875,0.505928571428571,0.534714285714285,0.485,0.48875,0.5765,0.417823529411764,0.2698,0.4244,0.534714285714285,0.554222222222222,0.529439999999999,0.443176470588235,0.443312499999999,0.424156249999999,0.532857142857142,0.418622222222221,0.508288461538461,0.527749999999999,0.529249999999999,0.551428571428571,0.537499999999999,0.570649999999999,0.501717948717948,0.539124999999999,"[[2, 3], [1, 4]]"
0.03425,0.03138,0.03084,0.02982,0.02929,0.02995,0.03022,0.03151,0.03279,0.038770000000000006,0.04929,0.048530000000000004,0.0441,0.04433,0.04593,0.042,0.03968,0.03785,0.03693,0.038259999999999995,0.04907,0.061560000000000004,0.05643,0.04844,0.046439999999999995,0.047,0.04575,0.045840000000000006,0.04543,0.04709000000000001,0.04615,0.04461,0.04624,0.05854,0.07772,0.06984,0.0591,0.05,0.04376,0.0356,0.03134,0.02989,0.027149999999999997,0.02834,0.03599,0.04217,0.03575,0.03226,0.555555555555555,0.7788125,0.87875,0.677249999999999,0.697833333333333,0.87875,0.709999999999999,0.586153846153846,0.6455,0.68375,0.57205,0.44656,0.453153846153846,0.58625,0.50978947368421,0.5063,0.481785714285714,0.523571428571428,0.48875,0.48875,0.406153846153846,0.44,0.48875,0.505928571428571,0.534714285714285,0.485,0.48875,0.5765,0.417823529411764,0.2698,0.4244,0.534714285714285,0.554222222222222,0.529439999999999,0.443176470588235,0.443312499999999,0.424156249999999,0.532857142857142,0.418622222222221,0.508288461538461,0.527749999999999,0.529249999999999,0.551428571428571,0.537499999999999,0.570649999999999,0.501717948717948,0.539124999999999,0.510019999999999,"[[1, 4], [2, 3]]"
0.03138,0.03084,0.02982,0.02929,0.02995,0.03022,0.03151,0.03279,0.038770000000000006,0.04929,0.048530000000000004,0.0441,0.04433,0.04593,0.042,0.03968,0.03785,0.03693,0.038259999999999995,0.04907,0.061560000000000004,0.05643,0.04844,0.046439999999999995,0.047,0.04575,0.045840000000000006,0.04543,0.04709000000000001,0.04615,0.04461,0.04624,0.05854,0.07772,0.06984,0.0591,0.05,0.04376,0.0356,0.03134,0.02989,0.027149999999999997,0.02834,0.03599,0.04217,0.03575,0.03226,0.032240000000000005,0.7788125,0.87875,0.677249999999999,0.697833333333333,0.87875,0.709999999999999,0.586153846153846,0.6455,0.68375,0.57205,0.44656,0.453153846153846,0.58625,0.50978947368421,0.5063,0.481785714285714,0.523571428571428,0.48875,0.48875,0.406153846153846,0.44,0.48875,0.505928571428571,0.534714285714285,0.485,0.48875,0.5765,0.417823529411764,0.2698,0.4244,0.534714285714285,0.554222222222222,0.529439999999999,0.443176470588235,0.443312499999999,0.424156249999999,0.532857142857142,0.418622222222221,0.508288461538461,0.527749999999999,0.529249999999999,0.551428571428571,0.537499999999999,0.570649999999999,0.501717948717948,0.539124999999999,0.510019999999999,0.469127659574468,"[[1, 4], [2, 3]]"
0.03084,0.02982,0.02929,0.02995,0.03022,0.03151,0.03279,0.038770000000000006,0.04929,0.048530000000000004,0.0441,0.04433,0.04593,0.042,0.03968,0.03785,0.03693,0.038259999999999995,0.04907,0.061560000000000004,0.05643,0.04844,0.046439999999999995,0.047,0.04575,0.045840000000000006,0.04543,0.04709000000000001,0.04615,0.04461,0.04624,0.05854,0.07772,0.06984,0.0591,0.05,0.04376,0.0356,0.03134,0.02989,0.027149999999999997,0.02834,0.03599,0.04217,0.03575,0.03226,0.032240000000000005,0.02526,0.87875,0.677249999999999,0.697833333333333,0.87875,0.709999999999999,0.586153846153846,0.6455,0.68375,0.57205,0.44656,0.453153846153846,0.58625,0.50978947368421,0.5063,0.481785714285714,0.523571428571428,0.48875,0.48875,0.406153846153846,0.44,0.48875,0.505928571428571,0.534714285714285,0.485,0.48875,0.5765,0.417823529411764,0.2698,0.4244,0.534714285714285,0.554222222222222,0.529439999999999,0.443176470588235,0.443312499999999,0.424156249999999,0.532857142857142,0.418622222222221,0.508288461538461,0.527749999999999,0.529249999999999,0.551428571428571,0.537499999999999,0.570649999999999,0.501717948717948,0.539124999999999,0.510019999999999,0.469127659574468,0.589931034482758,"[[1, 4], [2, 3]]"
0.02982,0.02929,0.02995,0.03022,0.03151,0.03279,0.038770000000000006,0.04929,0.048530000000000004,0.0441,0.04433,0.04593,0.042,0.03968,0.03785,0.03693,0.038259999999999995,0.04907,0.061560000000000004,0.05643,0.04844,0.046439999999999995,0.047,0.04575,0.045840000000000006,0.04543,0.04709000000000001,0.04615,0.04461,0.04624,0.05854,0.07772,0.06984,0.0591,0.05,0.04376,0.0356,0.03134,0.02989,0.027149999999999997,0.02834,0.03599,0.04217,0.03575,0.03226,0.032240000000000005,0.02526,0.02345,0.677249999999999,0.697833333333333,0.87875,0.709999999999999,0.586153846153846,0.6455,0.68375,0.57205,0.44656,0.453153846153846,0.58625,0.50978947368421,0.5063,0.481785714285714,0.523571428571428,0.48875,0.48875,0.406153846153846,0.44,0.48875,0.505928571428571,0.534714285714285,0.485,0.48875,0.5765,0.417823529411764,0.2698,0.4244,0.534714285714285,0.554222222222222,0.529439999999999,0.443176470588235,0.443312499999999,0.424156249999999,0.532857142857142,0.418622222222221,0.508288461538461,0.527749999999999,0.529249999999999,0.551428571428571,0.537499999999999,0.570649999999999,0.501717948717948,0.539124999999999,0.510019999999999,0.469127659574468,0.589931034482758,0.624333333333333,"[[1, 4], [2, 3]]"
0.02929,0.02995,0.03022,0.03151,0.03279,0.038770000000000006,0.04929,0.048530000000000004,0.0441,0.04433,0.04593,0.042,0.03968,0.03785,0.03693,0.038259999999999995,0.04907,0.061560000000000004,0.05643,0.04844,0.046439999999999995,0.047,0.04575,0.045840000000000006,0.04543,0.04709000000000001,0.04615,0.04461,0.04624,0.05854,0.07772,0.06984,0.0591,0.05,0.04376,0.0356,0.03134,0.02989,0.027149999999999997,0.02834,0.03599,0.04217,0.03575,0.03226,0.032240000000000005,0.02526,0.02345,0.020640000000000002,0.697833333333333,0.87875,0.709999999999999,0.586153846153846,0.6455,0.68375,0.57205,0.44656,0.453153846153846,0.58625,0.50978947368421,0.5063,0.481785714285714,0.523571428571428,0.48875,0.48875,0.406153846153846,0.44,0.48875,0.505928571428571,0.534714285714285,0.485,0.48875,0.5765,0.417823529411764,0.2698,0.4244,0.534714285714285,0.554222222222222,0.529439999999999,0.443176470588235,0.443312499999999,0.424156249999999,0.532857142857142,0.418622222222221,0.508288461538461,0.527749999999999,0.529249999999999,0.551428571428571,0.537499999999999,0.570649999999999,0.501717948717948,0.539124999999999,0.510019999999999,0.469127659574468,0.589931034482758,0.624333333333333,0.512439999999999,"[[1, 4], [2, 3]]"
0.02995,0.03022,0.03151,0.03279,0.038770000000000006,0.04929,0.048530000000000004,0.0441,0.04433,0.04593,0.042,0.03968,0.03785,0.03693,0.038259999999999995,0.04907,0.061560000000000004,0.05643,0.04844,0.046439999999999995,0.047,0.04575,0.045840000000000006,0.04543,0.04709000000000001,0.04615,0.04461,0.04624,0.05854,0.07772,0.06984,0.0591,0.05,0.04376,0.0356,0.03134,0.02989,0.027149999999999997,0.02834,0.03599,0.04217,0.03575,0.03226,0.032240000000000005,0.02526,0.02345,0.020640000000000002,0.022350000000000002,0.87875,0.709999999999999,0.586153846153846,0.6455,0.68375,0.57205,0.44656,0.453153846153846,0.58625,0.50978947368421,0.5063,0.481785714285714,0.523571428571428,0.48875,0.48875,0.406153846153846,0.44,0.48875,0.505928571428571,0.534714285714285,0.485,0.48875,0.5765,0.417823529411764,0.2698,0.4244,0.534714285714285,0.554222222222222,0.529439999999999,0.443176470588235,0.443312499999999,0.424156249999999,0.532857142857142,0.418622222222221,0.508288461538461,0.527749999999999,0.529249999999999,0.551428571428571,0.537499999999999,0.570649999999999,0.501717948717948,0.539124999999999,0.510019999999999,0.469127659574468,0.589931034482758,0.624333333333333,0.512439999999999,0.58890909090909,"[[1, 4], [2, 3]]"
0.03022,0.03151,0.03279,0.038770000000000006,0.04929,0.048530000000000004,0.0441,0.04433,0.04593,0.042,0.03968,0.03785,0.03693,0.038259999999999995,0.04907,0.061560000000000004,0.05643,0.04844,0.046439999999999995,0.047,0.04575,0.045840000000000006,0.04543,0.04709000000000001,0.04615,0.04461,0.04624,0.05854,0.07772,0.06984,0.0591,0.05,0.04376,0.0356,0.03134,0.02989,0.027149999999999997,0.02834,0.03599,0.04217,0.03575,0.03226,0.032240000000000005,0.02526,0.02345,0.020640000000000002,0.022350000000000002,0.02187,0.709999999999999,0.586153846153846,0.6455,0.68375,0.57205,0.44656,0.453153846153846,0.58625,0.50978947368421,0.5063,0.481785714285714,0.523571428571428,0.48875,0.48875,0.406153846153846,0.44,0.48875,0.505928571428571,0.534714285714285,0.485,0.48875,0.5765,0.417823529411764,0.2698,0.4244,0.534714285714285,0.554222222222222,0.529439999999999,0.443176470588235,0.443312499999999,0.424156249999999,0.532857142857142,0.418622222222221,0.508288461538461,0.527749999999999,0.529249999999999,0.551428571428571,0.537499999999999,0.570649999999999,0.501717948717948,0.539124999999999,0.510019999999999,0.469127659574468,0.589931034482758,0.624333333333333,0.512439999999999,0.58890909090909,0.630411764705882,"[[2, 3], [1, 4]]"
0.03151,0.03279,0.038770000000000006,0.04929,0.048530000000000004,0.0441,0.04433,0.04593,0.042,0.03968,0.03785,0.03693,0.038259999999999995,0.04907,0.061560000000000004,0.05643,0.04844,0.046439999999999995,0.047,0.04575,0.045840000000000006,0.04543,0.04709000000000001,0.04615,0.04461,0.04624,0.05854,0.07772,0.06984,0.0591,0.05,0.04376,0.0356,0.03134,0.02989,0.027149999999999997,0.02834,0.03599,0.04217,0.03575,0.03226,0.032240000000000005,0.02526,0.02345,0.020640000000000002,0.022350000000000002,0.02187,0.02212,0.586153846153846,0.6455,0.68375,0.57205,0.44656,0.453153846153846,0.58625,0.50978947368421,0.5063,0.481785714285714,0.523571428571428,0.48875,0.48875,0.406153846153846,0.44,0.48875,0.505928571428571,0.534714285714285,0.485,0.48875,0.5765,0.417823529411764,0.2698,0.4244,0.534714285714285,0.554222222222222,0.529439999999999,0.443176470588235,0.443312499999999,0.424156249999999,0.532857142857142,0.418622222222221,0.508288461538461,0.527749999999999,0.529249999999999,0.551428571428571,0.537499999999999,0.570649999999999,0.501717948717948,0.539124999999999,0.510019999999999,0.469127659574468,0.589931034482758,0.624333333333333,0.512439999999999,0.58890909090909,0.630411764705882,0.793294117647058,"[[1, 4], [2, 3]]"
0.03279,0.038770000000000006,0.04929,0.048530000000000004,0.0441,0.04433,0.04593,0.042,0.03968,0.03785,0.03693,0.038259999999999995,0.04907,0.061560000000000004,0.05643,0.04844,0.046439999999999995,0.047,0.04575,0.045840000000000006,0.04543,0.04709000000000001,0.04615,0.04461,0.04624,0.05854,0.07772,0.06984,0.0591,0.05,0.04376,0.0356,0.03134,0.02989,0.027149999999999997,0.02834,0.03599,0.04217,0.03575,0.03226,0.032240000000000005,0.02526,0.02345,0.020640000000000002,0.022350000000000002,0.02187,0.02212,0.02564,0.6455,0.68375,0.57205,0.44656,0.453153846153846,0.58625,0.50978947368421,0.5063,0.481785714285714,0.523571428571428,0.48875,0.48875,0.406153846153846,0.44,0.48875,0.505928571428571,0.534714285714285,0.485,0.48875,0.5765,0.417823529411764,0.2698,0.4244,0.534714285714285,0.554222222222222,0.529439999999999,0.443176470588235,0.443312499999999,0.424156249999999,0.532857142857142,0.418622222222221,0.508288461538461,0.527749999999999,0.529249999999999,0.551428571428571,0.537499999999999,0.570649999999999,0.501717948717948,0.539124999999999,0.510019999999999,0.469127659574468,0.589931034482758,0.624333333333333,0.512439999999999,0.58890909090909,0.630411764705882,0.793294117647058,0.683,"[[2, 3], [1, 4]]"
0.038770000000000006,0.04929,0.048530000000000004,0.0441,0.04433,0.04593,0.042,0.03968,0.03785,0.03693,0.038259999999999995,0.04907,0.061560000000000004,0.05643,0.04844,0.046439999999999995,0.047,0.04575,0.045840000000000006,0.04543,0.04709000000000001,0.04615,0.04461,0.04624,0.05854,0.07772,0.06984,0.0591,0.05,0.04376,0.0356,0.03134,0.02989,0.027149999999999997,0.02834,0.03599,0.04217,0.03575,0.03226,0.032240000000000005,0.02526,0.02345,0.020640000000000002,0.022350000000000002,0.02187,0.02212,0.02564,0.02547,0.68375,0.57205,0.44656,0.453153846153846,0.58625,0.50978947368421,0.5063,0.481785714285714,0.523571428571428,0.48875,0.48875,0.406153846153846,0.44,0.48875,0.505928571428571,0.534714285714285,0.485,0.48875,0.5765,0.417823529411764,0.2698,0.4244,0.534714285714285,0.554222222222222,0.529439999999999,0.443176470588235,0.443312499999999,0.424156249999999,0.532857142857142,0.418622222222221,0.508288461538461,0.527749999999999,0.529249999999999,0.551428571428571,0.537499999999999,0.570649999999999,0.501717948717948,0.539124999999999,0.510019999999999,0.469127659574468,0.589931034482758,0.624333333333333,0.512439999999999,0.58890909090909,0.630411764705882,0.793294117647058,0.683,0.531086956521739,"[[2, 3], [1, 4]]"
0.04929,0.048530000000000004,0.0441,0.04433,0.04593,0.042,0.03968,0.03785,0.03693,0.038259999999999995,0.04907,0.061560000000000004,0.05643,0.04844,0.046439999999999995,0.047,0.04575,0.045840000000000006,0.04543,0.04709000000000001,0.04615,0.04461,0.04624,0.05854,0.07772,0.06984,0.0591,0.05,0.04376,0.0356,0.03134,0.02989,0.027149999999999997,0.02834,0.03599,0.04217,0.03575,0.03226,0.032240000000000005,0.02526,0.02345,0.020640000000000002,0.022350000000000002,0.02187,0.02212,0.02564,0.02547,0.03505,0.57205,0.44656,0.453153846153846,0.58625,0.50978947368421,0.5063,0.481785714285714,0.523571428571428,0.48875,0.48875,0.406153846153846,0.44,0.48875,0.505928571428571,0.534714285714285,0.485,0.48875,0.5765,0.417823529411764,0.2698,0.4244,0.534714285714285,0.554222222222222,0.529439999999999,0.443176470588235,0.443312499999999,0.424156249999999,0.532857142857142,0.418622222222221,0.508288461538461,0.527749999999999,0.529249999999999,0.551428571428571,0.537499999999999,0.570649999999999,0.501717948717948,0.539124999999999,0.510019999999999,0.469127659574468,0.589931034482758,0.624333333333333,0.512439999999999,0.58890909090909,0.630411764705882,0.793294117647058,0.683,0.531086956521739,0.514052631578947,"[[1, 4], [2, 3]]"
0.048530000000000004,0.0441,0.04433,0.04593,0.042,0.03968,0.03785,0.03693,0.038259999999999995,0.04907,0.061560000000000004,0.05643,0.04844,0.046439999999999995,0.047,0.04575,0.045840000000000006,0.04543,0.04709000000000001,0.04615,0.04461,0.04624,0.05854,0.07772,0.06984,0.0591,0.05,0.04376,0.0356,0.03134,0.02989,0.027149999999999997,0.02834,0.03599,0.04217,0.03575,0.03226,0.032240000000000005,0.02526,0.02345,0.020640000000000002,0.022350000000000002,0.02187,0.02212,0.02564,0.02547,0.03505,0.049,0.44656,0.453153846153846,0.58625,0.50978947368421,0.5063,0.481785714285714,0.523571428571428,0.48875,0.48875,0.406153846153846,0.44,0.48875,0.505928571428571,0.534714285714285,0.485,0.48875,0.5765,0.417823529411764,0.2698,0.4244,0.534714285714285,0.554222222222222,0.529439999999999,0.443176470588235,0.443312499999999,0.424156249999999,0.532857142857142,0.418622222222221,0.508288461538461,0.527749999999999,0.529249999999999,0.551428571428571,0.537499999999999,0.570649999999999,0.501717948717948,0.539124999999999,0.510019999999999,0.469127659574468,0.589931034482758,0.624333333333333,0.512439999999999,0.58890909090909,0.630411764705882,0.793294117647058,0.683,0.531086956521739,0.514052631578947,0.444121951219512,"[[1, 4], [2, 3]]"
0.0441,0.04433,0.04593,0.042,0.03968,0.03785,0.03693,0.038259999999999995,0.04907,0.061560000000000004,0.05643,0.04844,0.046439999999999995,0.047,0.04575,0.045840000000000006,0.04543,0.04709000000000001,0.04615,0.04461,0.04624,0.05854,0.07772,0.06984,0.0591,0.05,0.04376,0.0356,0.03134,0.02989,0.027149999999999997,0.02834,0.03599,0.04217,0.03575,0.03226,0.032240000000000005,0.02526,0.02345,0.020640000000000002,0.022350000000000002,0.02187,0.02212,0.02564,0.02547,0.03505,0.049,0.044270000000000004,0.453153846153846,0.58625,0.50978947368421,0.5063,0.481785714285714,0.523571428571428,0.48875,0.48875,0.406153846153846,0.44,0.48875,0.505928571428571,0.534714285714285,0.485,0.48875,0.5765,0.417823529411764,0.2698,0.4244,0.534714285714285,0.554222222222222,0.529439999999999,0.443176470588235,0.443312499999999,0.424156249999999,0.532857142857142,0.418622222222221,0.508288461538461,0.527749999999999,0.529249999999999,0.551428571428571,0.537499999999999,0.570649999999999,0.501717948717948,0.539124999999999,0.510019999999999,0.469127659574468,0.589931034482758,0.624333333333333,0.512439999999999,0.58890909090909,0.630411764705882,0.793294117647058,0.683,0.531086956521739,0.514052631578947,0.444121951219512,0.495045454545454,"[[2, 3], [1, 4]]"
0.04433,0.04593,0.042,0.03968,0.03785,0.03693,0.038259999999999995,0.04907,0.061560000000000004,0.05643,0.04844,0.046439999999999995,0.047,0.04575,0.045840000000000006,0.04543,0.04709000000000001,0.04615,0.04461,0.04624,0.05854,0.07772,0.06984,0.0591,0.05,0.04376,0.0356,0.03134,0.02989,0.027149999999999997,0.02834,0.03599,0.04217,0.03575,0.03226,0.032240000000000005,0.02526,0.02345,0.020640000000000002,0.022350000000000002,0.02187,0.02212,0.02564,0.02547,0.03505,0.049,0.044270000000000004,0.039920000000000004,0.58625,0.50978947368421,0.5063,0.481785714285714,0.523571428571428,0.48875,0.48875,0.406153846153846,0.44,0.48875,0.505928571428571,0.534714285714285,0.485,0.48875,0.5765,0.417823529411764,0.2698,0.4244,0.534714285714285,0.554222222222222,0.529439999999999,0.443176470588235,0.443312499999999,0.424156249999999,0.532857142857142,0.418622222222221,0.508288461538461,0.527749999999999,0.529249999999999,0.551428571428571,0.537499999999999,0.570649999999999,0.501717948717948,0.539124999999999,0.510019999999999,0.469127659574468,0.589931034482758,0.624333333333333,0.512439999999999,0.58890909090909,0.630411764705882,0.793294117647058,0.683,0.531086956521739,0.514052631578947,0.444121951219512,0.495045454545454,0.555869565217391,"[[2, 3], [1, 4]]"
0.04593,0.042,0.03968,0.03785,0.03693,0.038259999999999995,0.04907,0.061560000000000004,0.05643,0.04844,0.046439999999999995,0.047,0.04575,0.045840000000000006,0.04543,0.04709000000000001,0.04615,0.04461,0.04624,0.05854,0.07772,0.06984,0.0591,0.05,0.04376,0.0356,0.03134,0.02989,0.027149999999999997,0.02834,0.03599,0.04217,0.03575,0.03226,0.032240000000000005,0.02526,0.02345,0.020640000000000002,0.022350000000000002,0.02187,0.02212,0.02564,0.02547,0.03505,0.049,0.044270000000000004,0.039920000000000004,0.037829999999999996,0.50978947368421,0.5063,0.481785714285714,0.523571428571428,0.48875,0.48875,0.406153846153846,0.44,0.48875,0.505928571428571,0.534714285714285,0.485,0.48875,0.5765,0.417823529411764,0.2698,0.4244,0.534714285714285,0.554222222222222,0.529439999999999,0.443176470588235,0.443312499999999,0.424156249999999,0.532857142857142,0.418622222222221,0.508288461538461,0.527749999999999,0.529249999999999,0.551428571428571,0.537499999999999,0.570649999999999,0.501717948717948,0.539124999999999,0.510019999999999,0.469127659574468,0.589931034482758,0.624333333333333,0.512439999999999,0.58890909090909,0.630411764705882,0.793294117647058,0.683,0.531086956521739,0.514052631578947,0.444121951219512,0.495045454545454,0.555869565217391,0.532595238095237,"[[1, 4], [2, 3]]"
0.042,0.03968,0.03785,0.03693,0.038259999999999995,0.04907,0.061560000000000004,0.05643,0.04844,0.046439999999999995,0.047,0.04575,0.045840000000000006,0.04543,0.04709000000000001,0.04615,0.04461,0.04624,0.05854,0.07772,0.06984,0.0591,0.05,0.04376,0.0356,0.03134,0.02989,0.027149999999999997,0.02834,0.03599,0.04217,0.03575,0.03226,0.032240000000000005,0.02526,0.02345,0.020640000000000002,0.022350000000000002,0.02187,0.02212,0.02564,0.02547,0.03505,0.049,0.044270000000000004,0.039920000000000004,0.037829999999999996,0.03567,0.5063,0.481785714285714,0.523571428571428,0.48875,0.48875,0.406153846153846,0.44,0.48875,0.505928571428571,0.534714285714285,0.485,0.48875,0.5765,0.417823529411764,0.2698,0.4244,0.534714285714285,0.554222222222222,0.529439999999999,0.443176470588235,0.443312499999999,0.424156249999999,0.532857142857142,0.418622222222221,0.508288461538461,0.527749999999999,0.529249999999999,0.551428571428571,0.537499999999999,0.570649999999999,0.501717948717948,0.539124999999999,0.510019999999999,0.469127659574468,0.589931034482758,0.624333333333333,0.512439999999999,0.58890909090909,0.630411764705882,0.793294117647058,0.683,0.531086956521739,0.514052631578947,0.444121951219512,0.495045454545454,0.555869565217391,0.532595238095237,0.488359999999999,"[[2, 3], [1, 4]]"
0.03968,0.03785,0.03693,0.038259999999999995,0.04907,0.061560000000000004,0.05643,0.04844,0.046439999999999995,0.047,0.04575,0.045840000000000006,0.04543,0.04709000000000001,0.04615,0.04461,0.04624,0.05854,0.07772,0.06984,0.0591,0.05,0.04376,0.0356,0.03134,0.02989,0.027149999999999997,0.02834,0.03599,0.04217,0.03575,0.03226,0.032240000000000005,0.02526,0.02345,0.020640000000000002,0.022350000000000002,0.02187,0.02212,0.02564,0.02547,0.03505,0.049,0.044270000000000004,0.039920000000000004,0.037829999999999996,0.03567,0.034,0.481785714285714,0.523571428571428,0.48875,0.48875,0.406153846153846,0.44,0.48875,0.505928571428571,0.534714285714285,0.485,0.48875,0.5765,0.417823529411764,0.2698,0.4244,0.534714285714285,0.554222222222222,0.529439999999999,0.443176470588235,0.443312499999999,0.424156249999999,0.532857142857142,0.418622222222221,0.508288461538461,0.527749999999999,0.529249999999999,0.551428571428571,0.537499999999999,0.570649999999999,0.501717948717948,0.539124999999999,0.510019999999999,0.469127659574468,0.589931034482758,0.624333333333333,0.512439999999999,0.58890909090909,0.630411764705882,0.793294117647058,0.683,0.531086956521739,0.514052631578947,0.444121951219512,0.495045454545454,0.555869565217391,0.532595238095237,0.488359999999999,0.559049999999999,"[[2, 3], [1, 4]]"
0.03785,0.03693,0.038259999999999995,0.04907,0.061560000000000004,0.05643,0.04844,0.046439999999999995,0.047,0.04575,0.045840000000000006,0.04543,0.04709000000000001,0.04615,0.04461,0.04624,0.05854,0.07772,0.06984,0.0591,0.05,0.04376,0.0356,0.03134,0.02989,0.027149999999999997,0.02834,0.03599,0.04217,0.03575,0.03226,0.032240000000000005,0.02526,0.02345,0.020640000000000002,0.022350000000000002,0.02187,0.02212,0.02564,0.02547,0.03505,0.049,0.044270000000000004,0.039920000000000004,0.037829999999999996,0.03567,0.034,0.033710000000000004,0.523571428571428,0.48875,0.48875,0.406153846153846,0.44,0.48875,0.505928571428571,0.534714285714285,0.485,0.48875,0.5765,0.417823529411764,0.2698,0.4244,0.534714285714285,0.554222222222222,0.529439999999999,0.443176470588235,0.443312499999999,0.424156249999999,0.532857142857142,0.418622222222221,0.508288461538461,0.527749999999999,0.529249999999999,0.551428571428571,0.537499999999999,0.570649999999999,0.501717948717948,0.539124999999999,0.510019999999999,0.469127659574468,0.589931034482758,0.624333333333333,0.512439999999999,0.58890909090909,0.630411764705882,0.793294117647058,0.683,0.531086956521739,0.514052631578947,0.444121951219512,0.495045454545454,0.555869565217391,0.532595238095237,0.488359999999999,0.559049999999999,0.558708333333333,"[[1, 4], [2, 3]]"
0.03693,0.038259999999999995,0.04907,0.061560000000000004,0.05643,0.04844,0.046439999999999995,0.047,0.04575,0.045840000000000006,0.04543,0.04709000000000001,0.04615,0.04461,0.04624,0.05854,0.07772,0.06984,0.0591,0.05,0.04376,0.0356,0.03134,0.02989,0.027149999999999997,0.02834,0.03599,0.04217,0.03575,0.03226,0.032240000000000005,0.02526,0.02345,0.020640000000000002,0.022350000000000002,0.02187,0.02212,0.02564,0.02547,0.03505,0.049,0.044270000000000004,0.039920000000000004,0.037829999999999996,0.03567,0.034,0.033710000000000004,0.030719999999999997,0.48875,0.48875,0.406153846153846,0.44,0.48875,0.505928571428571,0.534714285714285,0.485,0.48875,0.5765,0.417823529411764,0.2698,0.4244,0.534714285714285,0.554222222222222,0.529439999999999,0.443176470588235,0.443312499999999,0.424156249999999,0.532857142857142,0.418622222222221,0.508288461538461,0.527749999999999,0.529249999999999,0.551428571428571,0.537499999999999,0.570649999999999,0.501717948717948,0.539124999999999,0.510019999999999,0.469127659574468,0.589931034482758,0.624333333333333,0.512439999999999,0.58890909090909,0.630411764705882,0.793294117647058,0.683,0.531086956521739,0.514052631578947,0.444121951219512,0.495045454545454,0.555869565217391,0.532595238095237,0.488359999999999,0.559049999999999,0.558708333333333,0.605388888888888,"[[2, 3], [1, 4]]"
0.038259999999999995,0.04907,0.061560000000000004,0.05643,0.04844,0.046439999999999995,0.047,0.04575,0.045840000000000006,0.04543,0.04709000000000001,0.04615,0.04461,0.04624,0.05854,0.07772,0.06984,0.0591,0.05,0.04376,0.0356,0.03134,0.02989,0.027149999999999997,0.02834,0.03599,0.04217,0.03575,0.03226,0.032240000000000005,0.02526,0.02345,0.020640000000000002,0.022350000000000002,0.02187,0.02212,0.02564,0.02547,0.03505,0.049,0.044270000000000004,0.039920000000000004,0.037829999999999996,0.03567,0.034,0.033710000000000004,0.030719999999999997,0.03034,0.48875,0.406153846153846,0.44,0.48875,0.505928571428571,0.534714285714285,0.485,0.48875,0.5765,0.417823529411764,0.2698,0.4244,0.534714285714285,0.554222222222222,0.529439999999999,0.443176470588235,0.443312499999999,0.424156249999999,0.532857142857142,0.418622222222221,0.508288461538461,0.527749999999999,0.529249999999999,0.551428571428571,0.537499999999999,0.570649999999999,0.501717948717948,0.539124999999999,0.510019999999999,0.469127659574468,0.589931034482758,0.624333333333333,0.512439999999999,0.58890909090909,0.630411764705882,0.793294117647058,0.683,0.531086956521739,0.514052631578947,0.444121951219512,0.495045454545454,0.555869565217391,0.532595238095237,0.488359999999999,0.559049999999999,0.558708333333333,0.605388888888888,0.305187499999999,"[[1, 4], [2, 3]]"
0.04907,0.061560000000000004,0.05643,0.04844,0.046439999999999995,0.047,0.04575,0.045840000000000006,0.04543,0.04709000000000001,0.04615,0.04461,0.04624,0.05854,0.07772,0.06984,0.0591,0.05,0.04376,0.0356,0.03134,0.02989,0.027149999999999997,0.02834,0.03599,0.04217,0.03575,0.03226,0.032240000000000005,0.02526,0.02345,0.020640000000000002,0.022350000000000002,0.02187,0.02212,0.02564,0.02547,0.03505,0.049,0.044270000000000004,0.039920000000000004,0.037829999999999996,0.03567,0.034,0.033710000000000004,0.030719999999999997,0.03034,0.02894,0.406153846153846,0.44,0.48875,0.505928571428571,0.534714285714285,0.485,0.48875,0.5765,0.417823529411764,0.2698,0.4244,0.534714285714285,0.554222222222222,0.529439999999999,0.443176470588235,0.443312499999999,0.424156249999999,0.532857142857142,0.418622222222221,0.508288461538461,0.527749999999999,0.529249999999999,0.551428571428571,0.537499999999999,0.570649999999999,0.501717948717948,0.539124999999999,0.510019999999999,0.469127659574468,0.589931034482758,0.624333333333333,0.512439999999999,0.58890909090909,0.630411764705882,0.793294117647058,0.683,0.531086956521739,0.514052631578947,0.444121951219512,0.495045454545454,0.555869565217391,0.532595238095237,0.488359999999999,0.559049999999999,0.558708333333333,0.605388888888888,0.305187499999999,0.619739130434782,"[[2, 3], [1, 4]]"
0.061560000000000004,0.05643,0.04844,0.046439999999999995,0.047,0.04575,0.045840000000000006,0.04543,0.04709000000000001,0.04615,0.04461,0.04624,0.05854,0.07772,0.06984,0.0591,0.05,0.04376,0.0356,0.03134,0.02989,0.027149999999999997,0.02834,0.03599,0.04217,0.03575,0.03226,0.032240000000000005,0.02526,0.02345,0.020640000000000002,0.022350000000000002,0.02187,0.02212,0.02564,0.02547,0.03505,0.049,0.044270000000000004,0.039920000000000004,0.037829999999999996,0.03567,0.034,0.033710000000000004,0.030719999999999997,0.03034,0.02894,0.03394,0.44,0.48875,0.505928571428571,0.534714285714285,0.485,0.48875,0.5765,0.417823529411764,0.2698,0.4244,0.534714285714285,0.554222222222222,0.529439999999999,0.443176470588235,0.443312499999999,0.424156249999999,0.532857142857142,0.418622222222221,0.508288461538461,0.527749999999999,0.529249999999999,0.551428571428571,0.537499999999999,0.570649999999999,0.501717948717948,0.539124999999999,0.510019999999999,0.469127659574468,0.589931034482758,0.624333333333333,0.512439999999999,0.58890909090909,0.630411764705882,0.793294117647058,0.683,0.531086956521739,0.514052631578947,0.444121951219512,0.495045454545454,0.555869565217391,0.532595238095237,0.488359999999999,0.559049999999999,0.558708333333333,0.605388888888888,0.305187499999999,0.619739130434782,0.542,"[[1, 4], [2, 3]]"
0.05643,0.04844,0.046439999999999995,0.047,0.04575,0.045840000000000006,0.04543,0.04709000000000001,0.04615,0.04461,0.04624,0.05854,0.07772,0.06984,0.0591,0.05,0.04376,0.0356,0.03134,0.02989,0.027149999999999997,0.02834,0.03599,0.04217,0.03575,0.03226,0.032240000000000005,0.02526,0.02345,0.020640000000000002,0.022350000000000002,0.02187,0.02212,0.02564,0.02547,0.03505,0.049,0.044270000000000004,0.039920000000000004,0.037829999999999996,0.03567,0.034,0.033710000000000004,0.030719999999999997,0.03034,0.02894,0.03394,0.04115,0.48875,0.505928571428571,0.534714285714285,0.485,0.48875,0.5765,0.417823529411764,0.2698,0.4244,0.534714285714285,0.554222222222222,0.529439999999999,0.443176470588235,0.443312499999999,0.424156249999999,0.532857142857142,0.418622222222221,0.508288461538461,0.527749999999999,0.529249999999999,0.551428571428571,0.537499999999999,0.570649999999999,0.501717948717948,0.539124999999999,0.510019999999999,0.469127659574468,0.589931034482758,0.624333333333333,0.512439999999999,0.58890909090909,0.630411764705882,0.793294117647058,0.683,0.531086956521739,0.514052631578947,0.444121951219512,0.495045454545454,0.555869565217391,0.532595238095237,0.488359999999999,0.559049999999999,0.558708333333333,0.605388888888888,0.305187499999999,0.619739130434782,0.542,0.393571428571428,"[[1, 4], [2, 3]]"
0.04844,0.046439999999999995,0.047,0.04575,0.045840000000000006,0.04543,0.04709000000000001,0.04615,0.04461,0.04624,0.05854,0.07772,0.06984,0.0591,0.05,0.04376,0.0356,0.03134,0.02989,0.027149999999999997,0.02834,0.03599,0.04217,0.03575,0.03226,0.032240000000000005,0.02526,0.02345,0.020640000000000002,0.022350000000000002,0.02187,0.02212,0.02564,0.02547,0.03505,0.049,0.044270000000000004,0.039920000000000004,0.037829999999999996,0.03567,0.034,0.033710000000000004,0.030719999999999997,0.03034,0.02894,0.03394,0.04115,0.04061,0.505928571428571,0.534714285714285,0.485,0.48875,0.5765,0.417823529411764,0.2698,0.4244,0.534714285714285,0.554222222222222,0.529439999999999,0.443176470588235,0.443312499999999,0.424156249999999,0.532857142857142,0.418622222222221,0.508288461538461,0.527749999999999,0.529249999999999,0.551428571428571,0.537499999999999,0.570649999999999,0.501717948717948,0.539124999999999,0.510019999999999,0.469127659574468,0.589931034482758,0.624333333333333,0.512439999999999,0.58890909090909,0.630411764705882,0.793294117647058,0.683,0.531086956521739,0.514052631578947,0.444121951219512,0.495045454545454,0.555869565217391,0.532595238095237,0.488359999999999,0.559049999999999,0.558708333333333,0.605388888888888,0.305187499999999,0.619739130434782,0.542,0.393571428571428,0.362117647058823,"[[2, 3], [1, 4]]"
0.046439999999999995,0.047,0.04575,0.045840000000000006,0.04543,0.04709000000000001,0.04615,0.04461,0.04624,0.05854,0.07772,0.06984,0.0591,0.05,0.04376,0.0356,0.03134,0.02989,0.027149999999999997,0.02834,0.03599,0.04217,0.03575,0.03226,0.032240000000000005,0.02526,0.02345,0.020640000000000002,0.022350000000000002,0.02187,0.02212,0.02564,0.02547,0.03505,0.049,0.044270000000000004,0.039920000000000004,0.037829999999999996,0.03567,0.034,0.033710000000000004,0.030719999999999997,0.03034,0.02894,0.03394,0.04115,0.04061,0.03555,0.534714285714285,0.485,0.48875,0.5765,0.417823529411764,0.2698,0.4244,0.534714285714285,0.554222222222222,0.529439999999999,0.443176470588235,0.443312499999999,0.424156249999999,0.532857142857142,0.418622222222221,0.508288461538461,0.527749999999999,0.529249999999999,0.551428571428571,0.537499999999999,0.570649999999999,0.501717948717948,0.539124999999999,0.510019999999999,0.469127659574468,0.589931034482758,0.624333333333333,0.512439999999999,0.58890909090909,0.630411764705882,0.793294117647058,0.683,0.531086956521739,0.514052631578947,0.444121951219512,0.495045454545454,0.555869565217391,0.532595238095237,0.488359999999999,0.559049999999999,0.558708333333333,0.605388888888888,0.305187499999999,0.619739130434782,0.542,0.393571428571428,0.362117647058823,0.438916666666666,"[[2, 3], [1, 4]]"
0.047,0.04575,0.045840000000000006,0.04543,0.04709000000000001,0.04615,0.04461,0.04624,0.05854,0.07772,0.06984,0.0591,0.05,0.04376,0.0356,0.03134,0.02989,0.027149999999999997,0.02834,0.03599,0.04217,0.03575,0.03226,0.032240000000000005,0.02526,0.02345,0.020640000000000002,0.022350000000000002,0.02187,0.02212,0.02564,0.02547,0.03505,0.049,0.044270000000000004,0.039920000000000004,0.037829999999999996,0.03567,0.034,0.033710000000000004,0.030719999999999997,0.03034,0.02894,0.03394,0.04115,0.04061,0.03555,0.03411,0.485,0.48875,0.5765,0.417823529411764,0.2698,0.4244,0.534714285714285,0.554222222222222,0.529439999999999,0.443176470588235,0.443312499999999,0.424156249999999,0.532857142857142,0.418622222222221,0.508288461538461,0.527749999999999,0.529249999999999,0.551428571428571,0.537499999999999,0.570649999999999,0.501717948717948,0.539124999999999,0.510019999999999,0.469127659574468,0.589931034482758,0.624333333333333,0.512439999999999,0.58890909090909,0.630411764705882,0.793294117647058,0.683,0.531086956521739,0.514052631578947,0.444121951219512,0.495045454545454,0.555869565217391,0.532595238095237,0.488359999999999,0.559049999999999,0.558708333333333,0.605388888888888,0.305187499999999,0.619739130434782,0.542,0.393571428571428,0.362117647058823,0.438916666666666,0.489028571428571,"[[1, 4], [2, 3]]"
0.04575,0.045840000000000006,0.04543,0.04709000000000001,0.04615,0.04461,0.04624,0.05854,0.07772,0.06984,0.0591,0.05,0.04376,0.0356,0.03134,0.02989,0.027149999999999997,0.02834,0.03599,0.04217,0.03575,0.03226,0.032240000000000005,0.02526,0.02345,0.020640000000000002,0.022350000000000002,0.02187,0.02212,0.02564,0.02547,0.03505,0.049,0.044270000000000004,0.039920000000000004,0.037829999999999996,0.03567,0.034,0.033710000000000004,0.030719999999999997,0.03034,0.02894,0.03394,0.04115,0.04061,0.03555,0.03411,0.03222,0.48875,0.5765,0.417823529411764,0.2698,0.4244,0.534714285714285,0.554222222222222,0.529439999999999,0.443176470588235,0.443312499999999,0.424156249999999,0.532857142857142,0.418622222222221,0.508288461538461,0.527749999999999,0.529249999999999,0.551428571428571,0.537499999999999,0.570649999999999,0.501717948717948,0.539124999999999,0.510019999999999,0.469127659574468,0.589931034482758,0.624333333333333,0.512439999999999,0.58890909090909,0.630411764705882,0.793294117647058,0.683,0.531086956521739,0.514052631578947,0.444121951219512,0.495045454545454,0.555869565217391,0.532595238095237,0.488359999999999,0.559049999999999,0.558708333333333,0.605388888888888,0.305187499999999,0.619739130434782,0.542,0.393571428571428,0.362117647058823,0.438916666666666,0.489028571428571,0.507166666666666,"[[1, 4], [2, 3]]"
0.045840000000000006,0.04543,0.04709000000000001,0.04615,0.04461,0.04624,0.05854,0.07772,0.06984,0.0591,0.05,0.04376,0.0356,0.03134,0.02989,0.027149999999999997,0.02834,0.03599,0.04217,0.03575,0.03226,0.032240000000000005,0.02526,0.02345,0.020640000000000002,0.022350000000000002,0.02187,0.02212,0.02564,0.02547,0.03505,0.049,0.044270000000000004,0.039920000000000004,0.037829999999999996,0.03567,0.034,0.033710000000000004,0.030719999999999997,0.03034,0.02894,0.03394,0.04115,0.04061,0.03555,0.03411,0.03222,0.03458,0.5765,0.417823529411764,0.2698,0.4244,0.534714285714285,0.554222222222222,0.529439999999999,0.443176470588235,0.443312499999999,0.424156249999999,0.532857142857142,0.418622222222221,0.508288461538461,0.527749999999999,0.529249999999999,0.551428571428571,0.537499999999999,0.570649999999999,0.501717948717948,0.539124999999999,0.510019999999999,0.469127659574468,0.589931034482758,0.624333333333333,0.512439999999999,0.58890909090909,0.630411764705882,0.793294117647058,0.683,0.531086956521739,0.514052631578947,0.444121951219512,0.495045454545454,0.555869565217391,0.532595238095237,0.488359999999999,0.559049999999999,0.558708333333333,0.605388888888888,0.305187499999999,0.619739130434782,0.542,0.393571428571428,0.362117647058823,0.438916666666666,0.489028571428571,0.507166666666666,0.511576923076923,"[[1, 4], [2, 3]]"
0.04543,0.04709000000000001,0.04615,0.04461,0.04624,0.05854,0.07772,0.06984,0.0591,0.05,0.04376,0.0356,0.03134,0.02989,0.027149999999999997,0.02834,0.03599,0.04217,0.03575,0.03226,0.032240000000000005,0.02526,0.02345,0.020640000000000002,0.022350000000000002,0.02187,0.02212,0.02564,0.02547,0.03505,0.049,0.044270000000000004,0.039920000000000004,0.037829999999999996,0.03567,0.034,0.033710000000000004,0.030719999999999997,0.03034,0.02894,0.03394,0.04115,0.04061,0.03555,0.03411,0.03222,0.03458,0.03116,0.417823529411764,0.2698,0.4244,0.534714285714285,0.554222222222222,0.529439999999999,0.443176470588235,0.443312499999999,0.424156249999999,0.532857142857142,0.418622222222221,0.508288461538461,0.527749999999999,0.529249999999999,0.551428571428571,0.537499999999999,0.570649999999999,0.501717948717948,0.539124999999999,0.510019999999999,0.469127659574468,0.589931034482758,0.624333333333333,0.512439999999999,0.58890909090909,0.630411764705882,0.793294117647058,0.683,0.531086956521739,0.514052631578947,0.444121951219512,0.495045454545454,0.555869565217391,0.532595238095237,0.488359999999999,0.559049999999999,0.558708333333333,0.605388888888888,0.305187499999999,0.619739130434782,0.542,0.393571428571428,0.362117647058823,0.438916666666666,0.489028571428571,0.507166666666666,0.511576923076923,0.476033333333333,"[[1, 4], [2, 3]]"
0.04709000000000001,0.04615,0.04461,0.04624,0.05854,0.07772,0.06984,0.0591,0.05,0.04376,0.0356,0.03134,0.02989,0.027149999999999997,0.02834,0.03599,0.04217,0.03575,0.03226,0.032240000000000005,0.02526,0.02345,0.020640000000000002,0.022350000000000002,0.02187,0.02212,0.02564,0.02547,0.03505,0.049,0.044270000000000004,0.039920000000000004,0.037829999999999996,0.03567,0.034,0.033710000000000004,0.030719999999999997,0.03034,0.02894,0.03394,0.04115,0.04061,0.03555,0.03411,0.03222,0.03458,0.03116,0.03483,0.2698,0.4244,0.534714285714285,0.554222222222222,0.529439999999999,0.443176470588235,0.443312499999999,0.424156249999999,0.532857142857142,0.418622222222221,0.508288461538461,0.527749999999999,0.529249999999999,0.551428571428571,0.537499999999999,0.570649999999999,0.501717948717948,0.539124999999999,0.510019999999999,0.469127659574468,0.589931034482758,0.624333333333333,0.512439999999999,0.58890909090909,0.630411764705882,0.793294117647058,0.683,0.531086956521739,0.514052631578947,0.444121951219512,0.495045454545454,0.555869565217391,0.532595238095237,0.488359999999999,0.559049999999999,0.558708333333333,0.605388888888888,0.305187499999999,0.619739130434782,0.542,0.393571428571428,0.362117647058823,0.438916666666666,0.489028571428571,0.507166666666666,0.511576923076923,0.476033333333333,0.541594594594594,"[[2, 3], [1, 4]]"
0.04615,0.04461,0.04624,0.05854,0.07772,0.06984,0.0591,0.05,0.04376,0.0356,0.03134,0.02989,0.027149999999999997,0.02834,0.03599,0.04217,0.03575,0.03226,0.032240000000000005,0.02526,0.02345,0.020640000000000002,0.022350000000000002,0.02187,0.02212,0.02564,0.02547,0.03505,0.049,0.044270000000000004,0.039920000000000004,0.037829999999999996,0.03567,0.034,0.033710000000000004,0.030719999999999997,0.03034,0.02894,0.03394,0.04115,0.04061,0.03555,0.03411,0.03222,0.03458,0.03116,0.03483,0.033479999999999996,0.4244,0.534714285714285,0.554222222222222,0.529439999999999,0.443176470588235,0.443312499999999,0.424156249999999,0.532857142857142,0.418622222222221,0.508288461538461,0.527749999999999,0.529249999999999,0.551428571428571,0.537499999999999,0.570649999999999,0.501717948717948,0.539124999999999,0.510019999999999,0.469127659574468,0.589931034482758,0.624333333333333,0.512439999999999,0.58890909090909,0.630411764705882,0.793294117647058,0.683,0.531086956521739,0.514052631578947,0.444121951219512,0.495045454545454,0.555869565217391,0.532595238095237,0.488359999999999,0.559049999999999,0.558708333333333,0.605388888888888,0.305187499999999,0.619739130434782,0.542,0.393571428571428,0.362117647058823,0.438916666666666,0.489028571428571,0.507166666666666,0.511576923076923,0.476033333333333,0.541594594594594,0.699235294117647,"[[1, 4], [2, 3]]"
0.04461,0.04624,0.05854,0.07772,0.06984,0.0591,0.05,0.04376,0.0356,0.03134,0.02989,0.027149999999999997,0.02834,0.03599,0.04217,0.03575,0.03226,0.032240000000000005,0.02526,0.02345,0.020640000000000002,0.022350000000000002,0.02187,0.02212,0.02564,0.02547,0.03505,0.049,0.044270000000000004,0.039920000000000004,0.037829999999999996,0.03567,0.034,0.033710000000000004,0.030719999999999997,0.03034,0.02894,0.03394,0.04115,0.04061,0.03555,0.03411,0.03222,0.03458,0.03116,0.03483,0.033479999999999996,0.03552,0.534714285714285,0.554222222222222,0.529439999999999,0.443176470588235,0.443312499999999,0.424156249999999,0.532857142857142,0.418622222222221,0.508288461538461,0.527749999999999,0.529249999999999,0.551428571428571,0.537499999999999,0.570649999999999,0.501717948717948,0.539124999999999,0.510019999999999,0.469127659574468,0.589931034482758,0.624333333333333,0.512439999999999,0.58890909090909,0.630411764705882,0.793294117647058,0.683,0.531086956521739,0.514052631578947,0.444121951219512,0.495045454545454,0.555869565217391,0.532595238095237,0.488359999999999,0.559049999999999,0.558708333333333,0.605388888888888,0.305187499999999,0.619739130434782,0.542,0.393571428571428,0.362117647058823,0.438916666666666,0.489028571428571,0.507166666666666,0.511576923076923,0.476033333333333,0.541594594594594,0.699235294117647,0.708411764705882,"[[2, 3], [1, 4]]"
0.04624,0.05854,0.07772,0.06984,0.0591,0.05,0.04376,0.0356,0.03134,0.02989,0.027149999999999997,0.02834,0.03599,0.04217,0.03575,0.03226,0.032240000000000005,0.02526,0.02345,0.020640000000000002,0.022350000000000002,0.02187,0.02212,0.02564,0.02547,0.03505,0.049,0.044270000000000004,0.039920000000000004,0.037829999999999996,0.03567,0.034,0.033710000000000004,0.030719999999999997,0.03034,0.02894,0.03394,0.04115,0.04061,0.03555,0.03411,0.03222,0.03458,0.03116,0.03483,0.033479999999999996,0.03552,0.03551,0.554222222222222,0.529439999999999,0.443176470588235,0.443312499999999,0.424156249999999,0.532857142857142,0.418622222222221,0.508288461538461,0.527749999999999,0.529249999999999,0.551428571428571,0.537499999999999,0.570649999999999,0.501717948717948,0.539124999999999,0.510019999999999,0.469127659574468,0.589931034482758,0.624333333333333,0.512439999999999,0.58890909090909,0.630411764705882,0.793294117647058,0.683,0.531086956521739,0.514052631578947,0.444121951219512,0.495045454545454,0.555869565217391,0.532595238095237,0.488359999999999,0.559049999999999,0.558708333333333,0.605388888888888,0.305187499999999,0.619739130434782,0.542,0.393571428571428,0.362117647058823,0.438916666666666,0.489028571428571,0.507166666666666,0.511576923076923,0.476033333333333,0.541594594594594,0.699235294117647,0.708411764705882,0.6538,"[[1, 4], [2, 3]]"
0.05854,0.07772,0.06984,0.0591,0.05,0.04376,0.0356,0.03134,0.02989,0.027149999999999997,0.02834,0.03599,0.04217,0.03575,0.03226,0.032240000000000005,0.02526,0.02345,0.020640000000000002,0.022350000000000002,0.02187,0.02212,0.02564,0.02547,0.03505,0.049,0.044270000000000004,0.039920000000000004,0.037829999999999996,0.03567,0.034,0.033710000000000004,0.030719999999999997,0.03034,0.02894,0.03394,0.04115,0.04061,0.03555,0.03411,0.03222,0.03458,0.03116,0.03483,0.033479999999999996,0.03552,0.03551,0.037939999999999995,0.529439999999999,0.443176470588235,0.443312499999999,0.424156249999999,0.532857142857142,0.418622222222221,0.508288461538461,0.527749999999999,0.529249999999999,0.551428571428571,0.537499999999999,0.570649999999999,0.501717948717948,0.539124999999999,0.510019999999999,0.469127659574468,0.589931034482758,0.624333333333333,0.512439999999999,0.58890909090909,0.630411764705882,0.793294117647058,0.683,0.531086956521739,0.514052631578947,0.444121951219512,0.495045454545454,0.555869565217391,0.532595238095237,0.488359999999999,0.559049999999999,0.558708333333333,0.605388888888888,0.305187499999999,0.619739130434782,0.542,0.393571428571428,0.362117647058823,0.438916666666666,0.489028571428571,0.507166666666666,0.511576923076923,0.476033333333333,0.541594594594594,0.699235294117647,0.708411764705882,0.6538,0.6959375,"[[1, 4], [2, 3]]"
0.07772,0.06984,0.0591,0.05,0.04376,0.0356,0.03134,0.02989,0.027149999999999997,0.02834,0.03599,0.04217,0.03575,0.03226,0.032240000000000005,0.02526,0.02345,0.020640000000000002,0.022350000000000002,0.02187,0.02212,0.02564,0.02547,0.03505,0.049,0.044270000000000004,0.039920000000000004,0.037829999999999996,0.03567,0.034,0.033710000000000004,0.030719999999999997,0.03034,0.02894,0.03394,0.04115,0.04061,0.03555,0.03411,0.03222,0.03458,0.03116,0.03483,0.033479999999999996,0.03552,0.03551,0.037939999999999995,0.0464,0.443176470588235,0.443312499999999,0.424156249999999,0.532857142857142,0.418622222222221,0.508288461538461,0.527749999999999,0.529249999999999,0.551428571428571,0.537499999999999,0.570649999999999,0.501717948717948,0.539124999999999,0.510019999999999,0.469127659574468,0.589931034482758,0.624333333333333,0.512439999999999,0.58890909090909,0.630411764705882,0.793294117647058,0.683,0.531086956521739,0.514052631578947,0.444121951219512,0.495045454545454,0.555869565217391,0.532595238095237,0.488359999999999,0.559049999999999,0.558708333333333,0.605388888888888,0.305187499999999,0.619739130434782,0.542,0.393571428571428,0.362117647058823,0.438916666666666,0.489028571428571,0.507166666666666,0.511576923076923,0.476033333333333,0.541594594594594,0.699235294117647,0.708411764705882,0.6538,0.6959375,0.626136363636363,"[[2, 3], [1, 4]]"
0.06984,0.0591,0.05,0.04376,0.0356,0.03134,0.02989,0.027149999999999997,0.02834,0.03599,0.04217,0.03575,0.03226,0.032240000000000005,0.02526,0.02345,0.020640000000000002,0.022350000000000002,0.02187,0.02212,0.02564,0.02547,0.03505,0.049,0.044270000000000004,0.039920000000000004,0.037829999999999996,0.03567,0.034,0.033710000000000004,0.030719999999999997,0.03034,0.02894,0.03394,0.04115,0.04061,0.03555,0.03411,0.03222,0.03458,0.03116,0.03483,0.033479999999999996,0.03552,0.03551,0.037939999999999995,0.0464,0.06548000000000001,0.443312499999999,0.424156249999999,0.532857142857142,0.418622222222221,0.508288461538461,0.527749999999999,0.529249999999999,0.551428571428571,0.537499999999999,0.570649999999999,0.501717948717948,0.539124999999999,0.510019999999999,0.469127659574468,0.589931034482758,0.624333333333333,0.512439999999999,0.58890909090909,0.630411764705882,0.793294117647058,0.683,0.531086956521739,0.514052631578947,0.444121951219512,0.495045454545454,0.555869565217391,0.532595238095237,0.488359999999999,0.559049999999999,0.558708333333333,0.605388888888888,0.305187499999999,0.619739130434782,0.542,0.393571428571428,0.362117647058823,0.438916666666666,0.489028571428571,0.507166666666666,0.511576923076923,0.476033333333333,0.541594594594594,0.699235294117647,0.708411764705882,0.6538,0.6959375,0.626136363636363,0.416555555555555,"[[2, 3], [1, 4]]"
0.0591,0.05,0.04376,0.0356,0.03134,0.02989,0.027149999999999997,0.02834,0.03599,0.04217,0.03575,0.03226,0.032240000000000005,0.02526,0.02345,0.020640000000000002,0.022350000000000002,0.02187,0.02212,0.02564,0.02547,0.03505,0.049,0.044270000000000004,0.039920000000000004,0.037829999999999996,0.03567,0.034,0.033710000000000004,0.030719999999999997,0.03034,0.02894,0.03394,0.04115,0.04061,0.03555,0.03411,0.03222,0.03458,0.03116,0.03483,0.033479999999999996,0.03552,0.03551,0.037939999999999995,0.0464,0.06548000000000001,0.05922,0.424156249999999,0.532857142857142,0.418622222222221,0.508288461538461,0.527749999999999,0.529249999999999,0.551428571428571,0.537499999999999,0.570649999999999,0.501717948717948,0.539124999999999,0.510019999999999,0.469127659574468,0.589931034482758,0.624333333333333,0.512439999999999,0.58890909090909,0.630411764705882,0.793294117647058,0.683,0.531086956521739,0.514052631578947,0.444121951219512,0.495045454545454,0.555869565217391,0.532595238095237,0.488359999999999,0.559049999999999,0.558708333333333,0.605388888888888,0.305187499999999,0.619739130434782,0.542,0.393571428571428,0.362117647058823,0.438916666666666,0.489028571428571,0.507166666666666,0.511576923076923,0.476033333333333,0.541594594594594,0.699235294117647,0.708411764705882,0.6538,0.6959375,0.626136363636363,0.416555555555555,0.49275,"[[1, 4], [2, 3]]"
0.05,0.04376,0.0356,0.03134,0.02989,0.027149999999999997,0.02834,0.03599,0.04217,0.03575,0.03226,0.032240000000000005,0.02526,0.02345,0.020640000000000002,0.022350000000000002,0.02187,0.02212,0.02564,0.02547,0.03505,0.049,0.044270000000000004,0.039920000000000004,0.037829999999999996,0.03567,0.034,0.033710000000000004,0.030719999999999997,0.03034,0.02894,0.03394,0.04115,0.04061,0.03555,0.03411,0.03222,0.03458,0.03116,0.03483,0.033479999999999996,0.03552,0.03551,0.037939999999999995,0.0464,0.06548000000000001,0.05922,0.05374,0.532857142857142,0.418622222222221,0.508288461538461,0.527749999999999,0.529249999999999,0.551428571428571,0.537499999999999,0.570649999999999,0.501717948717948,0.539124999999999,0.510019999999999,0.469127659574468,0.589931034482758,0.624333333333333,0.512439999999999,0.58890909090909,0.630411764705882,0.793294117647058,0.683,0.531086956521739,0.514052631578947,0.444121951219512,0.495045454545454,0.555869565217391,0.532595238095237,0.488359999999999,0.559049999999999,0.558708333333333,0.605388888888888,0.305187499999999,0.619739130434782,0.542,0.393571428571428,0.362117647058823,0.438916666666666,0.489028571428571,0.507166666666666,0.511576923076923,0.476033333333333,0.541594594594594,0.699235294117647,0.708411764705882,0.6538,0.6959375,0.626136363636363,0.416555555555555,0.49275,0.3842,"[[1, 4], [2, 3]]"
0.04376,0.0356,0.03134,0.02989,0.027149999999999997,0.02834,0.03599,0.04217,0.03575,0.03226,0.032240000000000005,0.02526,0.02345,0.020640000000000002,0.022350000000000002,0.02187,0.02212,0.02564,0.02547,0.03505,0.049,0.044270000000000004,0.039920000000000004,0.037829999999999996,0.03567,0.034,0.033710000000000004,0.030719999999999997,0.03034,0.02894,0.03394,0.04115,0.04061,0.03555,0.03411,0.03222,0.03458,0.03116,0.03483,0.033479999999999996,0.03552,0.03551,0.037939999999999995,0.0464,0.06548000000000001,0.05922,0.05374,0.05305,0.418622222222221,0.508288461538461,0.527749999999999,0.529249999999999,0.551428571428571,0.537499999999999,0.570649999999999,0.501717948717948,0.539124999999999,0.510019999999999,0.469127659574468,0.589931034482758,0.624333333333333,0.512439999999999,0.58890909090909,0.630411764705882,0.793294117647058,0.683,0.531086956521739,0.514052631578947,0.444121951219512,0.495045454545454,0.555869565217391,0.532595238095237,0.488359999999999,0.559049999999999,0.558708333333333,0.605388888888888,0.305187499999999,0.619739130434782,0.542,0.393571428571428,0.362117647058823,0.438916666666666,0.489028571428571,0.507166666666666,0.511576923076923,0.476033333333333,0.541594594594594,0.699235294117647,0.708411764705882,0.6538,0.6959375,0.626136363636363,0.416555555555555,0.49275,0.3842,0.54647619047619,"[[2, 3], [1, 4]]"
0.0356,0.03134,0.02989,0.027149999999999997,0.02834,0.03599,0.04217,0.03575,0.03226,0.032240000000000005,0.02526,0.02345,0.020640000000000002,0.022350000000000002,0.02187,0.02212,0.02564,0.02547,0.03505,0.049,0.044270000000000004,0.039920000000000004,0.037829999999999996,0.03567,0.034,0.033710000000000004,0.030719999999999997,0.03034,0.02894,0.03394,0.04115,0.04061,0.03555,0.03411,0.03222,0.03458,0.03116,0.03483,0.033479999999999996,0.03552,0.03551,0.037939999999999995,0.0464,0.06548000000000001,0.05922,0.05374,0.05305,0.0516,0.508288461538461,0.527749999999999,0.529249999999999,0.551428571428571,0.537499999999999,0.570649999999999,0.501717948717948,0.539124999999999,0.510019999999999,0.469127659574468,0.589931034482758,0.624333333333333,0.512439999999999,0.58890909090909,0.630411764705882,0.793294117647058,0.683,0.531086956521739,0.514052631578947,0.444121951219512,0.495045454545454,0.555869565217391,0.532595238095237,0.488359999999999,0.559049999999999,0.558708333333333,0.605388888888888,0.305187499999999,0.619739130434782,0.542,0.393571428571428,0.362117647058823,0.438916666666666,0.489028571428571,0.507166666666666,0.511576923076923,0.476033333333333,0.541594594594594,0.699235294117647,0.708411764705882,0.6538,0.6959375,0.626136363636363,0.416555555555555,0.49275,0.3842,0.54647619047619,0.458470588235294,"[[2, 3], [1, 4]]"
0.03134,0.02989,0.027149999999999997,0.02834,0.03599,0.04217,0.03575,0.03226,0.032240000000000005,0.02526,0.02345,0.020640000000000002,0.022350000000000002,0.02187,0.02212,0.02564,0.02547,0.03505,0.049,0.044270000000000004,0.039920000000000004,0.037829999999999996,0.03567,0.034,0.033710000000000004,0.030719999999999997,0.03034,0.02894,0.03394,0.04115,0.04061,0.03555,0.03411,0.03222,0.03458,0.03116,0.03483,0.033479999999999996,0.03552,0.03551,0.037939999999999995,0.0464,0.06548000000000001,0.05922,0.05374,0.05305,0.0516,0.049159999999999995,0.527749999999999,0.529249999999999,0.551428571428571,0.537499999999999,0.570649999999999,0.501717948717948,0.539124999999999,0.510019999999999,0.469127659574468,0.589931034482758,0.624333333333333,0.512439999999999,0.58890909090909,0.630411764705882,0.793294117647058,0.683,0.531086956521739,0.514052631578947,0.444121951219512,0.495045454545454,0.555869565217391,0.532595238095237,0.488359999999999,0.559049999999999,0.558708333333333,0.605388888888888,0.305187499999999,0.619739130434782,0.542,0.393571428571428,0.362117647058823,0.438916666666666,0.489028571428571,0.507166666666666,0.511576923076923,0.476033333333333,0.541594594594594,0.699235294117647,0.708411764705882,0.6538,0.6959375,0.626136363636363,0.416555555555555,0.49275,0.3842,0.54647619047619,0.458470588235294,0.571368421052631,"[[2, 3], [1, 4]]"
0.02989,0.027149999999999997,0.02834,0.03599,0.04217,0.03575,0.03226,0.032240000000000005,0.02526,0.02345,0.020640000000000002,0.022350000000000002,0.02187,0.02212,0.02564,0.02547,0.03505,0.049,0.044270000000000004,0.039920000000000004,0.037829999999999996,0.03567,0.034,0.033710000000000004,0.030719999999999997,0.03034,0.02894,0.03394,0.04115,0.04061,0.03555,0.03411,0.03222,0.03458,0.03116,0.03483,0.033479999999999996,0.03552,0.03551,0.037939999999999995,0.0464,0.06548000000000001,0.05922,0.05374,0.05305,0.0516,0.049159999999999995,0.045810000000000003,0.529249999999999,0.551428571428571,0.537499999999999,0.570649999999999,0.501717948717948,0.539124999999999,0.510019999999999,0.469127659574468,0.589931034482758,0.624333333333333,0.512439999999999,0.58890909090909,0.630411764705882,0.793294117647058,0.683,0.531086956521739,0.514052631578947,0.444121951219512,0.495045454545454,0.555869565217391,0.532595238095237,0.488359999999999,0.559049999999999,0.558708333333333,0.605388888888888,0.305187499999999,0.619739130434782,0.542,0.393571428571428,0.362117647058823,0.438916666666666,0.489028571428571,0.507166666666666,0.511576923076923,0.476033333333333,0.541594594594594,0.699235294117647,0.708411764705882,0.6538,0.6959375,0.626136363636363,0.416555555555555,0.49275,0.3842,0.54647619047619,0.458470588235294,0.571368421052631,0.4514,"[[2, 3], [1, 4]]"
0.027149999999999997,0.02834,0.03599,0.04217,0.03575,0.03226,0.032240000000000005,0.02526,0.02345,0.020640000000000002,0.022350000000000002,0.02187,0.02212,0.02564,0.02547,0.03505,0.049,0.044270000000000004,0.039920000000000004,0.037829999999999996,0.03567,0.034,0.033710000000000004,0.030719999999999997,0.03034,0.02894,0.03394,0.04115,0.04061,0.03555,0.03411,0.03222,0.03458,0.03116,0.03483,0.033479999999999996,0.03552,0.03551,0.037939999999999995,0.0464,0.06548000000000001,0.05922,0.05374,0.05305,0.0516,0.049159999999999995,0.045810000000000003,0.04348,0.551428571428571,0.537499999999999,0.570649999999999,0.501717948717948,0.539124999999999,0.510019999999999,0.469127659574468,0.589931034482758,0.624333333333333,0.512439999999999,0.58890909090909,0.630411764705882,0.793294117647058,0.683,0.531086956521739,0.514052631578947,0.444121951219512,0.495045454545454,0.555869565217391,0.532595238095237,0.488359999999999,0.559049999999999,0.558708333333333,0.605388888888888,0.305187499999999,0.619739130434782,0.542,0.393571428571428,0.362117647058823,0.438916666666666,0.489028571428571,0.507166666666666,0.511576923076923,0.476033333333333,0.541594594594594,0.699235294117647,0.708411764705882,0.6538,0.6959375,0.626136363636363,0.416555555555555,0.49275,0.3842,0.54647619047619,0.458470588235294,0.571368421052631,0.4514,0.619999999999999,"[[2, 3], [1, 4]]"
0.02834,0.03599,0.04217,0.03575,0.03226,0.032240000000000005,0.02526,0.02345,0.020640000000000002,0.022350000000000002,0.02187,0.02212,0.02564,0.02547,0.03505,0.049,0.044270000000000004,0.039920000000000004,0.037829999999999996,0.03567,0.034,0.033710000000000004,0.030719999999999997,0.03034,0.02894,0.03394,0.04115,0.04061,0.03555,0.03411,0.03222,0.03458,0.03116,0.03483,0.033479999999999996,0.03552,0.03551,0.037939999999999995,0.0464,0.06548000000000001,0.05922,0.05374,0.05305,0.0516,0.049159999999999995,0.045810000000000003,0.04348,0.042159999999999996,0.537499999999999,0.570649999999999,0.501717948717948,0.539124999999999,0.510019999999999,0.469127659574468,0.589931034482758,0.624333333333333,0.512439999999999,0.58890909090909,0.630411764705882,0.793294117647058,0.683,0.531086956521739,0.514052631578947,0.444121951219512,0.495045454545454,0.555869565217391,0.532595238095237,0.488359999999999,0.559049999999999,0.558708333333333,0.605388888888888,0.305187499999999,0.619739130434782,0.542,0.393571428571428,0.362117647058823,0.438916666666666,0.489028571428571,0.507166666666666,0.511576923076923,0.476033333333333,0.541594594594594,0.699235294117647,0.708411764705882,0.6538,0.6959375,0.626136363636363,0.416555555555555,0.49275,0.3842,0.54647619047619,0.458470588235294,0.571368421052631,0.4514,0.619999999999999,0.579499999999999,"[[1, 4], [2, 3]]"
0.03599,0.04217,0.03575,0.03226,0.032240000000000005,0.02526,0.02345,0.020640000000000002,0.022350000000000002,0.02187,0.02212,0.02564,0.02547,0.03505,0.049,0.044270000000000004,0.039920000000000004,0.037829999999999996,0.03567,0.034,0.033710000000000004,0.030719999999999997,0.03034,0.02894,0.03394,0.04115,0.04061,0.03555,0.03411,0.03222,0.03458,0.03116,0.03483,0.033479999999999996,0.03552,0.03551,0.037939999999999995,0.0464,0.06548000000000001,0.05922,0.05374,0.05305,0.0516,0.049159999999999995,0.045810000000000003,0.04348,0.042159999999999996,0.04309,0.570649999999999,0.501717948717948,0.539124999999999,0.510019999999999,0.469127659574468,0.589931034482758,0.624333333333333,0.512439999999999,0.58890909090909,0.630411764705882,0.793294117647058,0.683,0.531086956521739,0.514052631578947,0.444121951219512,0.495045454545454,0.555869565217391,0.532595238095237,0.488359999999999,0.559049999999999,0.558708333333333,0.605388888888888,0.305187499999999,0.619739130434782,0.542,0.393571428571428,0.362117647058823,0.438916666666666,0.489028571428571,0.507166666666666,0.511576923076923,0.476033333333333,0.541594594594594,0.699235294117647,0.708411764705882,0.6538,0.6959375,0.626136363636363,0.416555555555555,0.49275,0.3842,0.54647619047619,0.458470588235294,0.571368421052631,0.4514,0.619999999999999,0.579499999999999,0.575,"[[1, 4], [2, 3]]"
0.04217,0.03575,0.03226,0.032240000000000005,0.02526,0.02345,0.020640000000000002,0.022350000000000002,0.02187,0.02212,0.02564,0.02547,0.03505,0.049,0.044270000000000004,0.039920000000000004,0.037829999999999996,0.03567,0.034,0.033710000000000004,0.030719999999999997,0.03034,0.02894,0.03394,0.04115,0.04061,0.03555,0.03411,0.03222,0.03458,0.03116,0.03483,0.033479999999999996,0.03552,0.03551,0.037939999999999995,0.0464,0.06548000000000001,0.05922,0.05374,0.05305,0.0516,0.049159999999999995,0.045810000000000003,0.04348,0.042159999999999996,0.04309,0.05012,0.501717948717948,0.539124999999999,0.510019999999999,0.469127659574468,0.589931034482758,0.624333333333333,0.512439999999999,0.58890909090909,0.630411764705882,0.793294117647058,0.683,0.531086956521739,0.514052631578947,0.444121951219512,0.495045454545454,0.555869565217391,0.532595238095237,0.488359999999999,0.559049999999999,0.558708333333333,0.605388888888888,0.305187499999999,0.619739130434782,0.542,0.393571428571428,0.362117647058823,0.438916666666666,0.489028571428571,0.507166666666666,0.511576923076923,0.476033333333333,0.541594594594594,0.699235294117647,0.708411764705882,0.6538,0.6959375,0.626136363636363,0.416555555555555,0.49275,0.3842,0.54647619047619,0.458470588235294,0.571368421052631,0.4514,0.619999999999999,0.579499999999999,0.575,0.456375,"[[1, 4], [2, 3]]"
0.03575,0.03226,0.032240000000000005,0.02526,0.02345,0.020640000000000002,0.022350000000000002,0.02187,0.02212,0.02564,0.02547,0.03505,0.049,0.044270000000000004,0.039920000000000004,0.037829999999999996,0.03567,0.034,0.033710000000000004,0.030719999999999997,0.03034,0.02894,0.03394,0.04115,0.04061,0.03555,0.03411,0.03222,0.03458,0.03116,0.03483,0.033479999999999996,0.03552,0.03551,0.037939999999999995,0.0464,0.06548000000000001,0.05922,0.05374,0.05305,0.0516,0.049159999999999995,0.045810000000000003,0.04348,0.042159999999999996,0.04309,0.05012,0.05809,0.539124999999999,0.510019999999999,0.469127659574468,0.589931034482758,0.624333333333333,0.512439999999999,0.58890909090909,0.630411764705882,0.793294117647058,0.683,0.531086956521739,0.514052631578947,0.444121951219512,0.495045454545454,0.555869565217391,0.532595238095237,0.488359999999999,0.559049999999999,0.558708333333333,0.605388888888888,0.305187499999999,0.619739130434782,0.542,0.393571428571428,0.362117647058823,0.438916666666666,0.489028571428571,0.507166666666666,0.511576923076923,0.476033333333333,0.541594594594594,0.699235294117647,0.708411764705882,0.6538,0.6959375,0.626136363636363,0.416555555555555,0.49275,0.3842,0.54647619047619,0.458470588235294,0.571368421052631,0.4514,0.619999999999999,0.579499999999999,0.575,0.456375,0.40925,"[[1, 4], [2, 3]]"
0.03226,0.032240000000000005,0.02526,0.02345,0.020640000000000002,0.022350000000000002,0.02187,0.02212,0.02564,0.02547,0.03505,0.049,0.044270000000000004,0.039920000000000004,0.037829999999999996,0.03567,0.034,0.033710000000000004,0.030719999999999997,0.03034,0.02894,0.03394,0.04115,0.04061,0.03555,0.03411,0.03222,0.03458,0.03116,0.03483,0.033479999999999996,0.03552,0.03551,0.037939999999999995,0.0464,0.06548000000000001,0.05922,0.05374,0.05305,0.0516,0.049159999999999995,0.045810000000000003,0.04348,0.042159999999999996,0.04309,0.05012,0.05809,0.05157,0.510019999999999,0.469127659574468,0.589931034482758,0.624333333333333,0.512439999999999,0.58890909090909,0.630411764705882,0.793294117647058,0.683,0.531086956521739,0.514052631578947,0.444121951219512,0.495045454545454,0.555869565217391,0.532595238095237,0.488359999999999,0.559049999999999,0.558708333333333,0.605388888888888,0.305187499999999,0.619739130434782,0.542,0.393571428571428,0.362117647058823,0.438916666666666,0.489028571428571,0.507166666666666,0.511576923076923,0.476033333333333,0.541594594594594,0.699235294117647,0.708411764705882,0.6538,0.6959375,0.626136363636363,0.416555555555555,0.49275,0.3842,0.54647619047619,0.458470588235294,0.571368421052631,0.4514,0.619999999999999,0.579499999999999,0.575,0.456375,0.40925,0.375,"[[1, 4], [2, 3]]"
0.032240000000000005,0.02526,0.02345,0.020640000000000002,0.022350000000000002,0.02187,0.02212,0.02564,0.02547,0.03505,0.049,0.044270000000000004,0.039920000000000004,0.037829999999999996,0.03567,0.034,0.033710000000000004,0.030719999999999997,0.03034,0.02894,0.03394,0.04115,0.04061,0.03555,0.03411,0.03222,0.03458,0.03116,0.03483,0.033479999999999996,0.03552,0.03551,0.037939999999999995,0.0464,0.06548000000000001,0.05922,0.05374,0.05305,0.0516,0.049159999999999995,0.045810000000000003,0.04348,0.042159999999999996,0.04309,0.05012,0.05809,0.05157,0.047299999999999995,0.469127659574468,0.589931034482758,0.624333333333333,0.512439999999999,0.58890909090909,0.630411764705882,0.793294117647058,0.683,0.531086956521739,0.514052631578947,0.444121951219512,0.495045454545454,0.555869565217391,0.532595238095237,0.488359999999999,0.559049999999999,0.558708333333333,0.605388888888888,0.305187499999999,0.619739130434782,0.542,0.393571428571428,0.362117647058823,0.438916666666666,0.489028571428571,0.507166666666666,0.511576923076923,0.476033333333333,0.541594594594594,0.699235294117647,0.708411764705882,0.6538,0.6959375,0.626136363636363,0.416555555555555,0.49275,0.3842,0.54647619047619,0.458470588235294,0.571368421052631,0.4514,0.619999999999999,0.579499999999999,0.575,0.456375,0.40925,0.375,0.512566666666666,"[[2, 3], [1, 4]]"
0.02526,0.02345,0.020640000000000002,0.022350000000000002,0.02187,0.02212,0.02564,0.02547,0.03505,0.049,0.044270000000000004,0.039920000000000004,0.037829999999999996,0.03567,0.034,0.033710000000000004,0.030719999999999997,0.03034,0.02894,0.03394,0.04115,0.04061,0.03555,0.03411,0.03222,0.03458,0.03116,0.03483,0.033479999999999996,0.03552,0.03551,0.037939999999999995,0.0464,0.06548000000000001,0.05922,0.05374,0.05305,0.0516,0.049159999999999995,0.045810000000000003,0.04348,0.042159999999999996,0.04309,0.05012,0.05809,0.05157,0.047299999999999995,0.049890000000000004,0.589931034482758,0.624333333333333,0.512439999999999,0.58890909090909,0.630411764705882,0.793294117647058,0.683,0.531086956521739,0.514052631578947,0.444121951219512,0.495045454545454,0.555869565217391,0.532595238095237,0.488359999999999,0.559049999999999,0.558708333333333,0.605388888888888,0.305187499999999,0.619739130434782,0.542,0.393571428571428,0.362117647058823,0.438916666666666,0.489028571428571,0.507166666666666,0.511576923076923,0.476033333333333,0.541594594594594,0.699235294117647,0.708411764705882,0.6538,0.6959375,0.626136363636363,0.416555555555555,0.49275,0.3842,0.54647619047619,0.458470588235294,0.571368421052631,0.4514,0.619999999999999,0.579499999999999,0.575,0.456375,0.40925,0.375,0.512566666666666,0.482028571428571,"[[2, 3], [1, 4]]"
0.02345,0.020640000000000002,0.022350000000000002,0.02187,0.02212,0.02564,0.02547,0.03505,0.049,0.044270000000000004,0.039920000000000004,0.037829999999999996,0.03567,0.034,0.033710000000000004,0.030719999999999997,0.03034,0.02894,0.03394,0.04115,0.04061,0.03555,0.03411,0.03222,0.03458,0.03116,0.03483,0.033479999999999996,0.03552,0.03551,0.037939999999999995,0.0464,0.06548000000000001,0.05922,0.05374,0.05305,0.0516,0.049159999999999995,0.045810000000000003,0.04348,0.042159999999999996,0.04309,0.05012,0.05809,0.05157,0.047299999999999995,0.049890000000000004,0.03387,0.624333333333333,0.512439999999999,0.58890909090909,0.630411764705882,0.793294117647058,0.683,0.531086956521739,0.514052631578947,0.444121951219512,0.495045454545454,0.555869565217391,0.532595238095237,0.488359999999999,0.559049999999999,0.558708333333333,0.605388888888888,0.305187499999999,0.619739130434782,0.542,0.393571428571428,0.362117647058823,0.438916666666666,0.489028571428571,0.507166666666666,0.511576923076923,0.476033333333333,0.541594594594594,0.699235294117647,0.708411764705882,0.6538,0.6959375,0.626136363636363,0.416555555555555,0.49275,0.3842,0.54647619047619,0.458470588235294,0.571368421052631,0.4514,0.619999999999999,0.579499999999999,0.575,0.456375,0.40925,0.375,0.512566666666666,0.482028571428571,0.531393939393939,"[[1, 4], [2, 3]]"
0.020640000000000002,0.022350000000000002,0.02187,0.02212,0.02564,0.02547,0.03505,0.049,0.044270000000000004,0.039920000000000004,0.037829999999999996,0.03567,0.034,0.033710000000000004,0.030719999999999997,0.03034,0.02894,0.03394,0.04115,0.04061,0.03555,0.03411,0.03222,0.03458,0.03116,0.03483,0.033479999999999996,0.03552,0.03551,0.037939999999999995,0.0464,0.06548000000000001,0.05922,0.05374,0.05305,0.0516,0.049159999999999995,0.045810000000000003,0.04348,0.042159999999999996,0.04309,0.05012,0.05809,0.05157,0.047299999999999995,0.049890000000000004,0.03387,0.02988,0.512439999999999,0.58890909090909,0.630411764705882,0.793294117647058,0.683,0.531086956521739,0.514052631578947,0.444121951219512,0.495045454545454,0.555869565217391,0.532595238095237,0.488359999999999,0.559049999999999,0.558708333333333,0.605388888888888,0.305187499999999,0.619739130434782,0.542,0.393571428571428,0.362117647058823,0.438916666666666,0.489028571428571,0.507166666666666,0.511576923076923,0.476033333333333,0.541594594594594,0.699235294117647,0.708411764705882,0.6538,0.6959375,0.626136363636363,0.416555555555555,0.49275,0.3842,0.54647619047619,0.458470588235294,0.571368421052631,0.4514,0.619999999999999,0.579499999999999,0.575,0.456375,0.40925,0.375,0.512566666666666,0.482028571428571,0.531393939393939,0.482545454545454,"[[2, 3], [1, 4]]"
0.022350000000000002,0.02187,0.02212,0.02564,0.02547,0.03505,0.049,0.044270000000000004,0.039920000000000004,0.037829999999999996,0.03567,0.034,0.033710000000000004,0.030719999999999997,0.03034,0.02894,0.03394,0.04115,0.04061,0.03555,0.03411,0.03222,0.03458,0.03116,0.03483,0.033479999999999996,0.03552,0.03551,0.037939999999999995,0.0464,0.06548000000000001,0.05922,0.05374,0.05305,0.0516,0.049159999999999995,0.045810000000000003,0.04348,0.042159999999999996,0.04309,0.05012,0.05809,0.05157,0.047299999999999995,0.049890000000000004,0.03387,0.02988,0.02,0.58890909090909,0.630411764705882,0.793294117647058,0.683,0.531086956521739,0.514052631578947,0.444121951219512,0.495045454545454,0.555869565217391,0.532595238095237,0.488359999999999,0.559049999999999,0.558708333333333,0.605388888888888,0.305187499999999,0.619739130434782,0.542,0.393571428571428,0.362117647058823,0.438916666666666,0.489028571428571,0.507166666666666,0.511576923076923,0.476033333333333,0.541594594594594,0.699235294117647,0.708411764705882,0.6538,0.6959375,0.626136363636363,0.416555555555555,0.49275,0.3842,0.54647619047619,0.458470588235294,0.571368421052631,0.4514,0.619999999999999,0.579499999999999,0.575,0.456375,0.40925,0.375,0.512566666666666,0.482028571428571,0.531393939393939,0.482545454545454,0.464653846153846,"[[1, 4], [2, 3]]"
0.02187,0.02212,0.02564,0.02547,0.03505,0.049,0.044270000000000004,0.039920000000000004,0.037829999999999996,0.03567,0.034,0.033710000000000004,0.030719999999999997,0.03034,0.02894,0.03394,0.04115,0.04061,0.03555,0.03411,0.03222,0.03458,0.03116,0.03483,0.033479999999999996,0.03552,0.03551,0.037939999999999995,0.0464,0.06548000000000001,0.05922,0.05374,0.05305,0.0516,0.049159999999999995,0.045810000000000003,0.04348,0.042159999999999996,0.04309,0.05012,0.05809,0.05157,0.047299999999999995,0.049890000000000004,0.03387,0.02988,0.02,0.01957,0.630411764705882,0.793294117647058,0.683,0.531086956521739,0.514052631578947,0.444121951219512,0.495045454545454,0.555869565217391,0.532595238095237,0.488359999999999,0.559049999999999,0.558708333333333,0.605388888888888,0.305187499999999,0.619739130434782,0.542,0.393571428571428,0.362117647058823,0.438916666666666,0.489028571428571,0.507166666666666,0.511576923076923,0.476033333333333,0.541594594594594,0.699235294117647,0.708411764705882,0.6538,0.6959375,0.626136363636363,0.416555555555555,0.49275,0.3842,0.54647619047619,0.458470588235294,0.571368421052631,0.4514,0.619999999999999,0.579499999999999,0.575,0.456375,0.40925,0.375,0.512566666666666,0.482028571428571,0.531393939393939,0.482545454545454,0.464653846153846,0.457,"[[1, 4], [2, 3]]"
0.02212,0.02564,0.02547,0.03505,0.049,0.044270000000000004,0.039920000000000004,0.037829999999999996,0.03567,0.034,0.033710000000000004,0.030719999999999997,0.03034,0.02894,0.03394,0.04115,0.04061,0.03555,0.03411,0.03222,0.03458,0.03116,0.03483,0.033479999999999996,0.03552,0.03551,0.037939999999999995,0.0464,0.06548000000000001,0.05922,0.05374,0.05305,0.0516,0.049159999999999995,0.045810000000000003,0.04348,0.042159999999999996,0.04309,0.05012,0.05809,0.05157,0.047299999999999995,0.049890000000000004,0.03387,0.02988,0.02,0.01957,0.01449,0.793294117647058,0.683,0.531086956521739,0.514052631578947,0.444121951219512,0.495045454545454,0.555869565217391,0.532595238095237,0.488359999999999,0.559049999999999,0.558708333333333,0.605388888888888,0.305187499999999,0.619739130434782,0.542,0.393571428571428,0.362117647058823,0.438916666666666,0.489028571428571,0.507166666666666,0.511576923076923,0.476033333333333,0.541594594594594,0.699235294117647,0.708411764705882,0.6538,0.6959375,0.626136363636363,0.416555555555555,0.49275,0.3842,0.54647619047619,0.458470588235294,0.571368421052631,0.4514,0.619999999999999,0.579499999999999,0.575,0.456375,0.40925,0.375,0.512566666666666,0.482028571428571,0.531393939393939,0.482545454545454,0.464653846153846,0.457,0.465,"[[1, 4], [2, 3]]"
0.02564,0.02547,0.03505,0.049,0.044270000000000004,0.039920000000000004,0.037829999999999996,0.03567,0.034,0.033710000000000004,0.030719999999999997,0.03034,0.02894,0.03394,0.04115,0.04061,0.03555,0.03411,0.03222,0.03458,0.03116,0.03483,0.033479999999999996,0.03552,0.03551,0.037939999999999995,0.0464,0.06548000000000001,0.05922,0.05374,0.05305,0.0516,0.049159999999999995,0.045810000000000003,0.04348,0.042159999999999996,0.04309,0.05012,0.05809,0.05157,0.047299999999999995,0.049890000000000004,0.03387,0.02988,0.02,0.01957,0.01449,0.014,0.683,0.531086956521739,0.514052631578947,0.444121951219512,0.495045454545454,0.555869565217391,0.532595238095237,0.488359999999999,0.559049999999999,0.558708333333333,0.605388888888888,0.305187499999999,0.619739130434782,0.542,0.393571428571428,0.362117647058823,0.438916666666666,0.489028571428571,0.507166666666666,0.511576923076923,0.476033333333333,0.541594594594594,0.699235294117647,0.708411764705882,0.6538,0.6959375,0.626136363636363,0.416555555555555,0.49275,0.3842,0.54647619047619,0.458470588235294,0.571368421052631,0.4514,0.619999999999999,0.579499999999999,0.575,0.456375,0.40925,0.375,0.512566666666666,0.482028571428571,0.531393939393939,0.482545454545454,0.464653846153846,0.457,0.465,0.537235294117647,"[[1, 4], [2, 3]]"
0.02547,0.03505,0.049,0.044270000000000004,0.039920000000000004,0.037829999999999996,0.03567,0.034,0.033710000000000004,0.030719999999999997,0.03034,0.02894,0.03394,0.04115,0.04061,0.03555,0.03411,0.03222,0.03458,0.03116,0.03483,0.033479999999999996,0.03552,0.03551,0.037939999999999995,0.0464,0.06548000000000001,0.05922,0.05374,0.05305,0.0516,0.049159999999999995,0.045810000000000003,0.04348,0.042159999999999996,0.04309,0.05012,0.05809,0.05157,0.047299999999999995,0.049890000000000004,0.03387,0.02988,0.02,0.01957,0.01449,0.014,0.0107,0.531086956521739,0.514052631578947,0.444121951219512,0.495045454545454,0.555869565217391,0.532595238095237,0.488359999999999,0.559049999999999,0.558708333333333,0.605388888888888,0.305187499999999,0.619739130434782,0.542,0.393571428571428,0.362117647058823,0.438916666666666,0.489028571428571,0.507166666666666,0.511576923076923,0.476033333333333,0.541594594594594,0.699235294117647,0.708411764705882,0.6538,0.6959375,0.626136363636363,0.416555555555555,0.49275,0.3842,0.54647619047619,0.458470588235294,0.571368421052631,0.4514,0.619999999999999,0.579499999999999,0.575,0.456375,0.40925,0.375,0.512566666666666,0.482028571428571,0.531393939393939,0.482545454545454,0.464653846153846,0.457,0.465,0.537235294117647,0.575714285714285,"[[2, 3], [1, 4]]"
0.03505,0.049,0.044270000000000004,0.039920000000000004,0.037829999999999996,0.03567,0.034,0.033710000000000004,0.030719999999999997,0.03034,0.02894,0.03394,0.04115,0.04061,0.03555,0.03411,0.03222,0.03458,0.03116,0.03483,0.033479999999999996,0.03552,0.03551,0.037939999999999995,0.0464,0.06548000000000001,0.05922,0.05374,0.05305,0.0516,0.049159999999999995,0.045810000000000003,0.04348,0.042159999999999996,0.04309,0.05012,0.05809,0.05157,0.047299999999999995,0.049890000000000004,0.03387,0.02988,0.02,0.01957,0.01449,0.014,0.0107,0.01499,0.514052631578947,0.444121951219512,0.495045454545454,0.555869565217391,0.532595238095237,0.488359999999999,0.559049999999999,0.558708333333333,0.605388888888888,0.305187499999999,0.619739130434782,0.542,0.393571428571428,0.362117647058823,0.438916666666666,0.489028571428571,0.507166666666666,0.511576923076923,0.476033333333333,0.541594594594594,0.699235294117647,0.708411764705882,0.6538,0.6959375,0.626136363636363,0.416555555555555,0.49275,0.3842,0.54647619047619,0.458470588235294,0.571368421052631,0.4514,0.619999999999999,0.579499999999999,0.575,0.456375,0.40925,0.375,0.512566666666666,0.482028571428571,0.531393939393939,0.482545454545454,0.464653846153846,0.457,0.465,0.537235294117647,0.575714285714285,0.600727272727272,"[[2, 3], [1, 4]]"
0.049,0.044270000000000004,0.039920000000000004,0.037829999999999996,0.03567,0.034,0.033710000000000004,0.030719999999999997,0.03034,0.02894,0.03394,0.04115,0.04061,0.03555,0.03411,0.03222,0.03458,0.03116,0.03483,0.033479999999999996,0.03552,0.03551,0.037939999999999995,0.0464,0.06548000000000001,0.05922,0.05374,0.05305,0.0516,0.049159999999999995,0.045810000000000003,0.04348,0.042159999999999996,0.04309,0.05012,0.05809,0.05157,0.047299999999999995,0.049890000000000004,0.03387,0.02988,0.02,0.01957,0.01449,0.014,0.0107,0.01499,0.02655,0.444121951219512,0.495045454545454,0.555869565217391,0.532595238095237,0.488359999999999,0.559049999999999,0.558708333333333,0.605388888888888,0.305187499999999,0.619739130434782,0.542,0.393571428571428,0.362117647058823,0.438916666666666,0.489028571428571,0.507166666666666,0.511576923076923,0.476033333333333,0.541594594594594,0.699235294117647,0.708411764705882,0.6538,0.6959375,0.626136363636363,0.416555555555555,0.49275,0.3842,0.54647619047619,0.458470588235294,0.571368421052631,0.4514,0.619999999999999,0.579499999999999,0.575,0.456375,0.40925,0.375,0.512566666666666,0.482028571428571,0.531393939393939,0.482545454545454,0.464653846153846,0.457,0.465,0.537235294117647,0.575714285714285,0.600727272727272,0.528949999999999,"[[2, 3], [1, 4]]"
0.044270000000000004,0.039920000000000004,0.037829999999999996,0.03567,0.034,0.033710000000000004,0.030719999999999997,0.03034,0.02894,0.03394,0.04115,0.04061,0.03555,0.03411,0.03222,0.03458,0.03116,0.03483,0.033479999999999996,0.03552,0.03551,0.037939999999999995,0.0464,0.06548000000000001,0.05922,0.05374,0.05305,0.0516,0.049159999999999995,0.045810000000000003,0.04348,0.042159999999999996,0.04309,0.05012,0.05809,0.05157,0.047299999999999995,0.049890000000000004,0.03387,0.02988,0.02,0.01957,0.01449,0.014,0.0107,0.01499,0.02655,0.032479999999999995,0.495045454545454,0.555869565217391,0.532595238095237,0.488359999999999,0.559049999999999,0.558708333333333,0.605388888888888,0.305187499999999,0.619739130434782,0.542,0.393571428571428,0.362117647058823,0.438916666666666,0.489028571428571,0.507166666666666,0.511576923076923,0.476033333333333,0.541594594594594,0.699235294117647,0.708411764705882,0.6538,0.6959375,0.626136363636363,0.416555555555555,0.49275,0.3842,0.54647619047619,0.458470588235294,0.571368421052631,0.4514,0.619999999999999,0.579499999999999,0.575,0.456375,0.40925,0.375,0.512566666666666,0.482028571428571,0.531393939393939,0.482545454545454,0.464653846153846,0.457,0.465,0.537235294117647,0.575714285714285,0.600727272727272,0.528949999999999,0.48225,"[[1, 4], [2, 3]]"
0.039920000000000004,0.037829999999999996,0.03567,0.034,0.033710000000000004,0.030719999999999997,0.03034,0.02894,0.03394,0.04115,0.04061,0.03555,0.03411,0.03222,0.03458,0.03116,0.03483,0.033479999999999996,0.03552,0.03551,0.037939999999999995,0.0464,0.06548000000000001,0.05922,0.05374,0.05305,0.0516,0.049159999999999995,0.045810000000000003,0.04348,0.042159999999999996,0.04309,0.05012,0.05809,0.05157,0.047299999999999995,0.049890000000000004,0.03387,0.02988,0.02,0.01957,0.01449,0.014,0.0107,0.01499,0.02655,0.032479999999999995,0.03762,0.555869565217391,0.532595238095237,0.488359999999999,0.559049999999999,0.558708333333333,0.605388888888888,0.305187499999999,0.619739130434782,0.542,0.393571428571428,0.362117647058823,0.438916666666666,0.489028571428571,0.507166666666666,0.511576923076923,0.476033333333333,0.541594594594594,0.699235294117647,0.708411764705882,0.6538,0.6959375,0.626136363636363,0.416555555555555,0.49275,0.3842,0.54647619047619,0.458470588235294,0.571368421052631,0.4514,0.619999999999999,0.579499999999999,0.575,0.456375,0.40925,0.375,0.512566666666666,0.482028571428571,0.531393939393939,0.482545454545454,0.464653846153846,0.457,0.465,0.537235294117647,0.575714285714285,0.600727272727272,0.528949999999999,0.48225,0.467529411764706,"[[2, 3], [1, 4]]"
0.037829999999999996,0.03567,0.034,0.033710000000000004,0.030719999999999997,0.03034,0.02894,0.03394,0.04115,0.04061,0.03555,0.03411,0.03222,0.03458,0.03116,0.03483,0.033479999999999996,0.03552,0.03551,0.037939999999999995,0.0464,0.06548000000000001,0.05922,0.05374,0.05305,0.0516,0.049159999999999995,0.045810000000000003,0.04348,0.042159999999999996,0.04309,0.05012,0.05809,0.05157,0.047299999999999995,0.049890000000000004,0.03387,0.02988,0.02,0.01957,0.01449,0.014,0.0107,0.01499,0.02655,0.032479999999999995,0.03762,0.04079,0.532595238095237,0.488359999999999,0.559049999999999,0.558708333333333,0.605388888888888,0.305187499999999,0.619739130434782,0.542,0.393571428571428,0.362117647058823,0.438916666666666,0.489028571428571,0.507166666666666,0.511576923076923,0.476033333333333,0.541594594594594,0.699235294117647,0.708411764705882,0.6538,0.6959375,0.626136363636363,0.416555555555555,0.49275,0.3842,0.54647619047619,0.458470588235294,0.571368421052631,0.4514,0.619999999999999,0.579499999999999,0.575,0.456375,0.40925,0.375,0.512566666666666,0.482028571428571,0.531393939393939,0.482545454545454,0.464653846153846,0.457,0.465,0.537235294117647,0.575714285714285,0.600727272727272,0.528949999999999,0.48225,0.467529411764706,0.489758620689655,"[[2, 3], [1, 4]]"
0.03567,0.034,0.033710000000000004,0.030719999999999997,0.03034,0.02894,0.03394,0.04115,0.04061,0.03555,0.03411,0.03222,0.03458,0.03116,0.03483,0.033479999999999996,0.03552,0.03551,0.037939999999999995,0.0464,0.06548000000000001,0.05922,0.05374,0.05305,0.0516,0.049159999999999995,0.045810000000000003,0.04348,0.042159999999999996,0.04309,0.05012,0.05809,0.05157,0.047299999999999995,0.049890000000000004,0.03387,0.02988,0.02,0.01957,0.01449,0.014,0.0107,0.01499,0.02655,0.032479999999999995,0.03762,0.04079,0.038509999999999996,0.488359999999999,0.559049999999999,0.558708333333333,0.605388888888888,0.305187499999999,0.619739130434782,0.542,0.393571428571428,0.362117647058823,0.438916666666666,0.489028571428571,0.507166666666666,0.511576923076923,0.476033333333333,0.541594594594594,0.699235294117647,0.708411764705882,0.6538,0.6959375,0.626136363636363,0.416555555555555,0.49275,0.3842,0.54647619047619,0.458470588235294,0.571368421052631,0.4514,0.619999999999999,0.579499999999999,0.575,0.456375,0.40925,0.375,0.512566666666666,0.482028571428571,0.531393939393939,0.482545454545454,0.464653846153846,0.457,0.465,0.537235294117647,0.575714285714285,0.600727272727272,0.528949999999999,0.48225,0.467529411764706,0.489758620689655,0.491999999999999,"[[1, 4], [2, 3]]"
0.034,0.033710000000000004,0.030719999999999997,0.03034,0.02894,0.03394,0.04115,0.04061,0.03555,0.03411,0.03222,0.03458,0.03116,0.03483,0.033479999999999996,0.03552,0.03551,0.037939999999999995,0.0464,0.06548000000000001,0.05922,0.05374,0.05305,0.0516,0.049159999999999995,0.045810000000000003,0.04348,0.042159999999999996,0.04309,0.05012,0.05809,0.05157,0.047299999999999995,0.049890000000000004,0.03387,0.02988,0.02,0.01957,0.01449,0.014,0.0107,0.01499,0.02655,0.032479999999999995,0.03762,0.04079,0.038509999999999996,0.037329999999999995,0.559049999999999,0.558708333333333,0.605388888888888,0.305187499999999,0.619739130434782,0.542,0.393571428571428,0.362117647058823,0.438916666666666,0.489028571428571,0.507166666666666,0.511576923076923,0.476033333333333,0.541594594594594,0.699235294117647,0.708411764705882,0.6538,0.6959375,0.626136363636363,0.416555555555555,0.49275,0.3842,0.54647619047619,0.458470588235294,0.571368421052631,0.4514,0.619999999999999,0.579499999999999,0.575,0.456375,0.40925,0.375,0.512566666666666,0.482028571428571,0.531393939393939,0.482545454545454,0.464653846153846,0.457,0.465,0.537235294117647,0.575714285714285,0.600727272727272,0.528949999999999,0.48225,0.467529411764706,0.489758620689655,0.491999999999999,0.393086956521739,"[[2, 3], [1, 4]]"
0.033710000000000004,0.030719999999999997,0.03034,0.02894,0.03394,0.04115,0.04061,0.03555,0.03411,0.03222,0.03458,0.03116,0.03483,0.033479999999999996,0.03552,0.03551,0.037939999999999995,0.0464,0.06548000000000001,0.05922,0.05374,0.05305,0.0516,0.049159999999999995,0.045810000000000003,0.04348,0.042159999999999996,0.04309,0.05012,0.05809,0.05157,0.047299999999999995,0.049890000000000004,0.03387,0.02988,0.02,0.01957,0.01449,0.014,0.0107,0.01499,0.02655,0.032479999999999995,0.03762,0.04079,0.038509999999999996,0.037329999999999995,0.03892,0.558708333333333,0.605388888888888,0.305187499999999,0.619739130434782,0.542,0.393571428571428,0.362117647058823,0.438916666666666,0.489028571428571,0.507166666666666,0.511576923076923,0.476033333333333,0.541594594594594,0.699235294117647,0.708411764705882,0.6538,0.6959375,0.626136363636363,0.416555555555555,0.49275,0.3842,0.54647619047619,0.458470588235294,0.571368421052631,0.4514,0.619999999999999,0.579499999999999,0.575,0.456375,0.40925,0.375,0.512566666666666,0.482028571428571,0.531393939393939,0.482545454545454,0.464653846153846,0.457,0.465,0.537235294117647,0.575714285714285,0.600727272727272,0.528949999999999,0.48225,0.467529411764706,0.489758620689655,0.491999999999999,0.393086956521739,0.390954545454545,"[[1, 4], [2, 3]]"
0.030719999999999997,0.03034,0.02894,0.03394,0.04115,0.04061,0.03555,0.03411,0.03222,0.03458,0.03116,0.03483,0.033479999999999996,0.03552,0.03551,0.037939999999999995,0.0464,0.06548000000000001,0.05922,0.05374,0.05305,0.0516,0.049159999999999995,0.045810000000000003,0.04348,0.042159999999999996,0.04309,0.05012,0.05809,0.05157,0.047299999999999995,0.049890000000000004,0.03387,0.02988,0.02,0.01957,0.01449,0.014,0.0107,0.01499,0.02655,0.032479999999999995,0.03762,0.04079,0.038509999999999996,0.037329999999999995,0.03892,0.033229999999999996,0.605388888888888,0.305187499999999,0.619739130434782,0.542,0.393571428571428,0.362117647058823,0.438916666666666,0.489028571428571,0.507166666666666,0.511576923076923,0.476033333333333,0.541594594594594,0.699235294117647,0.708411764705882,0.6538,0.6959375,0.626136363636363,0.416555555555555,0.49275,0.3842,0.54647619047619,0.458470588235294,0.571368421052631,0.4514,0.619999999999999,0.579499999999999,0.575,0.456375,0.40925,0.375,0.512566666666666,0.482028571428571,0.531393939393939,0.482545454545454,0.464653846153846,0.457,0.465,0.537235294117647,0.575714285714285,0.600727272727272,0.528949999999999,0.48225,0.467529411764706,0.489758620689655,0.491999999999999,0.393086956521739,0.390954545454545,0.395703703703703,"[[1, 4], [2, 3]]"
0.03034,0.02894,0.03394,0.04115,0.04061,0.03555,0.03411,0.03222,0.03458,0.03116,0.03483,0.033479999999999996,0.03552,0.03551,0.037939999999999995,0.0464,0.06548000000000001,0.05922,0.05374,0.05305,0.0516,0.049159999999999995,0.045810000000000003,0.04348,0.042159999999999996,0.04309,0.05012,0.05809,0.05157,0.047299999999999995,0.049890000000000004,0.03387,0.02988,0.02,0.01957,0.01449,0.014,0.0107,0.01499,0.02655,0.032479999999999995,0.03762,0.04079,0.038509999999999996,0.037329999999999995,0.03892,0.033229999999999996,0.03162,0.305187499999999,0.619739130434782,0.542,0.393571428571428,0.362117647058823,0.438916666666666,0.489028571428571,0.507166666666666,0.511576923076923,0.476033333333333,0.541594594594594,0.699235294117647,0.708411764705882,0.6538,0.6959375,0.626136363636363,0.416555555555555,0.49275,0.3842,0.54647619047619,0.458470588235294,0.571368421052631,0.4514,0.619999999999999,0.579499999999999,0.575,0.456375,0.40925,0.375,0.512566666666666,0.482028571428571,0.531393939393939,0.482545454545454,0.464653846153846,0.457,0.465,0.537235294117647,0.575714285714285,0.600727272727272,0.528949999999999,0.48225,0.467529411764706,0.489758620689655,0.491999999999999,0.393086956521739,0.390954545454545,0.395703703703703,0.390437499999999,"[[2, 3], [1, 4]]"
0.02894,0.03394,0.04115,0.04061,0.03555,0.03411,0.03222,0.03458,0.03116,0.03483,0.033479999999999996,0.03552,0.03551,0.037939999999999995,0.0464,0.06548000000000001,0.05922,0.05374,0.05305,0.0516,0.049159999999999995,0.045810000000000003,0.04348,0.042159999999999996,0.04309,0.05012,0.05809,0.05157,0.047299999999999995,0.049890000000000004,0.03387,0.02988,0.02,0.01957,0.01449,0.014,0.0107,0.01499,0.02655,0.032479999999999995,0.03762,0.04079,0.038509999999999996,0.037329999999999995,0.03892,0.033229999999999996,0.03162,0.0316,0.619739130434782,0.542,0.393571428571428,0.362117647058823,0.438916666666666,0.489028571428571,0.507166666666666,0.511576923076923,0.476033333333333,0.541594594594594,0.699235294117647,0.708411764705882,0.6538,0.6959375,0.626136363636363,0.416555555555555,0.49275,0.3842,0.54647619047619,0.458470588235294,0.571368421052631,0.4514,0.619999999999999,0.579499999999999,0.575,0.456375,0.40925,0.375,0.512566666666666,0.482028571428571,0.531393939393939,0.482545454545454,0.464653846153846,0.457,0.465,0.537235294117647,0.575714285714285,0.600727272727272,0.528949999999999,0.48225,0.467529411764706,0.489758620689655,0.491999999999999,0.393086956521739,0.390954545454545,0.395703703703703,0.390437499999999,0.6165,"[[2, 3], [1, 4]]"
0.03394,0.04115,0.04061,0.03555,0.03411,0.03222,0.03458,0.03116,0.03483,0.033479999999999996,0.03552,0.03551,0.037939999999999995,0.0464,0.06548000000000001,0.05922,0.05374,0.05305,0.0516,0.049159999999999995,0.045810000000000003,0.04348,0.042159999999999996,0.04309,0.05012,0.05809,0.05157,0.047299999999999995,0.049890000000000004,0.03387,0.02988,0.02,0.01957,0.01449,0.014,0.0107,0.01499,0.02655,0.032479999999999995,0.03762,0.04079,0.038509999999999996,0.037329999999999995,0.03892,0.033229999999999996,0.03162,0.0316,0.02971,0.542,0.393571428571428,0.362117647058823,0.438916666666666,0.489028571428571,0.507166666666666,0.511576923076923,0.476033333333333,0.541594594594594,0.699235294117647,0.708411764705882,0.6538,0.6959375,0.626136363636363,0.416555555555555,0.49275,0.3842,0.54647619047619,0.458470588235294,0.571368421052631,0.4514,0.619999999999999,0.579499999999999,0.575,0.456375,0.40925,0.375,0.512566666666666,0.482028571428571,0.531393939393939,0.482545454545454,0.464653846153846,0.457,0.465,0.537235294117647,0.575714285714285,0.600727272727272,0.528949999999999,0.48225,0.467529411764706,0.489758620689655,0.491999999999999,0.393086956521739,0.390954545454545,0.395703703703703,0.390437499999999,0.6165,0.652333333333333,"[[2, 3], [1, 4]]"
0.04115,0.04061,0.03555,0.03411,0.03222,0.03458,0.03116,0.03483,0.033479999999999996,0.03552,0.03551,0.037939999999999995,0.0464,0.06548000000000001,0.05922,0.05374,0.05305,0.0516,0.049159999999999995,0.045810000000000003,0.04348,0.042159999999999996,0.04309,0.05012,0.05809,0.05157,0.047299999999999995,0.049890000000000004,0.03387,0.02988,0.02,0.01957,0.01449,0.014,0.0107,0.01499,0.02655,0.032479999999999995,0.03762,0.04079,0.038509999999999996,0.037329999999999995,0.03892,0.033229999999999996,0.03162,0.0316,0.02971,0.03605,0.393571428571428,0.362117647058823,0.438916666666666,0.489028571428571,0.507166666666666,0.511576923076923,0.476033333333333,0.541594594594594,0.699235294117647,0.708411764705882,0.6538,0.6959375,0.626136363636363,0.416555555555555,0.49275,0.3842,0.54647619047619,0.458470588235294,0.571368421052631,0.4514,0.619999999999999,0.579499999999999,0.575,0.456375,0.40925,0.375,0.512566666666666,0.482028571428571,0.531393939393939,0.482545454545454,0.464653846153846,0.457,0.465,0.537235294117647,0.575714285714285,0.600727272727272,0.528949999999999,0.48225,0.467529411764706,0.489758620689655,0.491999999999999,0.393086956521739,0.390954545454545,0.395703703703703,0.390437499999999,0.6165,0.652333333333333,0.517026315789473,"[[1, 4], [2, 3]]"
0.04061,0.03555,0.03411,0.03222,0.03458,0.03116,0.03483,0.033479999999999996,0.03552,0.03551,0.037939999999999995,0.0464,0.06548000000000001,0.05922,0.05374,0.05305,0.0516,0.049159999999999995,0.045810000000000003,0.04348,0.042159999999999996,0.04309,0.05012,0.05809,0.05157,0.047299999999999995,0.049890000000000004,0.03387,0.02988,0.02,0.01957,0.01449,0.014,0.0107,0.01499,0.02655,0.032479999999999995,0.03762,0.04079,0.038509999999999996,0.037329999999999995,0.03892,0.033229999999999996,0.03162,0.0316,0.02971,0.03605,0.039939999999999996,0.362117647058823,0.438916666666666,0.489028571428571,0.507166666666666,0.511576923076923,0.476033333333333,0.541594594594594,0.699235294117647,0.708411764705882,0.6538,0.6959375,0.626136363636363,0.416555555555555,0.49275,0.3842,0.54647619047619,0.458470588235294,0.571368421052631,0.4514,0.619999999999999,0.579499999999999,0.575,0.456375,0.40925,0.375,0.512566666666666,0.482028571428571,0.531393939393939,0.482545454545454,0.464653846153846,0.457,0.465,0.537235294117647,0.575714285714285,0.600727272727272,0.528949999999999,0.48225,0.467529411764706,0.489758620689655,0.491999999999999,0.393086956521739,0.390954545454545,0.395703703703703,0.390437499999999,0.6165,0.652333333333333,0.517026315789473,0.468096774193548,"[[2, 3], [1, 4]]"
0.03555,0.03411,0.03222,0.03458,0.03116,0.03483,0.033479999999999996,0.03552,0.03551,0.037939999999999995,0.0464,0.06548000000000001,0.05922,0.05374,0.05305,0.0516,0.049159999999999995,0.045810000000000003,0.04348,0.042159999999999996,0.04309,0.05012,0.05809,0.05157,0.047299999999999995,0.049890000000000004,0.03387,0.02988,0.02,0.01957,0.01449,0.014,0.0107,0.01499,0.02655,0.032479999999999995,0.03762,0.04079,0.038509999999999996,0.037329999999999995,0.03892,0.033229999999999996,0.03162,0.0316,0.02971,0.03605,0.039939999999999996,0.038,0.438916666666666,0.489028571428571,0.507166666666666,0.511576923076923,0.476033333333333,0.541594594594594,0.699235294117647,0.708411764705882,0.6538,0.6959375,0.626136363636363,0.416555555555555,0.49275,0.3842,0.54647619047619,0.458470588235294,0.571368421052631,0.4514,0.619999999999999,0.579499999999999,0.575,0.456375,0.40925,0.375,0.512566666666666,0.482028571428571,0.531393939393939,0.482545454545454,0.464653846153846,0.457,0.465,0.537235294117647,0.575714285714285,0.600727272727272,0.528949999999999,0.48225,0.467529411764706,0.489758620689655,0.491999999999999,0.393086956521739,0.390954545454545,0.395703703703703,0.390437499999999,0.6165,0.652333333333333,0.517026315789473,0.468096774193548,0.346129032258064,"[[2, 3], [1, 4]]"
0.03411,0.03222,0.03458,0.03116,0.03483,0.033479999999999996,0.03552,0.03551,0.037939999999999995,0.0464,0.06548000000000001,0.05922,0.05374,0.05305,0.0516,0.049159999999999995,0.045810000000000003,0.04348,0.042159999999999996,0.04309,0.05012,0.05809,0.05157,0.047299999999999995,0.049890000000000004,0.03387,0.02988,0.02,0.01957,0.01449,0.014,0.0107,0.01499,0.02655,0.032479999999999995,0.03762,0.04079,0.038509999999999996,0.037329999999999995,0.03892,0.033229999999999996,0.03162,0.0316,0.02971,0.03605,0.039939999999999996,0.038,0.02964,0.489028571428571,0.507166666666666,0.511576923076923,0.476033333333333,0.541594594594594,0.699235294117647,0.708411764705882,0.6538,0.6959375,0.626136363636363,0.416555555555555,0.49275,0.3842,0.54647619047619,0.458470588235294,0.571368421052631,0.4514,0.619999999999999,0.579499999999999,0.575,0.456375,0.40925,0.375,0.512566666666666,0.482028571428571,0.531393939393939,0.482545454545454,0.464653846153846,0.457,0.465,0.537235294117647,0.575714285714285,0.600727272727272,0.528949999999999,0.48225,0.467529411764706,0.489758620689655,0.491999999999999,0.393086956521739,0.390954545454545,0.395703703703703,0.390437499999999,0.6165,0.652333333333333,0.517026315789473,0.468096774193548,0.346129032258064,0.518129032258064,"[[2, 3], [1, 4]]"
0.03222,0.03458,0.03116,0.03483,0.033479999999999996,0.03552,0.03551,0.037939999999999995,0.0464,0.06548000000000001,0.05922,0.05374,0.05305,0.0516,0.049159999999999995,0.045810000000000003,0.04348,0.042159999999999996,0.04309,0.05012,0.05809,0.05157,0.047299999999999995,0.049890000000000004,0.03387,0.02988,0.02,0.01957,0.01449,0.014,0.0107,0.01499,0.02655,0.032479999999999995,0.03762,0.04079,0.038509999999999996,0.037329999999999995,0.03892,0.033229999999999996,0.03162,0.0316,0.02971,0.03605,0.039939999999999996,0.038,0.02964,0.018,0.507166666666666,0.511576923076923,0.476033333333333,0.541594594594594,0.699235294117647,0.708411764705882,0.6538,0.6959375,0.626136363636363,0.416555555555555,0.49275,0.3842,0.54647619047619,0.458470588235294,0.571368421052631,0.4514,0.619999999999999,0.579499999999999,0.575,0.456375,0.40925,0.375,0.512566666666666,0.482028571428571,0.531393939393939,0.482545454545454,0.464653846153846,0.457,0.465,0.537235294117647,0.575714285714285,0.600727272727272,0.528949999999999,0.48225,0.467529411764706,0.489758620689655,0.491999999999999,0.393086956521739,0.390954545454545,0.395703703703703,0.390437499999999,0.6165,0.652333333333333,0.517026315789473,0.468096774193548,0.346129032258064,0.518129032258064,0.496333333333333,"[[2, 3], [1, 4]]"
0.03458,0.03116,0.03483,0.033479999999999996,0.03552,0.03551,0.037939999999999995,0.0464,0.06548000000000001,0.05922,0.05374,0.05305,0.0516,0.049159999999999995,0.045810000000000003,0.04348,0.042159999999999996,0.04309,0.05012,0.05809,0.05157,0.047299999999999995,0.049890000000000004,0.03387,0.02988,0.02,0.01957,0.01449,0.014,0.0107,0.01499,0.02655,0.032479999999999995,0.03762,0.04079,0.038509999999999996,0.037329999999999995,0.03892,0.033229999999999996,0.03162,0.0316,0.02971,0.03605,0.039939999999999996,0.038,0.02964,0.018,0.00561,0.511576923076923,0.476033333333333,0.541594594594594,0.699235294117647,0.708411764705882,0.6538,0.6959375,0.626136363636363,0.416555555555555,0.49275,0.3842,0.54647619047619,0.458470588235294,0.571368421052631,0.4514,0.619999999999999,0.579499999999999,0.575,0.456375,0.40925,0.375,0.512566666666666,0.482028571428571,0.531393939393939,0.482545454545454,0.464653846153846,0.457,0.465,0.537235294117647,0.575714285714285,0.600727272727272,0.528949999999999,0.48225,0.467529411764706,0.489758620689655,0.491999999999999,0.393086956521739,0.390954545454545,0.395703703703703,0.390437499999999,0.6165,0.652333333333333,0.517026315789473,0.468096774193548,0.346129032258064,0.518129032258064,0.496333333333333,0.458777777777777,"[[1], [2, 3, 4]]"
0.03116,0.03483,0.033479999999999996,0.03552,0.03551,0.037939999999999995,0.0464,0.06548000000000001,0.05922,0.05374,0.05305,0.0516,0.049159999999999995,0.045810000000000003,0.04348,0.042159999999999996,0.04309,0.05012,0.05809,0.05157,0.047299999999999995,0.049890000000000004,0.03387,0.02988,0.02,0.01957,0.01449,0.014,0.0107,0.01499,0.02655,0.032479999999999995,0.03762,0.04079,0.038509999999999996,0.037329999999999995,0.03892,0.033229999999999996,0.03162,0.0316,0.02971,0.03605,0.039939999999999996,0.038,0.02964,0.018,0.00561,0.005,0.476033333333333,0.541594594594594,0.699235294117647,0.708411764705882,0.6538,0.6959375,0.626136363636363,0.416555555555555,0.49275,0.3842,0.54647619047619,0.458470588235294,0.571368421052631,0.4514,0.619999999999999,0.579499999999999,0.575,0.456375,0.40925,0.375,0.512566666666666,0.482028571428571,0.531393939393939,0.482545454545454,0.464653846153846,0.457,0.465,0.537235294117647,0.575714285714285,0.600727272727272,0.528949999999999,0.48225,0.467529411764706,0.489758620689655,0.491999999999999,0.393086956521739,0.390954545454545,0.395703703703703,0.390437499999999,0.6165,0.652333333333333,0.517026315789473,0.468096774193548,0.346129032258064,0.518129032258064,0.496333333333333,0.458777777777777,0.540199999999999,"[[1], [2, 3, 4]]"
0.03483,0.033479999999999996,0.03552,0.03551,0.037939999999999995,0.0464,0.06548000000000001,0.05922,0.05374,0.05305,0.0516,0.049159999999999995,0.045810000000000003,0.04348,0.042159999999999996,0.04309,0.05012,0.05809,0.05157,0.047299999999999995,0.049890000000000004,0.03387,0.02988,0.02,0.01957,0.01449,0.014,0.0107,0.01499,0.02655,0.032479999999999995,0.03762,0.04079,0.038509999999999996,0.037329999999999995,0.03892,0.033229999999999996,0.03162,0.0316,0.02971,0.03605,0.039939999999999996,0.038,0.02964,0.018,0.00561,0.005,0.02437,0.541594594594594,0.699235294117647,0.708411764705882,0.6538,0.6959375,0.626136363636363,0.416555555555555,0.49275,0.3842,0.54647619047619,0.458470588235294,0.571368421052631,0.4514,0.619999999999999,0.579499999999999,0.575,0.456375,0.40925,0.375,0.512566666666666,0.482028571428571,0.531393939393939,0.482545454545454,0.464653846153846,0.457,0.465,0.537235294117647,0.575714285714285,0.600727272727272,0.528949999999999,0.48225,0.467529411764706,0.489758620689655,0.491999999999999,0.393086956521739,0.390954545454545,0.395703703703703,0.390437499999999,0.6165,0.652333333333333,0.517026315789473,0.468096774193548,0.346129032258064,0.518129032258064,0.496333333333333,0.458777777777777,0.540199999999999,0.574727272727272,"[[1], [2, 3, 4]]"
0.033479999999999996,0.03552,0.03551,0.037939999999999995,0.0464,0.06548000000000001,0.05922,0.05374,0.05305,0.0516,0.049159999999999995,0.045810000000000003,0.04348,0.042159999999999996,0.04309,0.05012,0.05809,0.05157,0.047299999999999995,0.049890000000000004,0.03387,0.02988,0.02,0.01957,0.01449,0.014,0.0107,0.01499,0.02655,0.032479999999999995,0.03762,0.04079,0.038509999999999996,0.037329999999999995,0.03892,0.033229999999999996,0.03162,0.0316,0.02971,0.03605,0.039939999999999996,0.038,0.02964,0.018,0.00561,0.005,0.02437,0.02633,0.699235294117647,0.708411764705882,0.6538,0.6959375,0.626136363636363,0.416555555555555,0.49275,0.3842,0.54647619047619,0.458470588235294,0.571368421052631,0.4514,0.619999999999999,0.579499999999999,0.575,0.456375,0.40925,0.375,0.512566666666666,0.482028571428571,0.531393939393939,0.482545454545454,0.464653846153846,0.457,0.465,0.537235294117647,0.575714285714285,0.600727272727272,0.528949999999999,0.48225,0.467529411764706,0.489758620689655,0.491999999999999,0.393086956521739,0.390954545454545,0.395703703703703,0.390437499999999,0.6165,0.652333333333333,0.517026315789473,0.468096774193548,0.346129032258064,0.518129032258064,0.496333333333333,0.458777777777777,0.540199999999999,0.574727272727272,0.413628571428571,"[[1], [2, 3, 4]]"
0.03552,0.03551,0.037939999999999995,0.0464,0.06548000000000001,0.05922,0.05374,0.05305,0.0516,0.049159999999999995,0.045810000000000003,0.04348,0.042159999999999996,0.04309,0.05012,0.05809,0.05157,0.047299999999999995,0.049890000000000004,0.03387,0.02988,0.02,0.01957,0.01449,0.014,0.0107,0.01499,0.02655,0.032479999999999995,0.03762,0.04079,0.038509999999999996,0.037329999999999995,0.03892,0.033229999999999996,0.03162,0.0316,0.02971,0.03605,0.039939999999999996,0.038,0.02964,0.018,0.00561,0.005,0.02437,0.02633,0.02205,0.708411764705882,0.6538,0.6959375,0.626136363636363,0.416555555555555,0.49275,0.3842,0.54647619047619,0.458470588235294,0.571368421052631,0.4514,0.619999999999999,0.579499999999999,0.575,0.456375,0.40925,0.375,0.512566666666666,0.482028571428571,0.531393939393939,0.482545454545454,0.464653846153846,0.457,0.465,0.537235294117647,0.575714285714285,0.600727272727272,0.528949999999999,0.48225,0.467529411764706,0.489758620689655,0.491999999999999,0.393086956521739,0.390954545454545,0.395703703703703,0.390437499999999,0.6165,0.652333333333333,0.517026315789473,0.468096774193548,0.346129032258064,0.518129032258064,0.496333333333333,0.458777777777777,0.540199999999999,0.574727272727272,0.413628571428571,0.562047619047619,"[[1], [2, 3, 4]]"
0.03551,0.037939999999999995,0.0464,0.06548000000000001,0.05922,0.05374,0.05305,0.0516,0.049159999999999995,0.045810000000000003,0.04348,0.042159999999999996,0.04309,0.05012,0.05809,0.05157,0.047299999999999995,0.049890000000000004,0.03387,0.02988,0.02,0.01957,0.01449,0.014,0.0107,0.01499,0.02655,0.032479999999999995,0.03762,0.04079,0.038509999999999996,0.037329999999999995,0.03892,0.033229999999999996,0.03162,0.0316,0.02971,0.03605,0.039939999999999996,0.038,0.02964,0.018,0.00561,0.005,0.02437,0.02633,0.02205,0.02332,0.6538,0.6959375,0.626136363636363,0.416555555555555,0.49275,0.3842,0.54647619047619,0.458470588235294,0.571368421052631,0.4514,0.619999999999999,0.579499999999999,0.575,0.456375,0.40925,0.375,0.512566666666666,0.482028571428571,0.531393939393939,0.482545454545454,0.464653846153846,0.457,0.465,0.537235294117647,0.575714285714285,0.600727272727272,0.528949999999999,0.48225,0.467529411764706,0.489758620689655,0.491999999999999,0.393086956521739,0.390954545454545,0.395703703703703,0.390437499999999,0.6165,0.652333333333333,0.517026315789473,0.468096774193548,0.346129032258064,0.518129032258064,0.496333333333333,0.458777777777777,0.540199999999999,0.574727272727272,0.413628571428571,0.562047619047619,0.506925925925925,"[[1], [2, 3, 4]]"
0.037939999999999995,0.0464,0.06548000000000001,0.05922,0.05374,0.05305,0.0516,0.049159999999999995,0.045810000000000003,0.04348,0.042159999999999996,0.04309,0.05012,0.05809,0.05157,0.047299999999999995,0.049890000000000004,0.03387,0.02988,0.02,0.01957,0.01449,0.014,0.0107,0.01499,0.02655,0.032479999999999995,0.03762,0.04079,0.038509999999999996,0.037329999999999995,0.03892,0.033229999999999996,0.03162,0.0316,0.02971,0.03605,0.039939999999999996,0.038,0.02964,0.018,0.00561,0.005,0.02437,0.02633,0.02205,0.02332,0.02961,0.6959375,0.626136363636363,0.416555555555555,0.49275,0.3842,0.54647619047619,0.458470588235294,0.571368421052631,0.4514,0.619999999999999,0.579499999999999,0.575,0.456375,0.40925,0.375,0.512566666666666,0.482028571428571,0.531393939393939,0.482545454545454,0.464653846153846,0.457,0.465,0.537235294117647,0.575714285714285,0.600727272727272,0.528949999999999,0.48225,0.467529411764706,0.489758620689655,0.491999999999999,0.393086956521739,0.390954545454545,0.395703703703703,0.390437499999999,0.6165,0.652333333333333,0.517026315789473,0.468096774193548,0.346129032258064,0.518129032258064,0.496333333333333,0.458777777777777,0.540199999999999,0.574727272727272,0.413628571428571,0.562047619047619,0.506925925925925,0.548576923076922,"[[1], [2, 3, 4]]"
0.0464,0.06548000000000001,0.05922,0.05374,0.05305,0.0516,0.049159999999999995,0.045810000000000003,0.04348,0.042159999999999996,0.04309,0.05012,0.05809,0.05157,0.047299999999999995,0.049890000000000004,0.03387,0.02988,0.02,0.01957,0.01449,0.014,0.0107,0.01499,0.02655,0.032479999999999995,0.03762,0.04079,0.038509999999999996,0.037329999999999995,0.03892,0.033229999999999996,0.03162,0.0316,0.02971,0.03605,0.039939999999999996,0.038,0.02964,0.018,0.00561,0.005,0.02437,0.02633,0.02205,0.02332,0.02961,0.03434,0.626136363636363,0.416555555555555,0.49275,0.3842,0.54647619047619,0.458470588235294,0.571368421052631,0.4514,0.619999999999999,0.579499999999999,0.575,0.456375,0.40925,0.375,0.512566666666666,0.482028571428571,0.531393939393939,0.482545454545454,0.464653846153846,0.457,0.465,0.537235294117647,0.575714285714285,0.600727272727272,0.528949999999999,0.48225,0.467529411764706,0.489758620689655,0.491999999999999,0.393086956521739,0.390954545454545,0.395703703703703,0.390437499999999,0.6165,0.652333333333333,0.517026315789473,0.468096774193548,0.346129032258064,0.518129032258064,0.496333333333333,0.458777777777777,0.540199999999999,0.574727272727272,0.413628571428571,0.562047619047619,0.506925925925925,0.548576923076922,0.478999999999999,"[[1], [2, 3, 4]]"
0.06548000000000001,0.05922,0.05374,0.05305,0.0516,0.049159999999999995,0.045810000000000003,0.04348,0.042159999999999996,0.04309,0.05012,0.05809,0.05157,0.047299999999999995,0.049890000000000004,0.03387,0.02988,0.02,0.01957,0.01449,0.014,0.0107,0.01499,0.02655,0.032479999999999995,0.03762,0.04079,0.038509999999999996,0.037329999999999995,0.03892,0.033229999999999996,0.03162,0.0316,0.02971,0.03605,0.039939999999999996,0.038,0.02964,0.018,0.00561,0.005,0.02437,0.02633,0.02205,0.02332,0.02961,0.03434,0.039270000000000006,0.416555555555555,0.49275,0.3842,0.54647619047619,0.458470588235294,0.571368421052631,0.4514,0.619999999999999,0.579499999999999,0.575,0.456375,0.40925,0.375,0.512566666666666,0.482028571428571,0.531393939393939,0.482545454545454,0.464653846153846,0.457,0.465,0.537235294117647,0.575714285714285,0.600727272727272,0.528949999999999,0.48225,0.467529411764706,0.489758620689655,0.491999999999999,0.393086956521739,0.390954545454545,0.395703703703703,0.390437499999999,0.6165,0.652333333333333,0.517026315789473,0.468096774193548,0.346129032258064,0.518129032258064,0.496333333333333,0.458777777777777,0.540199999999999,0.574727272727272,0.413628571428571,0.562047619047619,0.506925925925925,0.548576923076922,0.478999999999999,0.575121212121212,"[[1], [2, 3, 4]]"
0.05922,0.05374,0.05305,0.0516,0.049159999999999995,0.045810000000000003,0.04348,0.042159999999999996,0.04309,0.05012,0.05809,0.05157,0.047299999999999995,0.049890000000000004,0.03387,0.02988,0.02,0.01957,0.01449,0.014,0.0107,0.01499,0.02655,0.032479999999999995,0.03762,0.04079,0.038509999999999996,0.037329999999999995,0.03892,0.033229999999999996,0.03162,0.0316,0.02971,0.03605,0.039939999999999996,0.038,0.02964,0.018,0.00561,0.005,0.02437,0.02633,0.02205,0.02332,0.02961,0.03434,0.039270000000000006,0.04496,0.49275,0.3842,0.54647619047619,0.458470588235294,0.571368421052631,0.4514,0.619999999999999,0.579499999999999,0.575,0.456375,0.40925,0.375,0.512566666666666,0.482028571428571,0.531393939393939,0.482545454545454,0.464653846153846,0.457,0.465,0.537235294117647,0.575714285714285,0.600727272727272,0.528949999999999,0.48225,0.467529411764706,0.489758620689655,0.491999999999999,0.393086956521739,0.390954545454545,0.395703703703703,0.390437499999999,0.6165,0.652333333333333,0.517026315789473,0.468096774193548,0.346129032258064,0.518129032258064,0.496333333333333,0.458777777777777,0.540199999999999,0.574727272727272,0.413628571428571,0.562047619047619,0.506925925925925,0.548576923076922,0.478999999999999,0.575121212121212,0.585321428571428,"[[1], [2, 3, 4]]"
0.05374,0.05305,0.0516,0.049159999999999995,0.045810000000000003,0.04348,0.042159999999999996,0.04309,0.05012,0.05809,0.05157,0.047299999999999995,0.049890000000000004,0.03387,0.02988,0.02,0.01957,0.01449,0.014,0.0107,0.01499,0.02655,0.032479999999999995,0.03762,0.04079,0.038509999999999996,0.037329999999999995,0.03892,0.033229999999999996,0.03162,0.0316,0.02971,0.03605,0.039939999999999996,0.038,0.02964,0.018,0.00561,0.005,0.02437,0.02633,0.02205,0.02332,0.02961,0.03434,0.039270000000000006,0.04496,0.048850000000000005,0.3842,0.54647619047619,0.458470588235294,0.571368421052631,0.4514,0.619999999999999,0.579499999999999,0.575,0.456375,0.40925,0.375,0.512566666666666,0.482028571428571,0.531393939393939,0.482545454545454,0.464653846153846,0.457,0.465,0.537235294117647,0.575714285714285,0.600727272727272,0.528949999999999,0.48225,0.467529411764706,0.489758620689655,0.491999999999999,0.393086956521739,0.390954545454545,0.395703703703703,0.390437499999999,0.6165,0.652333333333333,0.517026315789473,0.468096774193548,0.346129032258064,0.518129032258064,0.496333333333333,0.458777777777777,0.540199999999999,0.574727272727272,0.413628571428571,0.562047619047619,0.506925925925925,0.548576923076922,0.478999999999999,0.575121212121212,0.585321428571428,0.402485714285714,"[[1], [2, 3, 4]]"
0.05305,0.0516,0.049159999999999995,0.045810000000000003,0.04348,0.042159999999999996,0.04309,0.05012,0.05809,0.05157,0.047299999999999995,0.049890000000000004,0.03387,0.02988,0.02,0.01957,0.01449,0.014,0.0107,0.01499,0.02655,0.032479999999999995,0.03762,0.04079,0.038509999999999996,0.037329999999999995,0.03892,0.033229999999999996,0.03162,0.0316,0.02971,0.03605,0.039939999999999996,0.038,0.02964,0.018,0.00561,0.005,0.02437,0.02633,0.02205,0.02332,0.02961,0.03434,0.039270000000000006,0.04496,0.048850000000000005,0.04872,0.54647619047619,0.458470588235294,0.571368421052631,0.4514,0.619999999999999,0.579499999999999,0.575,0.456375,0.40925,0.375,0.512566666666666,0.482028571428571,0.531393939393939,0.482545454545454,0.464653846153846,0.457,0.465,0.537235294117647,0.575714285714285,0.600727272727272,0.528949999999999,0.48225,0.467529411764706,0.489758620689655,0.491999999999999,0.393086956521739,0.390954545454545,0.395703703703703,0.390437499999999,0.6165,0.652333333333333,0.517026315789473,0.468096774193548,0.346129032258064,0.518129032258064,0.496333333333333,0.458777777777777,0.540199999999999,0.574727272727272,0.413628571428571,0.562047619047619,0.506925925925925,0.548576923076922,0.478999999999999,0.575121212121212,0.585321428571428,0.402485714285714,0.5265,"[[1], [2, 3, 4]]"
0.0516,0.049159999999999995,0.045810000000000003,0.04348,0.042159999999999996,0.04309,0.05012,0.05809,0.05157,0.047299999999999995,0.049890000000000004,0.03387,0.02988,0.02,0.01957,0.01449,0.014,0.0107,0.01499,0.02655,0.032479999999999995,0.03762,0.04079,0.038509999999999996,0.037329999999999995,0.03892,0.033229999999999996,0.03162,0.0316,0.02971,0.03605,0.039939999999999996,0.038,0.02964,0.018,0.00561,0.005,0.02437,0.02633,0.02205,0.02332,0.02961,0.03434,0.039270000000000006,0.04496,0.048850000000000005,0.04872,0.0493,0.458470588235294,0.571368421052631,0.4514,0.619999999999999,0.579499999999999,0.575,0.456375,0.40925,0.375,0.512566666666666,0.482028571428571,0.531393939393939,0.482545454545454,0.464653846153846,0.457,0.465,0.537235294117647,0.575714285714285,0.600727272727272,0.528949999999999,0.48225,0.467529411764706,0.489758620689655,0.491999999999999,0.393086956521739,0.390954545454545,0.395703703703703,0.390437499999999,0.6165,0.652333333333333,0.517026315789473,0.468096774193548,0.346129032258064,0.518129032258064,0.496333333333333,0.458777777777777,0.540199999999999,0.574727272727272,0.413628571428571,0.562047619047619,0.506925925925925,0.548576923076922,0.478999999999999,0.575121212121212,0.585321428571428,0.402485714285714,0.5265,0.50825,"[[1], [2, 3, 4]]"
0.049159999999999995,0.045810000000000003,0.04348,0.042159999999999996,0.04309,0.05012,0.05809,0.05157,0.047299999999999995,0.049890000000000004,0.03387,0.02988,0.02,0.01957,0.01449,0.014,0.0107,0.01499,0.02655,0.032479999999999995,0.03762,0.04079,0.038509999999999996,0.037329999999999995,0.03892,0.033229999999999996,0.03162,0.0316,0.02971,0.03605,0.039939999999999996,0.038,0.02964,0.018,0.00561,0.005,0.02437,0.02633,0.02205,0.02332,0.02961,0.03434,0.039270000000000006,0.04496,0.048850000000000005,0.04872,0.0493,0.04779,0.571368421052631,0.4514,0.619999999999999,0.579499999999999,0.575,0.456375,0.40925,0.375,0.512566666666666,0.482028571428571,0.531393939393939,0.482545454545454,0.464653846153846,0.457,0.465,0.537235294117647,0.575714285714285,0.600727272727272,0.528949999999999,0.48225,0.467529411764706,0.489758620689655,0.491999999999999,0.393086956521739,0.390954545454545,0.395703703703703,0.390437499999999,0.6165,0.652333333333333,0.517026315789473,0.468096774193548,0.346129032258064,0.518129032258064,0.496333333333333,0.458777777777777,0.540199999999999,0.574727272727272,0.413628571428571,0.562047619047619,0.506925925925925,0.548576923076922,0.478999999999999,0.575121212121212,0.585321428571428,0.402485714285714,0.5265,0.50825,0.498153846153846,"[[1], [2, 3, 4]]"
0.045810000000000003,0.04348,0.042159999999999996,0.04309,0.05012,0.05809,0.05157,0.047299999999999995,0.049890000000000004,0.03387,0.02988,0.02,0.01957,0.01449,0.014,0.0107,0.01499,0.02655,0.032479999999999995,0.03762,0.04079,0.038509999999999996,0.037329999999999995,0.03892,0.033229999999999996,0.03162,0.0316,0.02971,0.03605,0.039939999999999996,0.038,0.02964,0.018,0.00561,0.005,0.02437,0.02633,0.02205,0.02332,0.02961,0.03434,0.039270000000000006,0.04496,0.048850000000000005,0.04872,0.0493,0.04779,0.04625,0.4514,0.619999999999999,0.579499999999999,0.575,0.456375,0.40925,0.375,0.512566666666666,0.482028571428571,0.531393939393939,0.482545454545454,0.464653846153846,0.457,0.465,0.537235294117647,0.575714285714285,0.600727272727272,0.528949999999999,0.48225,0.467529411764706,0.489758620689655,0.491999999999999,0.393086956521739,0.390954545454545,0.395703703703703,0.390437499999999,0.6165,0.652333333333333,0.517026315789473,0.468096774193548,0.346129032258064,0.518129032258064,0.496333333333333,0.458777777777777,0.540199999999999,0.574727272727272,0.413628571428571,0.562047619047619,0.506925925925925,0.548576923076922,0.478999999999999,0.575121212121212,0.585321428571428,0.402485714285714,0.5265,0.50825,0.498153846153846,0.461499999999999,"[[1], [2, 3, 4]]"
0.04348,0.042159999999999996,0.04309,0.05012,0.05809,0.05157,0.047299999999999995,0.049890000000000004,0.03387,0.02988,0.02,0.01957,0.01449,0.014,0.0107,0.01499,0.02655,0.032479999999999995,0.03762,0.04079,0.038509999999999996,0.037329999999999995,0.03892,0.033229999999999996,0.03162,0.0316,0.02971,0.03605,0.039939999999999996,0.038,0.02964,0.018,0.00561,0.005,0.02437,0.02633,0.02205,0.02332,0.02961,0.03434,0.039270000000000006,0.04496,0.048850000000000005,0.04872,0.0493,0.04779,0.04625,0.04204,0.619999999999999,0.579499999999999,0.575,0.456375,0.40925,0.375,0.512566666666666,0.482028571428571,0.531393939393939,0.482545454545454,0.464653846153846,0.457,0.465,0.537235294117647,0.575714285714285,0.600727272727272,0.528949999999999,0.48225,0.467529411764706,0.489758620689655,0.491999999999999,0.393086956521739,0.390954545454545,0.395703703703703,0.390437499999999,0.6165,0.652333333333333,0.517026315789473,0.468096774193548,0.346129032258064,0.518129032258064,0.496333333333333,0.458777777777777,0.540199999999999,0.574727272727272,0.413628571428571,0.562047619047619,0.506925925925925,0.548576923076922,0.478999999999999,0.575121212121212,0.585321428571428,0.402485714285714,0.5265,0.50825,0.498153846153846,0.461499999999999,0.266833333333333,"[[1], [2, 3, 4]]"
0.042159999999999996,0.04309,0.05012,0.05809,0.05157,0.047299999999999995,0.049890000000000004,0.03387,0.02988,0.02,0.01957,0.01449,0.014,0.0107,0.01499,0.02655,0.032479999999999995,0.03762,0.04079,0.038509999999999996,0.037329999999999995,0.03892,0.033229999999999996,0.03162,0.0316,0.02971,0.03605,0.039939999999999996,0.038,0.02964,0.018,0.00561,0.005,0.02437,0.02633,0.02205,0.02332,0.02961,0.03434,0.039270000000000006,0.04496,0.048850000000000005,0.04872,0.0493,0.04779,0.04625,0.04204,0.039979999999999995,0.579499999999999,0.575,0.456375,0.40925,0.375,0.512566666666666,0.482028571428571,0.531393939393939,0.482545454545454,0.464653846153846,0.457,0.465,0.537235294117647,0.575714285714285,0.600727272727272,0.528949999999999,0.48225,0.467529411764706,0.489758620689655,0.491999999999999,0.393086956521739,0.390954545454545,0.395703703703703,0.390437499999999,0.6165,0.652333333333333,0.517026315789473,0.468096774193548,0.346129032258064,0.518129032258064,0.496333333333333,0.458777777777777,0.540199999999999,0.574727272727272,0.413628571428571,0.562047619047619,0.506925925925925,0.548576923076922,0.478999999999999,0.575121212121212,0.585321428571428,0.402485714285714,0.5265,0.50825,0.498153846153846,0.461499999999999,0.266833333333333,0.343714285714285,"[[1], [2, 3, 4]]"
0.04309,0.05012,0.05809,0.05157,0.047299999999999995,0.049890000000000004,0.03387,0.02988,0.02,0.01957,0.01449,0.014,0.0107,0.01499,0.02655,0.032479999999999995,0.03762,0.04079,0.038509999999999996,0.037329999999999995,0.03892,0.033229999999999996,0.03162,0.0316,0.02971,0.03605,0.039939999999999996,0.038,0.02964,0.018,0.00561,0.005,0.02437,0.02633,0.02205,0.02332,0.02961,0.03434,0.039270000000000006,0.04496,0.048850000000000005,0.04872,0.0493,0.04779,0.04625,0.04204,0.039979999999999995,0.039630000000000006,0.575,0.456375,0.40925,0.375,0.512566666666666,0.482028571428571,0.531393939393939,0.482545454545454,0.464653846153846,0.457,0.465,0.537235294117647,0.575714285714285,0.600727272727272,0.528949999999999,0.48225,0.467529411764706,0.489758620689655,0.491999999999999,0.393086956521739,0.390954545454545,0.395703703703703,0.390437499999999,0.6165,0.652333333333333,0.517026315789473,0.468096774193548,0.346129032258064,0.518129032258064,0.496333333333333,0.458777777777777,0.540199999999999,0.574727272727272,0.413628571428571,0.562047619047619,0.506925925925925,0.548576923076922,0.478999999999999,0.575121212121212,0.585321428571428,0.402485714285714,0.5265,0.50825,0.498153846153846,0.461499999999999,0.266833333333333,0.343714285714285,0.394933333333333,"[[1], [2, 3, 4]]"
0.05012,0.05809,0.05157,0.047299999999999995,0.049890000000000004,0.03387,0.02988,0.02,0.01957,0.01449,0.014,0.0107,0.01499,0.02655,0.032479999999999995,0.03762,0.04079,0.038509999999999996,0.037329999999999995,0.03892,0.033229999999999996,0.03162,0.0316,0.02971,0.03605,0.039939999999999996,0.038,0.02964,0.018,0.00561,0.005,0.02437,0.02633,0.02205,0.02332,0.02961,0.03434,0.039270000000000006,0.04496,0.048850000000000005,0.04872,0.0493,0.04779,0.04625,0.04204,0.039979999999999995,0.039630000000000006,0.04072,0.456375,0.40925,0.375,0.512566666666666,0.482028571428571,0.531393939393939,0.482545454545454,0.464653846153846,0.457,0.465,0.537235294117647,0.575714285714285,0.600727272727272,0.528949999999999,0.48225,0.467529411764706,0.489758620689655,0.491999999999999,0.393086956521739,0.390954545454545,0.395703703703703,0.390437499999999,0.6165,0.652333333333333,0.517026315789473,0.468096774193548,0.346129032258064,0.518129032258064,0.496333333333333,0.458777777777777,0.540199999999999,0.574727272727272,0.413628571428571,0.562047619047619,0.506925925925925,0.548576923076922,0.478999999999999,0.575121212121212,0.585321428571428,0.402485714285714,0.5265,0.50825,0.498153846153846,0.461499999999999,0.266833333333333,0.343714285714285,0.394933333333333,0.635,"[[1], [2, 3, 4]]"
0.05809,0.05157,0.047299999999999995,0.049890000000000004,0.03387,0.02988,0.02,0.01957,0.01449,0.014,0.0107,0.01499,0.02655,0.032479999999999995,0.03762,0.04079,0.038509999999999996,0.037329999999999995,0.03892,0.033229999999999996,0.03162,0.0316,0.02971,0.03605,0.039939999999999996,0.038,0.02964,0.018,0.00561,0.005,0.02437,0.02633,0.02205,0.02332,0.02961,0.03434,0.039270000000000006,0.04496,0.048850000000000005,0.04872,0.0493,0.04779,0.04625,0.04204,0.039979999999999995,0.039630000000000006,0.04072,0.047229999999999994,0.40925,0.375,0.512566666666666,0.482028571428571,0.531393939393939,0.482545454545454,0.464653846153846,0.457,0.465,0.537235294117647,0.575714285714285,0.600727272727272,0.528949999999999,0.48225,0.467529411764706,0.489758620689655,0.491999999999999,0.393086956521739,0.390954545454545,0.395703703703703,0.390437499999999,0.6165,0.652333333333333,0.517026315789473,0.468096774193548,0.346129032258064,0.518129032258064,0.496333333333333,0.458777777777777,0.540199999999999,0.574727272727272,0.413628571428571,0.562047619047619,0.506925925925925,0.548576923076922,0.478999999999999,0.575121212121212,0.585321428571428,0.402485714285714,0.5265,0.50825,0.498153846153846,0.461499999999999,0.266833333333333,0.343714285714285,0.394933333333333,0.635,0.319291666666666,"[[1], [2, 3, 4]]"
0.05157,0.047299999999999995,0.049890000000000004,0.03387,0.02988,0.02,0.01957,0.01449,0.014,0.0107,0.01499,0.02655,0.032479999999999995,0.03762,0.04079,0.038509999999999996,0.037329999999999995,0.03892,0.033229999999999996,0.03162,0.0316,0.02971,0.03605,0.039939999999999996,0.038,0.02964,0.018,0.00561,0.005,0.02437,0.02633,0.02205,0.02332,0.02961,0.03434,0.039270000000000006,0.04496,0.048850000000000005,0.04872,0.0493,0.04779,0.04625,0.04204,0.039979999999999995,0.039630000000000006,0.04072,0.047229999999999994,0.057159999999999996,0.375,0.512566666666666,0.482028571428571,0.531393939393939,0.482545454545454,0.464653846153846,0.457,0.465,0.537235294117647,0.575714285714285,0.600727272727272,0.528949999999999,0.48225,0.467529411764706,0.489758620689655,0.491999999999999,0.393086956521739,0.390954545454545,0.395703703703703,0.390437499999999,0.6165,0.652333333333333,0.517026315789473,0.468096774193548,0.346129032258064,0.518129032258064,0.496333333333333,0.458777777777777,0.540199999999999,0.574727272727272,0.413628571428571,0.562047619047619,0.506925925925925,0.548576923076922,0.478999999999999,0.575121212121212,0.585321428571428,0.402485714285714,0.5265,0.50825,0.498153846153846,0.461499999999999,0.266833333333333,0.343714285714285,0.394933333333333,0.635,0.319291666666666,0.338676470588235,"[[1], [2, 3, 4]]"
0.047299999999999995,0.049890000000000004,0.03387,0.02988,0.02,0.01957,0.01449,0.014,0.0107,0.01499,0.02655,0.032479999999999995,0.03762,0.04079,0.038509999999999996,0.037329999999999995,0.03892,0.033229999999999996,0.03162,0.0316,0.02971,0.03605,0.039939999999999996,0.038,0.02964,0.018,0.00561,0.005,0.02437,0.02633,0.02205,0.02332,0.02961,0.03434,0.039270000000000006,0.04496,0.048850000000000005,0.04872,0.0493,0.04779,0.04625,0.04204,0.039979999999999995,0.039630000000000006,0.04072,0.047229999999999994,0.057159999999999996,0.05181,0.512566666666666,0.482028571428571,0.531393939393939,0.482545454545454,0.464653846153846,0.457,0.465,0.537235294117647,0.575714285714285,0.600727272727272,0.528949999999999,0.48225,0.467529411764706,0.489758620689655,0.491999999999999,0.393086956521739,0.390954545454545,0.395703703703703,0.390437499999999,0.6165,0.652333333333333,0.517026315789473,0.468096774193548,0.346129032258064,0.518129032258064,0.496333333333333,0.458777777777777,0.540199999999999,0.574727272727272,0.413628571428571,0.562047619047619,0.506925925925925,0.548576923076922,0.478999999999999,0.575121212121212,0.585321428571428,0.402485714285714,0.5265,0.50825,0.498153846153846,0.461499999999999,0.266833333333333,0.343714285714285,0.394933333333333,0.635,0.319291666666666,0.338676470588235,0.293629629629629,"[[1], [2, 3, 4]]"
0.049890000000000004,0.03387,0.02988,0.02,0.01957,0.01449,0.014,0.0107,0.01499,0.02655,0.032479999999999995,0.03762,0.04079,0.038509999999999996,0.037329999999999995,0.03892,0.033229999999999996,0.03162,0.0316,0.02971,0.03605,0.039939999999999996,0.038,0.02964,0.018,0.00561,0.005,0.02437,0.02633,0.02205,0.02332,0.02961,0.03434,0.039270000000000006,0.04496,0.048850000000000005,0.04872,0.0493,0.04779,0.04625,0.04204,0.039979999999999995,0.039630000000000006,0.04072,0.047229999999999994,0.057159999999999996,0.05181,0.046020000000000005,0.482028571428571,0.531393939393939,0.482545454545454,0.464653846153846,0.457,0.465,0.537235294117647,0.575714285714285,0.600727272727272,0.528949999999999,0.48225,0.467529411764706,0.489758620689655,0.491999999999999,0.393086956521739,0.390954545454545,0.395703703703703,0.390437499999999,0.6165,0.652333333333333,0.517026315789473,0.468096774193548,0.346129032258064,0.518129032258064,0.496333333333333,0.458777777777777,0.540199999999999,0.574727272727272,0.413628571428571,0.562047619047619,0.506925925925925,0.548576923076922,0.478999999999999,0.575121212121212,0.585321428571428,0.402485714285714,0.5265,0.50825,0.498153846153846,0.461499999999999,0.266833333333333,0.343714285714285,0.394933333333333,0.635,0.319291666666666,0.338676470588235,0.293629629629629,0.535333333333333,"[[1], [2, 3, 4]]"
0.03387,0.02988,0.02,0.01957,0.01449,0.014,0.0107,0.01499,0.02655,0.032479999999999995,0.03762,0.04079,0.038509999999999996,0.037329999999999995,0.03892,0.033229999999999996,0.03162,0.0316,0.02971,0.03605,0.039939999999999996,0.038,0.02964,0.018,0.00561,0.005,0.02437,0.02633,0.02205,0.02332,0.02961,0.03434,0.039270000000000006,0.04496,0.048850000000000005,0.04872,0.0493,0.04779,0.04625,0.04204,0.039979999999999995,0.039630000000000006,0.04072,0.047229999999999994,0.057159999999999996,0.05181,0.046020000000000005,0.040240000000000005,0.531393939393939,0.482545454545454,0.464653846153846,0.457,0.465,0.537235294117647,0.575714285714285,0.600727272727272,0.528949999999999,0.48225,0.467529411764706,0.489758620689655,0.491999999999999,0.393086956521739,0.390954545454545,0.395703703703703,0.390437499999999,0.6165,0.652333333333333,0.517026315789473,0.468096774193548,0.346129032258064,0.518129032258064,0.496333333333333,0.458777777777777,0.540199999999999,0.574727272727272,0.413628571428571,0.562047619047619,0.506925925925925,0.548576923076922,0.478999999999999,0.575121212121212,0.585321428571428,0.402485714285714,0.5265,0.50825,0.498153846153846,0.461499999999999,0.266833333333333,0.343714285714285,0.394933333333333,0.635,0.319291666666666,0.338676470588235,0.293629629629629,0.535333333333333,0.457514285714285,"[[1, 4], [2, 3]]"
0.02988,0.02,0.01957,0.01449,0.014,0.0107,0.01499,0.02655,0.032479999999999995,0.03762,0.04079,0.038509999999999996,0.037329999999999995,0.03892,0.033229999999999996,0.03162,0.0316,0.02971,0.03605,0.039939999999999996,0.038,0.02964,0.018,0.00561,0.005,0.02437,0.02633,0.02205,0.02332,0.02961,0.03434,0.039270000000000006,0.04496,0.048850000000000005,0.04872,0.0493,0.04779,0.04625,0.04204,0.039979999999999995,0.039630000000000006,0.04072,0.047229999999999994,0.057159999999999996,0.05181,0.046020000000000005,0.040240000000000005,0.03322,0.482545454545454,0.464653846153846,0.457,0.465,0.537235294117647,0.575714285714285,0.600727272727272,0.528949999999999,0.48225,0.467529411764706,0.489758620689655,0.491999999999999,0.393086956521739,0.390954545454545,0.395703703703703,0.390437499999999,0.6165,0.652333333333333,0.517026315789473,0.468096774193548,0.346129032258064,0.518129032258064,0.496333333333333,0.458777777777777,0.540199999999999,0.574727272727272,0.413628571428571,0.562047619047619,0.506925925925925,0.548576923076922,0.478999999999999,0.575121212121212,0.585321428571428,0.402485714285714,0.5265,0.50825,0.498153846153846,0.461499999999999,0.266833333333333,0.343714285714285,0.394933333333333,0.635,0.319291666666666,0.338676470588235,0.293629629629629,0.535333333333333,0.457514285714285,0.436130434782608,"[[1, 4], [2, 3]]"
