x1,x2,x3,x4,x5,x6,x7,x8,x9,x10,x11,x12,x13,x14,x15,x16,x17,x18,x19,x20,x21,x22,x23,x24,x25,x26,x27,x28,x29,x30,x31,x32,x33,x34,x35,x36,x37,x38,x39,x40,x41,x42,x43,x44,x45,x46,x47,x48,x49,x50,x51,x52,x53,x54,x55,x56,x57,x58,x59,x60,x61,x62,x63,x64,x65,x66,x67,x68,x69,x70,x71,x72,x73,x74,x75,x76,x77,x78,x79,x80,x81,x82,x83,x84,x85,x86,x87,x88,x89,x90,x91,x92,x93,x94,x95,x96,Column1
0.13140918,0.16999124999999998,0.11332115999999999,0.02839686,0.00890136,-0.01133592,-0.028330289999999998,-0.028311269999999996,-0.05667009,-0.044411700000000005,9.51e-6,0.02267184,0.06642735,0.10220396999999999,0.11334018,0.11579376,0.11742948,0.17616324,0.23538200999999997,0.17736149999999998,0.14157537,0.14437131,0.11334018,0.08287014,0.07028841,0.052799519999999996,0.036832229999999994,0.01133592,0.00679965,0.0056774699999999996,0.0058962,0.00534462,0.01124082,0.04215783,0.07491978,0.0974775,0.08048313,0.08396379,0.07620363,0.09306486,0.06355533,0.14157537,0.16875495,0.13601202,0.09841899,0.07328406,0.09411096,0.0,0.071,0.075,0.068,0.065,0.057,0.055,0.053,0.048,0.047,0.049,0.053,0.048,0.048,0.057,0.058,0.06,0.071,0.081,0.083,0.085,0.073,0.076,0.068,0.06,0.056,0.047,0.05,0.045,0.045,0.048,0.051,0.054,0.048,0.065,0.065,0.064,0.073,0.076,0.08,0.084,0.094,0.104,0.098,0.092,0.083,0.065,0.053,0.057,"[[2], [1, 3, 4]]"
0.16999124999999998,0.11332115999999999,0.02839686,0.00890136,-0.01133592,-0.028330289999999998,-0.028311269999999996,-0.05667009,-0.044411700000000005,9.51e-6,0.02267184,0.06642735,0.10220396999999999,0.11334018,0.11579376,0.11742948,0.17616324,0.23538200999999997,0.17736149999999998,0.14157537,0.14437131,0.11334018,0.08287014,0.07028841,0.052799519999999996,0.036832229999999994,0.01133592,0.00679965,0.0056774699999999996,0.0058962,0.00534462,0.01124082,0.04215783,0.07491978,0.0974775,0.08048313,0.08396379,0.07620363,0.09306486,0.06355533,0.14157537,0.16875495,0.13601202,0.09841899,0.07328406,0.09411096,0.0,-0.014360099999999999,0.075,0.068,0.065,0.057,0.055,0.053,0.048,0.047,0.049,0.053,0.048,0.048,0.057,0.058,0.06,0.071,0.081,0.083,0.085,0.073,0.076,0.068,0.06,0.056,0.047,0.05,0.045,0.045,0.048,0.051,0.054,0.048,0.065,0.065,0.064,0.073,0.076,0.08,0.084,0.094,0.104,0.098,0.092,0.083,0.065,0.053,0.057,0.055,"[[2], [1, 3, 4]]"
0.11332115999999999,0.02839686,0.00890136,-0.01133592,-0.028330289999999998,-0.028311269999999996,-0.05667009,-0.044411700000000005,9.51e-6,0.02267184,0.06642735,0.10220396999999999,0.11334018,0.11579376,0.11742948,0.17616324,0.23538200999999997,0.17736149999999998,0.14157537,0.14437131,0.11334018,0.08287014,0.07028841,0.052799519999999996,0.036832229999999994,0.01133592,0.00679965,0.0056774699999999996,0.0058962,0.00534462,0.01124082,0.04215783,0.07491978,0.0974775,0.08048313,0.08396379,0.07620363,0.09306486,0.06355533,0.14157537,0.16875495,0.13601202,0.09841899,0.07328406,0.09411096,0.0,-0.014360099999999999,-0.01132641,0.068,0.065,0.057,0.055,0.053,0.048,0.047,0.049,0.053,0.048,0.048,0.057,0.058,0.06,0.071,0.081,0.083,0.085,0.073,0.076,0.068,0.06,0.056,0.047,0.05,0.045,0.045,0.048,0.051,0.054,0.048,0.065,0.065,0.064,0.073,0.076,0.08,0.084,0.094,0.104,0.098,0.092,0.083,0.065,0.053,0.057,0.055,0.055,"[[2], [1, 3, 4]]"
0.02839686,0.00890136,-0.01133592,-0.028330289999999998,-0.028311269999999996,-0.05667009,-0.044411700000000005,9.51e-6,0.02267184,0.06642735,0.10220396999999999,0.11334018,0.11579376,0.11742948,0.17616324,0.23538200999999997,0.17736149999999998,0.14157537,0.14437131,0.11334018,0.08287014,0.07028841,0.052799519999999996,0.036832229999999994,0.01133592,0.00679965,0.0056774699999999996,0.0058962,0.00534462,0.01124082,0.04215783,0.07491978,0.0974775,0.08048313,0.08396379,0.07620363,0.09306486,0.06355533,0.14157537,0.16875495,0.13601202,0.09841899,0.07328406,0.09411096,0.0,-0.014360099999999999,-0.01132641,-0.015444239999999996,0.065,0.057,0.055,0.053,0.048,0.047,0.049,0.053,0.048,0.048,0.057,0.058,0.06,0.071,0.081,0.083,0.085,0.073,0.076,0.068,0.06,0.056,0.047,0.05,0.045,0.045,0.048,0.051,0.054,0.048,0.065,0.065,0.064,0.073,0.076,0.08,0.084,0.094,0.104,0.098,0.092,0.083,0.065,0.053,0.057,0.055,0.055,0.05,"[[2], [1, 3, 4]]"
0.00890136,-0.01133592,-0.028330289999999998,-0.028311269999999996,-0.05667009,-0.044411700000000005,9.51e-6,0.02267184,0.06642735,0.10220396999999999,0.11334018,0.11579376,0.11742948,0.17616324,0.23538200999999997,0.17736149999999998,0.14157537,0.14437131,0.11334018,0.08287014,0.07028841,0.052799519999999996,0.036832229999999994,0.01133592,0.00679965,0.0056774699999999996,0.0058962,0.00534462,0.01124082,0.04215783,0.07491978,0.0974775,0.08048313,0.08396379,0.07620363,0.09306486,0.06355533,0.14157537,0.16875495,0.13601202,0.09841899,0.07328406,0.09411096,0.0,-0.014360099999999999,-0.01132641,-0.015444239999999996,-0.022709879999999998,0.057,0.055,0.053,0.048,0.047,0.049,0.053,0.048,0.048,0.057,0.058,0.06,0.071,0.081,0.083,0.085,0.073,0.076,0.068,0.06,0.056,0.047,0.05,0.045,0.045,0.048,0.051,0.054,0.048,0.065,0.065,0.064,0.073,0.076,0.08,0.084,0.094,0.104,0.098,0.092,0.083,0.065,0.053,0.057,0.055,0.055,0.05,0.047,"[[2], [1, 3, 4]]"
-0.01133592,-0.028330289999999998,-0.028311269999999996,-0.05667009,-0.044411700000000005,9.51e-6,0.02267184,0.06642735,0.10220396999999999,0.11334018,0.11579376,0.11742948,0.17616324,0.23538200999999997,0.17736149999999998,0.14157537,0.14437131,0.11334018,0.08287014,0.07028841,0.052799519999999996,0.036832229999999994,0.01133592,0.00679965,0.0056774699999999996,0.0058962,0.00534462,0.01124082,0.04215783,0.07491978,0.0974775,0.08048313,0.08396379,0.07620363,0.09306486,0.06355533,0.14157537,0.16875495,0.13601202,0.09841899,0.07328406,0.09411096,0.0,-0.014360099999999999,-0.01132641,-0.015444239999999996,-0.022709879999999998,-0.02832078,0.055,0.053,0.048,0.047,0.049,0.053,0.048,0.048,0.057,0.058,0.06,0.071,0.081,0.083,0.085,0.073,0.076,0.068,0.06,0.056,0.047,0.05,0.045,0.045,0.048,0.051,0.054,0.048,0.065,0.065,0.064,0.073,0.076,0.08,0.084,0.094,0.104,0.098,0.092,0.083,0.065,0.053,0.057,0.055,0.055,0.05,0.047,0.045,"[[2], [1, 3, 4]]"
-0.028330289999999998,-0.028311269999999996,-0.05667009,-0.044411700000000005,9.51e-6,0.02267184,0.06642735,0.10220396999999999,0.11334018,0.11579376,0.11742948,0.17616324,0.23538200999999997,0.17736149999999998,0.14157537,0.14437131,0.11334018,0.08287014,0.07028841,0.052799519999999996,0.036832229999999994,0.01133592,0.00679965,0.0056774699999999996,0.0058962,0.00534462,0.01124082,0.04215783,0.07491978,0.0974775,0.08048313,0.08396379,0.07620363,0.09306486,0.06355533,0.14157537,0.16875495,0.13601202,0.09841899,0.07328406,0.09411096,0.0,-0.014360099999999999,-0.01132641,-0.015444239999999996,-0.022709879999999998,-0.02832078,-0.01669956,0.053,0.048,0.047,0.049,0.053,0.048,0.048,0.057,0.058,0.06,0.071,0.081,0.083,0.085,0.073,0.076,0.068,0.06,0.056,0.047,0.05,0.045,0.045,0.048,0.051,0.054,0.048,0.065,0.065,0.064,0.073,0.076,0.08,0.084,0.094,0.104,0.098,0.092,0.083,0.065,0.053,0.057,0.055,0.055,0.05,0.047,0.045,0.041,"[[2], [1, 3, 4]]"
-0.028311269999999996,-0.05667009,-0.044411700000000005,9.51e-6,0.02267184,0.06642735,0.10220396999999999,0.11334018,0.11579376,0.11742948,0.17616324,0.23538200999999997,0.17736149999999998,0.14157537,0.14437131,0.11334018,0.08287014,0.07028841,0.052799519999999996,0.036832229999999994,0.01133592,0.00679965,0.0056774699999999996,0.0058962,0.00534462,0.01124082,0.04215783,0.07491978,0.0974775,0.08048313,0.08396379,0.07620363,0.09306486,0.06355533,0.14157537,0.16875495,0.13601202,0.09841899,0.07328406,0.09411096,0.0,-0.014360099999999999,-0.01132641,-0.015444239999999996,-0.022709879999999998,-0.02832078,-0.01669956,0.022557719999999996,0.048,0.047,0.049,0.053,0.048,0.048,0.057,0.058,0.06,0.071,0.081,0.083,0.085,0.073,0.076,0.068,0.06,0.056,0.047,0.05,0.045,0.045,0.048,0.051,0.054,0.048,0.065,0.065,0.064,0.073,0.076,0.08,0.084,0.094,0.104,0.098,0.092,0.083,0.065,0.053,0.057,0.055,0.055,0.05,0.047,0.045,0.041,0.047,"[[2], [1, 3, 4]]"
-0.05667009,-0.044411700000000005,9.51e-6,0.02267184,0.06642735,0.10220396999999999,0.11334018,0.11579376,0.11742948,0.17616324,0.23538200999999997,0.17736149999999998,0.14157537,0.14437131,0.11334018,0.08287014,0.07028841,0.052799519999999996,0.036832229999999994,0.01133592,0.00679965,0.0056774699999999996,0.0058962,0.00534462,0.01124082,0.04215783,0.07491978,0.0974775,0.08048313,0.08396379,0.07620363,0.09306486,0.06355533,0.14157537,0.16875495,0.13601202,0.09841899,0.07328406,0.09411096,0.0,-0.014360099999999999,-0.01132641,-0.015444239999999996,-0.022709879999999998,-0.02832078,-0.01669956,0.022557719999999996,0.07706903999999999,0.047,0.049,0.053,0.048,0.048,0.057,0.058,0.06,0.071,0.081,0.083,0.085,0.073,0.076,0.068,0.06,0.056,0.047,0.05,0.045,0.045,0.048,0.051,0.054,0.048,0.065,0.065,0.064,0.073,0.076,0.08,0.084,0.094,0.104,0.098,0.092,0.083,0.065,0.053,0.057,0.055,0.055,0.05,0.047,0.045,0.041,0.047,0.06,"[[2], [1, 3, 4]]"
-0.044411700000000005,9.51e-6,0.02267184,0.06642735,0.10220396999999999,0.11334018,0.11579376,0.11742948,0.17616324,0.23538200999999997,0.17736149999999998,0.14157537,0.14437131,0.11334018,0.08287014,0.07028841,0.052799519999999996,0.036832229999999994,0.01133592,0.00679965,0.0056774699999999996,0.0058962,0.00534462,0.01124082,0.04215783,0.07491978,0.0974775,0.08048313,0.08396379,0.07620363,0.09306486,0.06355533,0.14157537,0.16875495,0.13601202,0.09841899,0.07328406,0.09411096,0.0,-0.014360099999999999,-0.01132641,-0.015444239999999996,-0.022709879999999998,-0.02832078,-0.01669956,0.022557719999999996,0.07706903999999999,0.031953600000000006,0.049,0.053,0.048,0.048,0.057,0.058,0.06,0.071,0.081,0.083,0.085,0.073,0.076,0.068,0.06,0.056,0.047,0.05,0.045,0.045,0.048,0.051,0.054,0.048,0.065,0.065,0.064,0.073,0.076,0.08,0.084,0.094,0.104,0.098,0.092,0.083,0.065,0.053,0.057,0.055,0.055,0.05,0.047,0.045,0.041,0.047,0.06,0.068,"[[2], [1, 3, 4]]"
9.51e-6,0.02267184,0.06642735,0.10220396999999999,0.11334018,0.11579376,0.11742948,0.17616324,0.23538200999999997,0.17736149999999998,0.14157537,0.14437131,0.11334018,0.08287014,0.07028841,0.052799519999999996,0.036832229999999994,0.01133592,0.00679965,0.0056774699999999996,0.0058962,0.00534462,0.01124082,0.04215783,0.07491978,0.0974775,0.08048313,0.08396379,0.07620363,0.09306486,0.06355533,0.14157537,0.16875495,0.13601202,0.09841899,0.07328406,0.09411096,0.0,-0.014360099999999999,-0.01132641,-0.015444239999999996,-0.022709879999999998,-0.02832078,-0.01669956,0.022557719999999996,0.07706903999999999,0.031953600000000006,0.10178553,0.053,0.048,0.048,0.057,0.058,0.06,0.071,0.081,0.083,0.085,0.073,0.076,0.068,0.06,0.056,0.047,0.05,0.045,0.045,0.048,0.051,0.054,0.048,0.065,0.065,0.064,0.073,0.076,0.08,0.084,0.094,0.104,0.098,0.092,0.083,0.065,0.053,0.057,0.055,0.055,0.05,0.047,0.045,0.041,0.047,0.06,0.068,0.086,"[[2], [1, 3, 4]]"
0.02267184,0.06642735,0.10220396999999999,0.11334018,0.11579376,0.11742948,0.17616324,0.23538200999999997,0.17736149999999998,0.14157537,0.14437131,0.11334018,0.08287014,0.07028841,0.052799519999999996,0.036832229999999994,0.01133592,0.00679965,0.0056774699999999996,0.0058962,0.00534462,0.01124082,0.04215783,0.07491978,0.0974775,0.08048313,0.08396379,0.07620363,0.09306486,0.06355533,0.14157537,0.16875495,0.13601202,0.09841899,0.07328406,0.09411096,0.0,-0.014360099999999999,-0.01132641,-0.015444239999999996,-0.022709879999999998,-0.02832078,-0.01669956,0.022557719999999996,0.07706903999999999,0.031953600000000006,0.10178553,0.07434918000000001,0.048,0.048,0.057,0.058,0.06,0.071,0.081,0.083,0.085,0.073,0.076,0.068,0.06,0.056,0.047,0.05,0.045,0.045,0.048,0.051,0.054,0.048,0.065,0.065,0.064,0.073,0.076,0.08,0.084,0.094,0.104,0.098,0.092,0.083,0.065,0.053,0.057,0.055,0.055,0.05,0.047,0.045,0.041,0.047,0.06,0.068,0.086,0.102,"[[2], [1, 3, 4]]"
0.06642735,0.10220396999999999,0.11334018,0.11579376,0.11742948,0.17616324,0.23538200999999997,0.17736149999999998,0.14157537,0.14437131,0.11334018,0.08287014,0.07028841,0.052799519999999996,0.036832229999999994,0.01133592,0.00679965,0.0056774699999999996,0.0058962,0.00534462,0.01124082,0.04215783,0.07491978,0.0974775,0.08048313,0.08396379,0.07620363,0.09306486,0.06355533,0.14157537,0.16875495,0.13601202,0.09841899,0.07328406,0.09411096,0.0,-0.014360099999999999,-0.01132641,-0.015444239999999996,-0.022709879999999998,-0.02832078,-0.01669956,0.022557719999999996,0.07706903999999999,0.031953600000000006,0.10178553,0.07434918000000001,0.08274651,0.048,0.057,0.058,0.06,0.071,0.081,0.083,0.085,0.073,0.076,0.068,0.06,0.056,0.047,0.05,0.045,0.045,0.048,0.051,0.054,0.048,0.065,0.065,0.064,0.073,0.076,0.08,0.084,0.094,0.104,0.098,0.092,0.083,0.065,0.053,0.057,0.055,0.055,0.05,0.047,0.045,0.041,0.047,0.06,0.068,0.086,0.102,0.09,"[[2], [1, 3, 4]]"
0.10220396999999999,0.11334018,0.11579376,0.11742948,0.17616324,0.23538200999999997,0.17736149999999998,0.14157537,0.14437131,0.11334018,0.08287014,0.07028841,0.052799519999999996,0.036832229999999994,0.01133592,0.00679965,0.0056774699999999996,0.0058962,0.00534462,0.01124082,0.04215783,0.07491978,0.0974775,0.08048313,0.08396379,0.07620363,0.09306486,0.06355533,0.14157537,0.16875495,0.13601202,0.09841899,0.07328406,0.09411096,0.0,-0.014360099999999999,-0.01132641,-0.015444239999999996,-0.022709879999999998,-0.02832078,-0.01669956,0.022557719999999996,0.07706903999999999,0.031953600000000006,0.10178553,0.07434918000000001,0.08274651,0.08667414,0.057,0.058,0.06,0.071,0.081,0.083,0.085,0.073,0.076,0.068,0.06,0.056,0.047,0.05,0.045,0.045,0.048,0.051,0.054,0.048,0.065,0.065,0.064,0.073,0.076,0.08,0.084,0.094,0.104,0.098,0.092,0.083,0.065,0.053,0.057,0.055,0.055,0.05,0.047,0.045,0.041,0.047,0.06,0.068,0.086,0.102,0.09,0.099,"[[2], [1, 3, 4]]"
0.11334018,0.11579376,0.11742948,0.17616324,0.23538200999999997,0.17736149999999998,0.14157537,0.14437131,0.11334018,0.08287014,0.07028841,0.052799519999999996,0.036832229999999994,0.01133592,0.00679965,0.0056774699999999996,0.0058962,0.00534462,0.01124082,0.04215783,0.07491978,0.0974775,0.08048313,0.08396379,0.07620363,0.09306486,0.06355533,0.14157537,0.16875495,0.13601202,0.09841899,0.07328406,0.09411096,0.0,-0.014360099999999999,-0.01132641,-0.015444239999999996,-0.022709879999999998,-0.02832078,-0.01669956,0.022557719999999996,0.07706903999999999,0.031953600000000006,0.10178553,0.07434918000000001,0.08274651,0.08667414,0.10573218,0.058,0.06,0.071,0.081,0.083,0.085,0.073,0.076,0.068,0.06,0.056,0.047,0.05,0.045,0.045,0.048,0.051,0.054,0.048,0.065,0.065,0.064,0.073,0.076,0.08,0.084,0.094,0.104,0.098,0.092,0.083,0.065,0.053,0.057,0.055,0.055,0.05,0.047,0.045,0.041,0.047,0.06,0.068,0.086,0.102,0.09,0.099,0.104,"[[2], [1, 3, 4]]"
0.11579376,0.11742948,0.17616324,0.23538200999999997,0.17736149999999998,0.14157537,0.14437131,0.11334018,0.08287014,0.07028841,0.052799519999999996,0.036832229999999994,0.01133592,0.00679965,0.0056774699999999996,0.0058962,0.00534462,0.01124082,0.04215783,0.07491978,0.0974775,0.08048313,0.08396379,0.07620363,0.09306486,0.06355533,0.14157537,0.16875495,0.13601202,0.09841899,0.07328406,0.09411096,0.0,-0.014360099999999999,-0.01132641,-0.015444239999999996,-0.022709879999999998,-0.02832078,-0.01669956,0.022557719999999996,0.07706903999999999,0.031953600000000006,0.10178553,0.07434918000000001,0.08274651,0.08667414,0.10573218,0.10930793999999999,0.06,0.071,0.081,0.083,0.085,0.073,0.076,0.068,0.06,0.056,0.047,0.05,0.045,0.045,0.048,0.051,0.054,0.048,0.065,0.065,0.064,0.073,0.076,0.08,0.084,0.094,0.104,0.098,0.092,0.083,0.065,0.053,0.057,0.055,0.055,0.05,0.047,0.045,0.041,0.047,0.06,0.068,0.086,0.102,0.09,0.099,0.104,0.108,"[[2], [1, 3, 4]]"
0.11742948,0.17616324,0.23538200999999997,0.17736149999999998,0.14157537,0.14437131,0.11334018,0.08287014,0.07028841,0.052799519999999996,0.036832229999999994,0.01133592,0.00679965,0.0056774699999999996,0.0058962,0.00534462,0.01124082,0.04215783,0.07491978,0.0974775,0.08048313,0.08396379,0.07620363,0.09306486,0.06355533,0.14157537,0.16875495,0.13601202,0.09841899,0.07328406,0.09411096,0.0,-0.014360099999999999,-0.01132641,-0.015444239999999996,-0.022709879999999998,-0.02832078,-0.01669956,0.022557719999999996,0.07706903999999999,0.031953600000000006,0.10178553,0.07434918000000001,0.08274651,0.08667414,0.10573218,0.10930793999999999,0.10590336,0.071,0.081,0.083,0.085,0.073,0.076,0.068,0.06,0.056,0.047,0.05,0.045,0.045,0.048,0.051,0.054,0.048,0.065,0.065,0.064,0.073,0.076,0.08,0.084,0.094,0.104,0.098,0.092,0.083,0.065,0.053,0.057,0.055,0.055,0.05,0.047,0.045,0.041,0.047,0.06,0.068,0.086,0.102,0.09,0.099,0.104,0.108,0.114,"[[2], [1, 3, 4]]"
0.17616324,0.23538200999999997,0.17736149999999998,0.14157537,0.14437131,0.11334018,0.08287014,0.07028841,0.052799519999999996,0.036832229999999994,0.01133592,0.00679965,0.0056774699999999996,0.0058962,0.00534462,0.01124082,0.04215783,0.07491978,0.0974775,0.08048313,0.08396379,0.07620363,0.09306486,0.06355533,0.14157537,0.16875495,0.13601202,0.09841899,0.07328406,0.09411096,0.0,-0.014360099999999999,-0.01132641,-0.015444239999999996,-0.022709879999999998,-0.02832078,-0.01669956,0.022557719999999996,0.07706903999999999,0.031953600000000006,0.10178553,0.07434918000000001,0.08274651,0.08667414,0.10573218,0.10930793999999999,0.10590336,0.12303087,0.081,0.083,0.085,0.073,0.076,0.068,0.06,0.056,0.047,0.05,0.045,0.045,0.048,0.051,0.054,0.048,0.065,0.065,0.064,0.073,0.076,0.08,0.084,0.094,0.104,0.098,0.092,0.083,0.065,0.053,0.057,0.055,0.055,0.05,0.047,0.045,0.041,0.047,0.06,0.068,0.086,0.102,0.09,0.099,0.104,0.108,0.114,0.125,"[[2], [1, 3, 4]]"
0.23538200999999997,0.17736149999999998,0.14157537,0.14437131,0.11334018,0.08287014,0.07028841,0.052799519999999996,0.036832229999999994,0.01133592,0.00679965,0.0056774699999999996,0.0058962,0.00534462,0.01124082,0.04215783,0.07491978,0.0974775,0.08048313,0.08396379,0.07620363,0.09306486,0.06355533,0.14157537,0.16875495,0.13601202,0.09841899,0.07328406,0.09411096,0.0,-0.014360099999999999,-0.01132641,-0.015444239999999996,-0.022709879999999998,-0.02832078,-0.01669956,0.022557719999999996,0.07706903999999999,0.031953600000000006,0.10178553,0.07434918000000001,0.08274651,0.08667414,0.10573218,0.10930793999999999,0.10590336,0.12303087,0.14535084,0.083,0.085,0.073,0.076,0.068,0.06,0.056,0.047,0.05,0.045,0.045,0.048,0.051,0.054,0.048,0.065,0.065,0.064,0.073,0.076,0.08,0.084,0.094,0.104,0.098,0.092,0.083,0.065,0.053,0.057,0.055,0.055,0.05,0.047,0.045,0.041,0.047,0.06,0.068,0.086,0.102,0.09,0.099,0.104,0.108,0.114,0.125,0.131,"[[2], [1, 3, 4]]"
0.17736149999999998,0.14157537,0.14437131,0.11334018,0.08287014,0.07028841,0.052799519999999996,0.036832229999999994,0.01133592,0.00679965,0.0056774699999999996,0.0058962,0.00534462,0.01124082,0.04215783,0.07491978,0.0974775,0.08048313,0.08396379,0.07620363,0.09306486,0.06355533,0.14157537,0.16875495,0.13601202,0.09841899,0.07328406,0.09411096,0.0,-0.014360099999999999,-0.01132641,-0.015444239999999996,-0.022709879999999998,-0.02832078,-0.01669956,0.022557719999999996,0.07706903999999999,0.031953600000000006,0.10178553,0.07434918000000001,0.08274651,0.08667414,0.10573218,0.10930793999999999,0.10590336,0.12303087,0.14535084,0.1802145,0.085,0.073,0.076,0.068,0.06,0.056,0.047,0.05,0.045,0.045,0.048,0.051,0.054,0.048,0.065,0.065,0.064,0.073,0.076,0.08,0.084,0.094,0.104,0.098,0.092,0.083,0.065,0.053,0.057,0.055,0.055,0.05,0.047,0.045,0.041,0.047,0.06,0.068,0.086,0.102,0.09,0.099,0.104,0.108,0.114,0.125,0.131,0.138,"[[2], [1, 3, 4]]"
0.14157537,0.14437131,0.11334018,0.08287014,0.07028841,0.052799519999999996,0.036832229999999994,0.01133592,0.00679965,0.0056774699999999996,0.0058962,0.00534462,0.01124082,0.04215783,0.07491978,0.0974775,0.08048313,0.08396379,0.07620363,0.09306486,0.06355533,0.14157537,0.16875495,0.13601202,0.09841899,0.07328406,0.09411096,0.0,-0.014360099999999999,-0.01132641,-0.015444239999999996,-0.022709879999999998,-0.02832078,-0.01669956,0.022557719999999996,0.07706903999999999,0.031953600000000006,0.10178553,0.07434918000000001,0.08274651,0.08667414,0.10573218,0.10930793999999999,0.10590336,0.12303087,0.14535084,0.1802145,0.16058586,0.073,0.076,0.068,0.06,0.056,0.047,0.05,0.045,0.045,0.048,0.051,0.054,0.048,0.065,0.065,0.064,0.073,0.076,0.08,0.084,0.094,0.104,0.098,0.092,0.083,0.065,0.053,0.057,0.055,0.055,0.05,0.047,0.045,0.041,0.047,0.06,0.068,0.086,0.102,0.09,0.099,0.104,0.108,0.114,0.125,0.131,0.138,0.136,"[[2], [1, 3, 4]]"
0.14437131,0.11334018,0.08287014,0.07028841,0.052799519999999996,0.036832229999999994,0.01133592,0.00679965,0.0056774699999999996,0.0058962,0.00534462,0.01124082,0.04215783,0.07491978,0.0974775,0.08048313,0.08396379,0.07620363,0.09306486,0.06355533,0.14157537,0.16875495,0.13601202,0.09841899,0.07328406,0.09411096,0.0,-0.014360099999999999,-0.01132641,-0.015444239999999996,-0.022709879999999998,-0.02832078,-0.01669956,0.022557719999999996,0.07706903999999999,0.031953600000000006,0.10178553,0.07434918000000001,0.08274651,0.08667414,0.10573218,0.10930793999999999,0.10590336,0.12303087,0.14535084,0.1802145,0.16058586,0.16459908,0.076,0.068,0.06,0.056,0.047,0.05,0.045,0.045,0.048,0.051,0.054,0.048,0.065,0.065,0.064,0.073,0.076,0.08,0.084,0.094,0.104,0.098,0.092,0.083,0.065,0.053,0.057,0.055,0.055,0.05,0.047,0.045,0.041,0.047,0.06,0.068,0.086,0.102,0.09,0.099,0.104,0.108,0.114,0.125,0.131,0.138,0.136,0.133,"[[2], [1, 3, 4]]"
0.11334018,0.08287014,0.07028841,0.052799519999999996,0.036832229999999994,0.01133592,0.00679965,0.0056774699999999996,0.0058962,0.00534462,0.01124082,0.04215783,0.07491978,0.0974775,0.08048313,0.08396379,0.07620363,0.09306486,0.06355533,0.14157537,0.16875495,0.13601202,0.09841899,0.07328406,0.09411096,0.0,-0.014360099999999999,-0.01132641,-0.015444239999999996,-0.022709879999999998,-0.02832078,-0.01669956,0.022557719999999996,0.07706903999999999,0.031953600000000006,0.10178553,0.07434918000000001,0.08274651,0.08667414,0.10573218,0.10930793999999999,0.10590336,0.12303087,0.14535084,0.1802145,0.16058586,0.16459908,0.13747656,0.068,0.06,0.056,0.047,0.05,0.045,0.045,0.048,0.051,0.054,0.048,0.065,0.065,0.064,0.073,0.076,0.08,0.084,0.094,0.104,0.098,0.092,0.083,0.065,0.053,0.057,0.055,0.055,0.05,0.047,0.045,0.041,0.047,0.06,0.068,0.086,0.102,0.09,0.099,0.104,0.108,0.114,0.125,0.131,0.138,0.136,0.133,0.115,"[[2], [1, 3, 4]]"
0.08287014,0.07028841,0.052799519999999996,0.036832229999999994,0.01133592,0.00679965,0.0056774699999999996,0.0058962,0.00534462,0.01124082,0.04215783,0.07491978,0.0974775,0.08048313,0.08396379,0.07620363,0.09306486,0.06355533,0.14157537,0.16875495,0.13601202,0.09841899,0.07328406,0.09411096,0.0,-0.014360099999999999,-0.01132641,-0.015444239999999996,-0.022709879999999998,-0.02832078,-0.01669956,0.022557719999999996,0.07706903999999999,0.031953600000000006,0.10178553,0.07434918000000001,0.08274651,0.08667414,0.10573218,0.10930793999999999,0.10590336,0.12303087,0.14535084,0.1802145,0.16058586,0.16459908,0.13747656,0.13736243999999997,0.06,0.056,0.047,0.05,0.045,0.045,0.048,0.051,0.054,0.048,0.065,0.065,0.064,0.073,0.076,0.08,0.084,0.094,0.104,0.098,0.092,0.083,0.065,0.053,0.057,0.055,0.055,0.05,0.047,0.045,0.041,0.047,0.06,0.068,0.086,0.102,0.09,0.099,0.104,0.108,0.114,0.125,0.131,0.138,0.136,0.133,0.115,0.103,"[[2], [1, 3, 4]]"
0.07028841,0.052799519999999996,0.036832229999999994,0.01133592,0.00679965,0.0056774699999999996,0.0058962,0.00534462,0.01124082,0.04215783,0.07491978,0.0974775,0.08048313,0.08396379,0.07620363,0.09306486,0.06355533,0.14157537,0.16875495,0.13601202,0.09841899,0.07328406,0.09411096,0.0,-0.014360099999999999,-0.01132641,-0.015444239999999996,-0.022709879999999998,-0.02832078,-0.01669956,0.022557719999999996,0.07706903999999999,0.031953600000000006,0.10178553,0.07434918000000001,0.08274651,0.08667414,0.10573218,0.10930793999999999,0.10590336,0.12303087,0.14535084,0.1802145,0.16058586,0.16459908,0.13747656,0.13736243999999997,0.10959324,0.056,0.047,0.05,0.045,0.045,0.048,0.051,0.054,0.048,0.065,0.065,0.064,0.073,0.076,0.08,0.084,0.094,0.104,0.098,0.092,0.083,0.065,0.053,0.057,0.055,0.055,0.05,0.047,0.045,0.041,0.047,0.06,0.068,0.086,0.102,0.09,0.099,0.104,0.108,0.114,0.125,0.131,0.138,0.136,0.133,0.115,0.103,0.087,"[[2], [1, 3, 4]]"
0.052799519999999996,0.036832229999999994,0.01133592,0.00679965,0.0056774699999999996,0.0058962,0.00534462,0.01124082,0.04215783,0.07491978,0.0974775,0.08048313,0.08396379,0.07620363,0.09306486,0.06355533,0.14157537,0.16875495,0.13601202,0.09841899,0.07328406,0.09411096,0.0,-0.014360099999999999,-0.01132641,-0.015444239999999996,-0.022709879999999998,-0.02832078,-0.01669956,0.022557719999999996,0.07706903999999999,0.031953600000000006,0.10178553,0.07434918000000001,0.08274651,0.08667414,0.10573218,0.10930793999999999,0.10590336,0.12303087,0.14535084,0.1802145,0.16058586,0.16459908,0.13747656,0.13736243999999997,0.10959324,0.11447187,0.047,0.05,0.045,0.045,0.048,0.051,0.054,0.048,0.065,0.065,0.064,0.073,0.076,0.08,0.084,0.094,0.104,0.098,0.092,0.083,0.065,0.053,0.057,0.055,0.055,0.05,0.047,0.045,0.041,0.047,0.06,0.068,0.086,0.102,0.09,0.099,0.104,0.108,0.114,0.125,0.131,0.138,0.136,0.133,0.115,0.103,0.087,0.065,"[[2], [1, 3, 4]]"
0.036832229999999994,0.01133592,0.00679965,0.0056774699999999996,0.0058962,0.00534462,0.01124082,0.04215783,0.07491978,0.0974775,0.08048313,0.08396379,0.07620363,0.09306486,0.06355533,0.14157537,0.16875495,0.13601202,0.09841899,0.07328406,0.09411096,0.0,-0.014360099999999999,-0.01132641,-0.015444239999999996,-0.022709879999999998,-0.02832078,-0.01669956,0.022557719999999996,0.07706903999999999,0.031953600000000006,0.10178553,0.07434918000000001,0.08274651,0.08667414,0.10573218,0.10930793999999999,0.10590336,0.12303087,0.14535084,0.1802145,0.16058586,0.16459908,0.13747656,0.13736243999999997,0.10959324,0.11447187,0.16992468,0.05,0.045,0.045,0.048,0.051,0.054,0.048,0.065,0.065,0.064,0.073,0.076,0.08,0.084,0.094,0.104,0.098,0.092,0.083,0.065,0.053,0.057,0.055,0.055,0.05,0.047,0.045,0.041,0.047,0.06,0.068,0.086,0.102,0.09,0.099,0.104,0.108,0.114,0.125,0.131,0.138,0.136,0.133,0.115,0.103,0.087,0.065,0.078,"[[2], [1, 3, 4]]"
0.01133592,0.00679965,0.0056774699999999996,0.0058962,0.00534462,0.01124082,0.04215783,0.07491978,0.0974775,0.08048313,0.08396379,0.07620363,0.09306486,0.06355533,0.14157537,0.16875495,0.13601202,0.09841899,0.07328406,0.09411096,0.0,-0.014360099999999999,-0.01132641,-0.015444239999999996,-0.022709879999999998,-0.02832078,-0.01669956,0.022557719999999996,0.07706903999999999,0.031953600000000006,0.10178553,0.07434918000000001,0.08274651,0.08667414,0.10573218,0.10930793999999999,0.10590336,0.12303087,0.14535084,0.1802145,0.16058586,0.16459908,0.13747656,0.13736243999999997,0.10959324,0.11447187,0.16992468,0.15297786,0.045,0.045,0.048,0.051,0.054,0.048,0.065,0.065,0.064,0.073,0.076,0.08,0.084,0.094,0.104,0.098,0.092,0.083,0.065,0.053,0.057,0.055,0.055,0.05,0.047,0.045,0.041,0.047,0.06,0.068,0.086,0.102,0.09,0.099,0.104,0.108,0.114,0.125,0.131,0.138,0.136,0.133,0.115,0.103,0.087,0.065,0.078,0.081,"[[2], [1, 3, 4]]"
0.00679965,0.0056774699999999996,0.0058962,0.00534462,0.01124082,0.04215783,0.07491978,0.0974775,0.08048313,0.08396379,0.07620363,0.09306486,0.06355533,0.14157537,0.16875495,0.13601202,0.09841899,0.07328406,0.09411096,0.0,-0.014360099999999999,-0.01132641,-0.015444239999999996,-0.022709879999999998,-0.02832078,-0.01669956,0.022557719999999996,0.07706903999999999,0.031953600000000006,0.10178553,0.07434918000000001,0.08274651,0.08667414,0.10573218,0.10930793999999999,0.10590336,0.12303087,0.14535084,0.1802145,0.16058586,0.16459908,0.13747656,0.13736243999999997,0.10959324,0.11447187,0.16992468,0.15297786,0.11329262999999999,0.045,0.048,0.051,0.054,0.048,0.065,0.065,0.064,0.073,0.076,0.08,0.084,0.094,0.104,0.098,0.092,0.083,0.065,0.053,0.057,0.055,0.055,0.05,0.047,0.045,0.041,0.047,0.06,0.068,0.086,0.102,0.09,0.099,0.104,0.108,0.114,0.125,0.131,0.138,0.136,0.133,0.115,0.103,0.087,0.065,0.078,0.081,0.081,"[[2], [1, 3, 4]]"
0.0056774699999999996,0.0058962,0.00534462,0.01124082,0.04215783,0.07491978,0.0974775,0.08048313,0.08396379,0.07620363,0.09306486,0.06355533,0.14157537,0.16875495,0.13601202,0.09841899,0.07328406,0.09411096,0.0,-0.014360099999999999,-0.01132641,-0.015444239999999996,-0.022709879999999998,-0.02832078,-0.01669956,0.022557719999999996,0.07706903999999999,0.031953600000000006,0.10178553,0.07434918000000001,0.08274651,0.08667414,0.10573218,0.10930793999999999,0.10590336,0.12303087,0.14535084,0.1802145,0.16058586,0.16459908,0.13747656,0.13736243999999997,0.10959324,0.11447187,0.16992468,0.15297786,0.11329262999999999,0.09645042,0.048,0.051,0.054,0.048,0.065,0.065,0.064,0.073,0.076,0.08,0.084,0.094,0.104,0.098,0.092,0.083,0.065,0.053,0.057,0.055,0.055,0.05,0.047,0.045,0.041,0.047,0.06,0.068,0.086,0.102,0.09,0.099,0.104,0.108,0.114,0.125,0.131,0.138,0.136,0.133,0.115,0.103,0.087,0.065,0.078,0.081,0.081,0.073,"[[2], [1, 3, 4]]"
0.0058962,0.00534462,0.01124082,0.04215783,0.07491978,0.0974775,0.08048313,0.08396379,0.07620363,0.09306486,0.06355533,0.14157537,0.16875495,0.13601202,0.09841899,0.07328406,0.09411096,0.0,-0.014360099999999999,-0.01132641,-0.015444239999999996,-0.022709879999999998,-0.02832078,-0.01669956,0.022557719999999996,0.07706903999999999,0.031953600000000006,0.10178553,0.07434918000000001,0.08274651,0.08667414,0.10573218,0.10930793999999999,0.10590336,0.12303087,0.14535084,0.1802145,0.16058586,0.16459908,0.13747656,0.13736243999999997,0.10959324,0.11447187,0.16992468,0.15297786,0.11329262999999999,0.09645042,0.10540884,0.051,0.054,0.048,0.065,0.065,0.064,0.073,0.076,0.08,0.084,0.094,0.104,0.098,0.092,0.083,0.065,0.053,0.057,0.055,0.055,0.05,0.047,0.045,0.041,0.047,0.06,0.068,0.086,0.102,0.09,0.099,0.104,0.108,0.114,0.125,0.131,0.138,0.136,0.133,0.115,0.103,0.087,0.065,0.078,0.081,0.081,0.073,0.07,"[[2], [1, 3, 4]]"
0.00534462,0.01124082,0.04215783,0.07491978,0.0974775,0.08048313,0.08396379,0.07620363,0.09306486,0.06355533,0.14157537,0.16875495,0.13601202,0.09841899,0.07328406,0.09411096,0.0,-0.014360099999999999,-0.01132641,-0.015444239999999996,-0.022709879999999998,-0.02832078,-0.01669956,0.022557719999999996,0.07706903999999999,0.031953600000000006,0.10178553,0.07434918000000001,0.08274651,0.08667414,0.10573218,0.10930793999999999,0.10590336,0.12303087,0.14535084,0.1802145,0.16058586,0.16459908,0.13747656,0.13736243999999997,0.10959324,0.11447187,0.16992468,0.15297786,0.11329262999999999,0.09645042,0.10540884,0.14399090999999997,0.054,0.048,0.065,0.065,0.064,0.073,0.076,0.08,0.084,0.094,0.104,0.098,0.092,0.083,0.065,0.053,0.057,0.055,0.055,0.05,0.047,0.045,0.041,0.047,0.06,0.068,0.086,0.102,0.09,0.099,0.104,0.108,0.114,0.125,0.131,0.138,0.136,0.133,0.115,0.103,0.087,0.065,0.078,0.081,0.081,0.073,0.07,0.092,"[[2], [1, 3, 4]]"
0.01124082,0.04215783,0.07491978,0.0974775,0.08048313,0.08396379,0.07620363,0.09306486,0.06355533,0.14157537,0.16875495,0.13601202,0.09841899,0.07328406,0.09411096,0.0,-0.014360099999999999,-0.01132641,-0.015444239999999996,-0.022709879999999998,-0.02832078,-0.01669956,0.022557719999999996,0.07706903999999999,0.031953600000000006,0.10178553,0.07434918000000001,0.08274651,0.08667414,0.10573218,0.10930793999999999,0.10590336,0.12303087,0.14535084,0.1802145,0.16058586,0.16459908,0.13747656,0.13736243999999997,0.10959324,0.11447187,0.16992468,0.15297786,0.11329262999999999,0.09645042,0.10540884,0.14399090999999997,0.18361908,0.048,0.065,0.065,0.064,0.073,0.076,0.08,0.084,0.094,0.104,0.098,0.092,0.083,0.065,0.053,0.057,0.055,0.055,0.05,0.047,0.045,0.041,0.047,0.06,0.068,0.086,0.102,0.09,0.099,0.104,0.108,0.114,0.125,0.131,0.138,0.136,0.133,0.115,0.103,0.087,0.065,0.078,0.081,0.081,0.073,0.07,0.092,0.122,"[[2], [1, 3, 4]]"
0.04215783,0.07491978,0.0974775,0.08048313,0.08396379,0.07620363,0.09306486,0.06355533,0.14157537,0.16875495,0.13601202,0.09841899,0.07328406,0.09411096,0.0,-0.014360099999999999,-0.01132641,-0.015444239999999996,-0.022709879999999998,-0.02832078,-0.01669956,0.022557719999999996,0.07706903999999999,0.031953600000000006,0.10178553,0.07434918000000001,0.08274651,0.08667414,0.10573218,0.10930793999999999,0.10590336,0.12303087,0.14535084,0.1802145,0.16058586,0.16459908,0.13747656,0.13736243999999997,0.10959324,0.11447187,0.16992468,0.15297786,0.11329262999999999,0.09645042,0.10540884,0.14399090999999997,0.18361908,0.1875372,0.065,0.065,0.064,0.073,0.076,0.08,0.084,0.094,0.104,0.098,0.092,0.083,0.065,0.053,0.057,0.055,0.055,0.05,0.047,0.045,0.041,0.047,0.06,0.068,0.086,0.102,0.09,0.099,0.104,0.108,0.114,0.125,0.131,0.138,0.136,0.133,0.115,0.103,0.087,0.065,0.078,0.081,0.081,0.073,0.07,0.092,0.122,0.14,"[[2], [1, 3, 4]]"
0.07491978,0.0974775,0.08048313,0.08396379,0.07620363,0.09306486,0.06355533,0.14157537,0.16875495,0.13601202,0.09841899,0.07328406,0.09411096,0.0,-0.014360099999999999,-0.01132641,-0.015444239999999996,-0.022709879999999998,-0.02832078,-0.01669956,0.022557719999999996,0.07706903999999999,0.031953600000000006,0.10178553,0.07434918000000001,0.08274651,0.08667414,0.10573218,0.10930793999999999,0.10590336,0.12303087,0.14535084,0.1802145,0.16058586,0.16459908,0.13747656,0.13736243999999997,0.10959324,0.11447187,0.16992468,0.15297786,0.11329262999999999,0.09645042,0.10540884,0.14399090999999997,0.18361908,0.1875372,0.19051383,0.065,0.064,0.073,0.076,0.08,0.084,0.094,0.104,0.098,0.092,0.083,0.065,0.053,0.057,0.055,0.055,0.05,0.047,0.045,0.041,0.047,0.06,0.068,0.086,0.102,0.09,0.099,0.104,0.108,0.114,0.125,0.131,0.138,0.136,0.133,0.115,0.103,0.087,0.065,0.078,0.081,0.081,0.073,0.07,0.092,0.122,0.14,0.154,"[[2], [1, 3, 4]]"
0.0974775,0.08048313,0.08396379,0.07620363,0.09306486,0.06355533,0.14157537,0.16875495,0.13601202,0.09841899,0.07328406,0.09411096,0.0,-0.014360099999999999,-0.01132641,-0.015444239999999996,-0.022709879999999998,-0.02832078,-0.01669956,0.022557719999999996,0.07706903999999999,0.031953600000000006,0.10178553,0.07434918000000001,0.08274651,0.08667414,0.10573218,0.10930793999999999,0.10590336,0.12303087,0.14535084,0.1802145,0.16058586,0.16459908,0.13747656,0.13736243999999997,0.10959324,0.11447187,0.16992468,0.15297786,0.11329262999999999,0.09645042,0.10540884,0.14399090999999997,0.18361908,0.1875372,0.19051383,0.18613923,0.064,0.073,0.076,0.08,0.084,0.094,0.104,0.098,0.092,0.083,0.065,0.053,0.057,0.055,0.055,0.05,0.047,0.045,0.041,0.047,0.06,0.068,0.086,0.102,0.09,0.099,0.104,0.108,0.114,0.125,0.131,0.138,0.136,0.133,0.115,0.103,0.087,0.065,0.078,0.081,0.081,0.073,0.07,0.092,0.122,0.14,0.154,0.148,"[[2], [1, 3, 4]]"
0.08048313,0.08396379,0.07620363,0.09306486,0.06355533,0.14157537,0.16875495,0.13601202,0.09841899,0.07328406,0.09411096,0.0,-0.014360099999999999,-0.01132641,-0.015444239999999996,-0.022709879999999998,-0.02832078,-0.01669956,0.022557719999999996,0.07706903999999999,0.031953600000000006,0.10178553,0.07434918000000001,0.08274651,0.08667414,0.10573218,0.10930793999999999,0.10590336,0.12303087,0.14535084,0.1802145,0.16058586,0.16459908,0.13747656,0.13736243999999997,0.10959324,0.11447187,0.16992468,0.15297786,0.11329262999999999,0.09645042,0.10540884,0.14399090999999997,0.18361908,0.1875372,0.19051383,0.18613923,0.18008136,0.073,0.076,0.08,0.084,0.094,0.104,0.098,0.092,0.083,0.065,0.053,0.057,0.055,0.055,0.05,0.047,0.045,0.041,0.047,0.06,0.068,0.086,0.102,0.09,0.099,0.104,0.108,0.114,0.125,0.131,0.138,0.136,0.133,0.115,0.103,0.087,0.065,0.078,0.081,0.081,0.073,0.07,0.092,0.122,0.14,0.154,0.148,0.136,"[[2], [1, 3, 4]]"
0.08396379,0.07620363,0.09306486,0.06355533,0.14157537,0.16875495,0.13601202,0.09841899,0.07328406,0.09411096,0.0,-0.014360099999999999,-0.01132641,-0.015444239999999996,-0.022709879999999998,-0.02832078,-0.01669956,0.022557719999999996,0.07706903999999999,0.031953600000000006,0.10178553,0.07434918000000001,0.08274651,0.08667414,0.10573218,0.10930793999999999,0.10590336,0.12303087,0.14535084,0.1802145,0.16058586,0.16459908,0.13747656,0.13736243999999997,0.10959324,0.11447187,0.16992468,0.15297786,0.11329262999999999,0.09645042,0.10540884,0.14399090999999997,0.18361908,0.1875372,0.19051383,0.18613923,0.18008136,0.16591145999999998,0.076,0.08,0.084,0.094,0.104,0.098,0.092,0.083,0.065,0.053,0.057,0.055,0.055,0.05,0.047,0.045,0.041,0.047,0.06,0.068,0.086,0.102,0.09,0.099,0.104,0.108,0.114,0.125,0.131,0.138,0.136,0.133,0.115,0.103,0.087,0.065,0.078,0.081,0.081,0.073,0.07,0.092,0.122,0.14,0.154,0.148,0.136,0.129,"[[2], [1, 3, 4]]"
0.07620363,0.09306486,0.06355533,0.14157537,0.16875495,0.13601202,0.09841899,0.07328406,0.09411096,0.0,-0.014360099999999999,-0.01132641,-0.015444239999999996,-0.022709879999999998,-0.02832078,-0.01669956,0.022557719999999996,0.07706903999999999,0.031953600000000006,0.10178553,0.07434918000000001,0.08274651,0.08667414,0.10573218,0.10930793999999999,0.10590336,0.12303087,0.14535084,0.1802145,0.16058586,0.16459908,0.13747656,0.13736243999999997,0.10959324,0.11447187,0.16992468,0.15297786,0.11329262999999999,0.09645042,0.10540884,0.14399090999999997,0.18361908,0.1875372,0.19051383,0.18613923,0.18008136,0.16591145999999998,0.16125156,0.08,0.084,0.094,0.104,0.098,0.092,0.083,0.065,0.053,0.057,0.055,0.055,0.05,0.047,0.045,0.041,0.047,0.06,0.068,0.086,0.102,0.09,0.099,0.104,0.108,0.114,0.125,0.131,0.138,0.136,0.133,0.115,0.103,0.087,0.065,0.078,0.081,0.081,0.073,0.07,0.092,0.122,0.14,0.154,0.148,0.136,0.129,0.124,"[[2], [1, 3, 4]]"
0.09306486,0.06355533,0.14157537,0.16875495,0.13601202,0.09841899,0.07328406,0.09411096,0.0,-0.014360099999999999,-0.01132641,-0.015444239999999996,-0.022709879999999998,-0.02832078,-0.01669956,0.022557719999999996,0.07706903999999999,0.031953600000000006,0.10178553,0.07434918000000001,0.08274651,0.08667414,0.10573218,0.10930793999999999,0.10590336,0.12303087,0.14535084,0.1802145,0.16058586,0.16459908,0.13747656,0.13736243999999997,0.10959324,0.11447187,0.16992468,0.15297786,0.11329262999999999,0.09645042,0.10540884,0.14399090999999997,0.18361908,0.1875372,0.19051383,0.18613923,0.18008136,0.16591145999999998,0.16125156,0.1575807,0.084,0.094,0.104,0.098,0.092,0.083,0.065,0.053,0.057,0.055,0.055,0.05,0.047,0.045,0.041,0.047,0.06,0.068,0.086,0.102,0.09,0.099,0.104,0.108,0.114,0.125,0.131,0.138,0.136,0.133,0.115,0.103,0.087,0.065,0.078,0.081,0.081,0.073,0.07,0.092,0.122,0.14,0.154,0.148,0.136,0.129,0.124,0.121,"[[2], [1, 3, 4]]"
0.06355533,0.14157537,0.16875495,0.13601202,0.09841899,0.07328406,0.09411096,0.0,-0.014360099999999999,-0.01132641,-0.015444239999999996,-0.022709879999999998,-0.02832078,-0.01669956,0.022557719999999996,0.07706903999999999,0.031953600000000006,0.10178553,0.07434918000000001,0.08274651,0.08667414,0.10573218,0.10930793999999999,0.10590336,0.12303087,0.14535084,0.1802145,0.16058586,0.16459908,0.13747656,0.13736243999999997,0.10959324,0.11447187,0.16992468,0.15297786,0.11329262999999999,0.09645042,0.10540884,0.14399090999999997,0.18361908,0.1875372,0.19051383,0.18613923,0.18008136,0.16591145999999998,0.16125156,0.1575807,0.16179363,0.094,0.104,0.098,0.092,0.083,0.065,0.053,0.057,0.055,0.055,0.05,0.047,0.045,0.041,0.047,0.06,0.068,0.086,0.102,0.09,0.099,0.104,0.108,0.114,0.125,0.131,0.138,0.136,0.133,0.115,0.103,0.087,0.065,0.078,0.081,0.081,0.073,0.07,0.092,0.122,0.14,0.154,0.148,0.136,0.129,0.124,0.121,0.135,"[[2], [1, 3, 4]]"
0.14157537,0.16875495,0.13601202,0.09841899,0.07328406,0.09411096,0.0,-0.014360099999999999,-0.01132641,-0.015444239999999996,-0.022709879999999998,-0.02832078,-0.01669956,0.022557719999999996,0.07706903999999999,0.031953600000000006,0.10178553,0.07434918000000001,0.08274651,0.08667414,0.10573218,0.10930793999999999,0.10590336,0.12303087,0.14535084,0.1802145,0.16058586,0.16459908,0.13747656,0.13736243999999997,0.10959324,0.11447187,0.16992468,0.15297786,0.11329262999999999,0.09645042,0.10540884,0.14399090999999997,0.18361908,0.1875372,0.19051383,0.18613923,0.18008136,0.16591145999999998,0.16125156,0.1575807,0.16179363,0.16096626,0.104,0.098,0.092,0.083,0.065,0.053,0.057,0.055,0.055,0.05,0.047,0.045,0.041,0.047,0.06,0.068,0.086,0.102,0.09,0.099,0.104,0.108,0.114,0.125,0.131,0.138,0.136,0.133,0.115,0.103,0.087,0.065,0.078,0.081,0.081,0.073,0.07,0.092,0.122,0.14,0.154,0.148,0.136,0.129,0.124,0.121,0.135,0.142,"[[2], [1, 3, 4]]"
0.16875495,0.13601202,0.09841899,0.07328406,0.09411096,0.0,-0.014360099999999999,-0.01132641,-0.015444239999999996,-0.022709879999999998,-0.02832078,-0.01669956,0.022557719999999996,0.07706903999999999,0.031953600000000006,0.10178553,0.07434918000000001,0.08274651,0.08667414,0.10573218,0.10930793999999999,0.10590336,0.12303087,0.14535084,0.1802145,0.16058586,0.16459908,0.13747656,0.13736243999999997,0.10959324,0.11447187,0.16992468,0.15297786,0.11329262999999999,0.09645042,0.10540884,0.14399090999999997,0.18361908,0.1875372,0.19051383,0.18613923,0.18008136,0.16591145999999998,0.16125156,0.1575807,0.16179363,0.16096626,0.18022401,0.098,0.092,0.083,0.065,0.053,0.057,0.055,0.055,0.05,0.047,0.045,0.041,0.047,0.06,0.068,0.086,0.102,0.09,0.099,0.104,0.108,0.114,0.125,0.131,0.138,0.136,0.133,0.115,0.103,0.087,0.065,0.078,0.081,0.081,0.073,0.07,0.092,0.122,0.14,0.154,0.148,0.136,0.129,0.124,0.121,0.135,0.142,0.142,"[[2], [1, 3, 4]]"
0.13601202,0.09841899,0.07328406,0.09411096,0.0,-0.014360099999999999,-0.01132641,-0.015444239999999996,-0.022709879999999998,-0.02832078,-0.01669956,0.022557719999999996,0.07706903999999999,0.031953600000000006,0.10178553,0.07434918000000001,0.08274651,0.08667414,0.10573218,0.10930793999999999,0.10590336,0.12303087,0.14535084,0.1802145,0.16058586,0.16459908,0.13747656,0.13736243999999997,0.10959324,0.11447187,0.16992468,0.15297786,0.11329262999999999,0.09645042,0.10540884,0.14399090999999997,0.18361908,0.1875372,0.19051383,0.18613923,0.18008136,0.16591145999999998,0.16125156,0.1575807,0.16179363,0.16096626,0.18022401,0.18527381999999998,0.092,0.083,0.065,0.053,0.057,0.055,0.055,0.05,0.047,0.045,0.041,0.047,0.06,0.068,0.086,0.102,0.09,0.099,0.104,0.108,0.114,0.125,0.131,0.138,0.136,0.133,0.115,0.103,0.087,0.065,0.078,0.081,0.081,0.073,0.07,0.092,0.122,0.14,0.154,0.148,0.136,0.129,0.124,0.121,0.135,0.142,0.142,0.144,"[[2], [1, 3, 4]]"
0.09841899,0.07328406,0.09411096,0.0,-0.014360099999999999,-0.01132641,-0.015444239999999996,-0.022709879999999998,-0.02832078,-0.01669956,0.022557719999999996,0.07706903999999999,0.031953600000000006,0.10178553,0.07434918000000001,0.08274651,0.08667414,0.10573218,0.10930793999999999,0.10590336,0.12303087,0.14535084,0.1802145,0.16058586,0.16459908,0.13747656,0.13736243999999997,0.10959324,0.11447187,0.16992468,0.15297786,0.11329262999999999,0.09645042,0.10540884,0.14399090999999997,0.18361908,0.1875372,0.19051383,0.18613923,0.18008136,0.16591145999999998,0.16125156,0.1575807,0.16179363,0.16096626,0.18022401,0.18527381999999998,0.17896868999999999,0.083,0.065,0.053,0.057,0.055,0.055,0.05,0.047,0.045,0.041,0.047,0.06,0.068,0.086,0.102,0.09,0.099,0.104,0.108,0.114,0.125,0.131,0.138,0.136,0.133,0.115,0.103,0.087,0.065,0.078,0.081,0.081,0.073,0.07,0.092,0.122,0.14,0.154,0.148,0.136,0.129,0.124,0.121,0.135,0.142,0.142,0.144,0.142,"[[2], [1, 3, 4]]"
0.07328406,0.09411096,0.0,-0.014360099999999999,-0.01132641,-0.015444239999999996,-0.022709879999999998,-0.02832078,-0.01669956,0.022557719999999996,0.07706903999999999,0.031953600000000006,0.10178553,0.07434918000000001,0.08274651,0.08667414,0.10573218,0.10930793999999999,0.10590336,0.12303087,0.14535084,0.1802145,0.16058586,0.16459908,0.13747656,0.13736243999999997,0.10959324,0.11447187,0.16992468,0.15297786,0.11329262999999999,0.09645042,0.10540884,0.14399090999999997,0.18361908,0.1875372,0.19051383,0.18613923,0.18008136,0.16591145999999998,0.16125156,0.1575807,0.16179363,0.16096626,0.18022401,0.18527381999999998,0.17896868999999999,0.15945416999999998,0.065,0.053,0.057,0.055,0.055,0.05,0.047,0.045,0.041,0.047,0.06,0.068,0.086,0.102,0.09,0.099,0.104,0.108,0.114,0.125,0.131,0.138,0.136,0.133,0.115,0.103,0.087,0.065,0.078,0.081,0.081,0.073,0.07,0.092,0.122,0.14,0.154,0.148,0.136,0.129,0.124,0.121,0.135,0.142,0.142,0.144,0.142,0.133,"[[2], [1, 3, 4]]"
0.09411096,0.0,-0.014360099999999999,-0.01132641,-0.015444239999999996,-0.022709879999999998,-0.02832078,-0.01669956,0.022557719999999996,0.07706903999999999,0.031953600000000006,0.10178553,0.07434918000000001,0.08274651,0.08667414,0.10573218,0.10930793999999999,0.10590336,0.12303087,0.14535084,0.1802145,0.16058586,0.16459908,0.13747656,0.13736243999999997,0.10959324,0.11447187,0.16992468,0.15297786,0.11329262999999999,0.09645042,0.10540884,0.14399090999999997,0.18361908,0.1875372,0.19051383,0.18613923,0.18008136,0.16591145999999998,0.16125156,0.1575807,0.16179363,0.16096626,0.18022401,0.18527381999999998,0.17896868999999999,0.15945416999999998,0.13470915,0.053,0.057,0.055,0.055,0.05,0.047,0.045,0.041,0.047,0.06,0.068,0.086,0.102,0.09,0.099,0.104,0.108,0.114,0.125,0.131,0.138,0.136,0.133,0.115,0.103,0.087,0.065,0.078,0.081,0.081,0.073,0.07,0.092,0.122,0.14,0.154,0.148,0.136,0.129,0.124,0.121,0.135,0.142,0.142,0.144,0.142,0.133,0.109,"[[2], [1, 3, 4]]"
0.0,-0.014360099999999999,-0.01132641,-0.015444239999999996,-0.022709879999999998,-0.02832078,-0.01669956,0.022557719999999996,0.07706903999999999,0.031953600000000006,0.10178553,0.07434918000000001,0.08274651,0.08667414,0.10573218,0.10930793999999999,0.10590336,0.12303087,0.14535084,0.1802145,0.16058586,0.16459908,0.13747656,0.13736243999999997,0.10959324,0.11447187,0.16992468,0.15297786,0.11329262999999999,0.09645042,0.10540884,0.14399090999999997,0.18361908,0.1875372,0.19051383,0.18613923,0.18008136,0.16591145999999998,0.16125156,0.1575807,0.16179363,0.16096626,0.18022401,0.18527381999999998,0.17896868999999999,0.15945416999999998,0.13470915,0.13343481,0.057,0.055,0.055,0.05,0.047,0.045,0.041,0.047,0.06,0.068,0.086,0.102,0.09,0.099,0.104,0.108,0.114,0.125,0.131,0.138,0.136,0.133,0.115,0.103,0.087,0.065,0.078,0.081,0.081,0.073,0.07,0.092,0.122,0.14,0.154,0.148,0.136,0.129,0.124,0.121,0.135,0.142,0.142,0.144,0.142,0.133,0.109,0.091,"[[2], [1, 3, 4]]"
-0.014360099999999999,-0.01132641,-0.015444239999999996,-0.022709879999999998,-0.02832078,-0.01669956,0.022557719999999996,0.07706903999999999,0.031953600000000006,0.10178553,0.07434918000000001,0.08274651,0.08667414,0.10573218,0.10930793999999999,0.10590336,0.12303087,0.14535084,0.1802145,0.16058586,0.16459908,0.13747656,0.13736243999999997,0.10959324,0.11447187,0.16992468,0.15297786,0.11329262999999999,0.09645042,0.10540884,0.14399090999999997,0.18361908,0.1875372,0.19051383,0.18613923,0.18008136,0.16591145999999998,0.16125156,0.1575807,0.16179363,0.16096626,0.18022401,0.18527381999999998,0.17896868999999999,0.15945416999999998,0.13470915,0.13343481,0.09577520999999999,0.055,0.055,0.05,0.047,0.045,0.041,0.047,0.06,0.068,0.086,0.102,0.09,0.099,0.104,0.108,0.114,0.125,0.131,0.138,0.136,0.133,0.115,0.103,0.087,0.065,0.078,0.081,0.081,0.073,0.07,0.092,0.122,0.14,0.154,0.148,0.136,0.129,0.124,0.121,0.135,0.142,0.142,0.144,0.142,0.133,0.109,0.091,0.069,"[[2], [1, 3, 4]]"
-0.01132641,-0.015444239999999996,-0.022709879999999998,-0.02832078,-0.01669956,0.022557719999999996,0.07706903999999999,0.031953600000000006,0.10178553,0.07434918000000001,0.08274651,0.08667414,0.10573218,0.10930793999999999,0.10590336,0.12303087,0.14535084,0.1802145,0.16058586,0.16459908,0.13747656,0.13736243999999997,0.10959324,0.11447187,0.16992468,0.15297786,0.11329262999999999,0.09645042,0.10540884,0.14399090999999997,0.18361908,0.1875372,0.19051383,0.18613923,0.18008136,0.16591145999999998,0.16125156,0.1575807,0.16179363,0.16096626,0.18022401,0.18527381999999998,0.17896868999999999,0.15945416999999998,0.13470915,0.13343481,0.09577520999999999,0.13095269999999998,0.055,0.05,0.047,0.045,0.041,0.047,0.06,0.068,0.086,0.102,0.09,0.099,0.104,0.108,0.114,0.125,0.131,0.138,0.136,0.133,0.115,0.103,0.087,0.065,0.078,0.081,0.081,0.073,0.07,0.092,0.122,0.14,0.154,0.148,0.136,0.129,0.124,0.121,0.135,0.142,0.142,0.144,0.142,0.133,0.109,0.091,0.069,0.061,"[[2], [1, 3, 4]]"
-0.015444239999999996,-0.022709879999999998,-0.02832078,-0.01669956,0.022557719999999996,0.07706903999999999,0.031953600000000006,0.10178553,0.07434918000000001,0.08274651,0.08667414,0.10573218,0.10930793999999999,0.10590336,0.12303087,0.14535084,0.1802145,0.16058586,0.16459908,0.13747656,0.13736243999999997,0.10959324,0.11447187,0.16992468,0.15297786,0.11329262999999999,0.09645042,0.10540884,0.14399090999999997,0.18361908,0.1875372,0.19051383,0.18613923,0.18008136,0.16591145999999998,0.16125156,0.1575807,0.16179363,0.16096626,0.18022401,0.18527381999999998,0.17896868999999999,0.15945416999999998,0.13470915,0.13343481,0.09577520999999999,0.13095269999999998,0.11505198,0.05,0.047,0.045,0.041,0.047,0.06,0.068,0.086,0.102,0.09,0.099,0.104,0.108,0.114,0.125,0.131,0.138,0.136,0.133,0.115,0.103,0.087,0.065,0.078,0.081,0.081,0.073,0.07,0.092,0.122,0.14,0.154,0.148,0.136,0.129,0.124,0.121,0.135,0.142,0.142,0.144,0.142,0.133,0.109,0.091,0.069,0.061,0.062,"[[2], [1, 3, 4]]"
-0.022709879999999998,-0.02832078,-0.01669956,0.022557719999999996,0.07706903999999999,0.031953600000000006,0.10178553,0.07434918000000001,0.08274651,0.08667414,0.10573218,0.10930793999999999,0.10590336,0.12303087,0.14535084,0.1802145,0.16058586,0.16459908,0.13747656,0.13736243999999997,0.10959324,0.11447187,0.16992468,0.15297786,0.11329262999999999,0.09645042,0.10540884,0.14399090999999997,0.18361908,0.1875372,0.19051383,0.18613923,0.18008136,0.16591145999999998,0.16125156,0.1575807,0.16179363,0.16096626,0.18022401,0.18527381999999998,0.17896868999999999,0.15945416999999998,0.13470915,0.13343481,0.09577520999999999,0.13095269999999998,0.11505198,0.10225151999999998,0.047,0.045,0.041,0.047,0.06,0.068,0.086,0.102,0.09,0.099,0.104,0.108,0.114,0.125,0.131,0.138,0.136,0.133,0.115,0.103,0.087,0.065,0.078,0.081,0.081,0.073,0.07,0.092,0.122,0.14,0.154,0.148,0.136,0.129,0.124,0.121,0.135,0.142,0.142,0.144,0.142,0.133,0.109,0.091,0.069,0.061,0.062,0.049,"[[2], [1, 3, 4]]"
-0.02832078,-0.01669956,0.022557719999999996,0.07706903999999999,0.031953600000000006,0.10178553,0.07434918000000001,0.08274651,0.08667414,0.10573218,0.10930793999999999,0.10590336,0.12303087,0.14535084,0.1802145,0.16058586,0.16459908,0.13747656,0.13736243999999997,0.10959324,0.11447187,0.16992468,0.15297786,0.11329262999999999,0.09645042,0.10540884,0.14399090999999997,0.18361908,0.1875372,0.19051383,0.18613923,0.18008136,0.16591145999999998,0.16125156,0.1575807,0.16179363,0.16096626,0.18022401,0.18527381999999998,0.17896868999999999,0.15945416999999998,0.13470915,0.13343481,0.09577520999999999,0.13095269999999998,0.11505198,0.10225151999999998,0.09219945,0.045,0.041,0.047,0.06,0.068,0.086,0.102,0.09,0.099,0.104,0.108,0.114,0.125,0.131,0.138,0.136,0.133,0.115,0.103,0.087,0.065,0.078,0.081,0.081,0.073,0.07,0.092,0.122,0.14,0.154,0.148,0.136,0.129,0.124,0.121,0.135,0.142,0.142,0.144,0.142,0.133,0.109,0.091,0.069,0.061,0.062,0.049,0.051,"[[2], [1, 3, 4]]"
-0.01669956,0.022557719999999996,0.07706903999999999,0.031953600000000006,0.10178553,0.07434918000000001,0.08274651,0.08667414,0.10573218,0.10930793999999999,0.10590336,0.12303087,0.14535084,0.1802145,0.16058586,0.16459908,0.13747656,0.13736243999999997,0.10959324,0.11447187,0.16992468,0.15297786,0.11329262999999999,0.09645042,0.10540884,0.14399090999999997,0.18361908,0.1875372,0.19051383,0.18613923,0.18008136,0.16591145999999998,0.16125156,0.1575807,0.16179363,0.16096626,0.18022401,0.18527381999999998,0.17896868999999999,0.15945416999999998,0.13470915,0.13343481,0.09577520999999999,0.13095269999999998,0.11505198,0.10225151999999998,0.09219945,0.08889948,0.041,0.047,0.06,0.068,0.086,0.102,0.09,0.099,0.104,0.108,0.114,0.125,0.131,0.138,0.136,0.133,0.115,0.103,0.087,0.065,0.078,0.081,0.081,0.073,0.07,0.092,0.122,0.14,0.154,0.148,0.136,0.129,0.124,0.121,0.135,0.142,0.142,0.144,0.142,0.133,0.109,0.091,0.069,0.061,0.062,0.049,0.051,0.052,"[[2], [1, 3, 4]]"
0.022557719999999996,0.07706903999999999,0.031953600000000006,0.10178553,0.07434918000000001,0.08274651,0.08667414,0.10573218,0.10930793999999999,0.10590336,0.12303087,0.14535084,0.1802145,0.16058586,0.16459908,0.13747656,0.13736243999999997,0.10959324,0.11447187,0.16992468,0.15297786,0.11329262999999999,0.09645042,0.10540884,0.14399090999999997,0.18361908,0.1875372,0.19051383,0.18613923,0.18008136,0.16591145999999998,0.16125156,0.1575807,0.16179363,0.16096626,0.18022401,0.18527381999999998,0.17896868999999999,0.15945416999999998,0.13470915,0.13343481,0.09577520999999999,0.13095269999999998,0.11505198,0.10225151999999998,0.09219945,0.08889948,0.0962412,0.047,0.06,0.068,0.086,0.102,0.09,0.099,0.104,0.108,0.114,0.125,0.131,0.138,0.136,0.133,0.115,0.103,0.087,0.065,0.078,0.081,0.081,0.073,0.07,0.092,0.122,0.14,0.154,0.148,0.136,0.129,0.124,0.121,0.135,0.142,0.142,0.144,0.142,0.133,0.109,0.091,0.069,0.061,0.062,0.049,0.051,0.052,0.058,"[[2], [1, 3, 4]]"
0.07706903999999999,0.031953600000000006,0.10178553,0.07434918000000001,0.08274651,0.08667414,0.10573218,0.10930793999999999,0.10590336,0.12303087,0.14535084,0.1802145,0.16058586,0.16459908,0.13747656,0.13736243999999997,0.10959324,0.11447187,0.16992468,0.15297786,0.11329262999999999,0.09645042,0.10540884,0.14399090999999997,0.18361908,0.1875372,0.19051383,0.18613923,0.18008136,0.16591145999999998,0.16125156,0.1575807,0.16179363,0.16096626,0.18022401,0.18527381999999998,0.17896868999999999,0.15945416999999998,0.13470915,0.13343481,0.09577520999999999,0.13095269999999998,0.11505198,0.10225151999999998,0.09219945,0.08889948,0.0962412,0.14702459999999998,0.06,0.068,0.086,0.102,0.09,0.099,0.104,0.108,0.114,0.125,0.131,0.138,0.136,0.133,0.115,0.103,0.087,0.065,0.078,0.081,0.081,0.073,0.07,0.092,0.122,0.14,0.154,0.148,0.136,0.129,0.124,0.121,0.135,0.142,0.142,0.144,0.142,0.133,0.109,0.091,0.069,0.061,0.062,0.049,0.051,0.052,0.058,0.066,"[[2], [1, 3, 4]]"
0.031953600000000006,0.10178553,0.07434918000000001,0.08274651,0.08667414,0.10573218,0.10930793999999999,0.10590336,0.12303087,0.14535084,0.1802145,0.16058586,0.16459908,0.13747656,0.13736243999999997,0.10959324,0.11447187,0.16992468,0.15297786,0.11329262999999999,0.09645042,0.10540884,0.14399090999999997,0.18361908,0.1875372,0.19051383,0.18613923,0.18008136,0.16591145999999998,0.16125156,0.1575807,0.16179363,0.16096626,0.18022401,0.18527381999999998,0.17896868999999999,0.15945416999999998,0.13470915,0.13343481,0.09577520999999999,0.13095269999999998,0.11505198,0.10225151999999998,0.09219945,0.08889948,0.0962412,0.14702459999999998,0.20448402000000002,0.068,0.086,0.102,0.09,0.099,0.104,0.108,0.114,0.125,0.131,0.138,0.136,0.133,0.115,0.103,0.087,0.065,0.078,0.081,0.081,0.073,0.07,0.092,0.122,0.14,0.154,0.148,0.136,0.129,0.124,0.121,0.135,0.142,0.142,0.144,0.142,0.133,0.109,0.091,0.069,0.061,0.062,0.049,0.051,0.052,0.058,0.066,0.095,"[[2], [1, 3, 4]]"
0.10178553,0.07434918000000001,0.08274651,0.08667414,0.10573218,0.10930793999999999,0.10590336,0.12303087,0.14535084,0.1802145,0.16058586,0.16459908,0.13747656,0.13736243999999997,0.10959324,0.11447187,0.16992468,0.15297786,0.11329262999999999,0.09645042,0.10540884,0.14399090999999997,0.18361908,0.1875372,0.19051383,0.18613923,0.18008136,0.16591145999999998,0.16125156,0.1575807,0.16179363,0.16096626,0.18022401,0.18527381999999998,0.17896868999999999,0.15945416999999998,0.13470915,0.13343481,0.09577520999999999,0.13095269999999998,0.11505198,0.10225151999999998,0.09219945,0.08889948,0.0962412,0.14702459999999998,0.20448402000000002,0.19914890999999998,0.086,0.102,0.09,0.099,0.104,0.108,0.114,0.125,0.131,0.138,0.136,0.133,0.115,0.103,0.087,0.065,0.078,0.081,0.081,0.073,0.07,0.092,0.122,0.14,0.154,0.148,0.136,0.129,0.124,0.121,0.135,0.142,0.142,0.144,0.142,0.133,0.109,0.091,0.069,0.061,0.062,0.049,0.051,0.052,0.058,0.066,0.095,0.134,"[[2], [1, 3, 4]]"
0.07434918000000001,0.08274651,0.08667414,0.10573218,0.10930793999999999,0.10590336,0.12303087,0.14535084,0.1802145,0.16058586,0.16459908,0.13747656,0.13736243999999997,0.10959324,0.11447187,0.16992468,0.15297786,0.11329262999999999,0.09645042,0.10540884,0.14399090999999997,0.18361908,0.1875372,0.19051383,0.18613923,0.18008136,0.16591145999999998,0.16125156,0.1575807,0.16179363,0.16096626,0.18022401,0.18527381999999998,0.17896868999999999,0.15945416999999998,0.13470915,0.13343481,0.09577520999999999,0.13095269999999998,0.11505198,0.10225151999999998,0.09219945,0.08889948,0.0962412,0.14702459999999998,0.20448402000000002,0.19914890999999998,0.20118405,0.102,0.09,0.099,0.104,0.108,0.114,0.125,0.131,0.138,0.136,0.133,0.115,0.103,0.087,0.065,0.078,0.081,0.081,0.073,0.07,0.092,0.122,0.14,0.154,0.148,0.136,0.129,0.124,0.121,0.135,0.142,0.142,0.144,0.142,0.133,0.109,0.091,0.069,0.061,0.062,0.049,0.051,0.052,0.058,0.066,0.095,0.134,0.147,"[[2], [1, 3, 4]]"
0.08274651,0.08667414,0.10573218,0.10930793999999999,0.10590336,0.12303087,0.14535084,0.1802145,0.16058586,0.16459908,0.13747656,0.13736243999999997,0.10959324,0.11447187,0.16992468,0.15297786,0.11329262999999999,0.09645042,0.10540884,0.14399090999999997,0.18361908,0.1875372,0.19051383,0.18613923,0.18008136,0.16591145999999998,0.16125156,0.1575807,0.16179363,0.16096626,0.18022401,0.18527381999999998,0.17896868999999999,0.15945416999999998,0.13470915,0.13343481,0.09577520999999999,0.13095269999999998,0.11505198,0.10225151999999998,0.09219945,0.08889948,0.0962412,0.14702459999999998,0.20448402000000002,0.19914890999999998,0.20118405,0.20067051,0.09,0.099,0.104,0.108,0.114,0.125,0.131,0.138,0.136,0.133,0.115,0.103,0.087,0.065,0.078,0.081,0.081,0.073,0.07,0.092,0.122,0.14,0.154,0.148,0.136,0.129,0.124,0.121,0.135,0.142,0.142,0.144,0.142,0.133,0.109,0.091,0.069,0.061,0.062,0.049,0.051,0.052,0.058,0.066,0.095,0.134,0.147,0.141,"[[2], [1, 3, 4]]"
0.08667414,0.10573218,0.10930793999999999,0.10590336,0.12303087,0.14535084,0.1802145,0.16058586,0.16459908,0.13747656,0.13736243999999997,0.10959324,0.11447187,0.16992468,0.15297786,0.11329262999999999,0.09645042,0.10540884,0.14399090999999997,0.18361908,0.1875372,0.19051383,0.18613923,0.18008136,0.16591145999999998,0.16125156,0.1575807,0.16179363,0.16096626,0.18022401,0.18527381999999998,0.17896868999999999,0.15945416999999998,0.13470915,0.13343481,0.09577520999999999,0.13095269999999998,0.11505198,0.10225151999999998,0.09219945,0.08889948,0.0962412,0.14702459999999998,0.20448402000000002,0.19914890999999998,0.20118405,0.20067051,0.19607718,0.099,0.104,0.108,0.114,0.125,0.131,0.138,0.136,0.133,0.115,0.103,0.087,0.065,0.078,0.081,0.081,0.073,0.07,0.092,0.122,0.14,0.154,0.148,0.136,0.129,0.124,0.121,0.135,0.142,0.142,0.144,0.142,0.133,0.109,0.091,0.069,0.061,0.062,0.049,0.051,0.052,0.058,0.066,0.095,0.134,0.147,0.141,0.135,"[[2], [1, 3, 4]]"
0.10573218,0.10930793999999999,0.10590336,0.12303087,0.14535084,0.1802145,0.16058586,0.16459908,0.13747656,0.13736243999999997,0.10959324,0.11447187,0.16992468,0.15297786,0.11329262999999999,0.09645042,0.10540884,0.14399090999999997,0.18361908,0.1875372,0.19051383,0.18613923,0.18008136,0.16591145999999998,0.16125156,0.1575807,0.16179363,0.16096626,0.18022401,0.18527381999999998,0.17896868999999999,0.15945416999999998,0.13470915,0.13343481,0.09577520999999999,0.13095269999999998,0.11505198,0.10225151999999998,0.09219945,0.08889948,0.0962412,0.14702459999999998,0.20448402000000002,0.19914890999999998,0.20118405,0.20067051,0.19607718,0.19667631,0.104,0.108,0.114,0.125,0.131,0.138,0.136,0.133,0.115,0.103,0.087,0.065,0.078,0.081,0.081,0.073,0.07,0.092,0.122,0.14,0.154,0.148,0.136,0.129,0.124,0.121,0.135,0.142,0.142,0.144,0.142,0.133,0.109,0.091,0.069,0.061,0.062,0.049,0.051,0.052,0.058,0.066,0.095,0.134,0.147,0.141,0.135,0.139,"[[2], [1, 3, 4]]"
0.10930793999999999,0.10590336,0.12303087,0.14535084,0.1802145,0.16058586,0.16459908,0.13747656,0.13736243999999997,0.10959324,0.11447187,0.16992468,0.15297786,0.11329262999999999,0.09645042,0.10540884,0.14399090999999997,0.18361908,0.1875372,0.19051383,0.18613923,0.18008136,0.16591145999999998,0.16125156,0.1575807,0.16179363,0.16096626,0.18022401,0.18527381999999998,0.17896868999999999,0.15945416999999998,0.13470915,0.13343481,0.09577520999999999,0.13095269999999998,0.11505198,0.10225151999999998,0.09219945,0.08889948,0.0962412,0.14702459999999998,0.20448402000000002,0.19914890999999998,0.20118405,0.20067051,0.19607718,0.19667631,0.19911087,0.108,0.114,0.125,0.131,0.138,0.136,0.133,0.115,0.103,0.087,0.065,0.078,0.081,0.081,0.073,0.07,0.092,0.122,0.14,0.154,0.148,0.136,0.129,0.124,0.121,0.135,0.142,0.142,0.144,0.142,0.133,0.109,0.091,0.069,0.061,0.062,0.049,0.051,0.052,0.058,0.066,0.095,0.134,0.147,0.141,0.135,0.139,0.146,"[[2], [1, 3, 4]]"
0.10590336,0.12303087,0.14535084,0.1802145,0.16058586,0.16459908,0.13747656,0.13736243999999997,0.10959324,0.11447187,0.16992468,0.15297786,0.11329262999999999,0.09645042,0.10540884,0.14399090999999997,0.18361908,0.1875372,0.19051383,0.18613923,0.18008136,0.16591145999999998,0.16125156,0.1575807,0.16179363,0.16096626,0.18022401,0.18527381999999998,0.17896868999999999,0.15945416999999998,0.13470915,0.13343481,0.09577520999999999,0.13095269999999998,0.11505198,0.10225151999999998,0.09219945,0.08889948,0.0962412,0.14702459999999998,0.20448402000000002,0.19914890999999998,0.20118405,0.20067051,0.19607718,0.19667631,0.19911087,0.20895371999999998,0.114,0.125,0.131,0.138,0.136,0.133,0.115,0.103,0.087,0.065,0.078,0.081,0.081,0.073,0.07,0.092,0.122,0.14,0.154,0.148,0.136,0.129,0.124,0.121,0.135,0.142,0.142,0.144,0.142,0.133,0.109,0.091,0.069,0.061,0.062,0.049,0.051,0.052,0.058,0.066,0.095,0.134,0.147,0.141,0.135,0.139,0.146,0.156,"[[2], [1, 3, 4]]"
0.12303087,0.14535084,0.1802145,0.16058586,0.16459908,0.13747656,0.13736243999999997,0.10959324,0.11447187,0.16992468,0.15297786,0.11329262999999999,0.09645042,0.10540884,0.14399090999999997,0.18361908,0.1875372,0.19051383,0.18613923,0.18008136,0.16591145999999998,0.16125156,0.1575807,0.16179363,0.16096626,0.18022401,0.18527381999999998,0.17896868999999999,0.15945416999999998,0.13470915,0.13343481,0.09577520999999999,0.13095269999999998,0.11505198,0.10225151999999998,0.09219945,0.08889948,0.0962412,0.14702459999999998,0.20448402000000002,0.19914890999999998,0.20118405,0.20067051,0.19607718,0.19667631,0.19911087,0.20895371999999998,0.21154044,0.125,0.131,0.138,0.136,0.133,0.115,0.103,0.087,0.065,0.078,0.081,0.081,0.073,0.07,0.092,0.122,0.14,0.154,0.148,0.136,0.129,0.124,0.121,0.135,0.142,0.142,0.144,0.142,0.133,0.109,0.091,0.069,0.061,0.062,0.049,0.051,0.052,0.058,0.066,0.095,0.134,0.147,0.141,0.135,0.139,0.146,0.156,0.173,"[[2], [1, 3, 4]]"
0.14535084,0.1802145,0.16058586,0.16459908,0.13747656,0.13736243999999997,0.10959324,0.11447187,0.16992468,0.15297786,0.11329262999999999,0.09645042,0.10540884,0.14399090999999997,0.18361908,0.1875372,0.19051383,0.18613923,0.18008136,0.16591145999999998,0.16125156,0.1575807,0.16179363,0.16096626,0.18022401,0.18527381999999998,0.17896868999999999,0.15945416999999998,0.13470915,0.13343481,0.09577520999999999,0.13095269999999998,0.11505198,0.10225151999999998,0.09219945,0.08889948,0.0962412,0.14702459999999998,0.20448402000000002,0.19914890999999998,0.20118405,0.20067051,0.19607718,0.19667631,0.19911087,0.20895371999999998,0.21154044,0.19746563999999997,0.131,0.138,0.136,0.133,0.115,0.103,0.087,0.065,0.078,0.081,0.081,0.073,0.07,0.092,0.122,0.14,0.154,0.148,0.136,0.129,0.124,0.121,0.135,0.142,0.142,0.144,0.142,0.133,0.109,0.091,0.069,0.061,0.062,0.049,0.051,0.052,0.058,0.066,0.095,0.134,0.147,0.141,0.135,0.139,0.146,0.156,0.173,0.193,"[[2], [1, 3, 4]]"
0.1802145,0.16058586,0.16459908,0.13747656,0.13736243999999997,0.10959324,0.11447187,0.16992468,0.15297786,0.11329262999999999,0.09645042,0.10540884,0.14399090999999997,0.18361908,0.1875372,0.19051383,0.18613923,0.18008136,0.16591145999999998,0.16125156,0.1575807,0.16179363,0.16096626,0.18022401,0.18527381999999998,0.17896868999999999,0.15945416999999998,0.13470915,0.13343481,0.09577520999999999,0.13095269999999998,0.11505198,0.10225151999999998,0.09219945,0.08889948,0.0962412,0.14702459999999998,0.20448402000000002,0.19914890999999998,0.20118405,0.20067051,0.19607718,0.19667631,0.19911087,0.20895371999999998,0.21154044,0.19746563999999997,0.24417875999999997,0.138,0.136,0.133,0.115,0.103,0.087,0.065,0.078,0.081,0.081,0.073,0.07,0.092,0.122,0.14,0.154,0.148,0.136,0.129,0.124,0.121,0.135,0.142,0.142,0.144,0.142,0.133,0.109,0.091,0.069,0.061,0.062,0.049,0.051,0.052,0.058,0.066,0.095,0.134,0.147,0.141,0.135,0.139,0.146,0.156,0.173,0.193,0.202,"[[2], [1, 3, 4]]"
0.16058586,0.16459908,0.13747656,0.13736243999999997,0.10959324,0.11447187,0.16992468,0.15297786,0.11329262999999999,0.09645042,0.10540884,0.14399090999999997,0.18361908,0.1875372,0.19051383,0.18613923,0.18008136,0.16591145999999998,0.16125156,0.1575807,0.16179363,0.16096626,0.18022401,0.18527381999999998,0.17896868999999999,0.15945416999999998,0.13470915,0.13343481,0.09577520999999999,0.13095269999999998,0.11505198,0.10225151999999998,0.09219945,0.08889948,0.0962412,0.14702459999999998,0.20448402000000002,0.19914890999999998,0.20118405,0.20067051,0.19607718,0.19667631,0.19911087,0.20895371999999998,0.21154044,0.19746563999999997,0.24417875999999997,0.30644073,0.136,0.133,0.115,0.103,0.087,0.065,0.078,0.081,0.081,0.073,0.07,0.092,0.122,0.14,0.154,0.148,0.136,0.129,0.124,0.121,0.135,0.142,0.142,0.144,0.142,0.133,0.109,0.091,0.069,0.061,0.062,0.049,0.051,0.052,0.058,0.066,0.095,0.134,0.147,0.141,0.135,0.139,0.146,0.156,0.173,0.193,0.202,0.204,"[[2], [1, 3, 4]]"
0.16459908,0.13747656,0.13736243999999997,0.10959324,0.11447187,0.16992468,0.15297786,0.11329262999999999,0.09645042,0.10540884,0.14399090999999997,0.18361908,0.1875372,0.19051383,0.18613923,0.18008136,0.16591145999999998,0.16125156,0.1575807,0.16179363,0.16096626,0.18022401,0.18527381999999998,0.17896868999999999,0.15945416999999998,0.13470915,0.13343481,0.09577520999999999,0.13095269999999998,0.11505198,0.10225151999999998,0.09219945,0.08889948,0.0962412,0.14702459999999998,0.20448402000000002,0.19914890999999998,0.20118405,0.20067051,0.19607718,0.19667631,0.19911087,0.20895371999999998,0.21154044,0.19746563999999997,0.24417875999999997,0.30644073,0.29763447,0.133,0.115,0.103,0.087,0.065,0.078,0.081,0.081,0.073,0.07,0.092,0.122,0.14,0.154,0.148,0.136,0.129,0.124,0.121,0.135,0.142,0.142,0.144,0.142,0.133,0.109,0.091,0.069,0.061,0.062,0.049,0.051,0.052,0.058,0.066,0.095,0.134,0.147,0.141,0.135,0.139,0.146,0.156,0.173,0.193,0.202,0.204,0.209,"[[2], [1, 3, 4]]"
0.13747656,0.13736243999999997,0.10959324,0.11447187,0.16992468,0.15297786,0.11329262999999999,0.09645042,0.10540884,0.14399090999999997,0.18361908,0.1875372,0.19051383,0.18613923,0.18008136,0.16591145999999998,0.16125156,0.1575807,0.16179363,0.16096626,0.18022401,0.18527381999999998,0.17896868999999999,0.15945416999999998,0.13470915,0.13343481,0.09577520999999999,0.13095269999999998,0.11505198,0.10225151999999998,0.09219945,0.08889948,0.0962412,0.14702459999999998,0.20448402000000002,0.19914890999999998,0.20118405,0.20067051,0.19607718,0.19667631,0.19911087,0.20895371999999998,0.21154044,0.19746563999999997,0.24417875999999997,0.30644073,0.29763447,0.29183337000000004,0.115,0.103,0.087,0.065,0.078,0.081,0.081,0.073,0.07,0.092,0.122,0.14,0.154,0.148,0.136,0.129,0.124,0.121,0.135,0.142,0.142,0.144,0.142,0.133,0.109,0.091,0.069,0.061,0.062,0.049,0.051,0.052,0.058,0.066,0.095,0.134,0.147,0.141,0.135,0.139,0.146,0.156,0.173,0.193,0.202,0.204,0.209,0.211,"[[2], [1, 3, 4]]"
0.13736243999999997,0.10959324,0.11447187,0.16992468,0.15297786,0.11329262999999999,0.09645042,0.10540884,0.14399090999999997,0.18361908,0.1875372,0.19051383,0.18613923,0.18008136,0.16591145999999998,0.16125156,0.1575807,0.16179363,0.16096626,0.18022401,0.18527381999999998,0.17896868999999999,0.15945416999999998,0.13470915,0.13343481,0.09577520999999999,0.13095269999999998,0.11505198,0.10225151999999998,0.09219945,0.08889948,0.0962412,0.14702459999999998,0.20448402000000002,0.19914890999999998,0.20118405,0.20067051,0.19607718,0.19667631,0.19911087,0.20895371999999998,0.21154044,0.19746563999999997,0.24417875999999997,0.30644073,0.29763447,0.29183337000000004,0.22052738999999996,0.103,0.087,0.065,0.078,0.081,0.081,0.073,0.07,0.092,0.122,0.14,0.154,0.148,0.136,0.129,0.124,0.121,0.135,0.142,0.142,0.144,0.142,0.133,0.109,0.091,0.069,0.061,0.062,0.049,0.051,0.052,0.058,0.066,0.095,0.134,0.147,0.141,0.135,0.139,0.146,0.156,0.173,0.193,0.202,0.204,0.209,0.211,0.214,"[[2], [1, 3, 4]]"
0.10959324,0.11447187,0.16992468,0.15297786,0.11329262999999999,0.09645042,0.10540884,0.14399090999999997,0.18361908,0.1875372,0.19051383,0.18613923,0.18008136,0.16591145999999998,0.16125156,0.1575807,0.16179363,0.16096626,0.18022401,0.18527381999999998,0.17896868999999999,0.15945416999999998,0.13470915,0.13343481,0.09577520999999999,0.13095269999999998,0.11505198,0.10225151999999998,0.09219945,0.08889948,0.0962412,0.14702459999999998,0.20448402000000002,0.19914890999999998,0.20118405,0.20067051,0.19607718,0.19667631,0.19911087,0.20895371999999998,0.21154044,0.19746563999999997,0.24417875999999997,0.30644073,0.29763447,0.29183337000000004,0.22052738999999996,0.20054687999999998,0.087,0.065,0.078,0.081,0.081,0.073,0.07,0.092,0.122,0.14,0.154,0.148,0.136,0.129,0.124,0.121,0.135,0.142,0.142,0.144,0.142,0.133,0.109,0.091,0.069,0.061,0.062,0.049,0.051,0.052,0.058,0.066,0.095,0.134,0.147,0.141,0.135,0.139,0.146,0.156,0.173,0.193,0.202,0.204,0.209,0.211,0.214,0.205,"[[2], [1, 3, 4]]"
0.11447187,0.16992468,0.15297786,0.11329262999999999,0.09645042,0.10540884,0.14399090999999997,0.18361908,0.1875372,0.19051383,0.18613923,0.18008136,0.16591145999999998,0.16125156,0.1575807,0.16179363,0.16096626,0.18022401,0.18527381999999998,0.17896868999999999,0.15945416999999998,0.13470915,0.13343481,0.09577520999999999,0.13095269999999998,0.11505198,0.10225151999999998,0.09219945,0.08889948,0.0962412,0.14702459999999998,0.20448402000000002,0.19914890999999998,0.20118405,0.20067051,0.19607718,0.19667631,0.19911087,0.20895371999999998,0.21154044,0.19746563999999997,0.24417875999999997,0.30644073,0.29763447,0.29183337000000004,0.22052738999999996,0.20054687999999998,0.20496903,0.065,0.078,0.081,0.081,0.073,0.07,0.092,0.122,0.14,0.154,0.148,0.136,0.129,0.124,0.121,0.135,0.142,0.142,0.144,0.142,0.133,0.109,0.091,0.069,0.061,0.062,0.049,0.051,0.052,0.058,0.066,0.095,0.134,0.147,0.141,0.135,0.139,0.146,0.156,0.173,0.193,0.202,0.204,0.209,0.211,0.214,0.205,0.196,"[[2], [1, 3, 4]]"
0.16992468,0.15297786,0.11329262999999999,0.09645042,0.10540884,0.14399090999999997,0.18361908,0.1875372,0.19051383,0.18613923,0.18008136,0.16591145999999998,0.16125156,0.1575807,0.16179363,0.16096626,0.18022401,0.18527381999999998,0.17896868999999999,0.15945416999999998,0.13470915,0.13343481,0.09577520999999999,0.13095269999999998,0.11505198,0.10225151999999998,0.09219945,0.08889948,0.0962412,0.14702459999999998,0.20448402000000002,0.19914890999999998,0.20118405,0.20067051,0.19607718,0.19667631,0.19911087,0.20895371999999998,0.21154044,0.19746563999999997,0.24417875999999997,0.30644073,0.29763447,0.29183337000000004,0.22052738999999996,0.20054687999999998,0.20496903,0.21067502999999999,0.078,0.081,0.081,0.073,0.07,0.092,0.122,0.14,0.154,0.148,0.136,0.129,0.124,0.121,0.135,0.142,0.142,0.144,0.142,0.133,0.109,0.091,0.069,0.061,0.062,0.049,0.051,0.052,0.058,0.066,0.095,0.134,0.147,0.141,0.135,0.139,0.146,0.156,0.173,0.193,0.202,0.204,0.209,0.211,0.214,0.205,0.196,0.19,"[[2], [1, 3, 4]]"
0.15297786,0.11329262999999999,0.09645042,0.10540884,0.14399090999999997,0.18361908,0.1875372,0.19051383,0.18613923,0.18008136,0.16591145999999998,0.16125156,0.1575807,0.16179363,0.16096626,0.18022401,0.18527381999999998,0.17896868999999999,0.15945416999999998,0.13470915,0.13343481,0.09577520999999999,0.13095269999999998,0.11505198,0.10225151999999998,0.09219945,0.08889948,0.0962412,0.14702459999999998,0.20448402000000002,0.19914890999999998,0.20118405,0.20067051,0.19607718,0.19667631,0.19911087,0.20895371999999998,0.21154044,0.19746563999999997,0.24417875999999997,0.30644073,0.29763447,0.29183337000000004,0.22052738999999996,0.20054687999999998,0.20496903,0.21067502999999999,0.2300469,0.081,0.081,0.073,0.07,0.092,0.122,0.14,0.154,0.148,0.136,0.129,0.124,0.121,0.135,0.142,0.142,0.144,0.142,0.133,0.109,0.091,0.069,0.061,0.062,0.049,0.051,0.052,0.058,0.066,0.095,0.134,0.147,0.141,0.135,0.139,0.146,0.156,0.173,0.193,0.202,0.204,0.209,0.211,0.214,0.205,0.196,0.19,0.198,"[[2], [1, 3, 4]]"
0.11329262999999999,0.09645042,0.10540884,0.14399090999999997,0.18361908,0.1875372,0.19051383,0.18613923,0.18008136,0.16591145999999998,0.16125156,0.1575807,0.16179363,0.16096626,0.18022401,0.18527381999999998,0.17896868999999999,0.15945416999999998,0.13470915,0.13343481,0.09577520999999999,0.13095269999999998,0.11505198,0.10225151999999998,0.09219945,0.08889948,0.0962412,0.14702459999999998,0.20448402000000002,0.19914890999999998,0.20118405,0.20067051,0.19607718,0.19667631,0.19911087,0.20895371999999998,0.21154044,0.19746563999999997,0.24417875999999997,0.30644073,0.29763447,0.29183337000000004,0.22052738999999996,0.20054687999999998,0.20496903,0.21067502999999999,0.2300469,0.23346099,0.081,0.073,0.07,0.092,0.122,0.14,0.154,0.148,0.136,0.129,0.124,0.121,0.135,0.142,0.142,0.144,0.142,0.133,0.109,0.091,0.069,0.061,0.062,0.049,0.051,0.052,0.058,0.066,0.095,0.134,0.147,0.141,0.135,0.139,0.146,0.156,0.173,0.193,0.202,0.204,0.209,0.211,0.214,0.205,0.196,0.19,0.198,0.194,"[[2], [1, 3, 4]]"
0.09645042,0.10540884,0.14399090999999997,0.18361908,0.1875372,0.19051383,0.18613923,0.18008136,0.16591145999999998,0.16125156,0.1575807,0.16179363,0.16096626,0.18022401,0.18527381999999998,0.17896868999999999,0.15945416999999998,0.13470915,0.13343481,0.09577520999999999,0.13095269999999998,0.11505198,0.10225151999999998,0.09219945,0.08889948,0.0962412,0.14702459999999998,0.20448402000000002,0.19914890999999998,0.20118405,0.20067051,0.19607718,0.19667631,0.19911087,0.20895371999999998,0.21154044,0.19746563999999997,0.24417875999999997,0.30644073,0.29763447,0.29183337000000004,0.22052738999999996,0.20054687999999998,0.20496903,0.21067502999999999,0.2300469,0.23346099,0.21282428999999997,0.073,0.07,0.092,0.122,0.14,0.154,0.148,0.136,0.129,0.124,0.121,0.135,0.142,0.142,0.144,0.142,0.133,0.109,0.091,0.069,0.061,0.062,0.049,0.051,0.052,0.058,0.066,0.095,0.134,0.147,0.141,0.135,0.139,0.146,0.156,0.173,0.193,0.202,0.204,0.209,0.211,0.214,0.205,0.196,0.19,0.198,0.194,0.187,"[[2], [1, 3, 4]]"
0.10540884,0.14399090999999997,0.18361908,0.1875372,0.19051383,0.18613923,0.18008136,0.16591145999999998,0.16125156,0.1575807,0.16179363,0.16096626,0.18022401,0.18527381999999998,0.17896868999999999,0.15945416999999998,0.13470915,0.13343481,0.09577520999999999,0.13095269999999998,0.11505198,0.10225151999999998,0.09219945,0.08889948,0.0962412,0.14702459999999998,0.20448402000000002,0.19914890999999998,0.20118405,0.20067051,0.19607718,0.19667631,0.19911087,0.20895371999999998,0.21154044,0.19746563999999997,0.24417875999999997,0.30644073,0.29763447,0.29183337000000004,0.22052738999999996,0.20054687999999998,0.20496903,0.21067502999999999,0.2300469,0.23346099,0.21282428999999997,0.1867764,0.07,0.092,0.122,0.14,0.154,0.148,0.136,0.129,0.124,0.121,0.135,0.142,0.142,0.144,0.142,0.133,0.109,0.091,0.069,0.061,0.062,0.049,0.051,0.052,0.058,0.066,0.095,0.134,0.147,0.141,0.135,0.139,0.146,0.156,0.173,0.193,0.202,0.204,0.209,0.211,0.214,0.205,0.196,0.19,0.198,0.194,0.187,0.169,"[[2], [1, 3, 4]]"
0.14399090999999997,0.18361908,0.1875372,0.19051383,0.18613923,0.18008136,0.16591145999999998,0.16125156,0.1575807,0.16179363,0.16096626,0.18022401,0.18527381999999998,0.17896868999999999,0.15945416999999998,0.13470915,0.13343481,0.09577520999999999,0.13095269999999998,0.11505198,0.10225151999999998,0.09219945,0.08889948,0.0962412,0.14702459999999998,0.20448402000000002,0.19914890999999998,0.20118405,0.20067051,0.19607718,0.19667631,0.19911087,0.20895371999999998,0.21154044,0.19746563999999997,0.24417875999999997,0.30644073,0.29763447,0.29183337000000004,0.22052738999999996,0.20054687999999998,0.20496903,0.21067502999999999,0.2300469,0.23346099,0.21282428999999997,0.1867764,0.17659118999999998,0.092,0.122,0.14,0.154,0.148,0.136,0.129,0.124,0.121,0.135,0.142,0.142,0.144,0.142,0.133,0.109,0.091,0.069,0.061,0.062,0.049,0.051,0.052,0.058,0.066,0.095,0.134,0.147,0.141,0.135,0.139,0.146,0.156,0.173,0.193,0.202,0.204,0.209,0.211,0.214,0.205,0.196,0.19,0.198,0.194,0.187,0.169,0.15,"[[2], [1, 3, 4]]"
0.18361908,0.1875372,0.19051383,0.18613923,0.18008136,0.16591145999999998,0.16125156,0.1575807,0.16179363,0.16096626,0.18022401,0.18527381999999998,0.17896868999999999,0.15945416999999998,0.13470915,0.13343481,0.09577520999999999,0.13095269999999998,0.11505198,0.10225151999999998,0.09219945,0.08889948,0.0962412,0.14702459999999998,0.20448402000000002,0.19914890999999998,0.20118405,0.20067051,0.19607718,0.19667631,0.19911087,0.20895371999999998,0.21154044,0.19746563999999997,0.24417875999999997,0.30644073,0.29763447,0.29183337000000004,0.22052738999999996,0.20054687999999998,0.20496903,0.21067502999999999,0.2300469,0.23346099,0.21282428999999997,0.1867764,0.17659118999999998,0.19630541999999998,0.122,0.14,0.154,0.148,0.136,0.129,0.124,0.121,0.135,0.142,0.142,0.144,0.142,0.133,0.109,0.091,0.069,0.061,0.062,0.049,0.051,0.052,0.058,0.066,0.095,0.134,0.147,0.141,0.135,0.139,0.146,0.156,0.173,0.193,0.202,0.204,0.209,0.211,0.214,0.205,0.196,0.19,0.198,0.194,0.187,0.169,0.15,0.168,"[[2], [1, 3, 4]]"
0.1875372,0.19051383,0.18613923,0.18008136,0.16591145999999998,0.16125156,0.1575807,0.16179363,0.16096626,0.18022401,0.18527381999999998,0.17896868999999999,0.15945416999999998,0.13470915,0.13343481,0.09577520999999999,0.13095269999999998,0.11505198,0.10225151999999998,0.09219945,0.08889948,0.0962412,0.14702459999999998,0.20448402000000002,0.19914890999999998,0.20118405,0.20067051,0.19607718,0.19667631,0.19911087,0.20895371999999998,0.21154044,0.19746563999999997,0.24417875999999997,0.30644073,0.29763447,0.29183337000000004,0.22052738999999996,0.20054687999999998,0.20496903,0.21067502999999999,0.2300469,0.23346099,0.21282428999999997,0.1867764,0.17659118999999998,0.19630541999999998,0.22687055999999997,0.14,0.154,0.148,0.136,0.129,0.124,0.121,0.135,0.142,0.142,0.144,0.142,0.133,0.109,0.091,0.069,0.061,0.062,0.049,0.051,0.052,0.058,0.066,0.095,0.134,0.147,0.141,0.135,0.139,0.146,0.156,0.173,0.193,0.202,0.204,0.209,0.211,0.214,0.205,0.196,0.19,0.198,0.194,0.187,0.169,0.15,0.168,0.183,"[[2], [1, 3, 4]]"
0.19051383,0.18613923,0.18008136,0.16591145999999998,0.16125156,0.1575807,0.16179363,0.16096626,0.18022401,0.18527381999999998,0.17896868999999999,0.15945416999999998,0.13470915,0.13343481,0.09577520999999999,0.13095269999999998,0.11505198,0.10225151999999998,0.09219945,0.08889948,0.0962412,0.14702459999999998,0.20448402000000002,0.19914890999999998,0.20118405,0.20067051,0.19607718,0.19667631,0.19911087,0.20895371999999998,0.21154044,0.19746563999999997,0.24417875999999997,0.30644073,0.29763447,0.29183337000000004,0.22052738999999996,0.20054687999999998,0.20496903,0.21067502999999999,0.2300469,0.23346099,0.21282428999999997,0.1867764,0.17659118999999998,0.19630541999999998,0.22687055999999997,0.25856738999999995,0.154,0.148,0.136,0.129,0.124,0.121,0.135,0.142,0.142,0.144,0.142,0.133,0.109,0.091,0.069,0.061,0.062,0.049,0.051,0.052,0.058,0.066,0.095,0.134,0.147,0.141,0.135,0.139,0.146,0.156,0.173,0.193,0.202,0.204,0.209,0.211,0.214,0.205,0.196,0.19,0.198,0.194,0.187,0.169,0.15,0.168,0.183,0.193,"[[2], [1, 3, 4]]"
0.18613923,0.18008136,0.16591145999999998,0.16125156,0.1575807,0.16179363,0.16096626,0.18022401,0.18527381999999998,0.17896868999999999,0.15945416999999998,0.13470915,0.13343481,0.09577520999999999,0.13095269999999998,0.11505198,0.10225151999999998,0.09219945,0.08889948,0.0962412,0.14702459999999998,0.20448402000000002,0.19914890999999998,0.20118405,0.20067051,0.19607718,0.19667631,0.19911087,0.20895371999999998,0.21154044,0.19746563999999997,0.24417875999999997,0.30644073,0.29763447,0.29183337000000004,0.22052738999999996,0.20054687999999998,0.20496903,0.21067502999999999,0.2300469,0.23346099,0.21282428999999997,0.1867764,0.17659118999999998,0.19630541999999998,0.22687055999999997,0.25856738999999995,0.27096843,0.148,0.136,0.129,0.124,0.121,0.135,0.142,0.142,0.144,0.142,0.133,0.109,0.091,0.069,0.061,0.062,0.049,0.051,0.052,0.058,0.066,0.095,0.134,0.147,0.141,0.135,0.139,0.146,0.156,0.173,0.193,0.202,0.204,0.209,0.211,0.214,0.205,0.196,0.19,0.198,0.194,0.187,0.169,0.15,0.168,0.183,0.193,0.193,"[[2], [1, 3, 4]]"
0.18008136,0.16591145999999998,0.16125156,0.1575807,0.16179363,0.16096626,0.18022401,0.18527381999999998,0.17896868999999999,0.15945416999999998,0.13470915,0.13343481,0.09577520999999999,0.13095269999999998,0.11505198,0.10225151999999998,0.09219945,0.08889948,0.0962412,0.14702459999999998,0.20448402000000002,0.19914890999999998,0.20118405,0.20067051,0.19607718,0.19667631,0.19911087,0.20895371999999998,0.21154044,0.19746563999999997,0.24417875999999997,0.30644073,0.29763447,0.29183337000000004,0.22052738999999996,0.20054687999999998,0.20496903,0.21067502999999999,0.2300469,0.23346099,0.21282428999999997,0.1867764,0.17659118999999998,0.19630541999999998,0.22687055999999997,0.25856738999999995,0.27096843,0.27056901,0.136,0.129,0.124,0.121,0.135,0.142,0.142,0.144,0.142,0.133,0.109,0.091,0.069,0.061,0.062,0.049,0.051,0.052,0.058,0.066,0.095,0.134,0.147,0.141,0.135,0.139,0.146,0.156,0.173,0.193,0.202,0.204,0.209,0.211,0.214,0.205,0.196,0.19,0.198,0.194,0.187,0.169,0.15,0.168,0.183,0.193,0.193,0.184,"[[2], [1, 3, 4]]"
0.16591145999999998,0.16125156,0.1575807,0.16179363,0.16096626,0.18022401,0.18527381999999998,0.17896868999999999,0.15945416999999998,0.13470915,0.13343481,0.09577520999999999,0.13095269999999998,0.11505198,0.10225151999999998,0.09219945,0.08889948,0.0962412,0.14702459999999998,0.20448402000000002,0.19914890999999998,0.20118405,0.20067051,0.19607718,0.19667631,0.19911087,0.20895371999999998,0.21154044,0.19746563999999997,0.24417875999999997,0.30644073,0.29763447,0.29183337000000004,0.22052738999999996,0.20054687999999998,0.20496903,0.21067502999999999,0.2300469,0.23346099,0.21282428999999997,0.1867764,0.17659118999999998,0.19630541999999998,0.22687055999999997,0.25856738999999995,0.27096843,0.27056901,0.22767890999999998,0.129,0.124,0.121,0.135,0.142,0.142,0.144,0.142,0.133,0.109,0.091,0.069,0.061,0.062,0.049,0.051,0.052,0.058,0.066,0.095,0.134,0.147,0.141,0.135,0.139,0.146,0.156,0.173,0.193,0.202,0.204,0.209,0.211,0.214,0.205,0.196,0.19,0.198,0.194,0.187,0.169,0.15,0.168,0.183,0.193,0.193,0.184,0.184,"[[2], [1, 3, 4]]"
0.16125156,0.1575807,0.16179363,0.16096626,0.18022401,0.18527381999999998,0.17896868999999999,0.15945416999999998,0.13470915,0.13343481,0.09577520999999999,0.13095269999999998,0.11505198,0.10225151999999998,0.09219945,0.08889948,0.0962412,0.14702459999999998,0.20448402000000002,0.19914890999999998,0.20118405,0.20067051,0.19607718,0.19667631,0.19911087,0.20895371999999998,0.21154044,0.19746563999999997,0.24417875999999997,0.30644073,0.29763447,0.29183337000000004,0.22052738999999996,0.20054687999999998,0.20496903,0.21067502999999999,0.2300469,0.23346099,0.21282428999999997,0.1867764,0.17659118999999998,0.19630541999999998,0.22687055999999997,0.25856738999999995,0.27096843,0.27056901,0.22767890999999998,0.22455962999999998,0.124,0.121,0.135,0.142,0.142,0.144,0.142,0.133,0.109,0.091,0.069,0.061,0.062,0.049,0.051,0.052,0.058,0.066,0.095,0.134,0.147,0.141,0.135,0.139,0.146,0.156,0.173,0.193,0.202,0.204,0.209,0.211,0.214,0.205,0.196,0.19,0.198,0.194,0.187,0.169,0.15,0.168,0.183,0.193,0.193,0.184,0.184,0.17,"[[2], [1, 3, 4]]"
0.1575807,0.16179363,0.16096626,0.18022401,0.18527381999999998,0.17896868999999999,0.15945416999999998,0.13470915,0.13343481,0.09577520999999999,0.13095269999999998,0.11505198,0.10225151999999998,0.09219945,0.08889948,0.0962412,0.14702459999999998,0.20448402000000002,0.19914890999999998,0.20118405,0.20067051,0.19607718,0.19667631,0.19911087,0.20895371999999998,0.21154044,0.19746563999999997,0.24417875999999997,0.30644073,0.29763447,0.29183337000000004,0.22052738999999996,0.20054687999999998,0.20496903,0.21067502999999999,0.2300469,0.23346099,0.21282428999999997,0.1867764,0.17659118999999998,0.19630541999999998,0.22687055999999997,0.25856738999999995,0.27096843,0.27056901,0.22767890999999998,0.22455962999999998,0.22293342,0.121,0.135,0.142,0.142,0.144,0.142,0.133,0.109,0.091,0.069,0.061,0.062,0.049,0.051,0.052,0.058,0.066,0.095,0.134,0.147,0.141,0.135,0.139,0.146,0.156,0.173,0.193,0.202,0.204,0.209,0.211,0.214,0.205,0.196,0.19,0.198,0.194,0.187,0.169,0.15,0.168,0.183,0.193,0.193,0.184,0.184,0.17,0.167,"[[2], [1, 3, 4]]"
0.16179363,0.16096626,0.18022401,0.18527381999999998,0.17896868999999999,0.15945416999999998,0.13470915,0.13343481,0.09577520999999999,0.13095269999999998,0.11505198,0.10225151999999998,0.09219945,0.08889948,0.0962412,0.14702459999999998,0.20448402000000002,0.19914890999999998,0.20118405,0.20067051,0.19607718,0.19667631,0.19911087,0.20895371999999998,0.21154044,0.19746563999999997,0.24417875999999997,0.30644073,0.29763447,0.29183337000000004,0.22052738999999996,0.20054687999999998,0.20496903,0.21067502999999999,0.2300469,0.23346099,0.21282428999999997,0.1867764,0.17659118999999998,0.19630541999999998,0.22687055999999997,0.25856738999999995,0.27096843,0.27056901,0.22767890999999998,0.22455962999999998,0.22293342,0.21995678999999999,0.135,0.142,0.142,0.144,0.142,0.133,0.109,0.091,0.069,0.061,0.062,0.049,0.051,0.052,0.058,0.066,0.095,0.134,0.147,0.141,0.135,0.139,0.146,0.156,0.173,0.193,0.202,0.204,0.209,0.211,0.214,0.205,0.196,0.19,0.198,0.194,0.187,0.169,0.15,0.168,0.183,0.193,0.193,0.184,0.184,0.17,0.167,0.164,"[[2], [1, 3, 4]]"
0.16096626,0.18022401,0.18527381999999998,0.17896868999999999,0.15945416999999998,0.13470915,0.13343481,0.09577520999999999,0.13095269999999998,0.11505198,0.10225151999999998,0.09219945,0.08889948,0.0962412,0.14702459999999998,0.20448402000000002,0.19914890999999998,0.20118405,0.20067051,0.19607718,0.19667631,0.19911087,0.20895371999999998,0.21154044,0.19746563999999997,0.24417875999999997,0.30644073,0.29763447,0.29183337000000004,0.22052738999999996,0.20054687999999998,0.20496903,0.21067502999999999,0.2300469,0.23346099,0.21282428999999997,0.1867764,0.17659118999999998,0.19630541999999998,0.22687055999999997,0.25856738999999995,0.27096843,0.27056901,0.22767890999999998,0.22455962999999998,0.22293342,0.21995678999999999,0.22397001,0.142,0.142,0.144,0.142,0.133,0.109,0.091,0.069,0.061,0.062,0.049,0.051,0.052,0.058,0.066,0.095,0.134,0.147,0.141,0.135,0.139,0.146,0.156,0.173,0.193,0.202,0.204,0.209,0.211,0.214,0.205,0.196,0.19,0.198,0.194,0.187,0.169,0.15,0.168,0.183,0.193,0.193,0.184,0.184,0.17,0.167,0.164,0.163,"[[2], [1, 3, 4]]"
0.18022401,0.18527381999999998,0.17896868999999999,0.15945416999999998,0.13470915,0.13343481,0.09577520999999999,0.13095269999999998,0.11505198,0.10225151999999998,0.09219945,0.08889948,0.0962412,0.14702459999999998,0.20448402000000002,0.19914890999999998,0.20118405,0.20067051,0.19607718,0.19667631,0.19911087,0.20895371999999998,0.21154044,0.19746563999999997,0.24417875999999997,0.30644073,0.29763447,0.29183337000000004,0.22052738999999996,0.20054687999999998,0.20496903,0.21067502999999999,0.2300469,0.23346099,0.21282428999999997,0.1867764,0.17659118999999998,0.19630541999999998,0.22687055999999997,0.25856738999999995,0.27096843,0.27056901,0.22767890999999998,0.22455962999999998,0.22293342,0.21995678999999999,0.22397001,0.22340891999999998,0.142,0.144,0.142,0.133,0.109,0.091,0.069,0.061,0.062,0.049,0.051,0.052,0.058,0.066,0.095,0.134,0.147,0.141,0.135,0.139,0.146,0.156,0.173,0.193,0.202,0.204,0.209,0.211,0.214,0.205,0.196,0.19,0.198,0.194,0.187,0.169,0.15,0.168,0.183,0.193,0.193,0.184,0.184,0.17,0.167,0.164,0.163,0.161,"[[2], [1, 3, 4]]"
0.18527381999999998,0.17896868999999999,0.15945416999999998,0.13470915,0.13343481,0.09577520999999999,0.13095269999999998,0.11505198,0.10225151999999998,0.09219945,0.08889948,0.0962412,0.14702459999999998,0.20448402000000002,0.19914890999999998,0.20118405,0.20067051,0.19607718,0.19667631,0.19911087,0.20895371999999998,0.21154044,0.19746563999999997,0.24417875999999997,0.30644073,0.29763447,0.29183337000000004,0.22052738999999996,0.20054687999999998,0.20496903,0.21067502999999999,0.2300469,0.23346099,0.21282428999999997,0.1867764,0.17659118999999998,0.19630541999999998,0.22687055999999997,0.25856738999999995,0.27096843,0.27056901,0.22767890999999998,0.22455962999999998,0.22293342,0.21995678999999999,0.22397001,0.22340891999999998,0.24477789,0.144,0.142,0.133,0.109,0.091,0.069,0.061,0.062,0.049,0.051,0.052,0.058,0.066,0.095,0.134,0.147,0.141,0.135,0.139,0.146,0.156,0.173,0.193,0.202,0.204,0.209,0.211,0.214,0.205,0.196,0.19,0.198,0.194,0.187,0.169,0.15,0.168,0.183,0.193,0.193,0.184,0.184,0.17,0.167,0.164,0.163,0.161,0.158,"[[2], [1, 3, 4]]"
0.17896868999999999,0.15945416999999998,0.13470915,0.13343481,0.09577520999999999,0.13095269999999998,0.11505198,0.10225151999999998,0.09219945,0.08889948,0.0962412,0.14702459999999998,0.20448402000000002,0.19914890999999998,0.20118405,0.20067051,0.19607718,0.19667631,0.19911087,0.20895371999999998,0.21154044,0.19746563999999997,0.24417875999999997,0.30644073,0.29763447,0.29183337000000004,0.22052738999999996,0.20054687999999998,0.20496903,0.21067502999999999,0.2300469,0.23346099,0.21282428999999997,0.1867764,0.17659118999999998,0.19630541999999998,0.22687055999999997,0.25856738999999995,0.27096843,0.27056901,0.22767890999999998,0.22455962999999998,0.22293342,0.21995678999999999,0.22397001,0.22340891999999998,0.24477789,0.24672744,0.142,0.133,0.109,0.091,0.069,0.061,0.062,0.049,0.051,0.052,0.058,0.066,0.095,0.134,0.147,0.141,0.135,0.139,0.146,0.156,0.173,0.193,0.202,0.204,0.209,0.211,0.214,0.205,0.196,0.19,0.198,0.194,0.187,0.169,0.15,0.168,0.183,0.193,0.193,0.184,0.184,0.17,0.167,0.164,0.163,0.161,0.158,0.157,"[[2], [1, 3, 4]]"
0.15945416999999998,0.13470915,0.13343481,0.09577520999999999,0.13095269999999998,0.11505198,0.10225151999999998,0.09219945,0.08889948,0.0962412,0.14702459999999998,0.20448402000000002,0.19914890999999998,0.20118405,0.20067051,0.19607718,0.19667631,0.19911087,0.20895371999999998,0.21154044,0.19746563999999997,0.24417875999999997,0.30644073,0.29763447,0.29183337000000004,0.22052738999999996,0.20054687999999998,0.20496903,0.21067502999999999,0.2300469,0.23346099,0.21282428999999997,0.1867764,0.17659118999999998,0.19630541999999998,0.22687055999999997,0.25856738999999995,0.27096843,0.27056901,0.22767890999999998,0.22455962999999998,0.22293342,0.21995678999999999,0.22397001,0.22340891999999998,0.24477789,0.24672744,0.23992779,0.133,0.109,0.091,0.069,0.061,0.062,0.049,0.051,0.052,0.058,0.066,0.095,0.134,0.147,0.141,0.135,0.139,0.146,0.156,0.173,0.193,0.202,0.204,0.209,0.211,0.214,0.205,0.196,0.19,0.198,0.194,0.187,0.169,0.15,0.168,0.183,0.193,0.193,0.184,0.184,0.17,0.167,0.164,0.163,0.161,0.158,0.157,0.151,"[[2], [1, 3, 4]]"
0.13470915,0.13343481,0.09577520999999999,0.13095269999999998,0.11505198,0.10225151999999998,0.09219945,0.08889948,0.0962412,0.14702459999999998,0.20448402000000002,0.19914890999999998,0.20118405,0.20067051,0.19607718,0.19667631,0.19911087,0.20895371999999998,0.21154044,0.19746563999999997,0.24417875999999997,0.30644073,0.29763447,0.29183337000000004,0.22052738999999996,0.20054687999999998,0.20496903,0.21067502999999999,0.2300469,0.23346099,0.21282428999999997,0.1867764,0.17659118999999998,0.19630541999999998,0.22687055999999997,0.25856738999999995,0.27096843,0.27056901,0.22767890999999998,0.22455962999999998,0.22293342,0.21995678999999999,0.22397001,0.22340891999999998,0.24477789,0.24672744,0.23992779,0.23502062999999998,0.109,0.091,0.069,0.061,0.062,0.049,0.051,0.052,0.058,0.066,0.095,0.134,0.147,0.141,0.135,0.139,0.146,0.156,0.173,0.193,0.202,0.204,0.209,0.211,0.214,0.205,0.196,0.19,0.198,0.194,0.187,0.169,0.15,0.168,0.183,0.193,0.193,0.184,0.184,0.17,0.167,0.164,0.163,0.161,0.158,0.157,0.151,0.144,"[[2], [1, 3, 4]]"
0.13343481,0.09577520999999999,0.13095269999999998,0.11505198,0.10225151999999998,0.09219945,0.08889948,0.0962412,0.14702459999999998,0.20448402000000002,0.19914890999999998,0.20118405,0.20067051,0.19607718,0.19667631,0.19911087,0.20895371999999998,0.21154044,0.19746563999999997,0.24417875999999997,0.30644073,0.29763447,0.29183337000000004,0.22052738999999996,0.20054687999999998,0.20496903,0.21067502999999999,0.2300469,0.23346099,0.21282428999999997,0.1867764,0.17659118999999998,0.19630541999999998,0.22687055999999997,0.25856738999999995,0.27096843,0.27056901,0.22767890999999998,0.22455962999999998,0.22293342,0.21995678999999999,0.22397001,0.22340891999999998,0.24477789,0.24672744,0.23992779,0.23502062999999998,0.22336136999999998,0.091,0.069,0.061,0.062,0.049,0.051,0.052,0.058,0.066,0.095,0.134,0.147,0.141,0.135,0.139,0.146,0.156,0.173,0.193,0.202,0.204,0.209,0.211,0.214,0.205,0.196,0.19,0.198,0.194,0.187,0.169,0.15,0.168,0.183,0.193,0.193,0.184,0.184,0.17,0.167,0.164,0.163,0.161,0.158,0.157,0.151,0.144,0.12,"[[2], [1, 3, 4]]"
0.09577520999999999,0.13095269999999998,0.11505198,0.10225151999999998,0.09219945,0.08889948,0.0962412,0.14702459999999998,0.20448402000000002,0.19914890999999998,0.20118405,0.20067051,0.19607718,0.19667631,0.19911087,0.20895371999999998,0.21154044,0.19746563999999997,0.24417875999999997,0.30644073,0.29763447,0.29183337000000004,0.22052738999999996,0.20054687999999998,0.20496903,0.21067502999999999,0.2300469,0.23346099,0.21282428999999997,0.1867764,0.17659118999999998,0.19630541999999998,0.22687055999999997,0.25856738999999995,0.27096843,0.27056901,0.22767890999999998,0.22455962999999998,0.22293342,0.21995678999999999,0.22397001,0.22340891999999998,0.24477789,0.24672744,0.23992779,0.23502062999999998,0.22336136999999998,0.2134044,0.069,0.061,0.062,0.049,0.051,0.052,0.058,0.066,0.095,0.134,0.147,0.141,0.135,0.139,0.146,0.156,0.173,0.193,0.202,0.204,0.209,0.211,0.214,0.205,0.196,0.19,0.198,0.194,0.187,0.169,0.15,0.168,0.183,0.193,0.193,0.184,0.184,0.17,0.167,0.164,0.163,0.161,0.158,0.157,0.151,0.144,0.12,0.103,"[[2], [1, 3, 4]]"
0.13095269999999998,0.11505198,0.10225151999999998,0.09219945,0.08889948,0.0962412,0.14702459999999998,0.20448402000000002,0.19914890999999998,0.20118405,0.20067051,0.19607718,0.19667631,0.19911087,0.20895371999999998,0.21154044,0.19746563999999997,0.24417875999999997,0.30644073,0.29763447,0.29183337000000004,0.22052738999999996,0.20054687999999998,0.20496903,0.21067502999999999,0.2300469,0.23346099,0.21282428999999997,0.1867764,0.17659118999999998,0.19630541999999998,0.22687055999999997,0.25856738999999995,0.27096843,0.27056901,0.22767890999999998,0.22455962999999998,0.22293342,0.21995678999999999,0.22397001,0.22340891999999998,0.24477789,0.24672744,0.23992779,0.23502062999999998,0.22336136999999998,0.2134044,0.19016196,0.061,0.062,0.049,0.051,0.052,0.058,0.066,0.095,0.134,0.147,0.141,0.135,0.139,0.146,0.156,0.173,0.193,0.202,0.204,0.209,0.211,0.214,0.205,0.196,0.19,0.198,0.194,0.187,0.169,0.15,0.168,0.183,0.193,0.193,0.184,0.184,0.17,0.167,0.164,0.163,0.161,0.158,0.157,0.151,0.144,0.12,0.103,0.09,"[[2], [1, 3, 4]]"
0.11505198,0.10225151999999998,0.09219945,0.08889948,0.0962412,0.14702459999999998,0.20448402000000002,0.19914890999999998,0.20118405,0.20067051,0.19607718,0.19667631,0.19911087,0.20895371999999998,0.21154044,0.19746563999999997,0.24417875999999997,0.30644073,0.29763447,0.29183337000000004,0.22052738999999996,0.20054687999999998,0.20496903,0.21067502999999999,0.2300469,0.23346099,0.21282428999999997,0.1867764,0.17659118999999998,0.19630541999999998,0.22687055999999997,0.25856738999999995,0.27096843,0.27056901,0.22767890999999998,0.22455962999999998,0.22293342,0.21995678999999999,0.22397001,0.22340891999999998,0.24477789,0.24672744,0.23992779,0.23502062999999998,0.22336136999999998,0.2134044,0.19016196,0.19915841999999997,0.062,0.049,0.051,0.052,0.058,0.066,0.095,0.134,0.147,0.141,0.135,0.139,0.146,0.156,0.173,0.193,0.202,0.204,0.209,0.211,0.214,0.205,0.196,0.19,0.198,0.194,0.187,0.169,0.15,0.168,0.183,0.193,0.193,0.184,0.184,0.17,0.167,0.164,0.163,0.161,0.158,0.157,0.151,0.144,0.12,0.103,0.09,0.072,"[[2], [1, 3, 4]]"
0.10225151999999998,0.09219945,0.08889948,0.0962412,0.14702459999999998,0.20448402000000002,0.19914890999999998,0.20118405,0.20067051,0.19607718,0.19667631,0.19911087,0.20895371999999998,0.21154044,0.19746563999999997,0.24417875999999997,0.30644073,0.29763447,0.29183337000000004,0.22052738999999996,0.20054687999999998,0.20496903,0.21067502999999999,0.2300469,0.23346099,0.21282428999999997,0.1867764,0.17659118999999998,0.19630541999999998,0.22687055999999997,0.25856738999999995,0.27096843,0.27056901,0.22767890999999998,0.22455962999999998,0.22293342,0.21995678999999999,0.22397001,0.22340891999999998,0.24477789,0.24672744,0.23992779,0.23502062999999998,0.22336136999999998,0.2134044,0.19016196,0.19915841999999997,0.18473175,0.049,0.051,0.052,0.058,0.066,0.095,0.134,0.147,0.141,0.135,0.139,0.146,0.156,0.173,0.193,0.202,0.204,0.209,0.211,0.214,0.205,0.196,0.19,0.198,0.194,0.187,0.169,0.15,0.168,0.183,0.193,0.193,0.184,0.184,0.17,0.167,0.164,0.163,0.161,0.158,0.157,0.151,0.144,0.12,0.103,0.09,0.072,0.072,"[[2], [1, 3, 4]]"
0.09219945,0.08889948,0.0962412,0.14702459999999998,0.20448402000000002,0.19914890999999998,0.20118405,0.20067051,0.19607718,0.19667631,0.19911087,0.20895371999999998,0.21154044,0.19746563999999997,0.24417875999999997,0.30644073,0.29763447,0.29183337000000004,0.22052738999999996,0.20054687999999998,0.20496903,0.21067502999999999,0.2300469,0.23346099,0.21282428999999997,0.1867764,0.17659118999999998,0.19630541999999998,0.22687055999999997,0.25856738999999995,0.27096843,0.27056901,0.22767890999999998,0.22455962999999998,0.22293342,0.21995678999999999,0.22397001,0.22340891999999998,0.24477789,0.24672744,0.23992779,0.23502062999999998,0.22336136999999998,0.2134044,0.19016196,0.19915841999999997,0.18473175,0.18186924000000002,0.051,0.052,0.058,0.066,0.095,0.134,0.147,0.141,0.135,0.139,0.146,0.156,0.173,0.193,0.202,0.204,0.209,0.211,0.214,0.205,0.196,0.19,0.198,0.194,0.187,0.169,0.15,0.168,0.183,0.193,0.193,0.184,0.184,0.17,0.167,0.164,0.163,0.161,0.158,0.157,0.151,0.144,0.12,0.103,0.09,0.072,0.072,0.07,"[[2], [1, 3, 4]]"
0.08889948,0.0962412,0.14702459999999998,0.20448402000000002,0.19914890999999998,0.20118405,0.20067051,0.19607718,0.19667631,0.19911087,0.20895371999999998,0.21154044,0.19746563999999997,0.24417875999999997,0.30644073,0.29763447,0.29183337000000004,0.22052738999999996,0.20054687999999998,0.20496903,0.21067502999999999,0.2300469,0.23346099,0.21282428999999997,0.1867764,0.17659118999999998,0.19630541999999998,0.22687055999999997,0.25856738999999995,0.27096843,0.27056901,0.22767890999999998,0.22455962999999998,0.22293342,0.21995678999999999,0.22397001,0.22340891999999998,0.24477789,0.24672744,0.23992779,0.23502062999999998,0.22336136999999998,0.2134044,0.19016196,0.19915841999999997,0.18473175,0.18186924000000002,0.16097577,0.052,0.058,0.066,0.095,0.134,0.147,0.141,0.135,0.139,0.146,0.156,0.173,0.193,0.202,0.204,0.209,0.211,0.214,0.205,0.196,0.19,0.198,0.194,0.187,0.169,0.15,0.168,0.183,0.193,0.193,0.184,0.184,0.17,0.167,0.164,0.163,0.161,0.158,0.157,0.151,0.144,0.12,0.103,0.09,0.072,0.072,0.07,0.072,"[[2], [1, 3, 4]]"
0.0962412,0.14702459999999998,0.20448402000000002,0.19914890999999998,0.20118405,0.20067051,0.19607718,0.19667631,0.19911087,0.20895371999999998,0.21154044,0.19746563999999997,0.24417875999999997,0.30644073,0.29763447,0.29183337000000004,0.22052738999999996,0.20054687999999998,0.20496903,0.21067502999999999,0.2300469,0.23346099,0.21282428999999997,0.1867764,0.17659118999999998,0.19630541999999998,0.22687055999999997,0.25856738999999995,0.27096843,0.27056901,0.22767890999999998,0.22455962999999998,0.22293342,0.21995678999999999,0.22397001,0.22340891999999998,0.24477789,0.24672744,0.23992779,0.23502062999999998,0.22336136999999998,0.2134044,0.19016196,0.19915841999999997,0.18473175,0.18186924000000002,0.16097577,0.15235019999999996,0.058,0.066,0.095,0.134,0.147,0.141,0.135,0.139,0.146,0.156,0.173,0.193,0.202,0.204,0.209,0.211,0.214,0.205,0.196,0.19,0.198,0.194,0.187,0.169,0.15,0.168,0.183,0.193,0.193,0.184,0.184,0.17,0.167,0.164,0.163,0.161,0.158,0.157,0.151,0.144,0.12,0.103,0.09,0.072,0.072,0.07,0.072,0.072,"[[2], [1, 3, 4]]"
0.14702459999999998,0.20448402000000002,0.19914890999999998,0.20118405,0.20067051,0.19607718,0.19667631,0.19911087,0.20895371999999998,0.21154044,0.19746563999999997,0.24417875999999997,0.30644073,0.29763447,0.29183337000000004,0.22052738999999996,0.20054687999999998,0.20496903,0.21067502999999999,0.2300469,0.23346099,0.21282428999999997,0.1867764,0.17659118999999998,0.19630541999999998,0.22687055999999997,0.25856738999999995,0.27096843,0.27056901,0.22767890999999998,0.22455962999999998,0.22293342,0.21995678999999999,0.22397001,0.22340891999999998,0.24477789,0.24672744,0.23992779,0.23502062999999998,0.22336136999999998,0.2134044,0.19016196,0.19915841999999997,0.18473175,0.18186924000000002,0.16097577,0.15235019999999996,0.17459409,0.066,0.095,0.134,0.147,0.141,0.135,0.139,0.146,0.156,0.173,0.193,0.202,0.204,0.209,0.211,0.214,0.205,0.196,0.19,0.198,0.194,0.187,0.169,0.15,0.168,0.183,0.193,0.193,0.184,0.184,0.17,0.167,0.164,0.163,0.161,0.158,0.157,0.151,0.144,0.12,0.103,0.09,0.072,0.072,0.07,0.072,0.072,0.074,"[[2], [1, 3, 4]]"
0.20448402000000002,0.19914890999999998,0.20118405,0.20067051,0.19607718,0.19667631,0.19911087,0.20895371999999998,0.21154044,0.19746563999999997,0.24417875999999997,0.30644073,0.29763447,0.29183337000000004,0.22052738999999996,0.20054687999999998,0.20496903,0.21067502999999999,0.2300469,0.23346099,0.21282428999999997,0.1867764,0.17659118999999998,0.19630541999999998,0.22687055999999997,0.25856738999999995,0.27096843,0.27056901,0.22767890999999998,0.22455962999999998,0.22293342,0.21995678999999999,0.22397001,0.22340891999999998,0.24477789,0.24672744,0.23992779,0.23502062999999998,0.22336136999999998,0.2134044,0.19016196,0.19915841999999997,0.18473175,0.18186924000000002,0.16097577,0.15235019999999996,0.17459409,0.19385184,0.095,0.134,0.147,0.141,0.135,0.139,0.146,0.156,0.173,0.193,0.202,0.204,0.209,0.211,0.214,0.205,0.196,0.19,0.198,0.194,0.187,0.169,0.15,0.168,0.183,0.193,0.193,0.184,0.184,0.17,0.167,0.164,0.163,0.161,0.158,0.157,0.151,0.144,0.12,0.103,0.09,0.072,0.072,0.07,0.072,0.072,0.074,0.079,"[[2], [1, 3, 4]]"
0.19914890999999998,0.20118405,0.20067051,0.19607718,0.19667631,0.19911087,0.20895371999999998,0.21154044,0.19746563999999997,0.24417875999999997,0.30644073,0.29763447,0.29183337000000004,0.22052738999999996,0.20054687999999998,0.20496903,0.21067502999999999,0.2300469,0.23346099,0.21282428999999997,0.1867764,0.17659118999999998,0.19630541999999998,0.22687055999999997,0.25856738999999995,0.27096843,0.27056901,0.22767890999999998,0.22455962999999998,0.22293342,0.21995678999999999,0.22397001,0.22340891999999998,0.24477789,0.24672744,0.23992779,0.23502062999999998,0.22336136999999998,0.2134044,0.19016196,0.19915841999999997,0.18473175,0.18186924000000002,0.16097577,0.15235019999999996,0.17459409,0.19385184,0.21605769,0.134,0.147,0.141,0.135,0.139,0.146,0.156,0.173,0.193,0.202,0.204,0.209,0.211,0.214,0.205,0.196,0.19,0.198,0.194,0.187,0.169,0.15,0.168,0.183,0.193,0.193,0.184,0.184,0.17,0.167,0.164,0.163,0.161,0.158,0.157,0.151,0.144,0.12,0.103,0.09,0.072,0.072,0.07,0.072,0.072,0.074,0.079,0.105,"[[2], [1, 3, 4]]"
0.20118405,0.20067051,0.19607718,0.19667631,0.19911087,0.20895371999999998,0.21154044,0.19746563999999997,0.24417875999999997,0.30644073,0.29763447,0.29183337000000004,0.22052738999999996,0.20054687999999998,0.20496903,0.21067502999999999,0.2300469,0.23346099,0.21282428999999997,0.1867764,0.17659118999999998,0.19630541999999998,0.22687055999999997,0.25856738999999995,0.27096843,0.27056901,0.22767890999999998,0.22455962999999998,0.22293342,0.21995678999999999,0.22397001,0.22340891999999998,0.24477789,0.24672744,0.23992779,0.23502062999999998,0.22336136999999998,0.2134044,0.19016196,0.19915841999999997,0.18473175,0.18186924000000002,0.16097577,0.15235019999999996,0.17459409,0.19385184,0.21605769,0.21072258,0.147,0.141,0.135,0.139,0.146,0.156,0.173,0.193,0.202,0.204,0.209,0.211,0.214,0.205,0.196,0.19,0.198,0.194,0.187,0.169,0.15,0.168,0.183,0.193,0.193,0.184,0.184,0.17,0.167,0.164,0.163,0.161,0.158,0.157,0.151,0.144,0.12,0.103,0.09,0.072,0.072,0.07,0.072,0.072,0.074,0.079,0.105,0.144,"[[2], [1, 3, 4]]"
0.20067051,0.19607718,0.19667631,0.19911087,0.20895371999999998,0.21154044,0.19746563999999997,0.24417875999999997,0.30644073,0.29763447,0.29183337000000004,0.22052738999999996,0.20054687999999998,0.20496903,0.21067502999999999,0.2300469,0.23346099,0.21282428999999997,0.1867764,0.17659118999999998,0.19630541999999998,0.22687055999999997,0.25856738999999995,0.27096843,0.27056901,0.22767890999999998,0.22455962999999998,0.22293342,0.21995678999999999,0.22397001,0.22340891999999998,0.24477789,0.24672744,0.23992779,0.23502062999999998,0.22336136999999998,0.2134044,0.19016196,0.19915841999999997,0.18473175,0.18186924000000002,0.16097577,0.15235019999999996,0.17459409,0.19385184,0.21605769,0.21072258,0.23885315999999998,0.141,0.135,0.139,0.146,0.156,0.173,0.193,0.202,0.204,0.209,0.211,0.214,0.205,0.196,0.19,0.198,0.194,0.187,0.169,0.15,0.168,0.183,0.193,0.193,0.184,0.184,0.17,0.167,0.164,0.163,0.161,0.158,0.157,0.151,0.144,0.12,0.103,0.09,0.072,0.072,0.07,0.072,0.072,0.074,0.079,0.105,0.144,0.152,"[[2], [1, 3, 4]]"
0.19607718,0.19667631,0.19911087,0.20895371999999998,0.21154044,0.19746563999999997,0.24417875999999997,0.30644073,0.29763447,0.29183337000000004,0.22052738999999996,0.20054687999999998,0.20496903,0.21067502999999999,0.2300469,0.23346099,0.21282428999999997,0.1867764,0.17659118999999998,0.19630541999999998,0.22687055999999997,0.25856738999999995,0.27096843,0.27056901,0.22767890999999998,0.22455962999999998,0.22293342,0.21995678999999999,0.22397001,0.22340891999999998,0.24477789,0.24672744,0.23992779,0.23502062999999998,0.22336136999999998,0.2134044,0.19016196,0.19915841999999997,0.18473175,0.18186924000000002,0.16097577,0.15235019999999996,0.17459409,0.19385184,0.21605769,0.21072258,0.23885315999999998,0.24006092999999998,0.135,0.139,0.146,0.156,0.173,0.193,0.202,0.204,0.209,0.211,0.214,0.205,0.196,0.19,0.198,0.194,0.187,0.169,0.15,0.168,0.183,0.193,0.193,0.184,0.184,0.17,0.167,0.164,0.163,0.161,0.158,0.157,0.151,0.144,0.12,0.103,0.09,0.072,0.072,0.07,0.072,0.072,0.074,0.079,0.105,0.144,0.152,0.143,"[[2], [1, 3, 4]]"
0.19667631,0.19911087,0.20895371999999998,0.21154044,0.19746563999999997,0.24417875999999997,0.30644073,0.29763447,0.29183337000000004,0.22052738999999996,0.20054687999999998,0.20496903,0.21067502999999999,0.2300469,0.23346099,0.21282428999999997,0.1867764,0.17659118999999998,0.19630541999999998,0.22687055999999997,0.25856738999999995,0.27096843,0.27056901,0.22767890999999998,0.22455962999999998,0.22293342,0.21995678999999999,0.22397001,0.22340891999999998,0.24477789,0.24672744,0.23992779,0.23502062999999998,0.22336136999999998,0.2134044,0.19016196,0.19915841999999997,0.18473175,0.18186924000000002,0.16097577,0.15235019999999996,0.17459409,0.19385184,0.21605769,0.21072258,0.23885315999999998,0.24006092999999998,0.22974258,0.139,0.146,0.156,0.173,0.193,0.202,0.204,0.209,0.211,0.214,0.205,0.196,0.19,0.198,0.194,0.187,0.169,0.15,0.168,0.183,0.193,0.193,0.184,0.184,0.17,0.167,0.164,0.163,0.161,0.158,0.157,0.151,0.144,0.12,0.103,0.09,0.072,0.072,0.07,0.072,0.072,0.074,0.079,0.105,0.144,0.152,0.143,0.143,"[[2], [1, 3, 4]]"
0.19911087,0.20895371999999998,0.21154044,0.19746563999999997,0.24417875999999997,0.30644073,0.29763447,0.29183337000000004,0.22052738999999996,0.20054687999999998,0.20496903,0.21067502999999999,0.2300469,0.23346099,0.21282428999999997,0.1867764,0.17659118999999998,0.19630541999999998,0.22687055999999997,0.25856738999999995,0.27096843,0.27056901,0.22767890999999998,0.22455962999999998,0.22293342,0.21995678999999999,0.22397001,0.22340891999999998,0.24477789,0.24672744,0.23992779,0.23502062999999998,0.22336136999999998,0.2134044,0.19016196,0.19915841999999997,0.18473175,0.18186924000000002,0.16097577,0.15235019999999996,0.17459409,0.19385184,0.21605769,0.21072258,0.23885315999999998,0.24006092999999998,0.22974258,0.23257656,0.146,0.156,0.173,0.193,0.202,0.204,0.209,0.211,0.214,0.205,0.196,0.19,0.198,0.194,0.187,0.169,0.15,0.168,0.183,0.193,0.193,0.184,0.184,0.17,0.167,0.164,0.163,0.161,0.158,0.157,0.151,0.144,0.12,0.103,0.09,0.072,0.072,0.07,0.072,0.072,0.074,0.079,0.105,0.144,0.152,0.143,0.143,0.144,"[[2], [1, 3, 4]]"
0.20895371999999998,0.21154044,0.19746563999999997,0.24417875999999997,0.30644073,0.29763447,0.29183337000000004,0.22052738999999996,0.20054687999999998,0.20496903,0.21067502999999999,0.2300469,0.23346099,0.21282428999999997,0.1867764,0.17659118999999998,0.19630541999999998,0.22687055999999997,0.25856738999999995,0.27096843,0.27056901,0.22767890999999998,0.22455962999999998,0.22293342,0.21995678999999999,0.22397001,0.22340891999999998,0.24477789,0.24672744,0.23992779,0.23502062999999998,0.22336136999999998,0.2134044,0.19016196,0.19915841999999997,0.18473175,0.18186924000000002,0.16097577,0.15235019999999996,0.17459409,0.19385184,0.21605769,0.21072258,0.23885315999999998,0.24006092999999998,0.22974258,0.23257656,0.24077418,0.156,0.173,0.193,0.202,0.204,0.209,0.211,0.214,0.205,0.196,0.19,0.198,0.194,0.187,0.169,0.15,0.168,0.183,0.193,0.193,0.184,0.184,0.17,0.167,0.164,0.163,0.161,0.158,0.157,0.151,0.144,0.12,0.103,0.09,0.072,0.072,0.07,0.072,0.072,0.074,0.079,0.105,0.144,0.152,0.143,0.143,0.144,0.152,"[[2], [1, 3, 4]]"
0.21154044,0.19746563999999997,0.24417875999999997,0.30644073,0.29763447,0.29183337000000004,0.22052738999999996,0.20054687999999998,0.20496903,0.21067502999999999,0.2300469,0.23346099,0.21282428999999997,0.1867764,0.17659118999999998,0.19630541999999998,0.22687055999999997,0.25856738999999995,0.27096843,0.27056901,0.22767890999999998,0.22455962999999998,0.22293342,0.21995678999999999,0.22397001,0.22340891999999998,0.24477789,0.24672744,0.23992779,0.23502062999999998,0.22336136999999998,0.2134044,0.19016196,0.19915841999999997,0.18473175,0.18186924000000002,0.16097577,0.15235019999999996,0.17459409,0.19385184,0.21605769,0.21072258,0.23885315999999998,0.24006092999999998,0.22974258,0.23257656,0.24077418,0.21639054,0.173,0.193,0.202,0.204,0.209,0.211,0.214,0.205,0.196,0.19,0.198,0.194,0.187,0.169,0.15,0.168,0.183,0.193,0.193,0.184,0.184,0.17,0.167,0.164,0.163,0.161,0.158,0.157,0.151,0.144,0.12,0.103,0.09,0.072,0.072,0.07,0.072,0.072,0.074,0.079,0.105,0.144,0.152,0.143,0.143,0.144,0.152,0.156,"[[2], [1, 3, 4]]"
0.19746563999999997,0.24417875999999997,0.30644073,0.29763447,0.29183337000000004,0.22052738999999996,0.20054687999999998,0.20496903,0.21067502999999999,0.2300469,0.23346099,0.21282428999999997,0.1867764,0.17659118999999998,0.19630541999999998,0.22687055999999997,0.25856738999999995,0.27096843,0.27056901,0.22767890999999998,0.22455962999999998,0.22293342,0.21995678999999999,0.22397001,0.22340891999999998,0.24477789,0.24672744,0.23992779,0.23502062999999998,0.22336136999999998,0.2134044,0.19016196,0.19915841999999997,0.18473175,0.18186924000000002,0.16097577,0.15235019999999996,0.17459409,0.19385184,0.21605769,0.21072258,0.23885315999999998,0.24006092999999998,0.22974258,0.23257656,0.24077418,0.21639054,0.21176868000000001,0.193,0.202,0.204,0.209,0.211,0.214,0.205,0.196,0.19,0.198,0.194,0.187,0.169,0.15,0.168,0.183,0.193,0.193,0.184,0.184,0.17,0.167,0.164,0.163,0.161,0.158,0.157,0.151,0.144,0.12,0.103,0.09,0.072,0.072,0.07,0.072,0.072,0.074,0.079,0.105,0.144,0.152,0.143,0.143,0.144,0.152,0.156,0.167,"[[2], [1, 3, 4]]"
0.24417875999999997,0.30644073,0.29763447,0.29183337000000004,0.22052738999999996,0.20054687999999998,0.20496903,0.21067502999999999,0.2300469,0.23346099,0.21282428999999997,0.1867764,0.17659118999999998,0.19630541999999998,0.22687055999999997,0.25856738999999995,0.27096843,0.27056901,0.22767890999999998,0.22455962999999998,0.22293342,0.21995678999999999,0.22397001,0.22340891999999998,0.24477789,0.24672744,0.23992779,0.23502062999999998,0.22336136999999998,0.2134044,0.19016196,0.19915841999999997,0.18473175,0.18186924000000002,0.16097577,0.15235019999999996,0.17459409,0.19385184,0.21605769,0.21072258,0.23885315999999998,0.24006092999999998,0.22974258,0.23257656,0.24077418,0.21639054,0.21176868000000001,0.22702271999999998,0.202,0.204,0.209,0.211,0.214,0.205,0.196,0.19,0.198,0.194,0.187,0.169,0.15,0.168,0.183,0.193,0.193,0.184,0.184,0.17,0.167,0.164,0.163,0.161,0.158,0.157,0.151,0.144,0.12,0.103,0.09,0.072,0.072,0.07,0.072,0.072,0.074,0.079,0.105,0.144,0.152,0.143,0.143,0.144,0.152,0.156,0.167,0.175,"[[2], [1, 3, 4]]"
0.30644073,0.29763447,0.29183337000000004,0.22052738999999996,0.20054687999999998,0.20496903,0.21067502999999999,0.2300469,0.23346099,0.21282428999999997,0.1867764,0.17659118999999998,0.19630541999999998,0.22687055999999997,0.25856738999999995,0.27096843,0.27056901,0.22767890999999998,0.22455962999999998,0.22293342,0.21995678999999999,0.22397001,0.22340891999999998,0.24477789,0.24672744,0.23992779,0.23502062999999998,0.22336136999999998,0.2134044,0.19016196,0.19915841999999997,0.18473175,0.18186924000000002,0.16097577,0.15235019999999996,0.17459409,0.19385184,0.21605769,0.21072258,0.23885315999999998,0.24006092999999998,0.22974258,0.23257656,0.24077418,0.21639054,0.21176868000000001,0.22702271999999998,0.24722195999999996,0.204,0.209,0.211,0.214,0.205,0.196,0.19,0.198,0.194,0.187,0.169,0.15,0.168,0.183,0.193,0.193,0.184,0.184,0.17,0.167,0.164,0.163,0.161,0.158,0.157,0.151,0.144,0.12,0.103,0.09,0.072,0.072,0.07,0.072,0.072,0.074,0.079,0.105,0.144,0.152,0.143,0.143,0.144,0.152,0.156,0.167,0.175,0.175,"[[2], [1, 3, 4]]"
0.29763447,0.29183337000000004,0.22052738999999996,0.20054687999999998,0.20496903,0.21067502999999999,0.2300469,0.23346099,0.21282428999999997,0.1867764,0.17659118999999998,0.19630541999999998,0.22687055999999997,0.25856738999999995,0.27096843,0.27056901,0.22767890999999998,0.22455962999999998,0.22293342,0.21995678999999999,0.22397001,0.22340891999999998,0.24477789,0.24672744,0.23992779,0.23502062999999998,0.22336136999999998,0.2134044,0.19016196,0.19915841999999997,0.18473175,0.18186924000000002,0.16097577,0.15235019999999996,0.17459409,0.19385184,0.21605769,0.21072258,0.23885315999999998,0.24006092999999998,0.22974258,0.23257656,0.24077418,0.21639054,0.21176868000000001,0.22702271999999998,0.24722195999999996,0.2879628,0.209,0.211,0.214,0.205,0.196,0.19,0.198,0.194,0.187,0.169,0.15,0.168,0.183,0.193,0.193,0.184,0.184,0.17,0.167,0.164,0.163,0.161,0.158,0.157,0.151,0.144,0.12,0.103,0.09,0.072,0.072,0.07,0.072,0.072,0.074,0.079,0.105,0.144,0.152,0.143,0.143,0.144,0.152,0.156,0.167,0.175,0.175,0.178,"[[2], [1, 3, 4]]"
0.29183337000000004,0.22052738999999996,0.20054687999999998,0.20496903,0.21067502999999999,0.2300469,0.23346099,0.21282428999999997,0.1867764,0.17659118999999998,0.19630541999999998,0.22687055999999997,0.25856738999999995,0.27096843,0.27056901,0.22767890999999998,0.22455962999999998,0.22293342,0.21995678999999999,0.22397001,0.22340891999999998,0.24477789,0.24672744,0.23992779,0.23502062999999998,0.22336136999999998,0.2134044,0.19016196,0.19915841999999997,0.18473175,0.18186924000000002,0.16097577,0.15235019999999996,0.17459409,0.19385184,0.21605769,0.21072258,0.23885315999999998,0.24006092999999998,0.22974258,0.23257656,0.24077418,0.21639054,0.21176868000000001,0.22702271999999998,0.24722195999999996,0.2879628,0.28293201,0.211,0.214,0.205,0.196,0.19,0.198,0.194,0.187,0.169,0.15,0.168,0.183,0.193,0.193,0.184,0.184,0.17,0.167,0.164,0.163,0.161,0.158,0.157,0.151,0.144,0.12,0.103,0.09,0.072,0.072,0.07,0.072,0.072,0.074,0.079,0.105,0.144,0.152,0.143,0.143,0.144,0.152,0.156,0.167,0.175,0.175,0.178,0.18,"[[2], [1, 3, 4]]"
0.22052738999999996,0.20054687999999998,0.20496903,0.21067502999999999,0.2300469,0.23346099,0.21282428999999997,0.1867764,0.17659118999999998,0.19630541999999998,0.22687055999999997,0.25856738999999995,0.27096843,0.27056901,0.22767890999999998,0.22455962999999998,0.22293342,0.21995678999999999,0.22397001,0.22340891999999998,0.24477789,0.24672744,0.23992779,0.23502062999999998,0.22336136999999998,0.2134044,0.19016196,0.19915841999999997,0.18473175,0.18186924000000002,0.16097577,0.15235019999999996,0.17459409,0.19385184,0.21605769,0.21072258,0.23885315999999998,0.24006092999999998,0.22974258,0.23257656,0.24077418,0.21639054,0.21176868000000001,0.22702271999999998,0.24722195999999996,0.2879628,0.28293201,0.28958901,0.214,0.205,0.196,0.19,0.198,0.194,0.187,0.169,0.15,0.168,0.183,0.193,0.193,0.184,0.184,0.17,0.167,0.164,0.163,0.161,0.158,0.157,0.151,0.144,0.12,0.103,0.09,0.072,0.072,0.07,0.072,0.072,0.074,0.079,0.105,0.144,0.152,0.143,0.143,0.144,0.152,0.156,0.167,0.175,0.175,0.178,0.18,0.185,"[[2], [1, 3, 4]]"
0.20054687999999998,0.20496903,0.21067502999999999,0.2300469,0.23346099,0.21282428999999997,0.1867764,0.17659118999999998,0.19630541999999998,0.22687055999999997,0.25856738999999995,0.27096843,0.27056901,0.22767890999999998,0.22455962999999998,0.22293342,0.21995678999999999,0.22397001,0.22340891999999998,0.24477789,0.24672744,0.23992779,0.23502062999999998,0.22336136999999998,0.2134044,0.19016196,0.19915841999999997,0.18473175,0.18186924000000002,0.16097577,0.15235019999999996,0.17459409,0.19385184,0.21605769,0.21072258,0.23885315999999998,0.24006092999999998,0.22974258,0.23257656,0.24077418,0.21639054,0.21176868000000001,0.22702271999999998,0.24722195999999996,0.2879628,0.28293201,0.28958901,0.23561975999999998,0.205,0.196,0.19,0.198,0.194,0.187,0.169,0.15,0.168,0.183,0.193,0.193,0.184,0.184,0.17,0.167,0.164,0.163,0.161,0.158,0.157,0.151,0.144,0.12,0.103,0.09,0.072,0.072,0.07,0.072,0.072,0.074,0.079,0.105,0.144,0.152,0.143,0.143,0.144,0.152,0.156,0.167,0.175,0.175,0.178,0.18,0.185,0.181,"[[2], [1, 3, 4]]"
0.20496903,0.21067502999999999,0.2300469,0.23346099,0.21282428999999997,0.1867764,0.17659118999999998,0.19630541999999998,0.22687055999999997,0.25856738999999995,0.27096843,0.27056901,0.22767890999999998,0.22455962999999998,0.22293342,0.21995678999999999,0.22397001,0.22340891999999998,0.24477789,0.24672744,0.23992779,0.23502062999999998,0.22336136999999998,0.2134044,0.19016196,0.19915841999999997,0.18473175,0.18186924000000002,0.16097577,0.15235019999999996,0.17459409,0.19385184,0.21605769,0.21072258,0.23885315999999998,0.24006092999999998,0.22974258,0.23257656,0.24077418,0.21639054,0.21176868000000001,0.22702271999999998,0.24722195999999996,0.2879628,0.28293201,0.28958901,0.23561975999999998,0.21504012,0.196,0.19,0.198,0.194,0.187,0.169,0.15,0.168,0.183,0.193,0.193,0.184,0.184,0.17,0.167,0.164,0.163,0.161,0.158,0.157,0.151,0.144,0.12,0.103,0.09,0.072,0.072,0.07,0.072,0.072,0.074,0.079,0.105,0.144,0.152,0.143,0.143,0.144,0.152,0.156,0.167,0.175,0.175,0.178,0.18,0.185,0.181,0.173,"[[2], [1, 3, 4]]"
0.21067502999999999,0.2300469,0.23346099,0.21282428999999997,0.1867764,0.17659118999999998,0.19630541999999998,0.22687055999999997,0.25856738999999995,0.27096843,0.27056901,0.22767890999999998,0.22455962999999998,0.22293342,0.21995678999999999,0.22397001,0.22340891999999998,0.24477789,0.24672744,0.23992779,0.23502062999999998,0.22336136999999998,0.2134044,0.19016196,0.19915841999999997,0.18473175,0.18186924000000002,0.16097577,0.15235019999999996,0.17459409,0.19385184,0.21605769,0.21072258,0.23885315999999998,0.24006092999999998,0.22974258,0.23257656,0.24077418,0.21639054,0.21176868000000001,0.22702271999999998,0.24722195999999996,0.2879628,0.28293201,0.28958901,0.23561975999999998,0.21504012,0.21610523999999998,0.19,0.198,0.194,0.187,0.169,0.15,0.168,0.183,0.193,0.193,0.184,0.184,0.17,0.167,0.164,0.163,0.161,0.158,0.157,0.151,0.144,0.12,0.103,0.09,0.072,0.072,0.07,0.072,0.072,0.074,0.079,0.105,0.144,0.152,0.143,0.143,0.144,0.152,0.156,0.167,0.175,0.175,0.178,0.18,0.185,0.181,0.173,0.161,"[[2], [1, 3, 4]]"
0.2300469,0.23346099,0.21282428999999997,0.1867764,0.17659118999999998,0.19630541999999998,0.22687055999999997,0.25856738999999995,0.27096843,0.27056901,0.22767890999999998,0.22455962999999998,0.22293342,0.21995678999999999,0.22397001,0.22340891999999998,0.24477789,0.24672744,0.23992779,0.23502062999999998,0.22336136999999998,0.2134044,0.19016196,0.19915841999999997,0.18473175,0.18186924000000002,0.16097577,0.15235019999999996,0.17459409,0.19385184,0.21605769,0.21072258,0.23885315999999998,0.24006092999999998,0.22974258,0.23257656,0.24077418,0.21639054,0.21176868000000001,0.22702271999999998,0.24722195999999996,0.2879628,0.28293201,0.28958901,0.23561975999999998,0.21504012,0.21610523999999998,0.3118233899999999,0.198,0.194,0.187,0.169,0.15,0.168,0.183,0.193,0.193,0.184,0.184,0.17,0.167,0.164,0.163,0.161,0.158,0.157,0.151,0.144,0.12,0.103,0.09,0.072,0.072,0.07,0.072,0.072,0.074,0.079,0.105,0.144,0.152,0.143,0.143,0.144,0.152,0.156,0.167,0.175,0.175,0.178,0.18,0.185,0.181,0.173,0.161,0.136,"[[2], [1, 3, 4]]"
0.23346099,0.21282428999999997,0.1867764,0.17659118999999998,0.19630541999999998,0.22687055999999997,0.25856738999999995,0.27096843,0.27056901,0.22767890999999998,0.22455962999999998,0.22293342,0.21995678999999999,0.22397001,0.22340891999999998,0.24477789,0.24672744,0.23992779,0.23502062999999998,0.22336136999999998,0.2134044,0.19016196,0.19915841999999997,0.18473175,0.18186924000000002,0.16097577,0.15235019999999996,0.17459409,0.19385184,0.21605769,0.21072258,0.23885315999999998,0.24006092999999998,0.22974258,0.23257656,0.24077418,0.21639054,0.21176868000000001,0.22702271999999998,0.24722195999999996,0.2879628,0.28293201,0.28958901,0.23561975999999998,0.21504012,0.21610523999999998,0.3118233899999999,0.27329837999999995,0.194,0.187,0.169,0.15,0.168,0.183,0.193,0.193,0.184,0.184,0.17,0.167,0.164,0.163,0.161,0.158,0.157,0.151,0.144,0.12,0.103,0.09,0.072,0.072,0.07,0.072,0.072,0.074,0.079,0.105,0.144,0.152,0.143,0.143,0.144,0.152,0.156,0.167,0.175,0.175,0.178,0.18,0.185,0.181,0.173,0.161,0.136,0.135,"[[2], [1, 3, 4]]"
0.21282428999999997,0.1867764,0.17659118999999998,0.19630541999999998,0.22687055999999997,0.25856738999999995,0.27096843,0.27056901,0.22767890999999998,0.22455962999999998,0.22293342,0.21995678999999999,0.22397001,0.22340891999999998,0.24477789,0.24672744,0.23992779,0.23502062999999998,0.22336136999999998,0.2134044,0.19016196,0.19915841999999997,0.18473175,0.18186924000000002,0.16097577,0.15235019999999996,0.17459409,0.19385184,0.21605769,0.21072258,0.23885315999999998,0.24006092999999998,0.22974258,0.23257656,0.24077418,0.21639054,0.21176868000000001,0.22702271999999998,0.24722195999999996,0.2879628,0.28293201,0.28958901,0.23561975999999998,0.21504012,0.21610523999999998,0.3118233899999999,0.27329837999999995,0.27420183,0.187,0.169,0.15,0.168,0.183,0.193,0.193,0.184,0.184,0.17,0.167,0.164,0.163,0.161,0.158,0.157,0.151,0.144,0.12,0.103,0.09,0.072,0.072,0.07,0.072,0.072,0.074,0.079,0.105,0.144,0.152,0.143,0.143,0.144,0.152,0.156,0.167,0.175,0.175,0.178,0.18,0.185,0.181,0.173,0.161,0.136,0.135,0.125,"[[2], [1, 3, 4]]"
0.1867764,0.17659118999999998,0.19630541999999998,0.22687055999999997,0.25856738999999995,0.27096843,0.27056901,0.22767890999999998,0.22455962999999998,0.22293342,0.21995678999999999,0.22397001,0.22340891999999998,0.24477789,0.24672744,0.23992779,0.23502062999999998,0.22336136999999998,0.2134044,0.19016196,0.19915841999999997,0.18473175,0.18186924000000002,0.16097577,0.15235019999999996,0.17459409,0.19385184,0.21605769,0.21072258,0.23885315999999998,0.24006092999999998,0.22974258,0.23257656,0.24077418,0.21639054,0.21176868000000001,0.22702271999999998,0.24722195999999996,0.2879628,0.28293201,0.28958901,0.23561975999999998,0.21504012,0.21610523999999998,0.3118233899999999,0.27329837999999995,0.27420183,0.22371324,0.169,0.15,0.168,0.183,0.193,0.193,0.184,0.184,0.17,0.167,0.164,0.163,0.161,0.158,0.157,0.151,0.144,0.12,0.103,0.09,0.072,0.072,0.07,0.072,0.072,0.074,0.079,0.105,0.144,0.152,0.143,0.143,0.144,0.152,0.156,0.167,0.175,0.175,0.178,0.18,0.185,0.181,0.173,0.161,0.136,0.135,0.125,0.108,"[[2], [1, 3, 4]]"
0.17659118999999998,0.19630541999999998,0.22687055999999997,0.25856738999999995,0.27096843,0.27056901,0.22767890999999998,0.22455962999999998,0.22293342,0.21995678999999999,0.22397001,0.22340891999999998,0.24477789,0.24672744,0.23992779,0.23502062999999998,0.22336136999999998,0.2134044,0.19016196,0.19915841999999997,0.18473175,0.18186924000000002,0.16097577,0.15235019999999996,0.17459409,0.19385184,0.21605769,0.21072258,0.23885315999999998,0.24006092999999998,0.22974258,0.23257656,0.24077418,0.21639054,0.21176868000000001,0.22702271999999998,0.24722195999999996,0.2879628,0.28293201,0.28958901,0.23561975999999998,0.21504012,0.21610523999999998,0.3118233899999999,0.27329837999999995,0.27420183,0.22371324,0.17515518,0.15,0.168,0.183,0.193,0.193,0.184,0.184,0.17,0.167,0.164,0.163,0.161,0.158,0.157,0.151,0.144,0.12,0.103,0.09,0.072,0.072,0.07,0.072,0.072,0.074,0.079,0.105,0.144,0.152,0.143,0.143,0.144,0.152,0.156,0.167,0.175,0.175,0.178,0.18,0.185,0.181,0.173,0.161,0.136,0.135,0.125,0.108,0.092,"[[2], [1, 3, 4]]"
0.19630541999999998,0.22687055999999997,0.25856738999999995,0.27096843,0.27056901,0.22767890999999998,0.22455962999999998,0.22293342,0.21995678999999999,0.22397001,0.22340891999999998,0.24477789,0.24672744,0.23992779,0.23502062999999998,0.22336136999999998,0.2134044,0.19016196,0.19915841999999997,0.18473175,0.18186924000000002,0.16097577,0.15235019999999996,0.17459409,0.19385184,0.21605769,0.21072258,0.23885315999999998,0.24006092999999998,0.22974258,0.23257656,0.24077418,0.21639054,0.21176868000000001,0.22702271999999998,0.24722195999999996,0.2879628,0.28293201,0.28958901,0.23561975999999998,0.21504012,0.21610523999999998,0.3118233899999999,0.27329837999999995,0.27420183,0.22371324,0.17515518,0.15853169999999997,0.168,0.183,0.193,0.193,0.184,0.184,0.17,0.167,0.164,0.163,0.161,0.158,0.157,0.151,0.144,0.12,0.103,0.09,0.072,0.072,0.07,0.072,0.072,0.074,0.079,0.105,0.144,0.152,0.143,0.143,0.144,0.152,0.156,0.167,0.175,0.175,0.178,0.18,0.185,0.181,0.173,0.161,0.136,0.135,0.125,0.108,0.092,0.095,"[[2], [1, 3, 4]]"
0.22687055999999997,0.25856738999999995,0.27096843,0.27056901,0.22767890999999998,0.22455962999999998,0.22293342,0.21995678999999999,0.22397001,0.22340891999999998,0.24477789,0.24672744,0.23992779,0.23502062999999998,0.22336136999999998,0.2134044,0.19016196,0.19915841999999997,0.18473175,0.18186924000000002,0.16097577,0.15235019999999996,0.17459409,0.19385184,0.21605769,0.21072258,0.23885315999999998,0.24006092999999998,0.22974258,0.23257656,0.24077418,0.21639054,0.21176868000000001,0.22702271999999998,0.24722195999999996,0.2879628,0.28293201,0.28958901,0.23561975999999998,0.21504012,0.21610523999999998,0.3118233899999999,0.27329837999999995,0.27420183,0.22371324,0.17515518,0.15853169999999997,0.15162744,0.183,0.193,0.193,0.184,0.184,0.17,0.167,0.164,0.163,0.161,0.158,0.157,0.151,0.144,0.12,0.103,0.09,0.072,0.072,0.07,0.072,0.072,0.074,0.079,0.105,0.144,0.152,0.143,0.143,0.144,0.152,0.156,0.167,0.175,0.175,0.178,0.18,0.185,0.181,0.173,0.161,0.136,0.135,0.125,0.108,0.092,0.095,0.105,"[[2], [1, 3, 4]]"
0.25856738999999995,0.27096843,0.27056901,0.22767890999999998,0.22455962999999998,0.22293342,0.21995678999999999,0.22397001,0.22340891999999998,0.24477789,0.24672744,0.23992779,0.23502062999999998,0.22336136999999998,0.2134044,0.19016196,0.19915841999999997,0.18473175,0.18186924000000002,0.16097577,0.15235019999999996,0.17459409,0.19385184,0.21605769,0.21072258,0.23885315999999998,0.24006092999999998,0.22974258,0.23257656,0.24077418,0.21639054,0.21176868000000001,0.22702271999999998,0.24722195999999996,0.2879628,0.28293201,0.28958901,0.23561975999999998,0.21504012,0.21610523999999998,0.3118233899999999,0.27329837999999995,0.27420183,0.22371324,0.17515518,0.15853169999999997,0.15162744,0.16341033,0.193,0.193,0.184,0.184,0.17,0.167,0.164,0.163,0.161,0.158,0.157,0.151,0.144,0.12,0.103,0.09,0.072,0.072,0.07,0.072,0.072,0.074,0.079,0.105,0.144,0.152,0.143,0.143,0.144,0.152,0.156,0.167,0.175,0.175,0.178,0.18,0.185,0.181,0.173,0.161,0.136,0.135,0.125,0.108,0.092,0.095,0.105,0.109,"[[2], [1, 3, 4]]"
0.27096843,0.27056901,0.22767890999999998,0.22455962999999998,0.22293342,0.21995678999999999,0.22397001,0.22340891999999998,0.24477789,0.24672744,0.23992779,0.23502062999999998,0.22336136999999998,0.2134044,0.19016196,0.19915841999999997,0.18473175,0.18186924000000002,0.16097577,0.15235019999999996,0.17459409,0.19385184,0.21605769,0.21072258,0.23885315999999998,0.24006092999999998,0.22974258,0.23257656,0.24077418,0.21639054,0.21176868000000001,0.22702271999999998,0.24722195999999996,0.2879628,0.28293201,0.28958901,0.23561975999999998,0.21504012,0.21610523999999998,0.3118233899999999,0.27329837999999995,0.27420183,0.22371324,0.17515518,0.15853169999999997,0.15162744,0.16341033,0.17937762,0.193,0.184,0.184,0.17,0.167,0.164,0.163,0.161,0.158,0.157,0.151,0.144,0.12,0.103,0.09,0.072,0.072,0.07,0.072,0.072,0.074,0.079,0.105,0.144,0.152,0.143,0.143,0.144,0.152,0.156,0.167,0.175,0.175,0.178,0.18,0.185,0.181,0.173,0.161,0.136,0.135,0.125,0.108,0.092,0.095,0.105,0.109,0.103,"[[2], [1, 3, 4]]"
0.27056901,0.22767890999999998,0.22455962999999998,0.22293342,0.21995678999999999,0.22397001,0.22340891999999998,0.24477789,0.24672744,0.23992779,0.23502062999999998,0.22336136999999998,0.2134044,0.19016196,0.19915841999999997,0.18473175,0.18186924000000002,0.16097577,0.15235019999999996,0.17459409,0.19385184,0.21605769,0.21072258,0.23885315999999998,0.24006092999999998,0.22974258,0.23257656,0.24077418,0.21639054,0.21176868000000001,0.22702271999999998,0.24722195999999996,0.2879628,0.28293201,0.28958901,0.23561975999999998,0.21504012,0.21610523999999998,0.3118233899999999,0.27329837999999995,0.27420183,0.22371324,0.17515518,0.15853169999999997,0.15162744,0.16341033,0.17937762,0.20326674,0.184,0.184,0.17,0.167,0.164,0.163,0.161,0.158,0.157,0.151,0.144,0.12,0.103,0.09,0.072,0.072,0.07,0.072,0.072,0.074,0.079,0.105,0.144,0.152,0.143,0.143,0.144,0.152,0.156,0.167,0.175,0.175,0.178,0.18,0.185,0.181,0.173,0.161,0.136,0.135,0.125,0.108,0.092,0.095,0.105,0.109,0.103,0.117,"[[2], [1, 3, 4]]"
0.22767890999999998,0.22455962999999998,0.22293342,0.21995678999999999,0.22397001,0.22340891999999998,0.24477789,0.24672744,0.23992779,0.23502062999999998,0.22336136999999998,0.2134044,0.19016196,0.19915841999999997,0.18473175,0.18186924000000002,0.16097577,0.15235019999999996,0.17459409,0.19385184,0.21605769,0.21072258,0.23885315999999998,0.24006092999999998,0.22974258,0.23257656,0.24077418,0.21639054,0.21176868000000001,0.22702271999999998,0.24722195999999996,0.2879628,0.28293201,0.28958901,0.23561975999999998,0.21504012,0.21610523999999998,0.3118233899999999,0.27329837999999995,0.27420183,0.22371324,0.17515518,0.15853169999999997,0.15162744,0.16341033,0.17937762,0.20326674,0.20886812999999999,0.184,0.17,0.167,0.164,0.163,0.161,0.158,0.157,0.151,0.144,0.12,0.103,0.09,0.072,0.072,0.07,0.072,0.072,0.074,0.079,0.105,0.144,0.152,0.143,0.143,0.144,0.152,0.156,0.167,0.175,0.175,0.178,0.18,0.185,0.181,0.173,0.161,0.136,0.135,0.125,0.108,0.092,0.095,0.105,0.109,0.103,0.117,0.119,"[[2], [1, 3, 4]]"
0.22455962999999998,0.22293342,0.21995678999999999,0.22397001,0.22340891999999998,0.24477789,0.24672744,0.23992779,0.23502062999999998,0.22336136999999998,0.2134044,0.19016196,0.19915841999999997,0.18473175,0.18186924000000002,0.16097577,0.15235019999999996,0.17459409,0.19385184,0.21605769,0.21072258,0.23885315999999998,0.24006092999999998,0.22974258,0.23257656,0.24077418,0.21639054,0.21176868000000001,0.22702271999999998,0.24722195999999996,0.2879628,0.28293201,0.28958901,0.23561975999999998,0.21504012,0.21610523999999998,0.3118233899999999,0.27329837999999995,0.27420183,0.22371324,0.17515518,0.15853169999999997,0.15162744,0.16341033,0.17937762,0.20326674,0.20886812999999999,0.21932912999999998,0.17,0.167,0.164,0.163,0.161,0.158,0.157,0.151,0.144,0.12,0.103,0.09,0.072,0.072,0.07,0.072,0.072,0.074,0.079,0.105,0.144,0.152,0.143,0.143,0.144,0.152,0.156,0.167,0.175,0.175,0.178,0.18,0.185,0.181,0.173,0.161,0.136,0.135,0.125,0.108,0.092,0.095,0.105,0.109,0.103,0.117,0.119,0.133,"[[2], [1, 3, 4]]"
0.22293342,0.21995678999999999,0.22397001,0.22340891999999998,0.24477789,0.24672744,0.23992779,0.23502062999999998,0.22336136999999998,0.2134044,0.19016196,0.19915841999999997,0.18473175,0.18186924000000002,0.16097577,0.15235019999999996,0.17459409,0.19385184,0.21605769,0.21072258,0.23885315999999998,0.24006092999999998,0.22974258,0.23257656,0.24077418,0.21639054,0.21176868000000001,0.22702271999999998,0.24722195999999996,0.2879628,0.28293201,0.28958901,0.23561975999999998,0.21504012,0.21610523999999998,0.3118233899999999,0.27329837999999995,0.27420183,0.22371324,0.17515518,0.15853169999999997,0.15162744,0.16341033,0.17937762,0.20326674,0.20886812999999999,0.21932912999999998,0.22998984,0.167,0.164,0.163,0.161,0.158,0.157,0.151,0.144,0.12,0.103,0.09,0.072,0.072,0.07,0.072,0.072,0.074,0.079,0.105,0.144,0.152,0.143,0.143,0.144,0.152,0.156,0.167,0.175,0.175,0.178,0.18,0.185,0.181,0.173,0.161,0.136,0.135,0.125,0.108,0.092,0.095,0.105,0.109,0.103,0.117,0.119,0.133,0.142,"[[2], [1, 3, 4]]"
0.21995678999999999,0.22397001,0.22340891999999998,0.24477789,0.24672744,0.23992779,0.23502062999999998,0.22336136999999998,0.2134044,0.19016196,0.19915841999999997,0.18473175,0.18186924000000002,0.16097577,0.15235019999999996,0.17459409,0.19385184,0.21605769,0.21072258,0.23885315999999998,0.24006092999999998,0.22974258,0.23257656,0.24077418,0.21639054,0.21176868000000001,0.22702271999999998,0.24722195999999996,0.2879628,0.28293201,0.28958901,0.23561975999999998,0.21504012,0.21610523999999998,0.3118233899999999,0.27329837999999995,0.27420183,0.22371324,0.17515518,0.15853169999999997,0.15162744,0.16341033,0.17937762,0.20326674,0.20886812999999999,0.21932912999999998,0.22998984,0.25054094999999993,0.164,0.163,0.161,0.158,0.157,0.151,0.144,0.12,0.103,0.09,0.072,0.072,0.07,0.072,0.072,0.074,0.079,0.105,0.144,0.152,0.143,0.143,0.144,0.152,0.156,0.167,0.175,0.175,0.178,0.18,0.185,0.181,0.173,0.161,0.136,0.135,0.125,0.108,0.092,0.095,0.105,0.109,0.103,0.117,0.119,0.133,0.142,0.14,"[[2], [1, 3, 4]]"
0.22397001,0.22340891999999998,0.24477789,0.24672744,0.23992779,0.23502062999999998,0.22336136999999998,0.2134044,0.19016196,0.19915841999999997,0.18473175,0.18186924000000002,0.16097577,0.15235019999999996,0.17459409,0.19385184,0.21605769,0.21072258,0.23885315999999998,0.24006092999999998,0.22974258,0.23257656,0.24077418,0.21639054,0.21176868000000001,0.22702271999999998,0.24722195999999996,0.2879628,0.28293201,0.28958901,0.23561975999999998,0.21504012,0.21610523999999998,0.3118233899999999,0.27329837999999995,0.27420183,0.22371324,0.17515518,0.15853169999999997,0.15162744,0.16341033,0.17937762,0.20326674,0.20886812999999999,0.21932912999999998,0.22998984,0.25054094999999993,0.22113603,0.163,0.161,0.158,0.157,0.151,0.144,0.12,0.103,0.09,0.072,0.072,0.07,0.072,0.072,0.074,0.079,0.105,0.144,0.152,0.143,0.143,0.144,0.152,0.156,0.167,0.175,0.175,0.178,0.18,0.185,0.181,0.173,0.161,0.136,0.135,0.125,0.108,0.092,0.095,0.105,0.109,0.103,0.117,0.119,0.133,0.142,0.14,0.137,"[[2], [1, 3, 4]]"
0.22340891999999998,0.24477789,0.24672744,0.23992779,0.23502062999999998,0.22336136999999998,0.2134044,0.19016196,0.19915841999999997,0.18473175,0.18186924000000002,0.16097577,0.15235019999999996,0.17459409,0.19385184,0.21605769,0.21072258,0.23885315999999998,0.24006092999999998,0.22974258,0.23257656,0.24077418,0.21639054,0.21176868000000001,0.22702271999999998,0.24722195999999996,0.2879628,0.28293201,0.28958901,0.23561975999999998,0.21504012,0.21610523999999998,0.3118233899999999,0.27329837999999995,0.27420183,0.22371324,0.17515518,0.15853169999999997,0.15162744,0.16341033,0.17937762,0.20326674,0.20886812999999999,0.21932912999999998,0.22998984,0.25054094999999993,0.22113603,0.21642857999999998,0.161,0.158,0.157,0.151,0.144,0.12,0.103,0.09,0.072,0.072,0.07,0.072,0.072,0.074,0.079,0.105,0.144,0.152,0.143,0.143,0.144,0.152,0.156,0.167,0.175,0.175,0.178,0.18,0.185,0.181,0.173,0.161,0.136,0.135,0.125,0.108,0.092,0.095,0.105,0.109,0.103,0.117,0.119,0.133,0.142,0.14,0.137,0.14,"[[2], [1, 3, 4]]"
0.24477789,0.24672744,0.23992779,0.23502062999999998,0.22336136999999998,0.2134044,0.19016196,0.19915841999999997,0.18473175,0.18186924000000002,0.16097577,0.15235019999999996,0.17459409,0.19385184,0.21605769,0.21072258,0.23885315999999998,0.24006092999999998,0.22974258,0.23257656,0.24077418,0.21639054,0.21176868000000001,0.22702271999999998,0.24722195999999996,0.2879628,0.28293201,0.28958901,0.23561975999999998,0.21504012,0.21610523999999998,0.3118233899999999,0.27329837999999995,0.27420183,0.22371324,0.17515518,0.15853169999999997,0.15162744,0.16341033,0.17937762,0.20326674,0.20886812999999999,0.21932912999999998,0.22998984,0.25054094999999993,0.22113603,0.21642857999999998,0.19398497999999997,0.158,0.157,0.151,0.144,0.12,0.103,0.09,0.072,0.072,0.07,0.072,0.072,0.074,0.079,0.105,0.144,0.152,0.143,0.143,0.144,0.152,0.156,0.167,0.175,0.175,0.178,0.18,0.185,0.181,0.173,0.161,0.136,0.135,0.125,0.108,0.092,0.095,0.105,0.109,0.103,0.117,0.119,0.133,0.142,0.14,0.137,0.14,0.146,"[[2], [1, 3, 4]]"
0.24672744,0.23992779,0.23502062999999998,0.22336136999999998,0.2134044,0.19016196,0.19915841999999997,0.18473175,0.18186924000000002,0.16097577,0.15235019999999996,0.17459409,0.19385184,0.21605769,0.21072258,0.23885315999999998,0.24006092999999998,0.22974258,0.23257656,0.24077418,0.21639054,0.21176868000000001,0.22702271999999998,0.24722195999999996,0.2879628,0.28293201,0.28958901,0.23561975999999998,0.21504012,0.21610523999999998,0.3118233899999999,0.27329837999999995,0.27420183,0.22371324,0.17515518,0.15853169999999997,0.15162744,0.16341033,0.17937762,0.20326674,0.20886812999999999,0.21932912999999998,0.22998984,0.25054094999999993,0.22113603,0.21642857999999998,0.19398497999999997,0.26762091000000005,0.157,0.151,0.144,0.12,0.103,0.09,0.072,0.072,0.07,0.072,0.072,0.074,0.079,0.105,0.144,0.152,0.143,0.143,0.144,0.152,0.156,0.167,0.175,0.175,0.178,0.18,0.185,0.181,0.173,0.161,0.136,0.135,0.125,0.108,0.092,0.095,0.105,0.109,0.103,0.117,0.119,0.133,0.142,0.14,0.137,0.14,0.146,0.149,"[[2], [1, 3, 4]]"
0.23992779,0.23502062999999998,0.22336136999999998,0.2134044,0.19016196,0.19915841999999997,0.18473175,0.18186924000000002,0.16097577,0.15235019999999996,0.17459409,0.19385184,0.21605769,0.21072258,0.23885315999999998,0.24006092999999998,0.22974258,0.23257656,0.24077418,0.21639054,0.21176868000000001,0.22702271999999998,0.24722195999999996,0.2879628,0.28293201,0.28958901,0.23561975999999998,0.21504012,0.21610523999999998,0.3118233899999999,0.27329837999999995,0.27420183,0.22371324,0.17515518,0.15853169999999997,0.15162744,0.16341033,0.17937762,0.20326674,0.20886812999999999,0.21932912999999998,0.22998984,0.25054094999999993,0.22113603,0.21642857999999998,0.19398497999999997,0.26762091000000005,0.29283192,0.151,0.144,0.12,0.103,0.09,0.072,0.072,0.07,0.072,0.072,0.074,0.079,0.105,0.144,0.152,0.143,0.143,0.144,0.152,0.156,0.167,0.175,0.175,0.178,0.18,0.185,0.181,0.173,0.161,0.136,0.135,0.125,0.108,0.092,0.095,0.105,0.109,0.103,0.117,0.119,0.133,0.142,0.14,0.137,0.14,0.146,0.149,0.146,"[[2], [1, 3, 4]]"
0.23502062999999998,0.22336136999999998,0.2134044,0.19016196,0.19915841999999997,0.18473175,0.18186924000000002,0.16097577,0.15235019999999996,0.17459409,0.19385184,0.21605769,0.21072258,0.23885315999999998,0.24006092999999998,0.22974258,0.23257656,0.24077418,0.21639054,0.21176868000000001,0.22702271999999998,0.24722195999999996,0.2879628,0.28293201,0.28958901,0.23561975999999998,0.21504012,0.21610523999999998,0.3118233899999999,0.27329837999999995,0.27420183,0.22371324,0.17515518,0.15853169999999997,0.15162744,0.16341033,0.17937762,0.20326674,0.20886812999999999,0.21932912999999998,0.22998984,0.25054094999999993,0.22113603,0.21642857999999998,0.19398497999999997,0.26762091000000005,0.29283192,0.26696472,0.144,0.12,0.103,0.09,0.072,0.072,0.07,0.072,0.072,0.074,0.079,0.105,0.144,0.152,0.143,0.143,0.144,0.152,0.156,0.167,0.175,0.175,0.178,0.18,0.185,0.181,0.173,0.161,0.136,0.135,0.125,0.108,0.092,0.095,0.105,0.109,0.103,0.117,0.119,0.133,0.142,0.14,0.137,0.14,0.146,0.149,0.146,0.135,"[[2], [1, 3, 4]]"
0.22336136999999998,0.2134044,0.19016196,0.19915841999999997,0.18473175,0.18186924000000002,0.16097577,0.15235019999999996,0.17459409,0.19385184,0.21605769,0.21072258,0.23885315999999998,0.24006092999999998,0.22974258,0.23257656,0.24077418,0.21639054,0.21176868000000001,0.22702271999999998,0.24722195999999996,0.2879628,0.28293201,0.28958901,0.23561975999999998,0.21504012,0.21610523999999998,0.3118233899999999,0.27329837999999995,0.27420183,0.22371324,0.17515518,0.15853169999999997,0.15162744,0.16341033,0.17937762,0.20326674,0.20886812999999999,0.21932912999999998,0.22998984,0.25054094999999993,0.22113603,0.21642857999999998,0.19398497999999997,0.26762091000000005,0.29283192,0.26696472,0.22441698,0.12,0.103,0.09,0.072,0.072,0.07,0.072,0.072,0.074,0.079,0.105,0.144,0.152,0.143,0.143,0.144,0.152,0.156,0.167,0.175,0.175,0.178,0.18,0.185,0.181,0.173,0.161,0.136,0.135,0.125,0.108,0.092,0.095,0.105,0.109,0.103,0.117,0.119,0.133,0.142,0.14,0.137,0.14,0.146,0.149,0.146,0.135,0.129,"[[2], [1, 3, 4]]"
0.2134044,0.19016196,0.19915841999999997,0.18473175,0.18186924000000002,0.16097577,0.15235019999999996,0.17459409,0.19385184,0.21605769,0.21072258,0.23885315999999998,0.24006092999999998,0.22974258,0.23257656,0.24077418,0.21639054,0.21176868000000001,0.22702271999999998,0.24722195999999996,0.2879628,0.28293201,0.28958901,0.23561975999999998,0.21504012,0.21610523999999998,0.3118233899999999,0.27329837999999995,0.27420183,0.22371324,0.17515518,0.15853169999999997,0.15162744,0.16341033,0.17937762,0.20326674,0.20886812999999999,0.21932912999999998,0.22998984,0.25054094999999993,0.22113603,0.21642857999999998,0.19398497999999997,0.26762091000000005,0.29283192,0.26696472,0.22441698,0.18698562000000002,0.103,0.09,0.072,0.072,0.07,0.072,0.072,0.074,0.079,0.105,0.144,0.152,0.143,0.143,0.144,0.152,0.156,0.167,0.175,0.175,0.178,0.18,0.185,0.181,0.173,0.161,0.136,0.135,0.125,0.108,0.092,0.095,0.105,0.109,0.103,0.117,0.119,0.133,0.142,0.14,0.137,0.14,0.146,0.149,0.146,0.135,0.129,0.109,"[[2], [1, 3, 4]]"
0.19016196,0.19915841999999997,0.18473175,0.18186924000000002,0.16097577,0.15235019999999996,0.17459409,0.19385184,0.21605769,0.21072258,0.23885315999999998,0.24006092999999998,0.22974258,0.23257656,0.24077418,0.21639054,0.21176868000000001,0.22702271999999998,0.24722195999999996,0.2879628,0.28293201,0.28958901,0.23561975999999998,0.21504012,0.21610523999999998,0.3118233899999999,0.27329837999999995,0.27420183,0.22371324,0.17515518,0.15853169999999997,0.15162744,0.16341033,0.17937762,0.20326674,0.20886812999999999,0.21932912999999998,0.22998984,0.25054094999999993,0.22113603,0.21642857999999998,0.19398497999999997,0.26762091000000005,0.29283192,0.26696472,0.22441698,0.18698562000000002,0.22341843,0.09,0.072,0.072,0.07,0.072,0.072,0.074,0.079,0.105,0.144,0.152,0.143,0.143,0.144,0.152,0.156,0.167,0.175,0.175,0.178,0.18,0.185,0.181,0.173,0.161,0.136,0.135,0.125,0.108,0.092,0.095,0.105,0.109,0.103,0.117,0.119,0.133,0.142,0.14,0.137,0.14,0.146,0.149,0.146,0.135,0.129,0.109,0.094,"[[2], [1, 3, 4]]"
0.19915841999999997,0.18473175,0.18186924000000002,0.16097577,0.15235019999999996,0.17459409,0.19385184,0.21605769,0.21072258,0.23885315999999998,0.24006092999999998,0.22974258,0.23257656,0.24077418,0.21639054,0.21176868000000001,0.22702271999999998,0.24722195999999996,0.2879628,0.28293201,0.28958901,0.23561975999999998,0.21504012,0.21610523999999998,0.3118233899999999,0.27329837999999995,0.27420183,0.22371324,0.17515518,0.15853169999999997,0.15162744,0.16341033,0.17937762,0.20326674,0.20886812999999999,0.21932912999999998,0.22998984,0.25054094999999993,0.22113603,0.21642857999999998,0.19398497999999997,0.26762091000000005,0.29283192,0.26696472,0.22441698,0.18698562000000002,0.22341843,0.14064338999999998,0.072,0.072,0.07,0.072,0.072,0.074,0.079,0.105,0.144,0.152,0.143,0.143,0.144,0.152,0.156,0.167,0.175,0.175,0.178,0.18,0.185,0.181,0.173,0.161,0.136,0.135,0.125,0.108,0.092,0.095,0.105,0.109,0.103,0.117,0.119,0.133,0.142,0.14,0.137,0.14,0.146,0.149,0.146,0.135,0.129,0.109,0.094,0.073,"[[2], [1, 3, 4]]"
0.18473175,0.18186924000000002,0.16097577,0.15235019999999996,0.17459409,0.19385184,0.21605769,0.21072258,0.23885315999999998,0.24006092999999998,0.22974258,0.23257656,0.24077418,0.21639054,0.21176868000000001,0.22702271999999998,0.24722195999999996,0.2879628,0.28293201,0.28958901,0.23561975999999998,0.21504012,0.21610523999999998,0.3118233899999999,0.27329837999999995,0.27420183,0.22371324,0.17515518,0.15853169999999997,0.15162744,0.16341033,0.17937762,0.20326674,0.20886812999999999,0.21932912999999998,0.22998984,0.25054094999999993,0.22113603,0.21642857999999998,0.19398497999999997,0.26762091000000005,0.29283192,0.26696472,0.22441698,0.18698562000000002,0.22341843,0.14064338999999998,0.19582041,0.072,0.07,0.072,0.072,0.074,0.079,0.105,0.144,0.152,0.143,0.143,0.144,0.152,0.156,0.167,0.175,0.175,0.178,0.18,0.185,0.181,0.173,0.161,0.136,0.135,0.125,0.108,0.092,0.095,0.105,0.109,0.103,0.117,0.119,0.133,0.142,0.14,0.137,0.14,0.146,0.149,0.146,0.135,0.129,0.109,0.094,0.073,0.074,"[[2], [1, 3, 4]]"
0.18186924000000002,0.16097577,0.15235019999999996,0.17459409,0.19385184,0.21605769,0.21072258,0.23885315999999998,0.24006092999999998,0.22974258,0.23257656,0.24077418,0.21639054,0.21176868000000001,0.22702271999999998,0.24722195999999996,0.2879628,0.28293201,0.28958901,0.23561975999999998,0.21504012,0.21610523999999998,0.3118233899999999,0.27329837999999995,0.27420183,0.22371324,0.17515518,0.15853169999999997,0.15162744,0.16341033,0.17937762,0.20326674,0.20886812999999999,0.21932912999999998,0.22998984,0.25054094999999993,0.22113603,0.21642857999999998,0.19398497999999997,0.26762091000000005,0.29283192,0.26696472,0.22441698,0.18698562000000002,0.22341843,0.14064338999999998,0.19582041,0.20820243,0.07,0.072,0.072,0.074,0.079,0.105,0.144,0.152,0.143,0.143,0.144,0.152,0.156,0.167,0.175,0.175,0.178,0.18,0.185,0.181,0.173,0.161,0.136,0.135,0.125,0.108,0.092,0.095,0.105,0.109,0.103,0.117,0.119,0.133,0.142,0.14,0.137,0.14,0.146,0.149,0.146,0.135,0.129,0.109,0.094,0.073,0.074,0.082,"[[2], [1, 3, 4]]"
0.16097577,0.15235019999999996,0.17459409,0.19385184,0.21605769,0.21072258,0.23885315999999998,0.24006092999999998,0.22974258,0.23257656,0.24077418,0.21639054,0.21176868000000001,0.22702271999999998,0.24722195999999996,0.2879628,0.28293201,0.28958901,0.23561975999999998,0.21504012,0.21610523999999998,0.3118233899999999,0.27329837999999995,0.27420183,0.22371324,0.17515518,0.15853169999999997,0.15162744,0.16341033,0.17937762,0.20326674,0.20886812999999999,0.21932912999999998,0.22998984,0.25054094999999993,0.22113603,0.21642857999999998,0.19398497999999997,0.26762091000000005,0.29283192,0.26696472,0.22441698,0.18698562000000002,0.22341843,0.14064338999999998,0.19582041,0.20820243,0.17627736000000002,0.072,0.072,0.074,0.079,0.105,0.144,0.152,0.143,0.143,0.144,0.152,0.156,0.167,0.175,0.175,0.178,0.18,0.185,0.181,0.173,0.161,0.136,0.135,0.125,0.108,0.092,0.095,0.105,0.109,0.103,0.117,0.119,0.133,0.142,0.14,0.137,0.14,0.146,0.149,0.146,0.135,0.129,0.109,0.094,0.073,0.074,0.082,0.082,"[[2], [1, 3, 4]]"
0.15235019999999996,0.17459409,0.19385184,0.21605769,0.21072258,0.23885315999999998,0.24006092999999998,0.22974258,0.23257656,0.24077418,0.21639054,0.21176868000000001,0.22702271999999998,0.24722195999999996,0.2879628,0.28293201,0.28958901,0.23561975999999998,0.21504012,0.21610523999999998,0.3118233899999999,0.27329837999999995,0.27420183,0.22371324,0.17515518,0.15853169999999997,0.15162744,0.16341033,0.17937762,0.20326674,0.20886812999999999,0.21932912999999998,0.22998984,0.25054094999999993,0.22113603,0.21642857999999998,0.19398497999999997,0.26762091000000005,0.29283192,0.26696472,0.22441698,0.18698562000000002,0.22341843,0.14064338999999998,0.19582041,0.20820243,0.17627736000000002,0.15027702,0.072,0.074,0.079,0.105,0.144,0.152,0.143,0.143,0.144,0.152,0.156,0.167,0.175,0.175,0.178,0.18,0.185,0.181,0.173,0.161,0.136,0.135,0.125,0.108,0.092,0.095,0.105,0.109,0.103,0.117,0.119,0.133,0.142,0.14,0.137,0.14,0.146,0.149,0.146,0.135,0.129,0.109,0.094,0.073,0.074,0.082,0.082,0.078,"[[2], [1, 3, 4]]"
0.17459409,0.19385184,0.21605769,0.21072258,0.23885315999999998,0.24006092999999998,0.22974258,0.23257656,0.24077418,0.21639054,0.21176868000000001,0.22702271999999998,0.24722195999999996,0.2879628,0.28293201,0.28958901,0.23561975999999998,0.21504012,0.21610523999999998,0.3118233899999999,0.27329837999999995,0.27420183,0.22371324,0.17515518,0.15853169999999997,0.15162744,0.16341033,0.17937762,0.20326674,0.20886812999999999,0.21932912999999998,0.22998984,0.25054094999999993,0.22113603,0.21642857999999998,0.19398497999999997,0.26762091000000005,0.29283192,0.26696472,0.22441698,0.18698562000000002,0.22341843,0.14064338999999998,0.19582041,0.20820243,0.17627736000000002,0.15027702,0.11416754999999999,0.074,0.079,0.105,0.144,0.152,0.143,0.143,0.144,0.152,0.156,0.167,0.175,0.175,0.178,0.18,0.185,0.181,0.173,0.161,0.136,0.135,0.125,0.108,0.092,0.095,0.105,0.109,0.103,0.117,0.119,0.133,0.142,0.14,0.137,0.14,0.146,0.149,0.146,0.135,0.129,0.109,0.094,0.073,0.074,0.082,0.082,0.078,0.072,"[[2], [1, 3, 4]]"
0.19385184,0.21605769,0.21072258,0.23885315999999998,0.24006092999999998,0.22974258,0.23257656,0.24077418,0.21639054,0.21176868000000001,0.22702271999999998,0.24722195999999996,0.2879628,0.28293201,0.28958901,0.23561975999999998,0.21504012,0.21610523999999998,0.3118233899999999,0.27329837999999995,0.27420183,0.22371324,0.17515518,0.15853169999999997,0.15162744,0.16341033,0.17937762,0.20326674,0.20886812999999999,0.21932912999999998,0.22998984,0.25054094999999993,0.22113603,0.21642857999999998,0.19398497999999997,0.26762091000000005,0.29283192,0.26696472,0.22441698,0.18698562000000002,0.22341843,0.14064338999999998,0.19582041,0.20820243,0.17627736000000002,0.15027702,0.11416754999999999,0.11032551,0.079,0.105,0.144,0.152,0.143,0.143,0.144,0.152,0.156,0.167,0.175,0.175,0.178,0.18,0.185,0.181,0.173,0.161,0.136,0.135,0.125,0.108,0.092,0.095,0.105,0.109,0.103,0.117,0.119,0.133,0.142,0.14,0.137,0.14,0.146,0.149,0.146,0.135,0.129,0.109,0.094,0.073,0.074,0.082,0.082,0.078,0.072,0.073,"[[2], [1, 3, 4]]"
0.21605769,0.21072258,0.23885315999999998,0.24006092999999998,0.22974258,0.23257656,0.24077418,0.21639054,0.21176868000000001,0.22702271999999998,0.24722195999999996,0.2879628,0.28293201,0.28958901,0.23561975999999998,0.21504012,0.21610523999999998,0.3118233899999999,0.27329837999999995,0.27420183,0.22371324,0.17515518,0.15853169999999997,0.15162744,0.16341033,0.17937762,0.20326674,0.20886812999999999,0.21932912999999998,0.22998984,0.25054094999999993,0.22113603,0.21642857999999998,0.19398497999999997,0.26762091000000005,0.29283192,0.26696472,0.22441698,0.18698562000000002,0.22341843,0.14064338999999998,0.19582041,0.20820243,0.17627736000000002,0.15027702,0.11416754999999999,0.11032551,0.1137396,0.105,0.144,0.152,0.143,0.143,0.144,0.152,0.156,0.167,0.175,0.175,0.178,0.18,0.185,0.181,0.173,0.161,0.136,0.135,0.125,0.108,0.092,0.095,0.105,0.109,0.103,0.117,0.119,0.133,0.142,0.14,0.137,0.14,0.146,0.149,0.146,0.135,0.129,0.109,0.094,0.073,0.074,0.082,0.082,0.078,0.072,0.073,0.083,"[[2], [1, 3, 4]]"
0.21072258,0.23885315999999998,0.24006092999999998,0.22974258,0.23257656,0.24077418,0.21639054,0.21176868000000001,0.22702271999999998,0.24722195999999996,0.2879628,0.28293201,0.28958901,0.23561975999999998,0.21504012,0.21610523999999998,0.3118233899999999,0.27329837999999995,0.27420183,0.22371324,0.17515518,0.15853169999999997,0.15162744,0.16341033,0.17937762,0.20326674,0.20886812999999999,0.21932912999999998,0.22998984,0.25054094999999993,0.22113603,0.21642857999999998,0.19398497999999997,0.26762091000000005,0.29283192,0.26696472,0.22441698,0.18698562000000002,0.22341843,0.14064338999999998,0.19582041,0.20820243,0.17627736000000002,0.15027702,0.11416754999999999,0.11032551,0.1137396,0.11558454,0.144,0.152,0.143,0.143,0.144,0.152,0.156,0.167,0.175,0.175,0.178,0.18,0.185,0.181,0.173,0.161,0.136,0.135,0.125,0.108,0.092,0.095,0.105,0.109,0.103,0.117,0.119,0.133,0.142,0.14,0.137,0.14,0.146,0.149,0.146,0.135,0.129,0.109,0.094,0.073,0.074,0.082,0.082,0.078,0.072,0.073,0.083,0.094,"[[2], [1, 3, 4]]"
0.23885315999999998,0.24006092999999998,0.22974258,0.23257656,0.24077418,0.21639054,0.21176868000000001,0.22702271999999998,0.24722195999999996,0.2879628,0.28293201,0.28958901,0.23561975999999998,0.21504012,0.21610523999999998,0.3118233899999999,0.27329837999999995,0.27420183,0.22371324,0.17515518,0.15853169999999997,0.15162744,0.16341033,0.17937762,0.20326674,0.20886812999999999,0.21932912999999998,0.22998984,0.25054094999999993,0.22113603,0.21642857999999998,0.19398497999999997,0.26762091000000005,0.29283192,0.26696472,0.22441698,0.18698562000000002,0.22341843,0.14064338999999998,0.19582041,0.20820243,0.17627736000000002,0.15027702,0.11416754999999999,0.11032551,0.1137396,0.11558454,0.09956018999999999,0.152,0.143,0.143,0.144,0.152,0.156,0.167,0.175,0.175,0.178,0.18,0.185,0.181,0.173,0.161,0.136,0.135,0.125,0.108,0.092,0.095,0.105,0.109,0.103,0.117,0.119,0.133,0.142,0.14,0.137,0.14,0.146,0.149,0.146,0.135,0.129,0.109,0.094,0.073,0.074,0.082,0.082,0.078,0.072,0.073,0.083,0.094,0.102,"[[2], [1, 3, 4]]"
0.24006092999999998,0.22974258,0.23257656,0.24077418,0.21639054,0.21176868000000001,0.22702271999999998,0.24722195999999996,0.2879628,0.28293201,0.28958901,0.23561975999999998,0.21504012,0.21610523999999998,0.3118233899999999,0.27329837999999995,0.27420183,0.22371324,0.17515518,0.15853169999999997,0.15162744,0.16341033,0.17937762,0.20326674,0.20886812999999999,0.21932912999999998,0.22998984,0.25054094999999993,0.22113603,0.21642857999999998,0.19398497999999997,0.26762091000000005,0.29283192,0.26696472,0.22441698,0.18698562000000002,0.22341843,0.14064338999999998,0.19582041,0.20820243,0.17627736000000002,0.15027702,0.11416754999999999,0.11032551,0.1137396,0.11558454,0.09956018999999999,0.15964436999999998,0.143,0.143,0.144,0.152,0.156,0.167,0.175,0.175,0.178,0.18,0.185,0.181,0.173,0.161,0.136,0.135,0.125,0.108,0.092,0.095,0.105,0.109,0.103,0.117,0.119,0.133,0.142,0.14,0.137,0.14,0.146,0.149,0.146,0.135,0.129,0.109,0.094,0.073,0.074,0.082,0.082,0.078,0.072,0.073,0.083,0.094,0.102,0.118,"[[2], [1, 3, 4]]"
0.22974258,0.23257656,0.24077418,0.21639054,0.21176868000000001,0.22702271999999998,0.24722195999999996,0.2879628,0.28293201,0.28958901,0.23561975999999998,0.21504012,0.21610523999999998,0.3118233899999999,0.27329837999999995,0.27420183,0.22371324,0.17515518,0.15853169999999997,0.15162744,0.16341033,0.17937762,0.20326674,0.20886812999999999,0.21932912999999998,0.22998984,0.25054094999999993,0.22113603,0.21642857999999998,0.19398497999999997,0.26762091000000005,0.29283192,0.26696472,0.22441698,0.18698562000000002,0.22341843,0.14064338999999998,0.19582041,0.20820243,0.17627736000000002,0.15027702,0.11416754999999999,0.11032551,0.1137396,0.11558454,0.09956018999999999,0.15964436999999998,0.20145984,0.143,0.144,0.152,0.156,0.167,0.175,0.175,0.178,0.18,0.185,0.181,0.173,0.161,0.136,0.135,0.125,0.108,0.092,0.095,0.105,0.109,0.103,0.117,0.119,0.133,0.142,0.14,0.137,0.14,0.146,0.149,0.146,0.135,0.129,0.109,0.094,0.073,0.074,0.082,0.082,0.078,0.072,0.073,0.083,0.094,0.102,0.118,0.131,"[[2], [1, 3, 4]]"
0.23257656,0.24077418,0.21639054,0.21176868000000001,0.22702271999999998,0.24722195999999996,0.2879628,0.28293201,0.28958901,0.23561975999999998,0.21504012,0.21610523999999998,0.3118233899999999,0.27329837999999995,0.27420183,0.22371324,0.17515518,0.15853169999999997,0.15162744,0.16341033,0.17937762,0.20326674,0.20886812999999999,0.21932912999999998,0.22998984,0.25054094999999993,0.22113603,0.21642857999999998,0.19398497999999997,0.26762091000000005,0.29283192,0.26696472,0.22441698,0.18698562000000002,0.22341843,0.14064338999999998,0.19582041,0.20820243,0.17627736000000002,0.15027702,0.11416754999999999,0.11032551,0.1137396,0.11558454,0.09956018999999999,0.15964436999999998,0.20145984,0.18847869,0.144,0.152,0.156,0.167,0.175,0.175,0.178,0.18,0.185,0.181,0.173,0.161,0.136,0.135,0.125,0.108,0.092,0.095,0.105,0.109,0.103,0.117,0.119,0.133,0.142,0.14,0.137,0.14,0.146,0.149,0.146,0.135,0.129,0.109,0.094,0.073,0.074,0.082,0.082,0.078,0.072,0.073,0.083,0.094,0.102,0.118,0.131,0.142,"[[2], [1, 3, 4]]"
0.24077418,0.21639054,0.21176868000000001,0.22702271999999998,0.24722195999999996,0.2879628,0.28293201,0.28958901,0.23561975999999998,0.21504012,0.21610523999999998,0.3118233899999999,0.27329837999999995,0.27420183,0.22371324,0.17515518,0.15853169999999997,0.15162744,0.16341033,0.17937762,0.20326674,0.20886812999999999,0.21932912999999998,0.22998984,0.25054094999999993,0.22113603,0.21642857999999998,0.19398497999999997,0.26762091000000005,0.29283192,0.26696472,0.22441698,0.18698562000000002,0.22341843,0.14064338999999998,0.19582041,0.20820243,0.17627736000000002,0.15027702,0.11416754999999999,0.11032551,0.1137396,0.11558454,0.09956018999999999,0.15964436999999998,0.20145984,0.18847869,0.18703316999999997,0.152,0.156,0.167,0.175,0.175,0.178,0.18,0.185,0.181,0.173,0.161,0.136,0.135,0.125,0.108,0.092,0.095,0.105,0.109,0.103,0.117,0.119,0.133,0.142,0.14,0.137,0.14,0.146,0.149,0.146,0.135,0.129,0.109,0.094,0.073,0.074,0.082,0.082,0.078,0.072,0.073,0.083,0.094,0.102,0.118,0.131,0.142,0.149,"[[2], [1, 3, 4]]"
0.21639054,0.21176868000000001,0.22702271999999998,0.24722195999999996,0.2879628,0.28293201,0.28958901,0.23561975999999998,0.21504012,0.21610523999999998,0.3118233899999999,0.27329837999999995,0.27420183,0.22371324,0.17515518,0.15853169999999997,0.15162744,0.16341033,0.17937762,0.20326674,0.20886812999999999,0.21932912999999998,0.22998984,0.25054094999999993,0.22113603,0.21642857999999998,0.19398497999999997,0.26762091000000005,0.29283192,0.26696472,0.22441698,0.18698562000000002,0.22341843,0.14064338999999998,0.19582041,0.20820243,0.17627736000000002,0.15027702,0.11416754999999999,0.11032551,0.1137396,0.11558454,0.09956018999999999,0.15964436999999998,0.20145984,0.18847869,0.18703316999999997,0.22112652,0.156,0.167,0.175,0.175,0.178,0.18,0.185,0.181,0.173,0.161,0.136,0.135,0.125,0.108,0.092,0.095,0.105,0.109,0.103,0.117,0.119,0.133,0.142,0.14,0.137,0.14,0.146,0.149,0.146,0.135,0.129,0.109,0.094,0.073,0.074,0.082,0.082,0.078,0.072,0.073,0.083,0.094,0.102,0.118,0.131,0.142,0.149,0.167,"[[2], [1, 3, 4]]"
0.21176868000000001,0.22702271999999998,0.24722195999999996,0.2879628,0.28293201,0.28958901,0.23561975999999998,0.21504012,0.21610523999999998,0.3118233899999999,0.27329837999999995,0.27420183,0.22371324,0.17515518,0.15853169999999997,0.15162744,0.16341033,0.17937762,0.20326674,0.20886812999999999,0.21932912999999998,0.22998984,0.25054094999999993,0.22113603,0.21642857999999998,0.19398497999999997,0.26762091000000005,0.29283192,0.26696472,0.22441698,0.18698562000000002,0.22341843,0.14064338999999998,0.19582041,0.20820243,0.17627736000000002,0.15027702,0.11416754999999999,0.11032551,0.1137396,0.11558454,0.09956018999999999,0.15964436999999998,0.20145984,0.18847869,0.18703316999999997,0.22112652,0.21494502,0.167,0.175,0.175,0.178,0.18,0.185,0.181,0.173,0.161,0.136,0.135,0.125,0.108,0.092,0.095,0.105,0.109,0.103,0.117,0.119,0.133,0.142,0.14,0.137,0.14,0.146,0.149,0.146,0.135,0.129,0.109,0.094,0.073,0.074,0.082,0.082,0.078,0.072,0.073,0.083,0.094,0.102,0.118,0.131,0.142,0.149,0.167,0.183,"[[2], [1, 3, 4]]"
0.22702271999999998,0.24722195999999996,0.2879628,0.28293201,0.28958901,0.23561975999999998,0.21504012,0.21610523999999998,0.3118233899999999,0.27329837999999995,0.27420183,0.22371324,0.17515518,0.15853169999999997,0.15162744,0.16341033,0.17937762,0.20326674,0.20886812999999999,0.21932912999999998,0.22998984,0.25054094999999993,0.22113603,0.21642857999999998,0.19398497999999997,0.26762091000000005,0.29283192,0.26696472,0.22441698,0.18698562000000002,0.22341843,0.14064338999999998,0.19582041,0.20820243,0.17627736000000002,0.15027702,0.11416754999999999,0.11032551,0.1137396,0.11558454,0.09956018999999999,0.15964436999999998,0.20145984,0.18847869,0.18703316999999997,0.22112652,0.21494502,0.19738956,0.175,0.175,0.178,0.18,0.185,0.181,0.173,0.161,0.136,0.135,0.125,0.108,0.092,0.095,0.105,0.109,0.103,0.117,0.119,0.133,0.142,0.14,0.137,0.14,0.146,0.149,0.146,0.135,0.129,0.109,0.094,0.073,0.074,0.082,0.082,0.078,0.072,0.073,0.083,0.094,0.102,0.118,0.131,0.142,0.149,0.167,0.183,0.204,"[[2], [1, 3, 4]]"
0.24722195999999996,0.2879628,0.28293201,0.28958901,0.23561975999999998,0.21504012,0.21610523999999998,0.3118233899999999,0.27329837999999995,0.27420183,0.22371324,0.17515518,0.15853169999999997,0.15162744,0.16341033,0.17937762,0.20326674,0.20886812999999999,0.21932912999999998,0.22998984,0.25054094999999993,0.22113603,0.21642857999999998,0.19398497999999997,0.26762091000000005,0.29283192,0.26696472,0.22441698,0.18698562000000002,0.22341843,0.14064338999999998,0.19582041,0.20820243,0.17627736000000002,0.15027702,0.11416754999999999,0.11032551,0.1137396,0.11558454,0.09956018999999999,0.15964436999999998,0.20145984,0.18847869,0.18703316999999997,0.22112652,0.21494502,0.19738956,0.1792635,0.175,0.178,0.18,0.185,0.181,0.173,0.161,0.136,0.135,0.125,0.108,0.092,0.095,0.105,0.109,0.103,0.117,0.119,0.133,0.142,0.14,0.137,0.14,0.146,0.149,0.146,0.135,0.129,0.109,0.094,0.073,0.074,0.082,0.082,0.078,0.072,0.073,0.083,0.094,0.102,0.118,0.131,0.142,0.149,0.167,0.183,0.204,0.22,"[[2], [1, 3, 4]]"
0.2879628,0.28293201,0.28958901,0.23561975999999998,0.21504012,0.21610523999999998,0.3118233899999999,0.27329837999999995,0.27420183,0.22371324,0.17515518,0.15853169999999997,0.15162744,0.16341033,0.17937762,0.20326674,0.20886812999999999,0.21932912999999998,0.22998984,0.25054094999999993,0.22113603,0.21642857999999998,0.19398497999999997,0.26762091000000005,0.29283192,0.26696472,0.22441698,0.18698562000000002,0.22341843,0.14064338999999998,0.19582041,0.20820243,0.17627736000000002,0.15027702,0.11416754999999999,0.11032551,0.1137396,0.11558454,0.09956018999999999,0.15964436999999998,0.20145984,0.18847869,0.18703316999999997,0.22112652,0.21494502,0.19738956,0.1792635,0.26690766,0.178,0.18,0.185,0.181,0.173,0.161,0.136,0.135,0.125,0.108,0.092,0.095,0.105,0.109,0.103,0.117,0.119,0.133,0.142,0.14,0.137,0.14,0.146,0.149,0.146,0.135,0.129,0.109,0.094,0.073,0.074,0.082,0.082,0.078,0.072,0.073,0.083,0.094,0.102,0.118,0.131,0.142,0.149,0.167,0.183,0.204,0.22,0.224,"[[2], [1, 3, 4]]"
0.28293201,0.28958901,0.23561975999999998,0.21504012,0.21610523999999998,0.3118233899999999,0.27329837999999995,0.27420183,0.22371324,0.17515518,0.15853169999999997,0.15162744,0.16341033,0.17937762,0.20326674,0.20886812999999999,0.21932912999999998,0.22998984,0.25054094999999993,0.22113603,0.21642857999999998,0.19398497999999997,0.26762091000000005,0.29283192,0.26696472,0.22441698,0.18698562000000002,0.22341843,0.14064338999999998,0.19582041,0.20820243,0.17627736000000002,0.15027702,0.11416754999999999,0.11032551,0.1137396,0.11558454,0.09956018999999999,0.15964436999999998,0.20145984,0.18847869,0.18703316999999997,0.22112652,0.21494502,0.19738956,0.1792635,0.26690766,0.29598924,0.18,0.185,0.181,0.173,0.161,0.136,0.135,0.125,0.108,0.092,0.095,0.105,0.109,0.103,0.117,0.119,0.133,0.142,0.14,0.137,0.14,0.146,0.149,0.146,0.135,0.129,0.109,0.094,0.073,0.074,0.082,0.082,0.078,0.072,0.073,0.083,0.094,0.102,0.118,0.131,0.142,0.149,0.167,0.183,0.204,0.22,0.224,0.225,"[[2], [1, 3, 4]]"
0.28958901,0.23561975999999998,0.21504012,0.21610523999999998,0.3118233899999999,0.27329837999999995,0.27420183,0.22371324,0.17515518,0.15853169999999997,0.15162744,0.16341033,0.17937762,0.20326674,0.20886812999999999,0.21932912999999998,0.22998984,0.25054094999999993,0.22113603,0.21642857999999998,0.19398497999999997,0.26762091000000005,0.29283192,0.26696472,0.22441698,0.18698562000000002,0.22341843,0.14064338999999998,0.19582041,0.20820243,0.17627736000000002,0.15027702,0.11416754999999999,0.11032551,0.1137396,0.11558454,0.09956018999999999,0.15964436999999998,0.20145984,0.18847869,0.18703316999999997,0.22112652,0.21494502,0.19738956,0.1792635,0.26690766,0.29598924,0.26435897999999997,0.185,0.181,0.173,0.161,0.136,0.135,0.125,0.108,0.092,0.095,0.105,0.109,0.103,0.117,0.119,0.133,0.142,0.14,0.137,0.14,0.146,0.149,0.146,0.135,0.129,0.109,0.094,0.073,0.074,0.082,0.082,0.078,0.072,0.073,0.083,0.094,0.102,0.118,0.131,0.142,0.149,0.167,0.183,0.204,0.22,0.224,0.225,0.229,"[[2], [1, 3, 4]]"
0.23561975999999998,0.21504012,0.21610523999999998,0.3118233899999999,0.27329837999999995,0.27420183,0.22371324,0.17515518,0.15853169999999997,0.15162744,0.16341033,0.17937762,0.20326674,0.20886812999999999,0.21932912999999998,0.22998984,0.25054094999999993,0.22113603,0.21642857999999998,0.19398497999999997,0.26762091000000005,0.29283192,0.26696472,0.22441698,0.18698562000000002,0.22341843,0.14064338999999998,0.19582041,0.20820243,0.17627736000000002,0.15027702,0.11416754999999999,0.11032551,0.1137396,0.11558454,0.09956018999999999,0.15964436999999998,0.20145984,0.18847869,0.18703316999999997,0.22112652,0.21494502,0.19738956,0.1792635,0.26690766,0.29598924,0.26435897999999997,0.22639505999999998,0.181,0.173,0.161,0.136,0.135,0.125,0.108,0.092,0.095,0.105,0.109,0.103,0.117,0.119,0.133,0.142,0.14,0.137,0.14,0.146,0.149,0.146,0.135,0.129,0.109,0.094,0.073,0.074,0.082,0.082,0.078,0.072,0.073,0.083,0.094,0.102,0.118,0.131,0.142,0.149,0.167,0.183,0.204,0.22,0.224,0.225,0.229,0.238,"[[2], [1, 3, 4]]"
0.21504012,0.21610523999999998,0.3118233899999999,0.27329837999999995,0.27420183,0.22371324,0.17515518,0.15853169999999997,0.15162744,0.16341033,0.17937762,0.20326674,0.20886812999999999,0.21932912999999998,0.22998984,0.25054094999999993,0.22113603,0.21642857999999998,0.19398497999999997,0.26762091000000005,0.29283192,0.26696472,0.22441698,0.18698562000000002,0.22341843,0.14064338999999998,0.19582041,0.20820243,0.17627736000000002,0.15027702,0.11416754999999999,0.11032551,0.1137396,0.11558454,0.09956018999999999,0.15964436999999998,0.20145984,0.18847869,0.18703316999999997,0.22112652,0.21494502,0.19738956,0.1792635,0.26690766,0.29598924,0.26435897999999997,0.22639505999999998,0.22514924999999997,0.173,0.161,0.136,0.135,0.125,0.108,0.092,0.095,0.105,0.109,0.103,0.117,0.119,0.133,0.142,0.14,0.137,0.14,0.146,0.149,0.146,0.135,0.129,0.109,0.094,0.073,0.074,0.082,0.082,0.078,0.072,0.073,0.083,0.094,0.102,0.118,0.131,0.142,0.149,0.167,0.183,0.204,0.22,0.224,0.225,0.229,0.238,0.239,"[[2], [1, 3, 4]]"
0.21610523999999998,0.3118233899999999,0.27329837999999995,0.27420183,0.22371324,0.17515518,0.15853169999999997,0.15162744,0.16341033,0.17937762,0.20326674,0.20886812999999999,0.21932912999999998,0.22998984,0.25054094999999993,0.22113603,0.21642857999999998,0.19398497999999997,0.26762091000000005,0.29283192,0.26696472,0.22441698,0.18698562000000002,0.22341843,0.14064338999999998,0.19582041,0.20820243,0.17627736000000002,0.15027702,0.11416754999999999,0.11032551,0.1137396,0.11558454,0.09956018999999999,0.15964436999999998,0.20145984,0.18847869,0.18703316999999997,0.22112652,0.21494502,0.19738956,0.1792635,0.26690766,0.29598924,0.26435897999999997,0.22639505999999998,0.22514924999999997,0.20308605000000002,0.161,0.136,0.135,0.125,0.108,0.092,0.095,0.105,0.109,0.103,0.117,0.119,0.133,0.142,0.14,0.137,0.14,0.146,0.149,0.146,0.135,0.129,0.109,0.094,0.073,0.074,0.082,0.082,0.078,0.072,0.073,0.083,0.094,0.102,0.118,0.131,0.142,0.149,0.167,0.183,0.204,0.22,0.224,0.225,0.229,0.238,0.239,0.237,"[[2], [1, 3, 4]]"
0.3118233899999999,0.27329837999999995,0.27420183,0.22371324,0.17515518,0.15853169999999997,0.15162744,0.16341033,0.17937762,0.20326674,0.20886812999999999,0.21932912999999998,0.22998984,0.25054094999999993,0.22113603,0.21642857999999998,0.19398497999999997,0.26762091000000005,0.29283192,0.26696472,0.22441698,0.18698562000000002,0.22341843,0.14064338999999998,0.19582041,0.20820243,0.17627736000000002,0.15027702,0.11416754999999999,0.11032551,0.1137396,0.11558454,0.09956018999999999,0.15964436999999998,0.20145984,0.18847869,0.18703316999999997,0.22112652,0.21494502,0.19738956,0.1792635,0.26690766,0.29598924,0.26435897999999997,0.22639505999999998,0.22514924999999997,0.20308605000000002,0.20672838,0.136,0.135,0.125,0.108,0.092,0.095,0.105,0.109,0.103,0.117,0.119,0.133,0.142,0.14,0.137,0.14,0.146,0.149,0.146,0.135,0.129,0.109,0.094,0.073,0.074,0.082,0.082,0.078,0.072,0.073,0.083,0.094,0.102,0.118,0.131,0.142,0.149,0.167,0.183,0.204,0.22,0.224,0.225,0.229,0.238,0.239,0.237,0.221,"[[2], [1, 3, 4]]"
0.27329837999999995,0.27420183,0.22371324,0.17515518,0.15853169999999997,0.15162744,0.16341033,0.17937762,0.20326674,0.20886812999999999,0.21932912999999998,0.22998984,0.25054094999999993,0.22113603,0.21642857999999998,0.19398497999999997,0.26762091000000005,0.29283192,0.26696472,0.22441698,0.18698562000000002,0.22341843,0.14064338999999998,0.19582041,0.20820243,0.17627736000000002,0.15027702,0.11416754999999999,0.11032551,0.1137396,0.11558454,0.09956018999999999,0.15964436999999998,0.20145984,0.18847869,0.18703316999999997,0.22112652,0.21494502,0.19738956,0.1792635,0.26690766,0.29598924,0.26435897999999997,0.22639505999999998,0.22514924999999997,0.20308605000000002,0.20672838,0.19121757,0.135,0.125,0.108,0.092,0.095,0.105,0.109,0.103,0.117,0.119,0.133,0.142,0.14,0.137,0.14,0.146,0.149,0.146,0.135,0.129,0.109,0.094,0.073,0.074,0.082,0.082,0.078,0.072,0.073,0.083,0.094,0.102,0.118,0.131,0.142,0.149,0.167,0.183,0.204,0.22,0.224,0.225,0.229,0.238,0.239,0.237,0.221,0.217,"[[2], [1, 3, 4]]"
0.27420183,0.22371324,0.17515518,0.15853169999999997,0.15162744,0.16341033,0.17937762,0.20326674,0.20886812999999999,0.21932912999999998,0.22998984,0.25054094999999993,0.22113603,0.21642857999999998,0.19398497999999997,0.26762091000000005,0.29283192,0.26696472,0.22441698,0.18698562000000002,0.22341843,0.14064338999999998,0.19582041,0.20820243,0.17627736000000002,0.15027702,0.11416754999999999,0.11032551,0.1137396,0.11558454,0.09956018999999999,0.15964436999999998,0.20145984,0.18847869,0.18703316999999997,0.22112652,0.21494502,0.19738956,0.1792635,0.26690766,0.29598924,0.26435897999999997,0.22639505999999998,0.22514924999999997,0.20308605000000002,0.20672838,0.19121757,0.18940115999999999,0.125,0.108,0.092,0.095,0.105,0.109,0.103,0.117,0.119,0.133,0.142,0.14,0.137,0.14,0.146,0.149,0.146,0.135,0.129,0.109,0.094,0.073,0.074,0.082,0.082,0.078,0.072,0.073,0.083,0.094,0.102,0.118,0.131,0.142,0.149,0.167,0.183,0.204,0.22,0.224,0.225,0.229,0.238,0.239,0.237,0.221,0.217,0.212,"[[2], [1, 3, 4]]"
0.22371324,0.17515518,0.15853169999999997,0.15162744,0.16341033,0.17937762,0.20326674,0.20886812999999999,0.21932912999999998,0.22998984,0.25054094999999993,0.22113603,0.21642857999999998,0.19398497999999997,0.26762091000000005,0.29283192,0.26696472,0.22441698,0.18698562000000002,0.22341843,0.14064338999999998,0.19582041,0.20820243,0.17627736000000002,0.15027702,0.11416754999999999,0.11032551,0.1137396,0.11558454,0.09956018999999999,0.15964436999999998,0.20145984,0.18847869,0.18703316999999997,0.22112652,0.21494502,0.19738956,0.1792635,0.26690766,0.29598924,0.26435897999999997,0.22639505999999998,0.22514924999999997,0.20308605000000002,0.20672838,0.19121757,0.18940115999999999,0.18215453999999998,0.108,0.092,0.095,0.105,0.109,0.103,0.117,0.119,0.133,0.142,0.14,0.137,0.14,0.146,0.149,0.146,0.135,0.129,0.109,0.094,0.073,0.074,0.082,0.082,0.078,0.072,0.073,0.083,0.094,0.102,0.118,0.131,0.142,0.149,0.167,0.183,0.204,0.22,0.224,0.225,0.229,0.238,0.239,0.237,0.221,0.217,0.212,0.208,"[[2], [1, 3, 4]]"
0.17515518,0.15853169999999997,0.15162744,0.16341033,0.17937762,0.20326674,0.20886812999999999,0.21932912999999998,0.22998984,0.25054094999999993,0.22113603,0.21642857999999998,0.19398497999999997,0.26762091000000005,0.29283192,0.26696472,0.22441698,0.18698562000000002,0.22341843,0.14064338999999998,0.19582041,0.20820243,0.17627736000000002,0.15027702,0.11416754999999999,0.11032551,0.1137396,0.11558454,0.09956018999999999,0.15964436999999998,0.20145984,0.18847869,0.18703316999999997,0.22112652,0.21494502,0.19738956,0.1792635,0.26690766,0.29598924,0.26435897999999997,0.22639505999999998,0.22514924999999997,0.20308605000000002,0.20672838,0.19121757,0.18940115999999999,0.18215453999999998,0.16741404,0.092,0.095,0.105,0.109,0.103,0.117,0.119,0.133,0.142,0.14,0.137,0.14,0.146,0.149,0.146,0.135,0.129,0.109,0.094,0.073,0.074,0.082,0.082,0.078,0.072,0.073,0.083,0.094,0.102,0.118,0.131,0.142,0.149,0.167,0.183,0.204,0.22,0.224,0.225,0.229,0.238,0.239,0.237,0.221,0.217,0.212,0.208,0.214,"[[2], [1, 3, 4]]"
0.15853169999999997,0.15162744,0.16341033,0.17937762,0.20326674,0.20886812999999999,0.21932912999999998,0.22998984,0.25054094999999993,0.22113603,0.21642857999999998,0.19398497999999997,0.26762091000000005,0.29283192,0.26696472,0.22441698,0.18698562000000002,0.22341843,0.14064338999999998,0.19582041,0.20820243,0.17627736000000002,0.15027702,0.11416754999999999,0.11032551,0.1137396,0.11558454,0.09956018999999999,0.15964436999999998,0.20145984,0.18847869,0.18703316999999997,0.22112652,0.21494502,0.19738956,0.1792635,0.26690766,0.29598924,0.26435897999999997,0.22639505999999998,0.22514924999999997,0.20308605000000002,0.20672838,0.19121757,0.18940115999999999,0.18215453999999998,0.16741404,0.1667103,0.095,0.105,0.109,0.103,0.117,0.119,0.133,0.142,0.14,0.137,0.14,0.146,0.149,0.146,0.135,0.129,0.109,0.094,0.073,0.074,0.082,0.082,0.078,0.072,0.073,0.083,0.094,0.102,0.118,0.131,0.142,0.149,0.167,0.183,0.204,0.22,0.224,0.225,0.229,0.238,0.239,0.237,0.221,0.217,0.212,0.208,0.214,0.207,"[[2], [1, 3, 4]]"
0.15162744,0.16341033,0.17937762,0.20326674,0.20886812999999999,0.21932912999999998,0.22998984,0.25054094999999993,0.22113603,0.21642857999999998,0.19398497999999997,0.26762091000000005,0.29283192,0.26696472,0.22441698,0.18698562000000002,0.22341843,0.14064338999999998,0.19582041,0.20820243,0.17627736000000002,0.15027702,0.11416754999999999,0.11032551,0.1137396,0.11558454,0.09956018999999999,0.15964436999999998,0.20145984,0.18847869,0.18703316999999997,0.22112652,0.21494502,0.19738956,0.1792635,0.26690766,0.29598924,0.26435897999999997,0.22639505999999998,0.22514924999999997,0.20308605000000002,0.20672838,0.19121757,0.18940115999999999,0.18215453999999998,0.16741404,0.1667103,0.17915888999999996,0.105,0.109,0.103,0.117,0.119,0.133,0.142,0.14,0.137,0.14,0.146,0.149,0.146,0.135,0.129,0.109,0.094,0.073,0.074,0.082,0.082,0.078,0.072,0.073,0.083,0.094,0.102,0.118,0.131,0.142,0.149,0.167,0.183,0.204,0.22,0.224,0.225,0.229,0.238,0.239,0.237,0.221,0.217,0.212,0.208,0.214,0.207,0.213,"[[2], [1, 3, 4]]"
0.16341033,0.17937762,0.20326674,0.20886812999999999,0.21932912999999998,0.22998984,0.25054094999999993,0.22113603,0.21642857999999998,0.19398497999999997,0.26762091000000005,0.29283192,0.26696472,0.22441698,0.18698562000000002,0.22341843,0.14064338999999998,0.19582041,0.20820243,0.17627736000000002,0.15027702,0.11416754999999999,0.11032551,0.1137396,0.11558454,0.09956018999999999,0.15964436999999998,0.20145984,0.18847869,0.18703316999999997,0.22112652,0.21494502,0.19738956,0.1792635,0.26690766,0.29598924,0.26435897999999997,0.22639505999999998,0.22514924999999997,0.20308605000000002,0.20672838,0.19121757,0.18940115999999999,0.18215453999999998,0.16741404,0.1667103,0.17915888999999996,0.19349046,0.109,0.103,0.117,0.119,0.133,0.142,0.14,0.137,0.14,0.146,0.149,0.146,0.135,0.129,0.109,0.094,0.073,0.074,0.082,0.082,0.078,0.072,0.073,0.083,0.094,0.102,0.118,0.131,0.142,0.149,0.167,0.183,0.204,0.22,0.224,0.225,0.229,0.238,0.239,0.237,0.221,0.217,0.212,0.208,0.214,0.207,0.213,0.224,"[[2], [1, 3, 4]]"
0.17937762,0.20326674,0.20886812999999999,0.21932912999999998,0.22998984,0.25054094999999993,0.22113603,0.21642857999999998,0.19398497999999997,0.26762091000000005,0.29283192,0.26696472,0.22441698,0.18698562000000002,0.22341843,0.14064338999999998,0.19582041,0.20820243,0.17627736000000002,0.15027702,0.11416754999999999,0.11032551,0.1137396,0.11558454,0.09956018999999999,0.15964436999999998,0.20145984,0.18847869,0.18703316999999997,0.22112652,0.21494502,0.19738956,0.1792635,0.26690766,0.29598924,0.26435897999999997,0.22639505999999998,0.22514924999999997,0.20308605000000002,0.20672838,0.19121757,0.18940115999999999,0.18215453999999998,0.16741404,0.1667103,0.17915888999999996,0.19349046,0.24842973000000002,0.103,0.117,0.119,0.133,0.142,0.14,0.137,0.14,0.146,0.149,0.146,0.135,0.129,0.109,0.094,0.073,0.074,0.082,0.082,0.078,0.072,0.073,0.083,0.094,0.102,0.118,0.131,0.142,0.149,0.167,0.183,0.204,0.22,0.224,0.225,0.229,0.238,0.239,0.237,0.221,0.217,0.212,0.208,0.214,0.207,0.213,0.224,0.252,"[[2], [1, 3, 4]]"
0.20326674,0.20886812999999999,0.21932912999999998,0.22998984,0.25054094999999993,0.22113603,0.21642857999999998,0.19398497999999997,0.26762091000000005,0.29283192,0.26696472,0.22441698,0.18698562000000002,0.22341843,0.14064338999999998,0.19582041,0.20820243,0.17627736000000002,0.15027702,0.11416754999999999,0.11032551,0.1137396,0.11558454,0.09956018999999999,0.15964436999999998,0.20145984,0.18847869,0.18703316999999997,0.22112652,0.21494502,0.19738956,0.1792635,0.26690766,0.29598924,0.26435897999999997,0.22639505999999998,0.22514924999999997,0.20308605000000002,0.20672838,0.19121757,0.18940115999999999,0.18215453999999998,0.16741404,0.1667103,0.17915888999999996,0.19349046,0.24842973000000002,0.26265668999999997,0.117,0.119,0.133,0.142,0.14,0.137,0.14,0.146,0.149,0.146,0.135,0.129,0.109,0.094,0.073,0.074,0.082,0.082,0.078,0.072,0.073,0.083,0.094,0.102,0.118,0.131,0.142,0.149,0.167,0.183,0.204,0.22,0.224,0.225,0.229,0.238,0.239,0.237,0.221,0.217,0.212,0.208,0.214,0.207,0.213,0.224,0.252,0.253,"[[2], [1, 3, 4]]"
0.20886812999999999,0.21932912999999998,0.22998984,0.25054094999999993,0.22113603,0.21642857999999998,0.19398497999999997,0.26762091000000005,0.29283192,0.26696472,0.22441698,0.18698562000000002,0.22341843,0.14064338999999998,0.19582041,0.20820243,0.17627736000000002,0.15027702,0.11416754999999999,0.11032551,0.1137396,0.11558454,0.09956018999999999,0.15964436999999998,0.20145984,0.18847869,0.18703316999999997,0.22112652,0.21494502,0.19738956,0.1792635,0.26690766,0.29598924,0.26435897999999997,0.22639505999999998,0.22514924999999997,0.20308605000000002,0.20672838,0.19121757,0.18940115999999999,0.18215453999999998,0.16741404,0.1667103,0.17915888999999996,0.19349046,0.24842973000000002,0.26265668999999997,0.27890928,0.119,0.133,0.142,0.14,0.137,0.14,0.146,0.149,0.146,0.135,0.129,0.109,0.094,0.073,0.074,0.082,0.082,0.078,0.072,0.073,0.083,0.094,0.102,0.118,0.131,0.142,0.149,0.167,0.183,0.204,0.22,0.224,0.225,0.229,0.238,0.239,0.237,0.221,0.217,0.212,0.208,0.214,0.207,0.213,0.224,0.252,0.253,0.252,"[[2], [1, 3, 4]]"
0.21932912999999998,0.22998984,0.25054094999999993,0.22113603,0.21642857999999998,0.19398497999999997,0.26762091000000005,0.29283192,0.26696472,0.22441698,0.18698562000000002,0.22341843,0.14064338999999998,0.19582041,0.20820243,0.17627736000000002,0.15027702,0.11416754999999999,0.11032551,0.1137396,0.11558454,0.09956018999999999,0.15964436999999998,0.20145984,0.18847869,0.18703316999999997,0.22112652,0.21494502,0.19738956,0.1792635,0.26690766,0.29598924,0.26435897999999997,0.22639505999999998,0.22514924999999997,0.20308605000000002,0.20672838,0.19121757,0.18940115999999999,0.18215453999999998,0.16741404,0.1667103,0.17915888999999996,0.19349046,0.24842973000000002,0.26265668999999997,0.27890928,0.27726405000000004,0.133,0.142,0.14,0.137,0.14,0.146,0.149,0.146,0.135,0.129,0.109,0.094,0.073,0.074,0.082,0.082,0.078,0.072,0.073,0.083,0.094,0.102,0.118,0.131,0.142,0.149,0.167,0.183,0.204,0.22,0.224,0.225,0.229,0.238,0.239,0.237,0.221,0.217,0.212,0.208,0.214,0.207,0.213,0.224,0.252,0.253,0.252,0.251,"[[2], [1, 3, 4]]"
0.22998984,0.25054094999999993,0.22113603,0.21642857999999998,0.19398497999999997,0.26762091000000005,0.29283192,0.26696472,0.22441698,0.18698562000000002,0.22341843,0.14064338999999998,0.19582041,0.20820243,0.17627736000000002,0.15027702,0.11416754999999999,0.11032551,0.1137396,0.11558454,0.09956018999999999,0.15964436999999998,0.20145984,0.18847869,0.18703316999999997,0.22112652,0.21494502,0.19738956,0.1792635,0.26690766,0.29598924,0.26435897999999997,0.22639505999999998,0.22514924999999997,0.20308605000000002,0.20672838,0.19121757,0.18940115999999999,0.18215453999999998,0.16741404,0.1667103,0.17915888999999996,0.19349046,0.24842973000000002,0.26265668999999997,0.27890928,0.27726405000000004,0.27368829000000006,0.142,0.14,0.137,0.14,0.146,0.149,0.146,0.135,0.129,0.109,0.094,0.073,0.074,0.082,0.082,0.078,0.072,0.073,0.083,0.094,0.102,0.118,0.131,0.142,0.149,0.167,0.183,0.204,0.22,0.224,0.225,0.229,0.238,0.239,0.237,0.221,0.217,0.212,0.208,0.214,0.207,0.213,0.224,0.252,0.253,0.252,0.251,0.244,"[[2], [1, 3, 4]]"
0.25054094999999993,0.22113603,0.21642857999999998,0.19398497999999997,0.26762091000000005,0.29283192,0.26696472,0.22441698,0.18698562000000002,0.22341843,0.14064338999999998,0.19582041,0.20820243,0.17627736000000002,0.15027702,0.11416754999999999,0.11032551,0.1137396,0.11558454,0.09956018999999999,0.15964436999999998,0.20145984,0.18847869,0.18703316999999997,0.22112652,0.21494502,0.19738956,0.1792635,0.26690766,0.29598924,0.26435897999999997,0.22639505999999998,0.22514924999999997,0.20308605000000002,0.20672838,0.19121757,0.18940115999999999,0.18215453999999998,0.16741404,0.1667103,0.17915888999999996,0.19349046,0.24842973000000002,0.26265668999999997,0.27890928,0.27726405000000004,0.27368829000000006,0.27421133999999997,0.14,0.137,0.14,0.146,0.149,0.146,0.135,0.129,0.109,0.094,0.073,0.074,0.082,0.082,0.078,0.072,0.073,0.083,0.094,0.102,0.118,0.131,0.142,0.149,0.167,0.183,0.204,0.22,0.224,0.225,0.229,0.238,0.239,0.237,0.221,0.217,0.212,0.208,0.214,0.207,0.213,0.224,0.252,0.253,0.252,0.251,0.244,0.239,"[[2], [1, 3, 4]]"
0.22113603,0.21642857999999998,0.19398497999999997,0.26762091000000005,0.29283192,0.26696472,0.22441698,0.18698562000000002,0.22341843,0.14064338999999998,0.19582041,0.20820243,0.17627736000000002,0.15027702,0.11416754999999999,0.11032551,0.1137396,0.11558454,0.09956018999999999,0.15964436999999998,0.20145984,0.18847869,0.18703316999999997,0.22112652,0.21494502,0.19738956,0.1792635,0.26690766,0.29598924,0.26435897999999997,0.22639505999999998,0.22514924999999997,0.20308605000000002,0.20672838,0.19121757,0.18940115999999999,0.18215453999999998,0.16741404,0.1667103,0.17915888999999996,0.19349046,0.24842973000000002,0.26265668999999997,0.27890928,0.27726405000000004,0.27368829000000006,0.27421133999999997,0.25799679000000003,0.137,0.14,0.146,0.149,0.146,0.135,0.129,0.109,0.094,0.073,0.074,0.082,0.082,0.078,0.072,0.073,0.083,0.094,0.102,0.118,0.131,0.142,0.149,0.167,0.183,0.204,0.22,0.224,0.225,0.229,0.238,0.239,0.237,0.221,0.217,0.212,0.208,0.214,0.207,0.213,0.224,0.252,0.253,0.252,0.251,0.244,0.239,0.233,"[[2], [1, 3, 4]]"
0.21642857999999998,0.19398497999999997,0.26762091000000005,0.29283192,0.26696472,0.22441698,0.18698562000000002,0.22341843,0.14064338999999998,0.19582041,0.20820243,0.17627736000000002,0.15027702,0.11416754999999999,0.11032551,0.1137396,0.11558454,0.09956018999999999,0.15964436999999998,0.20145984,0.18847869,0.18703316999999997,0.22112652,0.21494502,0.19738956,0.1792635,0.26690766,0.29598924,0.26435897999999997,0.22639505999999998,0.22514924999999997,0.20308605000000002,0.20672838,0.19121757,0.18940115999999999,0.18215453999999998,0.16741404,0.1667103,0.17915888999999996,0.19349046,0.24842973000000002,0.26265668999999997,0.27890928,0.27726405000000004,0.27368829000000006,0.27421133999999997,0.25799679000000003,0.25043634,0.14,0.146,0.149,0.146,0.135,0.129,0.109,0.094,0.073,0.074,0.082,0.082,0.078,0.072,0.073,0.083,0.094,0.102,0.118,0.131,0.142,0.149,0.167,0.183,0.204,0.22,0.224,0.225,0.229,0.238,0.239,0.237,0.221,0.217,0.212,0.208,0.214,0.207,0.213,0.224,0.252,0.253,0.252,0.251,0.244,0.239,0.233,0.236,"[[2], [1, 3, 4]]"
0.19398497999999997,0.26762091000000005,0.29283192,0.26696472,0.22441698,0.18698562000000002,0.22341843,0.14064338999999998,0.19582041,0.20820243,0.17627736000000002,0.15027702,0.11416754999999999,0.11032551,0.1137396,0.11558454,0.09956018999999999,0.15964436999999998,0.20145984,0.18847869,0.18703316999999997,0.22112652,0.21494502,0.19738956,0.1792635,0.26690766,0.29598924,0.26435897999999997,0.22639505999999998,0.22514924999999997,0.20308605000000002,0.20672838,0.19121757,0.18940115999999999,0.18215453999999998,0.16741404,0.1667103,0.17915888999999996,0.19349046,0.24842973000000002,0.26265668999999997,0.27890928,0.27726405000000004,0.27368829000000006,0.27421133999999997,0.25799679000000003,0.25043634,0.24685106999999995,0.146,0.149,0.146,0.135,0.129,0.109,0.094,0.073,0.074,0.082,0.082,0.078,0.072,0.073,0.083,0.094,0.102,0.118,0.131,0.142,0.149,0.167,0.183,0.204,0.22,0.224,0.225,0.229,0.238,0.239,0.237,0.221,0.217,0.212,0.208,0.214,0.207,0.213,0.224,0.252,0.253,0.252,0.251,0.244,0.239,0.233,0.236,0.233,"[[2], [1, 3, 4]]"
0.26762091000000005,0.29283192,0.26696472,0.22441698,0.18698562000000002,0.22341843,0.14064338999999998,0.19582041,0.20820243,0.17627736000000002,0.15027702,0.11416754999999999,0.11032551,0.1137396,0.11558454,0.09956018999999999,0.15964436999999998,0.20145984,0.18847869,0.18703316999999997,0.22112652,0.21494502,0.19738956,0.1792635,0.26690766,0.29598924,0.26435897999999997,0.22639505999999998,0.22514924999999997,0.20308605000000002,0.20672838,0.19121757,0.18940115999999999,0.18215453999999998,0.16741404,0.1667103,0.17915888999999996,0.19349046,0.24842973000000002,0.26265668999999997,0.27890928,0.27726405000000004,0.27368829000000006,0.27421133999999997,0.25799679000000003,0.25043634,0.24685106999999995,0.23452611,0.149,0.146,0.135,0.129,0.109,0.094,0.073,0.074,0.082,0.082,0.078,0.072,0.073,0.083,0.094,0.102,0.118,0.131,0.142,0.149,0.167,0.183,0.204,0.22,0.224,0.225,0.229,0.238,0.239,0.237,0.221,0.217,0.212,0.208,0.214,0.207,0.213,0.224,0.252,0.253,0.252,0.251,0.244,0.239,0.233,0.236,0.233,0.227,"[[2], [1, 3, 4]]"
0.29283192,0.26696472,0.22441698,0.18698562000000002,0.22341843,0.14064338999999998,0.19582041,0.20820243,0.17627736000000002,0.15027702,0.11416754999999999,0.11032551,0.1137396,0.11558454,0.09956018999999999,0.15964436999999998,0.20145984,0.18847869,0.18703316999999997,0.22112652,0.21494502,0.19738956,0.1792635,0.26690766,0.29598924,0.26435897999999997,0.22639505999999998,0.22514924999999997,0.20308605000000002,0.20672838,0.19121757,0.18940115999999999,0.18215453999999998,0.16741404,0.1667103,0.17915888999999996,0.19349046,0.24842973000000002,0.26265668999999997,0.27890928,0.27726405000000004,0.27368829000000006,0.27421133999999997,0.25799679000000003,0.25043634,0.24685106999999995,0.23452611,0.26786817,0.146,0.135,0.129,0.109,0.094,0.073,0.074,0.082,0.082,0.078,0.072,0.073,0.083,0.094,0.102,0.118,0.131,0.142,0.149,0.167,0.183,0.204,0.22,0.224,0.225,0.229,0.238,0.239,0.237,0.221,0.217,0.212,0.208,0.214,0.207,0.213,0.224,0.252,0.253,0.252,0.251,0.244,0.239,0.233,0.236,0.233,0.227,0.221,"[[2], [1, 3, 4]]"
0.26696472,0.22441698,0.18698562000000002,0.22341843,0.14064338999999998,0.19582041,0.20820243,0.17627736000000002,0.15027702,0.11416754999999999,0.11032551,0.1137396,0.11558454,0.09956018999999999,0.15964436999999998,0.20145984,0.18847869,0.18703316999999997,0.22112652,0.21494502,0.19738956,0.1792635,0.26690766,0.29598924,0.26435897999999997,0.22639505999999998,0.22514924999999997,0.20308605000000002,0.20672838,0.19121757,0.18940115999999999,0.18215453999999998,0.16741404,0.1667103,0.17915888999999996,0.19349046,0.24842973000000002,0.26265668999999997,0.27890928,0.27726405000000004,0.27368829000000006,0.27421133999999997,0.25799679000000003,0.25043634,0.24685106999999995,0.23452611,0.26786817,0.26624196,0.135,0.129,0.109,0.094,0.073,0.074,0.082,0.082,0.078,0.072,0.073,0.083,0.094,0.102,0.118,0.131,0.142,0.149,0.167,0.183,0.204,0.22,0.224,0.225,0.229,0.238,0.239,0.237,0.221,0.217,0.212,0.208,0.214,0.207,0.213,0.224,0.252,0.253,0.252,0.251,0.244,0.239,0.233,0.236,0.233,0.227,0.221,0.221,"[[2], [1, 3, 4]]"
0.22441698,0.18698562000000002,0.22341843,0.14064338999999998,0.19582041,0.20820243,0.17627736000000002,0.15027702,0.11416754999999999,0.11032551,0.1137396,0.11558454,0.09956018999999999,0.15964436999999998,0.20145984,0.18847869,0.18703316999999997,0.22112652,0.21494502,0.19738956,0.1792635,0.26690766,0.29598924,0.26435897999999997,0.22639505999999998,0.22514924999999997,0.20308605000000002,0.20672838,0.19121757,0.18940115999999999,0.18215453999999998,0.16741404,0.1667103,0.17915888999999996,0.19349046,0.24842973000000002,0.26265668999999997,0.27890928,0.27726405000000004,0.27368829000000006,0.27421133999999997,0.25799679000000003,0.25043634,0.24685106999999995,0.23452611,0.26786817,0.26624196,0.23899580999999998,0.129,0.109,0.094,0.073,0.074,0.082,0.082,0.078,0.072,0.073,0.083,0.094,0.102,0.118,0.131,0.142,0.149,0.167,0.183,0.204,0.22,0.224,0.225,0.229,0.238,0.239,0.237,0.221,0.217,0.212,0.208,0.214,0.207,0.213,0.224,0.252,0.253,0.252,0.251,0.244,0.239,0.233,0.236,0.233,0.227,0.221,0.221,0.22,"[[2], [1, 3, 4]]"
0.18698562000000002,0.22341843,0.14064338999999998,0.19582041,0.20820243,0.17627736000000002,0.15027702,0.11416754999999999,0.11032551,0.1137396,0.11558454,0.09956018999999999,0.15964436999999998,0.20145984,0.18847869,0.18703316999999997,0.22112652,0.21494502,0.19738956,0.1792635,0.26690766,0.29598924,0.26435897999999997,0.22639505999999998,0.22514924999999997,0.20308605000000002,0.20672838,0.19121757,0.18940115999999999,0.18215453999999998,0.16741404,0.1667103,0.17915888999999996,0.19349046,0.24842973000000002,0.26265668999999997,0.27890928,0.27726405000000004,0.27368829000000006,0.27421133999999997,0.25799679000000003,0.25043634,0.24685106999999995,0.23452611,0.26786817,0.26624196,0.23899580999999998,0.22660428,0.109,0.094,0.073,0.074,0.082,0.082,0.078,0.072,0.073,0.083,0.094,0.102,0.118,0.131,0.142,0.149,0.167,0.183,0.204,0.22,0.224,0.225,0.229,0.238,0.239,0.237,0.221,0.217,0.212,0.208,0.214,0.207,0.213,0.224,0.252,0.253,0.252,0.251,0.244,0.239,0.233,0.236,0.233,0.227,0.221,0.221,0.22,0.221,"[[2], [1, 3, 4]]"
0.22341843,0.14064338999999998,0.19582041,0.20820243,0.17627736000000002,0.15027702,0.11416754999999999,0.11032551,0.1137396,0.11558454,0.09956018999999999,0.15964436999999998,0.20145984,0.18847869,0.18703316999999997,0.22112652,0.21494502,0.19738956,0.1792635,0.26690766,0.29598924,0.26435897999999997,0.22639505999999998,0.22514924999999997,0.20308605000000002,0.20672838,0.19121757,0.18940115999999999,0.18215453999999998,0.16741404,0.1667103,0.17915888999999996,0.19349046,0.24842973000000002,0.26265668999999997,0.27890928,0.27726405000000004,0.27368829000000006,0.27421133999999997,0.25799679000000003,0.25043634,0.24685106999999995,0.23452611,0.26786817,0.26624196,0.23899580999999998,0.22660428,0.20973353999999997,0.094,0.073,0.074,0.082,0.082,0.078,0.072,0.073,0.083,0.094,0.102,0.118,0.131,0.142,0.149,0.167,0.183,0.204,0.22,0.224,0.225,0.229,0.238,0.239,0.237,0.221,0.217,0.212,0.208,0.214,0.207,0.213,0.224,0.252,0.253,0.252,0.251,0.244,0.239,0.233,0.236,0.233,0.227,0.221,0.221,0.22,0.221,0.211,"[[2], [1, 3, 4]]"
0.14064338999999998,0.19582041,0.20820243,0.17627736000000002,0.15027702,0.11416754999999999,0.11032551,0.1137396,0.11558454,0.09956018999999999,0.15964436999999998,0.20145984,0.18847869,0.18703316999999997,0.22112652,0.21494502,0.19738956,0.1792635,0.26690766,0.29598924,0.26435897999999997,0.22639505999999998,0.22514924999999997,0.20308605000000002,0.20672838,0.19121757,0.18940115999999999,0.18215453999999998,0.16741404,0.1667103,0.17915888999999996,0.19349046,0.24842973000000002,0.26265668999999997,0.27890928,0.27726405000000004,0.27368829000000006,0.27421133999999997,0.25799679000000003,0.25043634,0.24685106999999995,0.23452611,0.26786817,0.26624196,0.23899580999999998,0.22660428,0.20973353999999997,0.19732299,0.073,0.074,0.082,0.082,0.078,0.072,0.073,0.083,0.094,0.102,0.118,0.131,0.142,0.149,0.167,0.183,0.204,0.22,0.224,0.225,0.229,0.238,0.239,0.237,0.221,0.217,0.212,0.208,0.214,0.207,0.213,0.224,0.252,0.253,0.252,0.251,0.244,0.239,0.233,0.236,0.233,0.227,0.221,0.221,0.22,0.221,0.211,0.208,"[[2], [1, 3, 4]]"
0.19582041,0.20820243,0.17627736000000002,0.15027702,0.11416754999999999,0.11032551,0.1137396,0.11558454,0.09956018999999999,0.15964436999999998,0.20145984,0.18847869,0.18703316999999997,0.22112652,0.21494502,0.19738956,0.1792635,0.26690766,0.29598924,0.26435897999999997,0.22639505999999998,0.22514924999999997,0.20308605000000002,0.20672838,0.19121757,0.18940115999999999,0.18215453999999998,0.16741404,0.1667103,0.17915888999999996,0.19349046,0.24842973000000002,0.26265668999999997,0.27890928,0.27726405000000004,0.27368829000000006,0.27421133999999997,0.25799679000000003,0.25043634,0.24685106999999995,0.23452611,0.26786817,0.26624196,0.23899580999999998,0.22660428,0.20973353999999997,0.19732299,0.16396191,0.074,0.082,0.082,0.078,0.072,0.073,0.083,0.094,0.102,0.118,0.131,0.142,0.149,0.167,0.183,0.204,0.22,0.224,0.225,0.229,0.238,0.239,0.237,0.221,0.217,0.212,0.208,0.214,0.207,0.213,0.224,0.252,0.253,0.252,0.251,0.244,0.239,0.233,0.236,0.233,0.227,0.221,0.221,0.22,0.221,0.211,0.208,0.195,"[[2], [1, 3, 4]]"
0.20820243,0.17627736000000002,0.15027702,0.11416754999999999,0.11032551,0.1137396,0.11558454,0.09956018999999999,0.15964436999999998,0.20145984,0.18847869,0.18703316999999997,0.22112652,0.21494502,0.19738956,0.1792635,0.26690766,0.29598924,0.26435897999999997,0.22639505999999998,0.22514924999999997,0.20308605000000002,0.20672838,0.19121757,0.18940115999999999,0.18215453999999998,0.16741404,0.1667103,0.17915888999999996,0.19349046,0.24842973000000002,0.26265668999999997,0.27890928,0.27726405000000004,0.27368829000000006,0.27421133999999997,0.25799679000000003,0.25043634,0.24685106999999995,0.23452611,0.26786817,0.26624196,0.23899580999999998,0.22660428,0.20973353999999997,0.19732299,0.16396191,0.18477929999999998,0.082,0.082,0.078,0.072,0.073,0.083,0.094,0.102,0.118,0.131,0.142,0.149,0.167,0.183,0.204,0.22,0.224,0.225,0.229,0.238,0.239,0.237,0.221,0.217,0.212,0.208,0.214,0.207,0.213,0.224,0.252,0.253,0.252,0.251,0.244,0.239,0.233,0.236,0.233,0.227,0.221,0.221,0.22,0.221,0.211,0.208,0.195,0.175,"[[2], [1, 3, 4]]"
0.17627736000000002,0.15027702,0.11416754999999999,0.11032551,0.1137396,0.11558454,0.09956018999999999,0.15964436999999998,0.20145984,0.18847869,0.18703316999999997,0.22112652,0.21494502,0.19738956,0.1792635,0.26690766,0.29598924,0.26435897999999997,0.22639505999999998,0.22514924999999997,0.20308605000000002,0.20672838,0.19121757,0.18940115999999999,0.18215453999999998,0.16741404,0.1667103,0.17915888999999996,0.19349046,0.24842973000000002,0.26265668999999997,0.27890928,0.27726405000000004,0.27368829000000006,0.27421133999999997,0.25799679000000003,0.25043634,0.24685106999999995,0.23452611,0.26786817,0.26624196,0.23899580999999998,0.22660428,0.20973353999999997,0.19732299,0.16396191,0.18477929999999998,0.18520725,0.082,0.078,0.072,0.073,0.083,0.094,0.102,0.118,0.131,0.142,0.149,0.167,0.183,0.204,0.22,0.224,0.225,0.229,0.238,0.239,0.237,0.221,0.217,0.212,0.208,0.214,0.207,0.213,0.224,0.252,0.253,0.252,0.251,0.244,0.239,0.233,0.236,0.233,0.227,0.221,0.221,0.22,0.221,0.211,0.208,0.195,0.175,0.179,"[[2], [1, 3, 4]]"
0.15027702,0.11416754999999999,0.11032551,0.1137396,0.11558454,0.09956018999999999,0.15964436999999998,0.20145984,0.18847869,0.18703316999999997,0.22112652,0.21494502,0.19738956,0.1792635,0.26690766,0.29598924,0.26435897999999997,0.22639505999999998,0.22514924999999997,0.20308605000000002,0.20672838,0.19121757,0.18940115999999999,0.18215453999999998,0.16741404,0.1667103,0.17915888999999996,0.19349046,0.24842973000000002,0.26265668999999997,0.27890928,0.27726405000000004,0.27368829000000006,0.27421133999999997,0.25799679000000003,0.25043634,0.24685106999999995,0.23452611,0.26786817,0.26624196,0.23899580999999998,0.22660428,0.20973353999999997,0.19732299,0.16396191,0.18477929999999998,0.18520725,0.18403751999999998,0.078,0.072,0.073,0.083,0.094,0.102,0.118,0.131,0.142,0.149,0.167,0.183,0.204,0.22,0.224,0.225,0.229,0.238,0.239,0.237,0.221,0.217,0.212,0.208,0.214,0.207,0.213,0.224,0.252,0.253,0.252,0.251,0.244,0.239,0.233,0.236,0.233,0.227,0.221,0.221,0.22,0.221,0.211,0.208,0.195,0.175,0.179,0.171,"[[2], [1, 3, 4]]"
0.11416754999999999,0.11032551,0.1137396,0.11558454,0.09956018999999999,0.15964436999999998,0.20145984,0.18847869,0.18703316999999997,0.22112652,0.21494502,0.19738956,0.1792635,0.26690766,0.29598924,0.26435897999999997,0.22639505999999998,0.22514924999999997,0.20308605000000002,0.20672838,0.19121757,0.18940115999999999,0.18215453999999998,0.16741404,0.1667103,0.17915888999999996,0.19349046,0.24842973000000002,0.26265668999999997,0.27890928,0.27726405000000004,0.27368829000000006,0.27421133999999997,0.25799679000000003,0.25043634,0.24685106999999995,0.23452611,0.26786817,0.26624196,0.23899580999999998,0.22660428,0.20973353999999997,0.19732299,0.16396191,0.18477929999999998,0.18520725,0.18403751999999998,0.18027156,0.072,0.073,0.083,0.094,0.102,0.118,0.131,0.142,0.149,0.167,0.183,0.204,0.22,0.224,0.225,0.229,0.238,0.239,0.237,0.221,0.217,0.212,0.208,0.214,0.207,0.213,0.224,0.252,0.253,0.252,0.251,0.244,0.239,0.233,0.236,0.233,0.227,0.221,0.221,0.22,0.221,0.211,0.208,0.195,0.175,0.179,0.171,0.159,"[[2], [1, 3, 4]]"
0.11032551,0.1137396,0.11558454,0.09956018999999999,0.15964436999999998,0.20145984,0.18847869,0.18703316999999997,0.22112652,0.21494502,0.19738956,0.1792635,0.26690766,0.29598924,0.26435897999999997,0.22639505999999998,0.22514924999999997,0.20308605000000002,0.20672838,0.19121757,0.18940115999999999,0.18215453999999998,0.16741404,0.1667103,0.17915888999999996,0.19349046,0.24842973000000002,0.26265668999999997,0.27890928,0.27726405000000004,0.27368829000000006,0.27421133999999997,0.25799679000000003,0.25043634,0.24685106999999995,0.23452611,0.26786817,0.26624196,0.23899580999999998,0.22660428,0.20973353999999997,0.19732299,0.16396191,0.18477929999999998,0.18520725,0.18403751999999998,0.18027156,0.17855975999999998,0.073,0.083,0.094,0.102,0.118,0.131,0.142,0.149,0.167,0.183,0.204,0.22,0.224,0.225,0.229,0.238,0.239,0.237,0.221,0.217,0.212,0.208,0.214,0.207,0.213,0.224,0.252,0.253,0.252,0.251,0.244,0.239,0.233,0.236,0.233,0.227,0.221,0.221,0.22,0.221,0.211,0.208,0.195,0.175,0.179,0.171,0.159,0.161,"[[2], [1, 3, 4]]"
0.1137396,0.11558454,0.09956018999999999,0.15964436999999998,0.20145984,0.18847869,0.18703316999999997,0.22112652,0.21494502,0.19738956,0.1792635,0.26690766,0.29598924,0.26435897999999997,0.22639505999999998,0.22514924999999997,0.20308605000000002,0.20672838,0.19121757,0.18940115999999999,0.18215453999999998,0.16741404,0.1667103,0.17915888999999996,0.19349046,0.24842973000000002,0.26265668999999997,0.27890928,0.27726405000000004,0.27368829000000006,0.27421133999999997,0.25799679000000003,0.25043634,0.24685106999999995,0.23452611,0.26786817,0.26624196,0.23899580999999998,0.22660428,0.20973353999999997,0.19732299,0.16396191,0.18477929999999998,0.18520725,0.18403751999999998,0.18027156,0.17855975999999998,0.18247787999999998,0.083,0.094,0.102,0.118,0.131,0.142,0.149,0.167,0.183,0.204,0.22,0.224,0.225,0.229,0.238,0.239,0.237,0.221,0.217,0.212,0.208,0.214,0.207,0.213,0.224,0.252,0.253,0.252,0.251,0.244,0.239,0.233,0.236,0.233,0.227,0.221,0.221,0.22,0.221,0.211,0.208,0.195,0.175,0.179,0.171,0.159,0.161,0.167,"[[2], [1, 3, 4]]"
0.11558454,0.09956018999999999,0.15964436999999998,0.20145984,0.18847869,0.18703316999999997,0.22112652,0.21494502,0.19738956,0.1792635,0.26690766,0.29598924,0.26435897999999997,0.22639505999999998,0.22514924999999997,0.20308605000000002,0.20672838,0.19121757,0.18940115999999999,0.18215453999999998,0.16741404,0.1667103,0.17915888999999996,0.19349046,0.24842973000000002,0.26265668999999997,0.27890928,0.27726405000000004,0.27368829000000006,0.27421133999999997,0.25799679000000003,0.25043634,0.24685106999999995,0.23452611,0.26786817,0.26624196,0.23899580999999998,0.22660428,0.20973353999999997,0.19732299,0.16396191,0.18477929999999998,0.18520725,0.18403751999999998,0.18027156,0.17855975999999998,0.18247787999999998,0.20326674,0.094,0.102,0.118,0.131,0.142,0.149,0.167,0.183,0.204,0.22,0.224,0.225,0.229,0.238,0.239,0.237,0.221,0.217,0.212,0.208,0.214,0.207,0.213,0.224,0.252,0.253,0.252,0.251,0.244,0.239,0.233,0.236,0.233,0.227,0.221,0.221,0.22,0.221,0.211,0.208,0.195,0.175,0.179,0.171,0.159,0.161,0.167,0.183,"[[2], [1, 3, 4]]"
0.09956018999999999,0.15964436999999998,0.20145984,0.18847869,0.18703316999999997,0.22112652,0.21494502,0.19738956,0.1792635,0.26690766,0.29598924,0.26435897999999997,0.22639505999999998,0.22514924999999997,0.20308605000000002,0.20672838,0.19121757,0.18940115999999999,0.18215453999999998,0.16741404,0.1667103,0.17915888999999996,0.19349046,0.24842973000000002,0.26265668999999997,0.27890928,0.27726405000000004,0.27368829000000006,0.27421133999999997,0.25799679000000003,0.25043634,0.24685106999999995,0.23452611,0.26786817,0.26624196,0.23899580999999998,0.22660428,0.20973353999999997,0.19732299,0.16396191,0.18477929999999998,0.18520725,0.18403751999999998,0.18027156,0.17855975999999998,0.18247787999999998,0.20326674,0.22228673999999998,0.102,0.118,0.131,0.142,0.149,0.167,0.183,0.204,0.22,0.224,0.225,0.229,0.238,0.239,0.237,0.221,0.217,0.212,0.208,0.214,0.207,0.213,0.224,0.252,0.253,0.252,0.251,0.244,0.239,0.233,0.236,0.233,0.227,0.221,0.221,0.22,0.221,0.211,0.208,0.195,0.175,0.179,0.171,0.159,0.161,0.167,0.183,0.225,"[[2], [1, 3, 4]]"
0.15964436999999998,0.20145984,0.18847869,0.18703316999999997,0.22112652,0.21494502,0.19738956,0.1792635,0.26690766,0.29598924,0.26435897999999997,0.22639505999999998,0.22514924999999997,0.20308605000000002,0.20672838,0.19121757,0.18940115999999999,0.18215453999999998,0.16741404,0.1667103,0.17915888999999996,0.19349046,0.24842973000000002,0.26265668999999997,0.27890928,0.27726405000000004,0.27368829000000006,0.27421133999999997,0.25799679000000003,0.25043634,0.24685106999999995,0.23452611,0.26786817,0.26624196,0.23899580999999998,0.22660428,0.20973353999999997,0.19732299,0.16396191,0.18477929999999998,0.18520725,0.18403751999999998,0.18027156,0.17855975999999998,0.18247787999999998,0.20326674,0.22228673999999998,0.22375127999999997,0.118,0.131,0.142,0.149,0.167,0.183,0.204,0.22,0.224,0.225,0.229,0.238,0.239,0.237,0.221,0.217,0.212,0.208,0.214,0.207,0.213,0.224,0.252,0.253,0.252,0.251,0.244,0.239,0.233,0.236,0.233,0.227,0.221,0.221,0.22,0.221,0.211,0.208,0.195,0.175,0.179,0.171,0.159,0.161,0.167,0.183,0.225,0.258,"[[2], [1, 3, 4]]"
0.20145984,0.18847869,0.18703316999999997,0.22112652,0.21494502,0.19738956,0.1792635,0.26690766,0.29598924,0.26435897999999997,0.22639505999999998,0.22514924999999997,0.20308605000000002,0.20672838,0.19121757,0.18940115999999999,0.18215453999999998,0.16741404,0.1667103,0.17915888999999996,0.19349046,0.24842973000000002,0.26265668999999997,0.27890928,0.27726405000000004,0.27368829000000006,0.27421133999999997,0.25799679000000003,0.25043634,0.24685106999999995,0.23452611,0.26786817,0.26624196,0.23899580999999998,0.22660428,0.20973353999999997,0.19732299,0.16396191,0.18477929999999998,0.18520725,0.18403751999999998,0.18027156,0.17855975999999998,0.18247787999999998,0.20326674,0.22228673999999998,0.22375127999999997,0.27047391000000004,0.131,0.142,0.149,0.167,0.183,0.204,0.22,0.224,0.225,0.229,0.238,0.239,0.237,0.221,0.217,0.212,0.208,0.214,0.207,0.213,0.224,0.252,0.253,0.252,0.251,0.244,0.239,0.233,0.236,0.233,0.227,0.221,0.221,0.22,0.221,0.211,0.208,0.195,0.175,0.179,0.171,0.159,0.161,0.167,0.183,0.225,0.258,0.266,"[[2], [1, 3, 4]]"
0.18847869,0.18703316999999997,0.22112652,0.21494502,0.19738956,0.1792635,0.26690766,0.29598924,0.26435897999999997,0.22639505999999998,0.22514924999999997,0.20308605000000002,0.20672838,0.19121757,0.18940115999999999,0.18215453999999998,0.16741404,0.1667103,0.17915888999999996,0.19349046,0.24842973000000002,0.26265668999999997,0.27890928,0.27726405000000004,0.27368829000000006,0.27421133999999997,0.25799679000000003,0.25043634,0.24685106999999995,0.23452611,0.26786817,0.26624196,0.23899580999999998,0.22660428,0.20973353999999997,0.19732299,0.16396191,0.18477929999999998,0.18520725,0.18403751999999998,0.18027156,0.17855975999999998,0.18247787999999998,0.20326674,0.22228673999999998,0.22375127999999997,0.27047391000000004,0.26800131,0.142,0.149,0.167,0.183,0.204,0.22,0.224,0.225,0.229,0.238,0.239,0.237,0.221,0.217,0.212,0.208,0.214,0.207,0.213,0.224,0.252,0.253,0.252,0.251,0.244,0.239,0.233,0.236,0.233,0.227,0.221,0.221,0.22,0.221,0.211,0.208,0.195,0.175,0.179,0.171,0.159,0.161,0.167,0.183,0.225,0.258,0.266,0.266,"[[2], [1, 3, 4]]"
0.18703316999999997,0.22112652,0.21494502,0.19738956,0.1792635,0.26690766,0.29598924,0.26435897999999997,0.22639505999999998,0.22514924999999997,0.20308605000000002,0.20672838,0.19121757,0.18940115999999999,0.18215453999999998,0.16741404,0.1667103,0.17915888999999996,0.19349046,0.24842973000000002,0.26265668999999997,0.27890928,0.27726405000000004,0.27368829000000006,0.27421133999999997,0.25799679000000003,0.25043634,0.24685106999999995,0.23452611,0.26786817,0.26624196,0.23899580999999998,0.22660428,0.20973353999999997,0.19732299,0.16396191,0.18477929999999998,0.18520725,0.18403751999999998,0.18027156,0.17855975999999998,0.18247787999999998,0.20326674,0.22228673999999998,0.22375127999999997,0.27047391000000004,0.26800131,0.26492958,0.149,0.167,0.183,0.204,0.22,0.224,0.225,0.229,0.238,0.239,0.237,0.221,0.217,0.212,0.208,0.214,0.207,0.213,0.224,0.252,0.253,0.252,0.251,0.244,0.239,0.233,0.236,0.233,0.227,0.221,0.221,0.22,0.221,0.211,0.208,0.195,0.175,0.179,0.171,0.159,0.161,0.167,0.183,0.225,0.258,0.266,0.266,0.27,"[[2], [1, 3, 4]]"
0.22112652,0.21494502,0.19738956,0.1792635,0.26690766,0.29598924,0.26435897999999997,0.22639505999999998,0.22514924999999997,0.20308605000000002,0.20672838,0.19121757,0.18940115999999999,0.18215453999999998,0.16741404,0.1667103,0.17915888999999996,0.19349046,0.24842973000000002,0.26265668999999997,0.27890928,0.27726405000000004,0.27368829000000006,0.27421133999999997,0.25799679000000003,0.25043634,0.24685106999999995,0.23452611,0.26786817,0.26624196,0.23899580999999998,0.22660428,0.20973353999999997,0.19732299,0.16396191,0.18477929999999998,0.18520725,0.18403751999999998,0.18027156,0.17855975999999998,0.18247787999999998,0.20326674,0.22228673999999998,0.22375127999999997,0.27047391000000004,0.26800131,0.26492958,0.26397857999999996,0.167,0.183,0.204,0.22,0.224,0.225,0.229,0.238,0.239,0.237,0.221,0.217,0.212,0.208,0.214,0.207,0.213,0.224,0.252,0.253,0.252,0.251,0.244,0.239,0.233,0.236,0.233,0.227,0.221,0.221,0.22,0.221,0.211,0.208,0.195,0.175,0.179,0.171,0.159,0.161,0.167,0.183,0.225,0.258,0.266,0.266,0.27,0.264,"[[2], [1, 3, 4]]"
0.21494502,0.19738956,0.1792635,0.26690766,0.29598924,0.26435897999999997,0.22639505999999998,0.22514924999999997,0.20308605000000002,0.20672838,0.19121757,0.18940115999999999,0.18215453999999998,0.16741404,0.1667103,0.17915888999999996,0.19349046,0.24842973000000002,0.26265668999999997,0.27890928,0.27726405000000004,0.27368829000000006,0.27421133999999997,0.25799679000000003,0.25043634,0.24685106999999995,0.23452611,0.26786817,0.26624196,0.23899580999999998,0.22660428,0.20973353999999997,0.19732299,0.16396191,0.18477929999999998,0.18520725,0.18403751999999998,0.18027156,0.17855975999999998,0.18247787999999998,0.20326674,0.22228673999999998,0.22375127999999997,0.27047391000000004,0.26800131,0.26492958,0.26397857999999996,0.26731658999999997,0.183,0.204,0.22,0.224,0.225,0.229,0.238,0.239,0.237,0.221,0.217,0.212,0.208,0.214,0.207,0.213,0.224,0.252,0.253,0.252,0.251,0.244,0.239,0.233,0.236,0.233,0.227,0.221,0.221,0.22,0.221,0.211,0.208,0.195,0.175,0.179,0.171,0.159,0.161,0.167,0.183,0.225,0.258,0.266,0.266,0.27,0.264,0.26,"[[2], [1, 3, 4]]"
0.19738956,0.1792635,0.26690766,0.29598924,0.26435897999999997,0.22639505999999998,0.22514924999999997,0.20308605000000002,0.20672838,0.19121757,0.18940115999999999,0.18215453999999998,0.16741404,0.1667103,0.17915888999999996,0.19349046,0.24842973000000002,0.26265668999999997,0.27890928,0.27726405000000004,0.27368829000000006,0.27421133999999997,0.25799679000000003,0.25043634,0.24685106999999995,0.23452611,0.26786817,0.26624196,0.23899580999999998,0.22660428,0.20973353999999997,0.19732299,0.16396191,0.18477929999999998,0.18520725,0.18403751999999998,0.18027156,0.17855975999999998,0.18247787999999998,0.20326674,0.22228673999999998,0.22375127999999997,0.27047391000000004,0.26800131,0.26492958,0.26397857999999996,0.26731658999999997,0.27286092,0.204,0.22,0.224,0.225,0.229,0.238,0.239,0.237,0.221,0.217,0.212,0.208,0.214,0.207,0.213,0.224,0.252,0.253,0.252,0.251,0.244,0.239,0.233,0.236,0.233,0.227,0.221,0.221,0.22,0.221,0.211,0.208,0.195,0.175,0.179,0.171,0.159,0.161,0.167,0.183,0.225,0.258,0.266,0.266,0.27,0.264,0.26,0.268,"[[2], [1, 3, 4]]"
0.1792635,0.26690766,0.29598924,0.26435897999999997,0.22639505999999998,0.22514924999999997,0.20308605000000002,0.20672838,0.19121757,0.18940115999999999,0.18215453999999998,0.16741404,0.1667103,0.17915888999999996,0.19349046,0.24842973000000002,0.26265668999999997,0.27890928,0.27726405000000004,0.27368829000000006,0.27421133999999997,0.25799679000000003,0.25043634,0.24685106999999995,0.23452611,0.26786817,0.26624196,0.23899580999999998,0.22660428,0.20973353999999997,0.19732299,0.16396191,0.18477929999999998,0.18520725,0.18403751999999998,0.18027156,0.17855975999999998,0.18247787999999998,0.20326674,0.22228673999999998,0.22375127999999997,0.27047391000000004,0.26800131,0.26492958,0.26397857999999996,0.26731658999999997,0.27286092,0.27947987999999996,0.22,0.224,0.225,0.229,0.238,0.239,0.237,0.221,0.217,0.212,0.208,0.214,0.207,0.213,0.224,0.252,0.253,0.252,0.251,0.244,0.239,0.233,0.236,0.233,0.227,0.221,0.221,0.22,0.221,0.211,0.208,0.195,0.175,0.179,0.171,0.159,0.161,0.167,0.183,0.225,0.258,0.266,0.266,0.27,0.264,0.26,0.268,0.274,"[[2], [1, 3, 4]]"
0.26690766,0.29598924,0.26435897999999997,0.22639505999999998,0.22514924999999997,0.20308605000000002,0.20672838,0.19121757,0.18940115999999999,0.18215453999999998,0.16741404,0.1667103,0.17915888999999996,0.19349046,0.24842973000000002,0.26265668999999997,0.27890928,0.27726405000000004,0.27368829000000006,0.27421133999999997,0.25799679000000003,0.25043634,0.24685106999999995,0.23452611,0.26786817,0.26624196,0.23899580999999998,0.22660428,0.20973353999999997,0.19732299,0.16396191,0.18477929999999998,0.18520725,0.18403751999999998,0.18027156,0.17855975999999998,0.18247787999999998,0.20326674,0.22228673999999998,0.22375127999999997,0.27047391000000004,0.26800131,0.26492958,0.26397857999999996,0.26731658999999997,0.27286092,0.27947987999999996,0.26983673999999996,0.224,0.225,0.229,0.238,0.239,0.237,0.221,0.217,0.212,0.208,0.214,0.207,0.213,0.224,0.252,0.253,0.252,0.251,0.244,0.239,0.233,0.236,0.233,0.227,0.221,0.221,0.22,0.221,0.211,0.208,0.195,0.175,0.179,0.171,0.159,0.161,0.167,0.183,0.225,0.258,0.266,0.266,0.27,0.264,0.26,0.268,0.274,0.271,"[[2], [1, 3, 4]]"
0.29598924,0.26435897999999997,0.22639505999999998,0.22514924999999997,0.20308605000000002,0.20672838,0.19121757,0.18940115999999999,0.18215453999999998,0.16741404,0.1667103,0.17915888999999996,0.19349046,0.24842973000000002,0.26265668999999997,0.27890928,0.27726405000000004,0.27368829000000006,0.27421133999999997,0.25799679000000003,0.25043634,0.24685106999999995,0.23452611,0.26786817,0.26624196,0.23899580999999998,0.22660428,0.20973353999999997,0.19732299,0.16396191,0.18477929999999998,0.18520725,0.18403751999999998,0.18027156,0.17855975999999998,0.18247787999999998,0.20326674,0.22228673999999998,0.22375127999999997,0.27047391000000004,0.26800131,0.26492958,0.26397857999999996,0.26731658999999997,0.27286092,0.27947987999999996,0.26983673999999996,0.29993589,0.225,0.229,0.238,0.239,0.237,0.221,0.217,0.212,0.208,0.214,0.207,0.213,0.224,0.252,0.253,0.252,0.251,0.244,0.239,0.233,0.236,0.233,0.227,0.221,0.221,0.22,0.221,0.211,0.208,0.195,0.175,0.179,0.171,0.159,0.161,0.167,0.183,0.225,0.258,0.266,0.266,0.27,0.264,0.26,0.268,0.274,0.271,0.267,"[[2], [1, 3, 4]]"
0.26435897999999997,0.22639505999999998,0.22514924999999997,0.20308605000000002,0.20672838,0.19121757,0.18940115999999999,0.18215453999999998,0.16741404,0.1667103,0.17915888999999996,0.19349046,0.24842973000000002,0.26265668999999997,0.27890928,0.27726405000000004,0.27368829000000006,0.27421133999999997,0.25799679000000003,0.25043634,0.24685106999999995,0.23452611,0.26786817,0.26624196,0.23899580999999998,0.22660428,0.20973353999999997,0.19732299,0.16396191,0.18477929999999998,0.18520725,0.18403751999999998,0.18027156,0.17855975999999998,0.18247787999999998,0.20326674,0.22228673999999998,0.22375127999999997,0.27047391000000004,0.26800131,0.26492958,0.26397857999999996,0.26731658999999997,0.27286092,0.27947987999999996,0.26983673999999996,0.29993589,0.31653084,0.229,0.238,0.239,0.237,0.221,0.217,0.212,0.208,0.214,0.207,0.213,0.224,0.252,0.253,0.252,0.251,0.244,0.239,0.233,0.236,0.233,0.227,0.221,0.221,0.22,0.221,0.211,0.208,0.195,0.175,0.179,0.171,0.159,0.161,0.167,0.183,0.225,0.258,0.266,0.266,0.27,0.264,0.26,0.268,0.274,0.271,0.267,0.266,"[[2], [1, 3, 4]]"
0.22639505999999998,0.22514924999999997,0.20308605000000002,0.20672838,0.19121757,0.18940115999999999,0.18215453999999998,0.16741404,0.1667103,0.17915888999999996,0.19349046,0.24842973000000002,0.26265668999999997,0.27890928,0.27726405000000004,0.27368829000000006,0.27421133999999997,0.25799679000000003,0.25043634,0.24685106999999995,0.23452611,0.26786817,0.26624196,0.23899580999999998,0.22660428,0.20973353999999997,0.19732299,0.16396191,0.18477929999999998,0.18520725,0.18403751999999998,0.18027156,0.17855975999999998,0.18247787999999998,0.20326674,0.22228673999999998,0.22375127999999997,0.27047391000000004,0.26800131,0.26492958,0.26397857999999996,0.26731658999999997,0.27286092,0.27947987999999996,0.26983673999999996,0.29993589,0.31653084,0.29899439999999994,0.238,0.239,0.237,0.221,0.217,0.212,0.208,0.214,0.207,0.213,0.224,0.252,0.253,0.252,0.251,0.244,0.239,0.233,0.236,0.233,0.227,0.221,0.221,0.22,0.221,0.211,0.208,0.195,0.175,0.179,0.171,0.159,0.161,0.167,0.183,0.225,0.258,0.266,0.266,0.27,0.264,0.26,0.268,0.274,0.271,0.267,0.266,0.267,"[[2], [1, 3, 4]]"
0.22514924999999997,0.20308605000000002,0.20672838,0.19121757,0.18940115999999999,0.18215453999999998,0.16741404,0.1667103,0.17915888999999996,0.19349046,0.24842973000000002,0.26265668999999997,0.27890928,0.27726405000000004,0.27368829000000006,0.27421133999999997,0.25799679000000003,0.25043634,0.24685106999999995,0.23452611,0.26786817,0.26624196,0.23899580999999998,0.22660428,0.20973353999999997,0.19732299,0.16396191,0.18477929999999998,0.18520725,0.18403751999999998,0.18027156,0.17855975999999998,0.18247787999999998,0.20326674,0.22228673999999998,0.22375127999999997,0.27047391000000004,0.26800131,0.26492958,0.26397857999999996,0.26731658999999997,0.27286092,0.27947987999999996,0.26983673999999996,0.29993589,0.31653084,0.29899439999999994,0.26982723000000003,0.239,0.237,0.221,0.217,0.212,0.208,0.214,0.207,0.213,0.224,0.252,0.253,0.252,0.251,0.244,0.239,0.233,0.236,0.233,0.227,0.221,0.221,0.22,0.221,0.211,0.208,0.195,0.175,0.179,0.171,0.159,0.161,0.167,0.183,0.225,0.258,0.266,0.266,0.27,0.264,0.26,0.268,0.274,0.271,0.267,0.266,0.267,0.27,"[[2], [1, 3, 4]]"
0.20308605000000002,0.20672838,0.19121757,0.18940115999999999,0.18215453999999998,0.16741404,0.1667103,0.17915888999999996,0.19349046,0.24842973000000002,0.26265668999999997,0.27890928,0.27726405000000004,0.27368829000000006,0.27421133999999997,0.25799679000000003,0.25043634,0.24685106999999995,0.23452611,0.26786817,0.26624196,0.23899580999999998,0.22660428,0.20973353999999997,0.19732299,0.16396191,0.18477929999999998,0.18520725,0.18403751999999998,0.18027156,0.17855975999999998,0.18247787999999998,0.20326674,0.22228673999999998,0.22375127999999997,0.27047391000000004,0.26800131,0.26492958,0.26397857999999996,0.26731658999999997,0.27286092,0.27947987999999996,0.26983673999999996,0.29993589,0.31653084,0.29899439999999994,0.26982723000000003,0.23379384,0.237,0.221,0.217,0.212,0.208,0.214,0.207,0.213,0.224,0.252,0.253,0.252,0.251,0.244,0.239,0.233,0.236,0.233,0.227,0.221,0.221,0.22,0.221,0.211,0.208,0.195,0.175,0.179,0.171,0.159,0.161,0.167,0.183,0.225,0.258,0.266,0.266,0.27,0.264,0.26,0.268,0.274,0.271,0.267,0.266,0.267,0.27,0.261,"[[2], [1, 3, 4]]"
0.20672838,0.19121757,0.18940115999999999,0.18215453999999998,0.16741404,0.1667103,0.17915888999999996,0.19349046,0.24842973000000002,0.26265668999999997,0.27890928,0.27726405000000004,0.27368829000000006,0.27421133999999997,0.25799679000000003,0.25043634,0.24685106999999995,0.23452611,0.26786817,0.26624196,0.23899580999999998,0.22660428,0.20973353999999997,0.19732299,0.16396191,0.18477929999999998,0.18520725,0.18403751999999998,0.18027156,0.17855975999999998,0.18247787999999998,0.20326674,0.22228673999999998,0.22375127999999997,0.27047391000000004,0.26800131,0.26492958,0.26397857999999996,0.26731658999999997,0.27286092,0.27947987999999996,0.26983673999999996,0.29993589,0.31653084,0.29899439999999994,0.26982723000000003,0.23379384,0.22106946,0.221,0.217,0.212,0.208,0.214,0.207,0.213,0.224,0.252,0.253,0.252,0.251,0.244,0.239,0.233,0.236,0.233,0.227,0.221,0.221,0.22,0.221,0.211,0.208,0.195,0.175,0.179,0.171,0.159,0.161,0.167,0.183,0.225,0.258,0.266,0.266,0.27,0.264,0.26,0.268,0.274,0.271,0.267,0.266,0.267,0.27,0.261,0.248,"[[2], [1, 3, 4]]"
0.19121757,0.18940115999999999,0.18215453999999998,0.16741404,0.1667103,0.17915888999999996,0.19349046,0.24842973000000002,0.26265668999999997,0.27890928,0.27726405000000004,0.27368829000000006,0.27421133999999997,0.25799679000000003,0.25043634,0.24685106999999995,0.23452611,0.26786817,0.26624196,0.23899580999999998,0.22660428,0.20973353999999997,0.19732299,0.16396191,0.18477929999999998,0.18520725,0.18403751999999998,0.18027156,0.17855975999999998,0.18247787999999998,0.20326674,0.22228673999999998,0.22375127999999997,0.27047391000000004,0.26800131,0.26492958,0.26397857999999996,0.26731658999999997,0.27286092,0.27947987999999996,0.26983673999999996,0.29993589,0.31653084,0.29899439999999994,0.26982723000000003,0.23379384,0.22106946,0.19607718,0.217,0.212,0.208,0.214,0.207,0.213,0.224,0.252,0.253,0.252,0.251,0.244,0.239,0.233,0.236,0.233,0.227,0.221,0.221,0.22,0.221,0.211,0.208,0.195,0.175,0.179,0.171,0.159,0.161,0.167,0.183,0.225,0.258,0.266,0.266,0.27,0.264,0.26,0.268,0.274,0.271,0.267,0.266,0.267,0.27,0.261,0.248,0.218,"[[2], [1, 3, 4]]"
0.18940115999999999,0.18215453999999998,0.16741404,0.1667103,0.17915888999999996,0.19349046,0.24842973000000002,0.26265668999999997,0.27890928,0.27726405000000004,0.27368829000000006,0.27421133999999997,0.25799679000000003,0.25043634,0.24685106999999995,0.23452611,0.26786817,0.26624196,0.23899580999999998,0.22660428,0.20973353999999997,0.19732299,0.16396191,0.18477929999999998,0.18520725,0.18403751999999998,0.18027156,0.17855975999999998,0.18247787999999998,0.20326674,0.22228673999999998,0.22375127999999997,0.27047391000000004,0.26800131,0.26492958,0.26397857999999996,0.26731658999999997,0.27286092,0.27947987999999996,0.26983673999999996,0.29993589,0.31653084,0.29899439999999994,0.26982723000000003,0.23379384,0.22106946,0.19607718,0.18235425,0.212,0.208,0.214,0.207,0.213,0.224,0.252,0.253,0.252,0.251,0.244,0.239,0.233,0.236,0.233,0.227,0.221,0.221,0.22,0.221,0.211,0.208,0.195,0.175,0.179,0.171,0.159,0.161,0.167,0.183,0.225,0.258,0.266,0.266,0.27,0.264,0.26,0.268,0.274,0.271,0.267,0.266,0.267,0.27,0.261,0.248,0.218,0.212,"[[2], [1, 3, 4]]"
0.18215453999999998,0.16741404,0.1667103,0.17915888999999996,0.19349046,0.24842973000000002,0.26265668999999997,0.27890928,0.27726405000000004,0.27368829000000006,0.27421133999999997,0.25799679000000003,0.25043634,0.24685106999999995,0.23452611,0.26786817,0.26624196,0.23899580999999998,0.22660428,0.20973353999999997,0.19732299,0.16396191,0.18477929999999998,0.18520725,0.18403751999999998,0.18027156,0.17855975999999998,0.18247787999999998,0.20326674,0.22228673999999998,0.22375127999999997,0.27047391000000004,0.26800131,0.26492958,0.26397857999999996,0.26731658999999997,0.27286092,0.27947987999999996,0.26983673999999996,0.29993589,0.31653084,0.29899439999999994,0.26982723000000003,0.23379384,0.22106946,0.19607718,0.18235425,0.18128913,0.208,0.214,0.207,0.213,0.224,0.252,0.253,0.252,0.251,0.244,0.239,0.233,0.236,0.233,0.227,0.221,0.221,0.22,0.221,0.211,0.208,0.195,0.175,0.179,0.171,0.159,0.161,0.167,0.183,0.225,0.258,0.266,0.266,0.27,0.264,0.26,0.268,0.274,0.271,0.267,0.266,0.267,0.27,0.261,0.248,0.218,0.212,0.219,"[[2], [1, 3, 4]]"
0.16741404,0.1667103,0.17915888999999996,0.19349046,0.24842973000000002,0.26265668999999997,0.27890928,0.27726405000000004,0.27368829000000006,0.27421133999999997,0.25799679000000003,0.25043634,0.24685106999999995,0.23452611,0.26786817,0.26624196,0.23899580999999998,0.22660428,0.20973353999999997,0.19732299,0.16396191,0.18477929999999998,0.18520725,0.18403751999999998,0.18027156,0.17855975999999998,0.18247787999999998,0.20326674,0.22228673999999998,0.22375127999999997,0.27047391000000004,0.26800131,0.26492958,0.26397857999999996,0.26731658999999997,0.27286092,0.27947987999999996,0.26983673999999996,0.29993589,0.31653084,0.29899439999999994,0.26982723000000003,0.23379384,0.22106946,0.19607718,0.18235425,0.18128913,0.17666727000000002,0.214,0.207,0.213,0.224,0.252,0.253,0.252,0.251,0.244,0.239,0.233,0.236,0.233,0.227,0.221,0.221,0.22,0.221,0.211,0.208,0.195,0.175,0.179,0.171,0.159,0.161,0.167,0.183,0.225,0.258,0.266,0.266,0.27,0.264,0.26,0.268,0.274,0.271,0.267,0.266,0.267,0.27,0.261,0.248,0.218,0.212,0.219,0.214,"[[2], [1, 3, 4]]"
0.1667103,0.17915888999999996,0.19349046,0.24842973000000002,0.26265668999999997,0.27890928,0.27726405000000004,0.27368829000000006,0.27421133999999997,0.25799679000000003,0.25043634,0.24685106999999995,0.23452611,0.26786817,0.26624196,0.23899580999999998,0.22660428,0.20973353999999997,0.19732299,0.16396191,0.18477929999999998,0.18520725,0.18403751999999998,0.18027156,0.17855975999999998,0.18247787999999998,0.20326674,0.22228673999999998,0.22375127999999997,0.27047391000000004,0.26800131,0.26492958,0.26397857999999996,0.26731658999999997,0.27286092,0.27947987999999996,0.26983673999999996,0.29993589,0.31653084,0.29899439999999994,0.26982723000000003,0.23379384,0.22106946,0.19607718,0.18235425,0.18128913,0.17666727000000002,0.1704192,0.207,0.213,0.224,0.252,0.253,0.252,0.251,0.244,0.239,0.233,0.236,0.233,0.227,0.221,0.221,0.22,0.221,0.211,0.208,0.195,0.175,0.179,0.171,0.159,0.161,0.167,0.183,0.225,0.258,0.266,0.266,0.27,0.264,0.26,0.268,0.274,0.271,0.267,0.266,0.267,0.27,0.261,0.248,0.218,0.212,0.219,0.214,0.208,"[[2], [1, 3, 4]]"
0.17915888999999996,0.19349046,0.24842973000000002,0.26265668999999997,0.27890928,0.27726405000000004,0.27368829000000006,0.27421133999999997,0.25799679000000003,0.25043634,0.24685106999999995,0.23452611,0.26786817,0.26624196,0.23899580999999998,0.22660428,0.20973353999999997,0.19732299,0.16396191,0.18477929999999998,0.18520725,0.18403751999999998,0.18027156,0.17855975999999998,0.18247787999999998,0.20326674,0.22228673999999998,0.22375127999999997,0.27047391000000004,0.26800131,0.26492958,0.26397857999999996,0.26731658999999997,0.27286092,0.27947987999999996,0.26983673999999996,0.29993589,0.31653084,0.29899439999999994,0.26982723000000003,0.23379384,0.22106946,0.19607718,0.18235425,0.18128913,0.17666727000000002,0.1704192,0.17036214,0.213,0.224,0.252,0.253,0.252,0.251,0.244,0.239,0.233,0.236,0.233,0.227,0.221,0.221,0.22,0.221,0.211,0.208,0.195,0.175,0.179,0.171,0.159,0.161,0.167,0.183,0.225,0.258,0.266,0.266,0.27,0.264,0.26,0.268,0.274,0.271,0.267,0.266,0.267,0.27,0.261,0.248,0.218,0.212,0.219,0.214,0.208,0.199,"[[2], [1, 3, 4]]"
0.19349046,0.24842973000000002,0.26265668999999997,0.27890928,0.27726405000000004,0.27368829000000006,0.27421133999999997,0.25799679000000003,0.25043634,0.24685106999999995,0.23452611,0.26786817,0.26624196,0.23899580999999998,0.22660428,0.20973353999999997,0.19732299,0.16396191,0.18477929999999998,0.18520725,0.18403751999999998,0.18027156,0.17855975999999998,0.18247787999999998,0.20326674,0.22228673999999998,0.22375127999999997,0.27047391000000004,0.26800131,0.26492958,0.26397857999999996,0.26731658999999997,0.27286092,0.27947987999999996,0.26983673999999996,0.29993589,0.31653084,0.29899439999999994,0.26982723000000003,0.23379384,0.22106946,0.19607718,0.18235425,0.18128913,0.17666727000000002,0.1704192,0.17036214,0.17661021000000002,0.224,0.252,0.253,0.252,0.251,0.244,0.239,0.233,0.236,0.233,0.227,0.221,0.221,0.22,0.221,0.211,0.208,0.195,0.175,0.179,0.171,0.159,0.161,0.167,0.183,0.225,0.258,0.266,0.266,0.27,0.264,0.26,0.268,0.274,0.271,0.267,0.266,0.267,0.27,0.261,0.248,0.218,0.212,0.219,0.214,0.208,0.199,0.21,"[[2], [1, 3, 4]]"
0.24842973000000002,0.26265668999999997,0.27890928,0.27726405000000004,0.27368829000000006,0.27421133999999997,0.25799679000000003,0.25043634,0.24685106999999995,0.23452611,0.26786817,0.26624196,0.23899580999999998,0.22660428,0.20973353999999997,0.19732299,0.16396191,0.18477929999999998,0.18520725,0.18403751999999998,0.18027156,0.17855975999999998,0.18247787999999998,0.20326674,0.22228673999999998,0.22375127999999997,0.27047391000000004,0.26800131,0.26492958,0.26397857999999996,0.26731658999999997,0.27286092,0.27947987999999996,0.26983673999999996,0.29993589,0.31653084,0.29899439999999994,0.26982723000000003,0.23379384,0.22106946,0.19607718,0.18235425,0.18128913,0.17666727000000002,0.1704192,0.17036214,0.17661021000000002,0.18405654,0.252,0.253,0.252,0.251,0.244,0.239,0.233,0.236,0.233,0.227,0.221,0.221,0.22,0.221,0.211,0.208,0.195,0.175,0.179,0.171,0.159,0.161,0.167,0.183,0.225,0.258,0.266,0.266,0.27,0.264,0.26,0.268,0.274,0.271,0.267,0.266,0.267,0.27,0.261,0.248,0.218,0.212,0.219,0.214,0.208,0.199,0.21,0.227,"[[2], [1, 3, 4]]"
0.26265668999999997,0.27890928,0.27726405000000004,0.27368829000000006,0.27421133999999997,0.25799679000000003,0.25043634,0.24685106999999995,0.23452611,0.26786817,0.26624196,0.23899580999999998,0.22660428,0.20973353999999997,0.19732299,0.16396191,0.18477929999999998,0.18520725,0.18403751999999998,0.18027156,0.17855975999999998,0.18247787999999998,0.20326674,0.22228673999999998,0.22375127999999997,0.27047391000000004,0.26800131,0.26492958,0.26397857999999996,0.26731658999999997,0.27286092,0.27947987999999996,0.26983673999999996,0.29993589,0.31653084,0.29899439999999994,0.26982723000000003,0.23379384,0.22106946,0.19607718,0.18235425,0.18128913,0.17666727000000002,0.1704192,0.17036214,0.17661021000000002,0.18405654,0.23455463999999998,0.253,0.252,0.251,0.244,0.239,0.233,0.236,0.233,0.227,0.221,0.221,0.22,0.221,0.211,0.208,0.195,0.175,0.179,0.171,0.159,0.161,0.167,0.183,0.225,0.258,0.266,0.266,0.27,0.264,0.26,0.268,0.274,0.271,0.267,0.266,0.267,0.27,0.261,0.248,0.218,0.212,0.219,0.214,0.208,0.199,0.21,0.227,0.252,"[[2], [1, 3, 4]]"
0.27890928,0.27726405000000004,0.27368829000000006,0.27421133999999997,0.25799679000000003,0.25043634,0.24685106999999995,0.23452611,0.26786817,0.26624196,0.23899580999999998,0.22660428,0.20973353999999997,0.19732299,0.16396191,0.18477929999999998,0.18520725,0.18403751999999998,0.18027156,0.17855975999999998,0.18247787999999998,0.20326674,0.22228673999999998,0.22375127999999997,0.27047391000000004,0.26800131,0.26492958,0.26397857999999996,0.26731658999999997,0.27286092,0.27947987999999996,0.26983673999999996,0.29993589,0.31653084,0.29899439999999994,0.26982723000000003,0.23379384,0.22106946,0.19607718,0.18235425,0.18128913,0.17666727000000002,0.1704192,0.17036214,0.17661021000000002,0.18405654,0.23455463999999998,0.25845326999999996,0.252,0.251,0.244,0.239,0.233,0.236,0.233,0.227,0.221,0.221,0.22,0.221,0.211,0.208,0.195,0.175,0.179,0.171,0.159,0.161,0.167,0.183,0.225,0.258,0.266,0.266,0.27,0.264,0.26,0.268,0.274,0.271,0.267,0.266,0.267,0.27,0.261,0.248,0.218,0.212,0.219,0.214,0.208,0.199,0.21,0.227,0.252,0.264,"[[2], [1, 3, 4]]"
0.27726405000000004,0.27368829000000006,0.27421133999999997,0.25799679000000003,0.25043634,0.24685106999999995,0.23452611,0.26786817,0.26624196,0.23899580999999998,0.22660428,0.20973353999999997,0.19732299,0.16396191,0.18477929999999998,0.18520725,0.18403751999999998,0.18027156,0.17855975999999998,0.18247787999999998,0.20326674,0.22228673999999998,0.22375127999999997,0.27047391000000004,0.26800131,0.26492958,0.26397857999999996,0.26731658999999997,0.27286092,0.27947987999999996,0.26983673999999996,0.29993589,0.31653084,0.29899439999999994,0.26982723000000003,0.23379384,0.22106946,0.19607718,0.18235425,0.18128913,0.17666727000000002,0.1704192,0.17036214,0.17661021000000002,0.18405654,0.23455463999999998,0.25845326999999996,0.28506225,0.251,0.244,0.239,0.233,0.236,0.233,0.227,0.221,0.221,0.22,0.221,0.211,0.208,0.195,0.175,0.179,0.171,0.159,0.161,0.167,0.183,0.225,0.258,0.266,0.266,0.27,0.264,0.26,0.268,0.274,0.271,0.267,0.266,0.267,0.27,0.261,0.248,0.218,0.212,0.219,0.214,0.208,0.199,0.21,0.227,0.252,0.264,0.264,"[[2], [1, 3, 4]]"
0.27368829000000006,0.27421133999999997,0.25799679000000003,0.25043634,0.24685106999999995,0.23452611,0.26786817,0.26624196,0.23899580999999998,0.22660428,0.20973353999999997,0.19732299,0.16396191,0.18477929999999998,0.18520725,0.18403751999999998,0.18027156,0.17855975999999998,0.18247787999999998,0.20326674,0.22228673999999998,0.22375127999999997,0.27047391000000004,0.26800131,0.26492958,0.26397857999999996,0.26731658999999997,0.27286092,0.27947987999999996,0.26983673999999996,0.29993589,0.31653084,0.29899439999999994,0.26982723000000003,0.23379384,0.22106946,0.19607718,0.18235425,0.18128913,0.17666727000000002,0.1704192,0.17036214,0.17661021000000002,0.18405654,0.23455463999999998,0.25845326999999996,0.28506225,0.26719296,0.244,0.239,0.233,0.236,0.233,0.227,0.221,0.221,0.22,0.221,0.211,0.208,0.195,0.175,0.179,0.171,0.159,0.161,0.167,0.183,0.225,0.258,0.266,0.266,0.27,0.264,0.26,0.268,0.274,0.271,0.267,0.266,0.267,0.27,0.261,0.248,0.218,0.212,0.219,0.214,0.208,0.199,0.21,0.227,0.252,0.264,0.264,0.26,"[[2], [1, 3, 4]]"
0.27421133999999997,0.25799679000000003,0.25043634,0.24685106999999995,0.23452611,0.26786817,0.26624196,0.23899580999999998,0.22660428,0.20973353999999997,0.19732299,0.16396191,0.18477929999999998,0.18520725,0.18403751999999998,0.18027156,0.17855975999999998,0.18247787999999998,0.20326674,0.22228673999999998,0.22375127999999997,0.27047391000000004,0.26800131,0.26492958,0.26397857999999996,0.26731658999999997,0.27286092,0.27947987999999996,0.26983673999999996,0.29993589,0.31653084,0.29899439999999994,0.26982723000000003,0.23379384,0.22106946,0.19607718,0.18235425,0.18128913,0.17666727000000002,0.1704192,0.17036214,0.17661021000000002,0.18405654,0.23455463999999998,0.25845326999999996,0.28506225,0.26719296,0.23872952999999997,0.239,0.233,0.236,0.233,0.227,0.221,0.221,0.22,0.221,0.211,0.208,0.195,0.175,0.179,0.171,0.159,0.161,0.167,0.183,0.225,0.258,0.266,0.266,0.27,0.264,0.26,0.268,0.274,0.271,0.267,0.266,0.267,0.27,0.261,0.248,0.218,0.212,0.219,0.214,0.208,0.199,0.21,0.227,0.252,0.264,0.264,0.26,0.253,"[[2], [1, 3, 4]]"
0.25799679000000003,0.25043634,0.24685106999999995,0.23452611,0.26786817,0.26624196,0.23899580999999998,0.22660428,0.20973353999999997,0.19732299,0.16396191,0.18477929999999998,0.18520725,0.18403751999999998,0.18027156,0.17855975999999998,0.18247787999999998,0.20326674,0.22228673999999998,0.22375127999999997,0.27047391000000004,0.26800131,0.26492958,0.26397857999999996,0.26731658999999997,0.27286092,0.27947987999999996,0.26983673999999996,0.29993589,0.31653084,0.29899439999999994,0.26982723000000003,0.23379384,0.22106946,0.19607718,0.18235425,0.18128913,0.17666727000000002,0.1704192,0.17036214,0.17661021000000002,0.18405654,0.23455463999999998,0.25845326999999996,0.28506225,0.26719296,0.23872952999999997,0.21653319,0.233,0.236,0.233,0.227,0.221,0.221,0.22,0.221,0.211,0.208,0.195,0.175,0.179,0.171,0.159,0.161,0.167,0.183,0.225,0.258,0.266,0.266,0.27,0.264,0.26,0.268,0.274,0.271,0.267,0.266,0.267,0.27,0.261,0.248,0.218,0.212,0.219,0.214,0.208,0.199,0.21,0.227,0.252,0.264,0.264,0.26,0.253,0.248,"[[2], [1, 3, 4]]"
0.25043634,0.24685106999999995,0.23452611,0.26786817,0.26624196,0.23899580999999998,0.22660428,0.20973353999999997,0.19732299,0.16396191,0.18477929999999998,0.18520725,0.18403751999999998,0.18027156,0.17855975999999998,0.18247787999999998,0.20326674,0.22228673999999998,0.22375127999999997,0.27047391000000004,0.26800131,0.26492958,0.26397857999999996,0.26731658999999997,0.27286092,0.27947987999999996,0.26983673999999996,0.29993589,0.31653084,0.29899439999999994,0.26982723000000003,0.23379384,0.22106946,0.19607718,0.18235425,0.18128913,0.17666727000000002,0.1704192,0.17036214,0.17661021000000002,0.18405654,0.23455463999999998,0.25845326999999996,0.28506225,0.26719296,0.23872952999999997,0.21653319,0.21287184,0.236,0.233,0.227,0.221,0.221,0.22,0.221,0.211,0.208,0.195,0.175,0.179,0.171,0.159,0.161,0.167,0.183,0.225,0.258,0.266,0.266,0.27,0.264,0.26,0.268,0.274,0.271,0.267,0.266,0.267,0.27,0.261,0.248,0.218,0.212,0.219,0.214,0.208,0.199,0.21,0.227,0.252,0.264,0.264,0.26,0.253,0.248,0.248,"[[2], [1, 3, 4]]"
0.24685106999999995,0.23452611,0.26786817,0.26624196,0.23899580999999998,0.22660428,0.20973353999999997,0.19732299,0.16396191,0.18477929999999998,0.18520725,0.18403751999999998,0.18027156,0.17855975999999998,0.18247787999999998,0.20326674,0.22228673999999998,0.22375127999999997,0.27047391000000004,0.26800131,0.26492958,0.26397857999999996,0.26731658999999997,0.27286092,0.27947987999999996,0.26983673999999996,0.29993589,0.31653084,0.29899439999999994,0.26982723000000003,0.23379384,0.22106946,0.19607718,0.18235425,0.18128913,0.17666727000000002,0.1704192,0.17036214,0.17661021000000002,0.18405654,0.23455463999999998,0.25845326999999996,0.28506225,0.26719296,0.23872952999999997,0.21653319,0.21287184,0.21312861,0.233,0.227,0.221,0.221,0.22,0.221,0.211,0.208,0.195,0.175,0.179,0.171,0.159,0.161,0.167,0.183,0.225,0.258,0.266,0.266,0.27,0.264,0.26,0.268,0.274,0.271,0.267,0.266,0.267,0.27,0.261,0.248,0.218,0.212,0.219,0.214,0.208,0.199,0.21,0.227,0.252,0.264,0.264,0.26,0.253,0.248,0.248,0.25,"[[2], [1, 3, 4]]"
0.23452611,0.26786817,0.26624196,0.23899580999999998,0.22660428,0.20973353999999997,0.19732299,0.16396191,0.18477929999999998,0.18520725,0.18403751999999998,0.18027156,0.17855975999999998,0.18247787999999998,0.20326674,0.22228673999999998,0.22375127999999997,0.27047391000000004,0.26800131,0.26492958,0.26397857999999996,0.26731658999999997,0.27286092,0.27947987999999996,0.26983673999999996,0.29993589,0.31653084,0.29899439999999994,0.26982723000000003,0.23379384,0.22106946,0.19607718,0.18235425,0.18128913,0.17666727000000002,0.1704192,0.17036214,0.17661021000000002,0.18405654,0.23455463999999998,0.25845326999999996,0.28506225,0.26719296,0.23872952999999997,0.21653319,0.21287184,0.21312861,0.22902933,0.227,0.221,0.221,0.22,0.221,0.211,0.208,0.195,0.175,0.179,0.171,0.159,0.161,0.167,0.183,0.225,0.258,0.266,0.266,0.27,0.264,0.26,0.268,0.274,0.271,0.267,0.266,0.267,0.27,0.261,0.248,0.218,0.212,0.219,0.214,0.208,0.199,0.21,0.227,0.252,0.264,0.264,0.26,0.253,0.248,0.248,0.25,0.252,"[[2], [1, 3, 4]]"
0.26786817,0.26624196,0.23899580999999998,0.22660428,0.20973353999999997,0.19732299,0.16396191,0.18477929999999998,0.18520725,0.18403751999999998,0.18027156,0.17855975999999998,0.18247787999999998,0.20326674,0.22228673999999998,0.22375127999999997,0.27047391000000004,0.26800131,0.26492958,0.26397857999999996,0.26731658999999997,0.27286092,0.27947987999999996,0.26983673999999996,0.29993589,0.31653084,0.29899439999999994,0.26982723000000003,0.23379384,0.22106946,0.19607718,0.18235425,0.18128913,0.17666727000000002,0.1704192,0.17036214,0.17661021000000002,0.18405654,0.23455463999999998,0.25845326999999996,0.28506225,0.26719296,0.23872952999999997,0.21653319,0.21287184,0.21312861,0.22902933,0.23840619000000002,0.221,0.221,0.22,0.221,0.211,0.208,0.195,0.175,0.179,0.171,0.159,0.161,0.167,0.183,0.225,0.258,0.266,0.266,0.27,0.264,0.26,0.268,0.274,0.271,0.267,0.266,0.267,0.27,0.261,0.248,0.218,0.212,0.219,0.214,0.208,0.199,0.21,0.227,0.252,0.264,0.264,0.26,0.253,0.248,0.248,0.25,0.252,0.259,"[[2], [1, 3, 4]]"
0.26624196,0.23899580999999998,0.22660428,0.20973353999999997,0.19732299,0.16396191,0.18477929999999998,0.18520725,0.18403751999999998,0.18027156,0.17855975999999998,0.18247787999999998,0.20326674,0.22228673999999998,0.22375127999999997,0.27047391000000004,0.26800131,0.26492958,0.26397857999999996,0.26731658999999997,0.27286092,0.27947987999999996,0.26983673999999996,0.29993589,0.31653084,0.29899439999999994,0.26982723000000003,0.23379384,0.22106946,0.19607718,0.18235425,0.18128913,0.17666727000000002,0.1704192,0.17036214,0.17661021000000002,0.18405654,0.23455463999999998,0.25845326999999996,0.28506225,0.26719296,0.23872952999999997,0.21653319,0.21287184,0.21312861,0.22902933,0.23840619000000002,0.27677904000000003,0.221,0.22,0.221,0.211,0.208,0.195,0.175,0.179,0.171,0.159,0.161,0.167,0.183,0.225,0.258,0.266,0.266,0.27,0.264,0.26,0.268,0.274,0.271,0.267,0.266,0.267,0.27,0.261,0.248,0.218,0.212,0.219,0.214,0.208,0.199,0.21,0.227,0.252,0.264,0.264,0.26,0.253,0.248,0.248,0.25,0.252,0.259,0.252,"[[2], [1, 3, 4]]"
0.23899580999999998,0.22660428,0.20973353999999997,0.19732299,0.16396191,0.18477929999999998,0.18520725,0.18403751999999998,0.18027156,0.17855975999999998,0.18247787999999998,0.20326674,0.22228673999999998,0.22375127999999997,0.27047391000000004,0.26800131,0.26492958,0.26397857999999996,0.26731658999999997,0.27286092,0.27947987999999996,0.26983673999999996,0.29993589,0.31653084,0.29899439999999994,0.26982723000000003,0.23379384,0.22106946,0.19607718,0.18235425,0.18128913,0.17666727000000002,0.1704192,0.17036214,0.17661021000000002,0.18405654,0.23455463999999998,0.25845326999999996,0.28506225,0.26719296,0.23872952999999997,0.21653319,0.21287184,0.21312861,0.22902933,0.23840619000000002,0.27677904000000003,0.28258964999999997,0.22,0.221,0.211,0.208,0.195,0.175,0.179,0.171,0.159,0.161,0.167,0.183,0.225,0.258,0.266,0.266,0.27,0.264,0.26,0.268,0.274,0.271,0.267,0.266,0.267,0.27,0.261,0.248,0.218,0.212,0.219,0.214,0.208,0.199,0.21,0.227,0.252,0.264,0.264,0.26,0.253,0.248,0.248,0.25,0.252,0.259,0.252,0.243,"[[2], [1, 3, 4]]"
0.22660428,0.20973353999999997,0.19732299,0.16396191,0.18477929999999998,0.18520725,0.18403751999999998,0.18027156,0.17855975999999998,0.18247787999999998,0.20326674,0.22228673999999998,0.22375127999999997,0.27047391000000004,0.26800131,0.26492958,0.26397857999999996,0.26731658999999997,0.27286092,0.27947987999999996,0.26983673999999996,0.29993589,0.31653084,0.29899439999999994,0.26982723000000003,0.23379384,0.22106946,0.19607718,0.18235425,0.18128913,0.17666727000000002,0.1704192,0.17036214,0.17661021000000002,0.18405654,0.23455463999999998,0.25845326999999996,0.28506225,0.26719296,0.23872952999999997,0.21653319,0.21287184,0.21312861,0.22902933,0.23840619000000002,0.27677904000000003,0.28258964999999997,0.25651323000000004,0.221,0.211,0.208,0.195,0.175,0.179,0.171,0.159,0.161,0.167,0.183,0.225,0.258,0.266,0.266,0.27,0.264,0.26,0.268,0.274,0.271,0.267,0.266,0.267,0.27,0.261,0.248,0.218,0.212,0.219,0.214,0.208,0.199,0.21,0.227,0.252,0.264,0.264,0.26,0.253,0.248,0.248,0.25,0.252,0.259,0.252,0.243,0.242,"[[2], [1, 3, 4]]"
0.20973353999999997,0.19732299,0.16396191,0.18477929999999998,0.18520725,0.18403751999999998,0.18027156,0.17855975999999998,0.18247787999999998,0.20326674,0.22228673999999998,0.22375127999999997,0.27047391000000004,0.26800131,0.26492958,0.26397857999999996,0.26731658999999997,0.27286092,0.27947987999999996,0.26983673999999996,0.29993589,0.31653084,0.29899439999999994,0.26982723000000003,0.23379384,0.22106946,0.19607718,0.18235425,0.18128913,0.17666727000000002,0.1704192,0.17036214,0.17661021000000002,0.18405654,0.23455463999999998,0.25845326999999996,0.28506225,0.26719296,0.23872952999999997,0.21653319,0.21287184,0.21312861,0.22902933,0.23840619000000002,0.27677904000000003,0.28258964999999997,0.25651323000000004,0.24124017,0.211,0.208,0.195,0.175,0.179,0.171,0.159,0.161,0.167,0.183,0.225,0.258,0.266,0.266,0.27,0.264,0.26,0.268,0.274,0.271,0.267,0.266,0.267,0.27,0.261,0.248,0.218,0.212,0.219,0.214,0.208,0.199,0.21,0.227,0.252,0.264,0.264,0.26,0.253,0.248,0.248,0.25,0.252,0.259,0.252,0.243,0.242,0.253,"[[2], [1, 3, 4]]"
0.19732299,0.16396191,0.18477929999999998,0.18520725,0.18403751999999998,0.18027156,0.17855975999999998,0.18247787999999998,0.20326674,0.22228673999999998,0.22375127999999997,0.27047391000000004,0.26800131,0.26492958,0.26397857999999996,0.26731658999999997,0.27286092,0.27947987999999996,0.26983673999999996,0.29993589,0.31653084,0.29899439999999994,0.26982723000000003,0.23379384,0.22106946,0.19607718,0.18235425,0.18128913,0.17666727000000002,0.1704192,0.17036214,0.17661021000000002,0.18405654,0.23455463999999998,0.25845326999999996,0.28506225,0.26719296,0.23872952999999997,0.21653319,0.21287184,0.21312861,0.22902933,0.23840619000000002,0.27677904000000003,0.28258964999999997,0.25651323000000004,0.24124017,0.2115024,0.208,0.195,0.175,0.179,0.171,0.159,0.161,0.167,0.183,0.225,0.258,0.266,0.266,0.27,0.264,0.26,0.268,0.274,0.271,0.267,0.266,0.267,0.27,0.261,0.248,0.218,0.212,0.219,0.214,0.208,0.199,0.21,0.227,0.252,0.264,0.264,0.26,0.253,0.248,0.248,0.25,0.252,0.259,0.252,0.243,0.242,0.253,0.246,"[[2], [1, 3, 4]]"
0.16396191,0.18477929999999998,0.18520725,0.18403751999999998,0.18027156,0.17855975999999998,0.18247787999999998,0.20326674,0.22228673999999998,0.22375127999999997,0.27047391000000004,0.26800131,0.26492958,0.26397857999999996,0.26731658999999997,0.27286092,0.27947987999999996,0.26983673999999996,0.29993589,0.31653084,0.29899439999999994,0.26982723000000003,0.23379384,0.22106946,0.19607718,0.18235425,0.18128913,0.17666727000000002,0.1704192,0.17036214,0.17661021000000002,0.18405654,0.23455463999999998,0.25845326999999996,0.28506225,0.26719296,0.23872952999999997,0.21653319,0.21287184,0.21312861,0.22902933,0.23840619000000002,0.27677904000000003,0.28258964999999997,0.25651323000000004,0.24124017,0.2115024,0.19886361,0.195,0.175,0.179,0.171,0.159,0.161,0.167,0.183,0.225,0.258,0.266,0.266,0.27,0.264,0.26,0.268,0.274,0.271,0.267,0.266,0.267,0.27,0.261,0.248,0.218,0.212,0.219,0.214,0.208,0.199,0.21,0.227,0.252,0.264,0.264,0.26,0.253,0.248,0.248,0.25,0.252,0.259,0.252,0.243,0.242,0.253,0.246,0.231,"[[2], [1, 3, 4]]"
0.18477929999999998,0.18520725,0.18403751999999998,0.18027156,0.17855975999999998,0.18247787999999998,0.20326674,0.22228673999999998,0.22375127999999997,0.27047391000000004,0.26800131,0.26492958,0.26397857999999996,0.26731658999999997,0.27286092,0.27947987999999996,0.26983673999999996,0.29993589,0.31653084,0.29899439999999994,0.26982723000000003,0.23379384,0.22106946,0.19607718,0.18235425,0.18128913,0.17666727000000002,0.1704192,0.17036214,0.17661021000000002,0.18405654,0.23455463999999998,0.25845326999999996,0.28506225,0.26719296,0.23872952999999997,0.21653319,0.21287184,0.21312861,0.22902933,0.23840619000000002,0.27677904000000003,0.28258964999999997,0.25651323000000004,0.24124017,0.2115024,0.19886361,0.17097078,0.175,0.179,0.171,0.159,0.161,0.167,0.183,0.225,0.258,0.266,0.266,0.27,0.264,0.26,0.268,0.274,0.271,0.267,0.266,0.267,0.27,0.261,0.248,0.218,0.212,0.219,0.214,0.208,0.199,0.21,0.227,0.252,0.264,0.264,0.26,0.253,0.248,0.248,0.25,0.252,0.259,0.252,0.243,0.242,0.253,0.246,0.231,0.218,"[[2], [1, 3, 4]]"
0.18520725,0.18403751999999998,0.18027156,0.17855975999999998,0.18247787999999998,0.20326674,0.22228673999999998,0.22375127999999997,0.27047391000000004,0.26800131,0.26492958,0.26397857999999996,0.26731658999999997,0.27286092,0.27947987999999996,0.26983673999999996,0.29993589,0.31653084,0.29899439999999994,0.26982723000000003,0.23379384,0.22106946,0.19607718,0.18235425,0.18128913,0.17666727000000002,0.1704192,0.17036214,0.17661021000000002,0.18405654,0.23455463999999998,0.25845326999999996,0.28506225,0.26719296,0.23872952999999997,0.21653319,0.21287184,0.21312861,0.22902933,0.23840619000000002,0.27677904000000003,0.28258964999999997,0.25651323000000004,0.24124017,0.2115024,0.19886361,0.17097078,0.18269660999999998,0.179,0.171,0.159,0.161,0.167,0.183,0.225,0.258,0.266,0.266,0.27,0.264,0.26,0.268,0.274,0.271,0.267,0.266,0.267,0.27,0.261,0.248,0.218,0.212,0.219,0.214,0.208,0.199,0.21,0.227,0.252,0.264,0.264,0.26,0.253,0.248,0.248,0.25,0.252,0.259,0.252,0.243,0.242,0.253,0.246,0.231,0.218,0.213,"[[2], [1, 3, 4]]"
0.18403751999999998,0.18027156,0.17855975999999998,0.18247787999999998,0.20326674,0.22228673999999998,0.22375127999999997,0.27047391000000004,0.26800131,0.26492958,0.26397857999999996,0.26731658999999997,0.27286092,0.27947987999999996,0.26983673999999996,0.29993589,0.31653084,0.29899439999999994,0.26982723000000003,0.23379384,0.22106946,0.19607718,0.18235425,0.18128913,0.17666727000000002,0.1704192,0.17036214,0.17661021000000002,0.18405654,0.23455463999999998,0.25845326999999996,0.28506225,0.26719296,0.23872952999999997,0.21653319,0.21287184,0.21312861,0.22902933,0.23840619000000002,0.27677904000000003,0.28258964999999997,0.25651323000000004,0.24124017,0.2115024,0.19886361,0.17097078,0.18269660999999998,0.17966291999999998,0.171,0.159,0.161,0.167,0.183,0.225,0.258,0.266,0.266,0.27,0.264,0.26,0.268,0.274,0.271,0.267,0.266,0.267,0.27,0.261,0.248,0.218,0.212,0.219,0.214,0.208,0.199,0.21,0.227,0.252,0.264,0.264,0.26,0.253,0.248,0.248,0.25,0.252,0.259,0.252,0.243,0.242,0.253,0.246,0.231,0.218,0.213,0.212,"[[1, 4], [2, 3]]"
0.18027156,0.17855975999999998,0.18247787999999998,0.20326674,0.22228673999999998,0.22375127999999997,0.27047391000000004,0.26800131,0.26492958,0.26397857999999996,0.26731658999999997,0.27286092,0.27947987999999996,0.26983673999999996,0.29993589,0.31653084,0.29899439999999994,0.26982723000000003,0.23379384,0.22106946,0.19607718,0.18235425,0.18128913,0.17666727000000002,0.1704192,0.17036214,0.17661021000000002,0.18405654,0.23455463999999998,0.25845326999999996,0.28506225,0.26719296,0.23872952999999997,0.21653319,0.21287184,0.21312861,0.22902933,0.23840619000000002,0.27677904000000003,0.28258964999999997,0.25651323000000004,0.24124017,0.2115024,0.19886361,0.17097078,0.18269660999999998,0.17966291999999998,0.1728918,0.159,0.161,0.167,0.183,0.225,0.258,0.266,0.266,0.27,0.264,0.26,0.268,0.274,0.271,0.267,0.266,0.267,0.27,0.261,0.248,0.218,0.212,0.219,0.214,0.208,0.199,0.21,0.227,0.252,0.264,0.264,0.26,0.253,0.248,0.248,0.25,0.252,0.259,0.252,0.243,0.242,0.253,0.246,0.231,0.218,0.213,0.212,0.206,"[[1, 4], [2, 3]]"
0.17855975999999998,0.18247787999999998,0.20326674,0.22228673999999998,0.22375127999999997,0.27047391000000004,0.26800131,0.26492958,0.26397857999999996,0.26731658999999997,0.27286092,0.27947987999999996,0.26983673999999996,0.29993589,0.31653084,0.29899439999999994,0.26982723000000003,0.23379384,0.22106946,0.19607718,0.18235425,0.18128913,0.17666727000000002,0.1704192,0.17036214,0.17661021000000002,0.18405654,0.23455463999999998,0.25845326999999996,0.28506225,0.26719296,0.23872952999999997,0.21653319,0.21287184,0.21312861,0.22902933,0.23840619000000002,0.27677904000000003,0.28258964999999997,0.25651323000000004,0.24124017,0.2115024,0.19886361,0.17097078,0.18269660999999998,0.17966291999999998,0.1728918,0.16843161,0.161,0.167,0.183,0.225,0.258,0.266,0.266,0.27,0.264,0.26,0.268,0.274,0.271,0.267,0.266,0.267,0.27,0.261,0.248,0.218,0.212,0.219,0.214,0.208,0.199,0.21,0.227,0.252,0.264,0.264,0.26,0.253,0.248,0.248,0.25,0.252,0.259,0.252,0.243,0.242,0.253,0.246,0.231,0.218,0.213,0.212,0.206,0.2,"[[1, 4], [2, 3]]"
0.18247787999999998,0.20326674,0.22228673999999998,0.22375127999999997,0.27047391000000004,0.26800131,0.26492958,0.26397857999999996,0.26731658999999997,0.27286092,0.27947987999999996,0.26983673999999996,0.29993589,0.31653084,0.29899439999999994,0.26982723000000003,0.23379384,0.22106946,0.19607718,0.18235425,0.18128913,0.17666727000000002,0.1704192,0.17036214,0.17661021000000002,0.18405654,0.23455463999999998,0.25845326999999996,0.28506225,0.26719296,0.23872952999999997,0.21653319,0.21287184,0.21312861,0.22902933,0.23840619000000002,0.27677904000000003,0.28258964999999997,0.25651323000000004,0.24124017,0.2115024,0.19886361,0.17097078,0.18269660999999998,0.17966291999999998,0.1728918,0.16843161,0.16777541999999998,0.167,0.183,0.225,0.258,0.266,0.266,0.27,0.264,0.26,0.268,0.274,0.271,0.267,0.266,0.267,0.27,0.261,0.248,0.218,0.212,0.219,0.214,0.208,0.199,0.21,0.227,0.252,0.264,0.264,0.26,0.253,0.248,0.248,0.25,0.252,0.259,0.252,0.243,0.242,0.253,0.246,0.231,0.218,0.213,0.212,0.206,0.2,0.199,"[[1, 4], [2, 3]]"
0.20326674,0.22228673999999998,0.22375127999999997,0.27047391000000004,0.26800131,0.26492958,0.26397857999999996,0.26731658999999997,0.27286092,0.27947987999999996,0.26983673999999996,0.29993589,0.31653084,0.29899439999999994,0.26982723000000003,0.23379384,0.22106946,0.19607718,0.18235425,0.18128913,0.17666727000000002,0.1704192,0.17036214,0.17661021000000002,0.18405654,0.23455463999999998,0.25845326999999996,0.28506225,0.26719296,0.23872952999999997,0.21653319,0.21287184,0.21312861,0.22902933,0.23840619000000002,0.27677904000000003,0.28258964999999997,0.25651323000000004,0.24124017,0.2115024,0.19886361,0.17097078,0.18269660999999998,0.17966291999999998,0.1728918,0.16843161,0.16777541999999998,0.17124657,0.183,0.225,0.258,0.266,0.266,0.27,0.264,0.26,0.268,0.274,0.271,0.267,0.266,0.267,0.27,0.261,0.248,0.218,0.212,0.219,0.214,0.208,0.199,0.21,0.227,0.252,0.264,0.264,0.26,0.253,0.248,0.248,0.25,0.252,0.259,0.252,0.243,0.242,0.253,0.246,0.231,0.218,0.213,0.212,0.206,0.2,0.199,0.205,"[[2, 3], [1, 4]]"
0.22228673999999998,0.22375127999999997,0.27047391000000004,0.26800131,0.26492958,0.26397857999999996,0.26731658999999997,0.27286092,0.27947987999999996,0.26983673999999996,0.29993589,0.31653084,0.29899439999999994,0.26982723000000003,0.23379384,0.22106946,0.19607718,0.18235425,0.18128913,0.17666727000000002,0.1704192,0.17036214,0.17661021000000002,0.18405654,0.23455463999999998,0.25845326999999996,0.28506225,0.26719296,0.23872952999999997,0.21653319,0.21287184,0.21312861,0.22902933,0.23840619000000002,0.27677904000000003,0.28258964999999997,0.25651323000000004,0.24124017,0.2115024,0.19886361,0.17097078,0.18269660999999998,0.17966291999999998,0.1728918,0.16843161,0.16777541999999998,0.17124657,0.18543548999999998,0.225,0.258,0.266,0.266,0.27,0.264,0.26,0.268,0.274,0.271,0.267,0.266,0.267,0.27,0.261,0.248,0.218,0.212,0.219,0.214,0.208,0.199,0.21,0.227,0.252,0.264,0.264,0.26,0.253,0.248,0.248,0.25,0.252,0.259,0.252,0.243,0.242,0.253,0.246,0.231,0.218,0.213,0.212,0.206,0.2,0.199,0.205,0.221,"[[1, 4], [2, 3]]"
0.22375127999999997,0.27047391000000004,0.26800131,0.26492958,0.26397857999999996,0.26731658999999997,0.27286092,0.27947987999999996,0.26983673999999996,0.29993589,0.31653084,0.29899439999999994,0.26982723000000003,0.23379384,0.22106946,0.19607718,0.18235425,0.18128913,0.17666727000000002,0.1704192,0.17036214,0.17661021000000002,0.18405654,0.23455463999999998,0.25845326999999996,0.28506225,0.26719296,0.23872952999999997,0.21653319,0.21287184,0.21312861,0.22902933,0.23840619000000002,0.27677904000000003,0.28258964999999997,0.25651323000000004,0.24124017,0.2115024,0.19886361,0.17097078,0.18269660999999998,0.17966291999999998,0.1728918,0.16843161,0.16777541999999998,0.17124657,0.18543548999999998,0.21433638,0.258,0.266,0.266,0.27,0.264,0.26,0.268,0.274,0.271,0.267,0.266,0.267,0.27,0.261,0.248,0.218,0.212,0.219,0.214,0.208,0.199,0.21,0.227,0.252,0.264,0.264,0.26,0.253,0.248,0.248,0.25,0.252,0.259,0.252,0.243,0.242,0.253,0.246,0.231,0.218,0.213,0.212,0.206,0.2,0.199,0.205,0.221,0.248,"[[1, 4], [2, 3]]"
0.27047391000000004,0.26800131,0.26492958,0.26397857999999996,0.26731658999999997,0.27286092,0.27947987999999996,0.26983673999999996,0.29993589,0.31653084,0.29899439999999994,0.26982723000000003,0.23379384,0.22106946,0.19607718,0.18235425,0.18128913,0.17666727000000002,0.1704192,0.17036214,0.17661021000000002,0.18405654,0.23455463999999998,0.25845326999999996,0.28506225,0.26719296,0.23872952999999997,0.21653319,0.21287184,0.21312861,0.22902933,0.23840619000000002,0.27677904000000003,0.28258964999999997,0.25651323000000004,0.24124017,0.2115024,0.19886361,0.17097078,0.18269660999999998,0.17966291999999998,0.1728918,0.16843161,0.16777541999999998,0.17124657,0.18543548999999998,0.21433638,0.24241940999999997,0.266,0.266,0.27,0.264,0.26,0.268,0.274,0.271,0.267,0.266,0.267,0.27,0.261,0.248,0.218,0.212,0.219,0.214,0.208,0.199,0.21,0.227,0.252,0.264,0.264,0.26,0.253,0.248,0.248,0.25,0.252,0.259,0.252,0.243,0.242,0.253,0.246,0.231,0.218,0.213,0.212,0.206,0.2,0.199,0.205,0.221,0.248,0.255,"[[1, 4], [2, 3]]"
0.26800131,0.26492958,0.26397857999999996,0.26731658999999997,0.27286092,0.27947987999999996,0.26983673999999996,0.29993589,0.31653084,0.29899439999999994,0.26982723000000003,0.23379384,0.22106946,0.19607718,0.18235425,0.18128913,0.17666727000000002,0.1704192,0.17036214,0.17661021000000002,0.18405654,0.23455463999999998,0.25845326999999996,0.28506225,0.26719296,0.23872952999999997,0.21653319,0.21287184,0.21312861,0.22902933,0.23840619000000002,0.27677904000000003,0.28258964999999997,0.25651323000000004,0.24124017,0.2115024,0.19886361,0.17097078,0.18269660999999998,0.17966291999999998,0.1728918,0.16843161,0.16777541999999998,0.17124657,0.18543548999999998,0.21433638,0.24241940999999997,0.25927112999999996,0.266,0.27,0.264,0.26,0.268,0.274,0.271,0.267,0.266,0.267,0.27,0.261,0.248,0.218,0.212,0.219,0.214,0.208,0.199,0.21,0.227,0.252,0.264,0.264,0.26,0.253,0.248,0.248,0.25,0.252,0.259,0.252,0.243,0.242,0.253,0.246,0.231,0.218,0.213,0.212,0.206,0.2,0.199,0.205,0.221,0.248,0.255,0.258,"[[2, 3], [1, 4]]"
0.26492958,0.26397857999999996,0.26731658999999997,0.27286092,0.27947987999999996,0.26983673999999996,0.29993589,0.31653084,0.29899439999999994,0.26982723000000003,0.23379384,0.22106946,0.19607718,0.18235425,0.18128913,0.17666727000000002,0.1704192,0.17036214,0.17661021000000002,0.18405654,0.23455463999999998,0.25845326999999996,0.28506225,0.26719296,0.23872952999999997,0.21653319,0.21287184,0.21312861,0.22902933,0.23840619000000002,0.27677904000000003,0.28258964999999997,0.25651323000000004,0.24124017,0.2115024,0.19886361,0.17097078,0.18269660999999998,0.17966291999999998,0.1728918,0.16843161,0.16777541999999998,0.17124657,0.18543548999999998,0.21433638,0.24241940999999997,0.25927112999999996,0.25128273,0.27,0.264,0.26,0.268,0.274,0.271,0.267,0.266,0.267,0.27,0.261,0.248,0.218,0.212,0.219,0.214,0.208,0.199,0.21,0.227,0.252,0.264,0.264,0.26,0.253,0.248,0.248,0.25,0.252,0.259,0.252,0.243,0.242,0.253,0.246,0.231,0.218,0.213,0.212,0.206,0.2,0.199,0.205,0.221,0.248,0.255,0.258,0.251,"[[1, 4], [2, 3]]"
0.26397857999999996,0.26731658999999997,0.27286092,0.27947987999999996,0.26983673999999996,0.29993589,0.31653084,0.29899439999999994,0.26982723000000003,0.23379384,0.22106946,0.19607718,0.18235425,0.18128913,0.17666727000000002,0.1704192,0.17036214,0.17661021000000002,0.18405654,0.23455463999999998,0.25845326999999996,0.28506225,0.26719296,0.23872952999999997,0.21653319,0.21287184,0.21312861,0.22902933,0.23840619000000002,0.27677904000000003,0.28258964999999997,0.25651323000000004,0.24124017,0.2115024,0.19886361,0.17097078,0.18269660999999998,0.17966291999999998,0.1728918,0.16843161,0.16777541999999998,0.17124657,0.18543548999999998,0.21433638,0.24241940999999997,0.25927112999999996,0.25128273,0.23172065999999997,0.264,0.26,0.268,0.274,0.271,0.267,0.266,0.267,0.27,0.261,0.248,0.218,0.212,0.219,0.214,0.208,0.199,0.21,0.227,0.252,0.264,0.264,0.26,0.253,0.248,0.248,0.25,0.252,0.259,0.252,0.243,0.242,0.253,0.246,0.231,0.218,0.213,0.212,0.206,0.2,0.199,0.205,0.221,0.248,0.255,0.258,0.251,0.241,"[[1, 4], [2, 3]]"
0.26731658999999997,0.27286092,0.27947987999999996,0.26983673999999996,0.29993589,0.31653084,0.29899439999999994,0.26982723000000003,0.23379384,0.22106946,0.19607718,0.18235425,0.18128913,0.17666727000000002,0.1704192,0.17036214,0.17661021000000002,0.18405654,0.23455463999999998,0.25845326999999996,0.28506225,0.26719296,0.23872952999999997,0.21653319,0.21287184,0.21312861,0.22902933,0.23840619000000002,0.27677904000000003,0.28258964999999997,0.25651323000000004,0.24124017,0.2115024,0.19886361,0.17097078,0.18269660999999998,0.17966291999999998,0.1728918,0.16843161,0.16777541999999998,0.17124657,0.18543548999999998,0.21433638,0.24241940999999997,0.25927112999999996,0.25128273,0.23172065999999997,0.21822597,0.26,0.268,0.274,0.271,0.267,0.266,0.267,0.27,0.261,0.248,0.218,0.212,0.219,0.214,0.208,0.199,0.21,0.227,0.252,0.264,0.264,0.26,0.253,0.248,0.248,0.25,0.252,0.259,0.252,0.243,0.242,0.253,0.246,0.231,0.218,0.213,0.212,0.206,0.2,0.199,0.205,0.221,0.248,0.255,0.258,0.251,0.241,0.232,"[[2, 3], [1, 4]]"
0.27286092,0.27947987999999996,0.26983673999999996,0.29993589,0.31653084,0.29899439999999994,0.26982723000000003,0.23379384,0.22106946,0.19607718,0.18235425,0.18128913,0.17666727000000002,0.1704192,0.17036214,0.17661021000000002,0.18405654,0.23455463999999998,0.25845326999999996,0.28506225,0.26719296,0.23872952999999997,0.21653319,0.21287184,0.21312861,0.22902933,0.23840619000000002,0.27677904000000003,0.28258964999999997,0.25651323000000004,0.24124017,0.2115024,0.19886361,0.17097078,0.18269660999999998,0.17966291999999998,0.1728918,0.16843161,0.16777541999999998,0.17124657,0.18543548999999998,0.21433638,0.24241940999999997,0.25927112999999996,0.25128273,0.23172065999999997,0.21822597,0.21335685,0.268,0.274,0.271,0.267,0.266,0.267,0.27,0.261,0.248,0.218,0.212,0.219,0.214,0.208,0.199,0.21,0.227,0.252,0.264,0.264,0.26,0.253,0.248,0.248,0.25,0.252,0.259,0.252,0.243,0.242,0.253,0.246,0.231,0.218,0.213,0.212,0.206,0.2,0.199,0.205,0.221,0.248,0.255,0.258,0.251,0.241,0.232,0.233,"[[2, 3], [1, 4]]"
0.27947987999999996,0.26983673999999996,0.29993589,0.31653084,0.29899439999999994,0.26982723000000003,0.23379384,0.22106946,0.19607718,0.18235425,0.18128913,0.17666727000000002,0.1704192,0.17036214,0.17661021000000002,0.18405654,0.23455463999999998,0.25845326999999996,0.28506225,0.26719296,0.23872952999999997,0.21653319,0.21287184,0.21312861,0.22902933,0.23840619000000002,0.27677904000000003,0.28258964999999997,0.25651323000000004,0.24124017,0.2115024,0.19886361,0.17097078,0.18269660999999998,0.17966291999999998,0.1728918,0.16843161,0.16777541999999998,0.17124657,0.18543548999999998,0.21433638,0.24241940999999997,0.25927112999999996,0.25128273,0.23172065999999997,0.21822597,0.21335685,0.21038972999999997,0.274,0.271,0.267,0.266,0.267,0.27,0.261,0.248,0.218,0.212,0.219,0.214,0.208,0.199,0.21,0.227,0.252,0.264,0.264,0.26,0.253,0.248,0.248,0.25,0.252,0.259,0.252,0.243,0.242,0.253,0.246,0.231,0.218,0.213,0.212,0.206,0.2,0.199,0.205,0.221,0.248,0.255,0.258,0.251,0.241,0.232,0.233,0.239,"[[2, 3], [1, 4]]"
0.26983673999999996,0.29993589,0.31653084,0.29899439999999994,0.26982723000000003,0.23379384,0.22106946,0.19607718,0.18235425,0.18128913,0.17666727000000002,0.1704192,0.17036214,0.17661021000000002,0.18405654,0.23455463999999998,0.25845326999999996,0.28506225,0.26719296,0.23872952999999997,0.21653319,0.21287184,0.21312861,0.22902933,0.23840619000000002,0.27677904000000003,0.28258964999999997,0.25651323000000004,0.24124017,0.2115024,0.19886361,0.17097078,0.18269660999999998,0.17966291999999998,0.1728918,0.16843161,0.16777541999999998,0.17124657,0.18543548999999998,0.21433638,0.24241940999999997,0.25927112999999996,0.25128273,0.23172065999999997,0.21822597,0.21335685,0.21038972999999997,0.21636201,0.271,0.267,0.266,0.267,0.27,0.261,0.248,0.218,0.212,0.219,0.214,0.208,0.199,0.21,0.227,0.252,0.264,0.264,0.26,0.253,0.248,0.248,0.25,0.252,0.259,0.252,0.243,0.242,0.253,0.246,0.231,0.218,0.213,0.212,0.206,0.2,0.199,0.205,0.221,0.248,0.255,0.258,0.251,0.241,0.232,0.233,0.239,0.249,"[[1, 4], [2, 3]]"
0.29993589,0.31653084,0.29899439999999994,0.26982723000000003,0.23379384,0.22106946,0.19607718,0.18235425,0.18128913,0.17666727000000002,0.1704192,0.17036214,0.17661021000000002,0.18405654,0.23455463999999998,0.25845326999999996,0.28506225,0.26719296,0.23872952999999997,0.21653319,0.21287184,0.21312861,0.22902933,0.23840619000000002,0.27677904000000003,0.28258964999999997,0.25651323000000004,0.24124017,0.2115024,0.19886361,0.17097078,0.18269660999999998,0.17966291999999998,0.1728918,0.16843161,0.16777541999999998,0.17124657,0.18543548999999998,0.21433638,0.24241940999999997,0.25927112999999996,0.25128273,0.23172065999999997,0.21822597,0.21335685,0.21038972999999997,0.21636201,0.23166359999999997,0.267,0.266,0.267,0.27,0.261,0.248,0.218,0.212,0.219,0.214,0.208,0.199,0.21,0.227,0.252,0.264,0.264,0.26,0.253,0.248,0.248,0.25,0.252,0.259,0.252,0.243,0.242,0.253,0.246,0.231,0.218,0.213,0.212,0.206,0.2,0.199,0.205,0.221,0.248,0.255,0.258,0.251,0.241,0.232,0.233,0.239,0.249,0.265,"[[1, 4], [2, 3]]"
0.31653084,0.29899439999999994,0.26982723000000003,0.23379384,0.22106946,0.19607718,0.18235425,0.18128913,0.17666727000000002,0.1704192,0.17036214,0.17661021000000002,0.18405654,0.23455463999999998,0.25845326999999996,0.28506225,0.26719296,0.23872952999999997,0.21653319,0.21287184,0.21312861,0.22902933,0.23840619000000002,0.27677904000000003,0.28258964999999997,0.25651323000000004,0.24124017,0.2115024,0.19886361,0.17097078,0.18269660999999998,0.17966291999999998,0.1728918,0.16843161,0.16777541999999998,0.17124657,0.18543548999999998,0.21433638,0.24241940999999997,0.25927112999999996,0.25128273,0.23172065999999997,0.21822597,0.21335685,0.21038972999999997,0.21636201,0.23166359999999997,0.26357916,0.266,0.267,0.27,0.261,0.248,0.218,0.212,0.219,0.214,0.208,0.199,0.21,0.227,0.252,0.264,0.264,0.26,0.253,0.248,0.248,0.25,0.252,0.259,0.252,0.243,0.242,0.253,0.246,0.231,0.218,0.213,0.212,0.206,0.2,0.199,0.205,0.221,0.248,0.255,0.258,0.251,0.241,0.232,0.233,0.239,0.249,0.265,0.259,"[[2, 3], [1, 4]]"
0.29899439999999994,0.26982723000000003,0.23379384,0.22106946,0.19607718,0.18235425,0.18128913,0.17666727000000002,0.1704192,0.17036214,0.17661021000000002,0.18405654,0.23455463999999998,0.25845326999999996,0.28506225,0.26719296,0.23872952999999997,0.21653319,0.21287184,0.21312861,0.22902933,0.23840619000000002,0.27677904000000003,0.28258964999999997,0.25651323000000004,0.24124017,0.2115024,0.19886361,0.17097078,0.18269660999999998,0.17966291999999998,0.1728918,0.16843161,0.16777541999999998,0.17124657,0.18543548999999998,0.21433638,0.24241940999999997,0.25927112999999996,0.25128273,0.23172065999999997,0.21822597,0.21335685,0.21038972999999997,0.21636201,0.23166359999999997,0.26357916,0.28356918,0.267,0.27,0.261,0.248,0.218,0.212,0.219,0.214,0.208,0.199,0.21,0.227,0.252,0.264,0.264,0.26,0.253,0.248,0.248,0.25,0.252,0.259,0.252,0.243,0.242,0.253,0.246,0.231,0.218,0.213,0.212,0.206,0.2,0.199,0.205,0.221,0.248,0.255,0.258,0.251,0.241,0.232,0.233,0.239,0.249,0.265,0.259,0.256,"[[2, 3], [1, 4]]"
0.26982723000000003,0.23379384,0.22106946,0.19607718,0.18235425,0.18128913,0.17666727000000002,0.1704192,0.17036214,0.17661021000000002,0.18405654,0.23455463999999998,0.25845326999999996,0.28506225,0.26719296,0.23872952999999997,0.21653319,0.21287184,0.21312861,0.22902933,0.23840619000000002,0.27677904000000003,0.28258964999999997,0.25651323000000004,0.24124017,0.2115024,0.19886361,0.17097078,0.18269660999999998,0.17966291999999998,0.1728918,0.16843161,0.16777541999999998,0.17124657,0.18543548999999998,0.21433638,0.24241940999999997,0.25927112999999996,0.25128273,0.23172065999999997,0.21822597,0.21335685,0.21038972999999997,0.21636201,0.23166359999999997,0.26357916,0.28356918,0.27399261,0.27,0.261,0.248,0.218,0.212,0.219,0.214,0.208,0.199,0.21,0.227,0.252,0.264,0.264,0.26,0.253,0.248,0.248,0.25,0.252,0.259,0.252,0.243,0.242,0.253,0.246,0.231,0.218,0.213,0.212,0.206,0.2,0.199,0.205,0.221,0.248,0.255,0.258,0.251,0.241,0.232,0.233,0.239,0.249,0.265,0.259,0.256,0.253,"[[2, 3], [1, 4]]"
0.23379384,0.22106946,0.19607718,0.18235425,0.18128913,0.17666727000000002,0.1704192,0.17036214,0.17661021000000002,0.18405654,0.23455463999999998,0.25845326999999996,0.28506225,0.26719296,0.23872952999999997,0.21653319,0.21287184,0.21312861,0.22902933,0.23840619000000002,0.27677904000000003,0.28258964999999997,0.25651323000000004,0.24124017,0.2115024,0.19886361,0.17097078,0.18269660999999998,0.17966291999999998,0.1728918,0.16843161,0.16777541999999998,0.17124657,0.18543548999999998,0.21433638,0.24241940999999997,0.25927112999999996,0.25128273,0.23172065999999997,0.21822597,0.21335685,0.21038972999999997,0.21636201,0.23166359999999997,0.26357916,0.28356918,0.27399261,0.25792071,0.261,0.248,0.218,0.212,0.219,0.214,0.208,0.199,0.21,0.227,0.252,0.264,0.264,0.26,0.253,0.248,0.248,0.25,0.252,0.259,0.252,0.243,0.242,0.253,0.246,0.231,0.218,0.213,0.212,0.206,0.2,0.199,0.205,0.221,0.248,0.255,0.258,0.251,0.241,0.232,0.233,0.239,0.249,0.265,0.259,0.256,0.253,0.257,"[[2, 3], [1, 4]]"
0.22106946,0.19607718,0.18235425,0.18128913,0.17666727000000002,0.1704192,0.17036214,0.17661021000000002,0.18405654,0.23455463999999998,0.25845326999999996,0.28506225,0.26719296,0.23872952999999997,0.21653319,0.21287184,0.21312861,0.22902933,0.23840619000000002,0.27677904000000003,0.28258964999999997,0.25651323000000004,0.24124017,0.2115024,0.19886361,0.17097078,0.18269660999999998,0.17966291999999998,0.1728918,0.16843161,0.16777541999999998,0.17124657,0.18543548999999998,0.21433638,0.24241940999999997,0.25927112999999996,0.25128273,0.23172065999999997,0.21822597,0.21335685,0.21038972999999997,0.21636201,0.23166359999999997,0.26357916,0.28356918,0.27399261,0.25792071,0.20997128999999998,0.248,0.218,0.212,0.219,0.214,0.208,0.199,0.21,0.227,0.252,0.264,0.264,0.26,0.253,0.248,0.248,0.25,0.252,0.259,0.252,0.243,0.242,0.253,0.246,0.231,0.218,0.213,0.212,0.206,0.2,0.199,0.205,0.221,0.248,0.255,0.258,0.251,0.241,0.232,0.233,0.239,0.249,0.265,0.259,0.256,0.253,0.257,0.266,"[[1, 4], [2, 3]]"
0.19607718,0.18235425,0.18128913,0.17666727000000002,0.1704192,0.17036214,0.17661021000000002,0.18405654,0.23455463999999998,0.25845326999999996,0.28506225,0.26719296,0.23872952999999997,0.21653319,0.21287184,0.21312861,0.22902933,0.23840619000000002,0.27677904000000003,0.28258964999999997,0.25651323000000004,0.24124017,0.2115024,0.19886361,0.17097078,0.18269660999999998,0.17966291999999998,0.1728918,0.16843161,0.16777541999999998,0.17124657,0.18543548999999998,0.21433638,0.24241940999999997,0.25927112999999996,0.25128273,0.23172065999999997,0.21822597,0.21335685,0.21038972999999997,0.21636201,0.23166359999999997,0.26357916,0.28356918,0.27399261,0.25792071,0.20997128999999998,0.2042748,0.218,0.212,0.219,0.214,0.208,0.199,0.21,0.227,0.252,0.264,0.264,0.26,0.253,0.248,0.248,0.25,0.252,0.259,0.252,0.243,0.242,0.253,0.246,0.231,0.218,0.213,0.212,0.206,0.2,0.199,0.205,0.221,0.248,0.255,0.258,0.251,0.241,0.232,0.233,0.239,0.249,0.265,0.259,0.256,0.253,0.257,0.266,0.248,"[[2, 3], [1, 4]]"
0.18235425,0.18128913,0.17666727000000002,0.1704192,0.17036214,0.17661021000000002,0.18405654,0.23455463999999998,0.25845326999999996,0.28506225,0.26719296,0.23872952999999997,0.21653319,0.21287184,0.21312861,0.22902933,0.23840619000000002,0.27677904000000003,0.28258964999999997,0.25651323000000004,0.24124017,0.2115024,0.19886361,0.17097078,0.18269660999999998,0.17966291999999998,0.1728918,0.16843161,0.16777541999999998,0.17124657,0.18543548999999998,0.21433638,0.24241940999999997,0.25927112999999996,0.25128273,0.23172065999999997,0.21822597,0.21335685,0.21038972999999997,0.21636201,0.23166359999999997,0.26357916,0.28356918,0.27399261,0.25792071,0.20997128999999998,0.2042748,0.17513615999999999,0.212,0.219,0.214,0.208,0.199,0.21,0.227,0.252,0.264,0.264,0.26,0.253,0.248,0.248,0.25,0.252,0.259,0.252,0.243,0.242,0.253,0.246,0.231,0.218,0.213,0.212,0.206,0.2,0.199,0.205,0.221,0.248,0.255,0.258,0.251,0.241,0.232,0.233,0.239,0.249,0.265,0.259,0.256,0.253,0.257,0.266,0.248,0.223,"[[2, 3], [1, 4]]"
0.18128913,0.17666727000000002,0.1704192,0.17036214,0.17661021000000002,0.18405654,0.23455463999999998,0.25845326999999996,0.28506225,0.26719296,0.23872952999999997,0.21653319,0.21287184,0.21312861,0.22902933,0.23840619000000002,0.27677904000000003,0.28258964999999997,0.25651323000000004,0.24124017,0.2115024,0.19886361,0.17097078,0.18269660999999998,0.17966291999999998,0.1728918,0.16843161,0.16777541999999998,0.17124657,0.18543548999999998,0.21433638,0.24241940999999997,0.25927112999999996,0.25128273,0.23172065999999997,0.21822597,0.21335685,0.21038972999999997,0.21636201,0.23166359999999997,0.26357916,0.28356918,0.27399261,0.25792071,0.20997128999999998,0.2042748,0.17513615999999999,0.15939711,0.219,0.214,0.208,0.199,0.21,0.227,0.252,0.264,0.264,0.26,0.253,0.248,0.248,0.25,0.252,0.259,0.252,0.243,0.242,0.253,0.246,0.231,0.218,0.213,0.212,0.206,0.2,0.199,0.205,0.221,0.248,0.255,0.258,0.251,0.241,0.232,0.233,0.239,0.249,0.265,0.259,0.256,0.253,0.257,0.266,0.248,0.223,0.219,"[[2, 3], [1, 4]]"
0.17666727000000002,0.1704192,0.17036214,0.17661021000000002,0.18405654,0.23455463999999998,0.25845326999999996,0.28506225,0.26719296,0.23872952999999997,0.21653319,0.21287184,0.21312861,0.22902933,0.23840619000000002,0.27677904000000003,0.28258964999999997,0.25651323000000004,0.24124017,0.2115024,0.19886361,0.17097078,0.18269660999999998,0.17966291999999998,0.1728918,0.16843161,0.16777541999999998,0.17124657,0.18543548999999998,0.21433638,0.24241940999999997,0.25927112999999996,0.25128273,0.23172065999999997,0.21822597,0.21335685,0.21038972999999997,0.21636201,0.23166359999999997,0.26357916,0.28356918,0.27399261,0.25792071,0.20997128999999998,0.2042748,0.17513615999999999,0.15939711,0.15945416999999998,0.214,0.208,0.199,0.21,0.227,0.252,0.264,0.264,0.26,0.253,0.248,0.248,0.25,0.252,0.259,0.252,0.243,0.242,0.253,0.246,0.231,0.218,0.213,0.212,0.206,0.2,0.199,0.205,0.221,0.248,0.255,0.258,0.251,0.241,0.232,0.233,0.239,0.249,0.265,0.259,0.256,0.253,0.257,0.266,0.248,0.223,0.219,0.229,"[[1, 4], [2, 3]]"
0.1704192,0.17036214,0.17661021000000002,0.18405654,0.23455463999999998,0.25845326999999996,0.28506225,0.26719296,0.23872952999999997,0.21653319,0.21287184,0.21312861,0.22902933,0.23840619000000002,0.27677904000000003,0.28258964999999997,0.25651323000000004,0.24124017,0.2115024,0.19886361,0.17097078,0.18269660999999998,0.17966291999999998,0.1728918,0.16843161,0.16777541999999998,0.17124657,0.18543548999999998,0.21433638,0.24241940999999997,0.25927112999999996,0.25128273,0.23172065999999997,0.21822597,0.21335685,0.21038972999999997,0.21636201,0.23166359999999997,0.26357916,0.28356918,0.27399261,0.25792071,0.20997128999999998,0.2042748,0.17513615999999999,0.15939711,0.15945416999999998,0.15963486,0.208,0.199,0.21,0.227,0.252,0.264,0.264,0.26,0.253,0.248,0.248,0.25,0.252,0.259,0.252,0.243,0.242,0.253,0.246,0.231,0.218,0.213,0.212,0.206,0.2,0.199,0.205,0.221,0.248,0.255,0.258,0.251,0.241,0.232,0.233,0.239,0.249,0.265,0.259,0.256,0.253,0.257,0.266,0.248,0.223,0.219,0.229,0.231,"[[1, 4], [2, 3]]"
0.17036214,0.17661021000000002,0.18405654,0.23455463999999998,0.25845326999999996,0.28506225,0.26719296,0.23872952999999997,0.21653319,0.21287184,0.21312861,0.22902933,0.23840619000000002,0.27677904000000003,0.28258964999999997,0.25651323000000004,0.24124017,0.2115024,0.19886361,0.17097078,0.18269660999999998,0.17966291999999998,0.1728918,0.16843161,0.16777541999999998,0.17124657,0.18543548999999998,0.21433638,0.24241940999999997,0.25927112999999996,0.25128273,0.23172065999999997,0.21822597,0.21335685,0.21038972999999997,0.21636201,0.23166359999999997,0.26357916,0.28356918,0.27399261,0.25792071,0.20997128999999998,0.2042748,0.17513615999999999,0.15939711,0.15945416999999998,0.15963486,0.15835101,0.199,0.21,0.227,0.252,0.264,0.264,0.26,0.253,0.248,0.248,0.25,0.252,0.259,0.252,0.243,0.242,0.253,0.246,0.231,0.218,0.213,0.212,0.206,0.2,0.199,0.205,0.221,0.248,0.255,0.258,0.251,0.241,0.232,0.233,0.239,0.249,0.265,0.259,0.256,0.253,0.257,0.266,0.248,0.223,0.219,0.229,0.231,0.241,"[[1, 4], [2, 3]]"
0.17661021000000002,0.18405654,0.23455463999999998,0.25845326999999996,0.28506225,0.26719296,0.23872952999999997,0.21653319,0.21287184,0.21312861,0.22902933,0.23840619000000002,0.27677904000000003,0.28258964999999997,0.25651323000000004,0.24124017,0.2115024,0.19886361,0.17097078,0.18269660999999998,0.17966291999999998,0.1728918,0.16843161,0.16777541999999998,0.17124657,0.18543548999999998,0.21433638,0.24241940999999997,0.25927112999999996,0.25128273,0.23172065999999997,0.21822597,0.21335685,0.21038972999999997,0.21636201,0.23166359999999997,0.26357916,0.28356918,0.27399261,0.25792071,0.20997128999999998,0.2042748,0.17513615999999999,0.15939711,0.15945416999999998,0.15963486,0.15835101,0.15836052,0.21,0.227,0.252,0.264,0.264,0.26,0.253,0.248,0.248,0.25,0.252,0.259,0.252,0.243,0.242,0.253,0.246,0.231,0.218,0.213,0.212,0.206,0.2,0.199,0.205,0.221,0.248,0.255,0.258,0.251,0.241,0.232,0.233,0.239,0.249,0.265,0.259,0.256,0.253,0.257,0.266,0.248,0.223,0.219,0.229,0.231,0.241,0.247,"[[1, 4], [2, 3]]"
0.18405654,0.23455463999999998,0.25845326999999996,0.28506225,0.26719296,0.23872952999999997,0.21653319,0.21287184,0.21312861,0.22902933,0.23840619000000002,0.27677904000000003,0.28258964999999997,0.25651323000000004,0.24124017,0.2115024,0.19886361,0.17097078,0.18269660999999998,0.17966291999999998,0.1728918,0.16843161,0.16777541999999998,0.17124657,0.18543548999999998,0.21433638,0.24241940999999997,0.25927112999999996,0.25128273,0.23172065999999997,0.21822597,0.21335685,0.21038972999999997,0.21636201,0.23166359999999997,0.26357916,0.28356918,0.27399261,0.25792071,0.20997128999999998,0.2042748,0.17513615999999999,0.15939711,0.15945416999999998,0.15963486,0.15835101,0.15836052,0.15950172,0.227,0.252,0.264,0.264,0.26,0.253,0.248,0.248,0.25,0.252,0.259,0.252,0.243,0.242,0.253,0.246,0.231,0.218,0.213,0.212,0.206,0.2,0.199,0.205,0.221,0.248,0.255,0.258,0.251,0.241,0.232,0.233,0.239,0.249,0.265,0.259,0.256,0.253,0.257,0.266,0.248,0.223,0.219,0.229,0.231,0.241,0.247,0.256,"[[2, 3], [1, 4]]"
0.23455463999999998,0.25845326999999996,0.28506225,0.26719296,0.23872952999999997,0.21653319,0.21287184,0.21312861,0.22902933,0.23840619000000002,0.27677904000000003,0.28258964999999997,0.25651323000000004,0.24124017,0.2115024,0.19886361,0.17097078,0.18269660999999998,0.17966291999999998,0.1728918,0.16843161,0.16777541999999998,0.17124657,0.18543548999999998,0.21433638,0.24241940999999997,0.25927112999999996,0.25128273,0.23172065999999997,0.21822597,0.21335685,0.21038972999999997,0.21636201,0.23166359999999997,0.26357916,0.28356918,0.27399261,0.25792071,0.20997128999999998,0.2042748,0.17513615999999999,0.15939711,0.15945416999999998,0.15963486,0.15835101,0.15836052,0.15950172,0.16104233999999998,0.252,0.264,0.264,0.26,0.253,0.248,0.248,0.25,0.252,0.259,0.252,0.243,0.242,0.253,0.246,0.231,0.218,0.213,0.212,0.206,0.2,0.199,0.205,0.221,0.248,0.255,0.258,0.251,0.241,0.232,0.233,0.239,0.249,0.265,0.259,0.256,0.253,0.257,0.266,0.248,0.223,0.219,0.229,0.231,0.241,0.247,0.256,0.272,"[[1, 4], [2, 3]]"
0.25845326999999996,0.28506225,0.26719296,0.23872952999999997,0.21653319,0.21287184,0.21312861,0.22902933,0.23840619000000002,0.27677904000000003,0.28258964999999997,0.25651323000000004,0.24124017,0.2115024,0.19886361,0.17097078,0.18269660999999998,0.17966291999999998,0.1728918,0.16843161,0.16777541999999998,0.17124657,0.18543548999999998,0.21433638,0.24241940999999997,0.25927112999999996,0.25128273,0.23172065999999997,0.21822597,0.21335685,0.21038972999999997,0.21636201,0.23166359999999997,0.26357916,0.28356918,0.27399261,0.25792071,0.20997128999999998,0.2042748,0.17513615999999999,0.15939711,0.15945416999999998,0.15963486,0.15835101,0.15836052,0.15950172,0.16104233999999998,0.20700416999999996,0.264,0.264,0.26,0.253,0.248,0.248,0.25,0.252,0.259,0.252,0.243,0.242,0.253,0.246,0.231,0.218,0.213,0.212,0.206,0.2,0.199,0.205,0.221,0.248,0.255,0.258,0.251,0.241,0.232,0.233,0.239,0.249,0.265,0.259,0.256,0.253,0.257,0.266,0.248,0.223,0.219,0.229,0.231,0.241,0.247,0.256,0.272,0.308,"[[1, 4], [2, 3]]"
0.28506225,0.26719296,0.23872952999999997,0.21653319,0.21287184,0.21312861,0.22902933,0.23840619000000002,0.27677904000000003,0.28258964999999997,0.25651323000000004,0.24124017,0.2115024,0.19886361,0.17097078,0.18269660999999998,0.17966291999999998,0.1728918,0.16843161,0.16777541999999998,0.17124657,0.18543548999999998,0.21433638,0.24241940999999997,0.25927112999999996,0.25128273,0.23172065999999997,0.21822597,0.21335685,0.21038972999999997,0.21636201,0.23166359999999997,0.26357916,0.28356918,0.27399261,0.25792071,0.20997128999999998,0.2042748,0.17513615999999999,0.15939711,0.15945416999999998,0.15963486,0.15835101,0.15836052,0.15950172,0.16104233999999998,0.20700416999999996,0.25592361,0.264,0.26,0.253,0.248,0.248,0.25,0.252,0.259,0.252,0.243,0.242,0.253,0.246,0.231,0.218,0.213,0.212,0.206,0.2,0.199,0.205,0.221,0.248,0.255,0.258,0.251,0.241,0.232,0.233,0.239,0.249,0.265,0.259,0.256,0.253,0.257,0.266,0.248,0.223,0.219,0.229,0.231,0.241,0.247,0.256,0.272,0.308,0.319,"[[1, 4], [2, 3]]"
0.26719296,0.23872952999999997,0.21653319,0.21287184,0.21312861,0.22902933,0.23840619000000002,0.27677904000000003,0.28258964999999997,0.25651323000000004,0.24124017,0.2115024,0.19886361,0.17097078,0.18269660999999998,0.17966291999999998,0.1728918,0.16843161,0.16777541999999998,0.17124657,0.18543548999999998,0.21433638,0.24241940999999997,0.25927112999999996,0.25128273,0.23172065999999997,0.21822597,0.21335685,0.21038972999999997,0.21636201,0.23166359999999997,0.26357916,0.28356918,0.27399261,0.25792071,0.20997128999999998,0.2042748,0.17513615999999999,0.15939711,0.15945416999999998,0.15963486,0.15835101,0.15836052,0.15950172,0.16104233999999998,0.20700416999999996,0.25592361,0.27229032000000003,0.26,0.253,0.248,0.248,0.25,0.252,0.259,0.252,0.243,0.242,0.253,0.246,0.231,0.218,0.213,0.212,0.206,0.2,0.199,0.205,0.221,0.248,0.255,0.258,0.251,0.241,0.232,0.233,0.239,0.249,0.265,0.259,0.256,0.253,0.257,0.266,0.248,0.223,0.219,0.229,0.231,0.241,0.247,0.256,0.272,0.308,0.319,0.309,"[[2, 3], [1, 4]]"
0.23872952999999997,0.21653319,0.21287184,0.21312861,0.22902933,0.23840619000000002,0.27677904000000003,0.28258964999999997,0.25651323000000004,0.24124017,0.2115024,0.19886361,0.17097078,0.18269660999999998,0.17966291999999998,0.1728918,0.16843161,0.16777541999999998,0.17124657,0.18543548999999998,0.21433638,0.24241940999999997,0.25927112999999996,0.25128273,0.23172065999999997,0.21822597,0.21335685,0.21038972999999997,0.21636201,0.23166359999999997,0.26357916,0.28356918,0.27399261,0.25792071,0.20997128999999998,0.2042748,0.17513615999999999,0.15939711,0.15945416999999998,0.15963486,0.15835101,0.15836052,0.15950172,0.16104233999999998,0.20700416999999996,0.25592361,0.27229032000000003,0.31143348,0.253,0.248,0.248,0.25,0.252,0.259,0.252,0.243,0.242,0.253,0.246,0.231,0.218,0.213,0.212,0.206,0.2,0.199,0.205,0.221,0.248,0.255,0.258,0.251,0.241,0.232,0.233,0.239,0.249,0.265,0.259,0.256,0.253,0.257,0.266,0.248,0.223,0.219,0.229,0.231,0.241,0.247,0.256,0.272,0.308,0.319,0.309,0.3,"[[2, 3], [1, 4]]"
0.21653319,0.21287184,0.21312861,0.22902933,0.23840619000000002,0.27677904000000003,0.28258964999999997,0.25651323000000004,0.24124017,0.2115024,0.19886361,0.17097078,0.18269660999999998,0.17966291999999998,0.1728918,0.16843161,0.16777541999999998,0.17124657,0.18543548999999998,0.21433638,0.24241940999999997,0.25927112999999996,0.25128273,0.23172065999999997,0.21822597,0.21335685,0.21038972999999997,0.21636201,0.23166359999999997,0.26357916,0.28356918,0.27399261,0.25792071,0.20997128999999998,0.2042748,0.17513615999999999,0.15939711,0.15945416999999998,0.15963486,0.15835101,0.15836052,0.15950172,0.16104233999999998,0.20700416999999996,0.25592361,0.27229032000000003,0.31143348,0.27811994999999995,0.248,0.248,0.25,0.252,0.259,0.252,0.243,0.242,0.253,0.246,0.231,0.218,0.213,0.212,0.206,0.2,0.199,0.205,0.221,0.248,0.255,0.258,0.251,0.241,0.232,0.233,0.239,0.249,0.265,0.259,0.256,0.253,0.257,0.266,0.248,0.223,0.219,0.229,0.231,0.241,0.247,0.256,0.272,0.308,0.319,0.309,0.3,0.292,"[[1, 4], [2, 3]]"
0.21287184,0.21312861,0.22902933,0.23840619000000002,0.27677904000000003,0.28258964999999997,0.25651323000000004,0.24124017,0.2115024,0.19886361,0.17097078,0.18269660999999998,0.17966291999999998,0.1728918,0.16843161,0.16777541999999998,0.17124657,0.18543548999999998,0.21433638,0.24241940999999997,0.25927112999999996,0.25128273,0.23172065999999997,0.21822597,0.21335685,0.21038972999999997,0.21636201,0.23166359999999997,0.26357916,0.28356918,0.27399261,0.25792071,0.20997128999999998,0.2042748,0.17513615999999999,0.15939711,0.15945416999999998,0.15963486,0.15835101,0.15836052,0.15950172,0.16104233999999998,0.20700416999999996,0.25592361,0.27229032000000003,0.31143348,0.27811994999999995,0.26772552,0.248,0.25,0.252,0.259,0.252,0.243,0.242,0.253,0.246,0.231,0.218,0.213,0.212,0.206,0.2,0.199,0.205,0.221,0.248,0.255,0.258,0.251,0.241,0.232,0.233,0.239,0.249,0.265,0.259,0.256,0.253,0.257,0.266,0.248,0.223,0.219,0.229,0.231,0.241,0.247,0.256,0.272,0.308,0.319,0.309,0.3,0.292,0.279,"[[1, 4], [2, 3]]"
0.21312861,0.22902933,0.23840619000000002,0.27677904000000003,0.28258964999999997,0.25651323000000004,0.24124017,0.2115024,0.19886361,0.17097078,0.18269660999999998,0.17966291999999998,0.1728918,0.16843161,0.16777541999999998,0.17124657,0.18543548999999998,0.21433638,0.24241940999999997,0.25927112999999996,0.25128273,0.23172065999999997,0.21822597,0.21335685,0.21038972999999997,0.21636201,0.23166359999999997,0.26357916,0.28356918,0.27399261,0.25792071,0.20997128999999998,0.2042748,0.17513615999999999,0.15939711,0.15945416999999998,0.15963486,0.15835101,0.15836052,0.15950172,0.16104233999999998,0.20700416999999996,0.25592361,0.27229032000000003,0.31143348,0.27811994999999995,0.26772552,0.26773502999999993,0.25,0.252,0.259,0.252,0.243,0.242,0.253,0.246,0.231,0.218,0.213,0.212,0.206,0.2,0.199,0.205,0.221,0.248,0.255,0.258,0.251,0.241,0.232,0.233,0.239,0.249,0.265,0.259,0.256,0.253,0.257,0.266,0.248,0.223,0.219,0.229,0.231,0.241,0.247,0.256,0.272,0.308,0.319,0.309,0.3,0.292,0.279,0.273,"[[1, 4], [2, 3]]"
0.22902933,0.23840619000000002,0.27677904000000003,0.28258964999999997,0.25651323000000004,0.24124017,0.2115024,0.19886361,0.17097078,0.18269660999999998,0.17966291999999998,0.1728918,0.16843161,0.16777541999999998,0.17124657,0.18543548999999998,0.21433638,0.24241940999999997,0.25927112999999996,0.25128273,0.23172065999999997,0.21822597,0.21335685,0.21038972999999997,0.21636201,0.23166359999999997,0.26357916,0.28356918,0.27399261,0.25792071,0.20997128999999998,0.2042748,0.17513615999999999,0.15939711,0.15945416999999998,0.15963486,0.15835101,0.15836052,0.15950172,0.16104233999999998,0.20700416999999996,0.25592361,0.27229032000000003,0.31143348,0.27811994999999995,0.26772552,0.26773502999999993,0.30078227999999996,0.252,0.259,0.252,0.243,0.242,0.253,0.246,0.231,0.218,0.213,0.212,0.206,0.2,0.199,0.205,0.221,0.248,0.255,0.258,0.251,0.241,0.232,0.233,0.239,0.249,0.265,0.259,0.256,0.253,0.257,0.266,0.248,0.223,0.219,0.229,0.231,0.241,0.247,0.256,0.272,0.308,0.319,0.309,0.3,0.292,0.279,0.273,0.274,"[[1, 4], [2, 3]]"
0.23840619000000002,0.27677904000000003,0.28258964999999997,0.25651323000000004,0.24124017,0.2115024,0.19886361,0.17097078,0.18269660999999998,0.17966291999999998,0.1728918,0.16843161,0.16777541999999998,0.17124657,0.18543548999999998,0.21433638,0.24241940999999997,0.25927112999999996,0.25128273,0.23172065999999997,0.21822597,0.21335685,0.21038972999999997,0.21636201,0.23166359999999997,0.26357916,0.28356918,0.27399261,0.25792071,0.20997128999999998,0.2042748,0.17513615999999999,0.15939711,0.15945416999999998,0.15963486,0.15835101,0.15836052,0.15950172,0.16104233999999998,0.20700416999999996,0.25592361,0.27229032000000003,0.31143348,0.27811994999999995,0.26772552,0.26773502999999993,0.30078227999999996,0.32459532,0.259,0.252,0.243,0.242,0.253,0.246,0.231,0.218,0.213,0.212,0.206,0.2,0.199,0.205,0.221,0.248,0.255,0.258,0.251,0.241,0.232,0.233,0.239,0.249,0.265,0.259,0.256,0.253,0.257,0.266,0.248,0.223,0.219,0.229,0.231,0.241,0.247,0.256,0.272,0.308,0.319,0.309,0.3,0.292,0.279,0.273,0.274,0.287,"[[1, 4], [2, 3]]"
0.27677904000000003,0.28258964999999997,0.25651323000000004,0.24124017,0.2115024,0.19886361,0.17097078,0.18269660999999998,0.17966291999999998,0.1728918,0.16843161,0.16777541999999998,0.17124657,0.18543548999999998,0.21433638,0.24241940999999997,0.25927112999999996,0.25128273,0.23172065999999997,0.21822597,0.21335685,0.21038972999999997,0.21636201,0.23166359999999997,0.26357916,0.28356918,0.27399261,0.25792071,0.20997128999999998,0.2042748,0.17513615999999999,0.15939711,0.15945416999999998,0.15963486,0.15835101,0.15836052,0.15950172,0.16104233999999998,0.20700416999999996,0.25592361,0.27229032000000003,0.31143348,0.27811994999999995,0.26772552,0.26773502999999993,0.30078227999999996,0.32459532,0.30253212,0.252,0.243,0.242,0.253,0.246,0.231,0.218,0.213,0.212,0.206,0.2,0.199,0.205,0.221,0.248,0.255,0.258,0.251,0.241,0.232,0.233,0.239,0.249,0.265,0.259,0.256,0.253,0.257,0.266,0.248,0.223,0.219,0.229,0.231,0.241,0.247,0.256,0.272,0.308,0.319,0.309,0.3,0.292,0.279,0.273,0.274,0.287,0.291,"[[1, 4], [2, 3]]"
0.28258964999999997,0.25651323000000004,0.24124017,0.2115024,0.19886361,0.17097078,0.18269660999999998,0.17966291999999998,0.1728918,0.16843161,0.16777541999999998,0.17124657,0.18543548999999998,0.21433638,0.24241940999999997,0.25927112999999996,0.25128273,0.23172065999999997,0.21822597,0.21335685,0.21038972999999997,0.21636201,0.23166359999999997,0.26357916,0.28356918,0.27399261,0.25792071,0.20997128999999998,0.2042748,0.17513615999999999,0.15939711,0.15945416999999998,0.15963486,0.15835101,0.15836052,0.15950172,0.16104233999999998,0.20700416999999996,0.25592361,0.27229032000000003,0.31143348,0.27811994999999995,0.26772552,0.26773502999999993,0.30078227999999996,0.32459532,0.30253212,0.9120755700000001,0.243,0.242,0.253,0.246,0.231,0.218,0.213,0.212,0.206,0.2,0.199,0.205,0.221,0.248,0.255,0.258,0.251,0.241,0.232,0.233,0.239,0.249,0.265,0.259,0.256,0.253,0.257,0.266,0.248,0.223,0.219,0.229,0.231,0.241,0.247,0.256,0.272,0.308,0.319,0.309,0.3,0.292,0.279,0.273,0.274,0.287,0.291,0.297,"[[1, 4], [2, 3]]"
0.25651323000000004,0.24124017,0.2115024,0.19886361,0.17097078,0.18269660999999998,0.17966291999999998,0.1728918,0.16843161,0.16777541999999998,0.17124657,0.18543548999999998,0.21433638,0.24241940999999997,0.25927112999999996,0.25128273,0.23172065999999997,0.21822597,0.21335685,0.21038972999999997,0.21636201,0.23166359999999997,0.26357916,0.28356918,0.27399261,0.25792071,0.20997128999999998,0.2042748,0.17513615999999999,0.15939711,0.15945416999999998,0.15963486,0.15835101,0.15836052,0.15950172,0.16104233999999998,0.20700416999999996,0.25592361,0.27229032000000003,0.31143348,0.27811994999999995,0.26772552,0.26773502999999993,0.30078227999999996,0.32459532,0.30253212,0.9120755700000001,1.3093748399999998,0.242,0.253,0.246,0.231,0.218,0.213,0.212,0.206,0.2,0.199,0.205,0.221,0.248,0.255,0.258,0.251,0.241,0.232,0.233,0.239,0.249,0.265,0.259,0.256,0.253,0.257,0.266,0.248,0.223,0.219,0.229,0.231,0.241,0.247,0.256,0.272,0.308,0.319,0.309,0.3,0.292,0.279,0.273,0.274,0.287,0.291,0.297,0.293,"[[1], [2, 3, 4]]"
0.24124017,0.2115024,0.19886361,0.17097078,0.18269660999999998,0.17966291999999998,0.1728918,0.16843161,0.16777541999999998,0.17124657,0.18543548999999998,0.21433638,0.24241940999999997,0.25927112999999996,0.25128273,0.23172065999999997,0.21822597,0.21335685,0.21038972999999997,0.21636201,0.23166359999999997,0.26357916,0.28356918,0.27399261,0.25792071,0.20997128999999998,0.2042748,0.17513615999999999,0.15939711,0.15945416999999998,0.15963486,0.15835101,0.15836052,0.15950172,0.16104233999999998,0.20700416999999996,0.25592361,0.27229032000000003,0.31143348,0.27811994999999995,0.26772552,0.26773502999999993,0.30078227999999996,0.32459532,0.30253212,0.9120755700000001,1.3093748399999998,0.93993036,0.253,0.246,0.231,0.218,0.213,0.212,0.206,0.2,0.199,0.205,0.221,0.248,0.255,0.258,0.251,0.241,0.232,0.233,0.239,0.249,0.265,0.259,0.256,0.253,0.257,0.266,0.248,0.223,0.219,0.229,0.231,0.241,0.247,0.256,0.272,0.308,0.319,0.309,0.3,0.292,0.279,0.273,0.274,0.287,0.291,0.297,0.293,0.287,"[[1], [2, 3, 4]]"
0.2115024,0.19886361,0.17097078,0.18269660999999998,0.17966291999999998,0.1728918,0.16843161,0.16777541999999998,0.17124657,0.18543548999999998,0.21433638,0.24241940999999997,0.25927112999999996,0.25128273,0.23172065999999997,0.21822597,0.21335685,0.21038972999999997,0.21636201,0.23166359999999997,0.26357916,0.28356918,0.27399261,0.25792071,0.20997128999999998,0.2042748,0.17513615999999999,0.15939711,0.15945416999999998,0.15963486,0.15835101,0.15836052,0.15950172,0.16104233999999998,0.20700416999999996,0.25592361,0.27229032000000003,0.31143348,0.27811994999999995,0.26772552,0.26773502999999993,0.30078227999999996,0.32459532,0.30253212,0.9120755700000001,1.3093748399999998,0.93993036,0.74055321,0.246,0.231,0.218,0.213,0.212,0.206,0.2,0.199,0.205,0.221,0.248,0.255,0.258,0.251,0.241,0.232,0.233,0.239,0.249,0.265,0.259,0.256,0.253,0.257,0.266,0.248,0.223,0.219,0.229,0.231,0.241,0.247,0.256,0.272,0.308,0.319,0.309,0.3,0.292,0.279,0.273,0.274,0.287,0.291,0.297,0.293,0.287,0.286,"[[1], [2, 3, 4]]"
0.19886361,0.17097078,0.18269660999999998,0.17966291999999998,0.1728918,0.16843161,0.16777541999999998,0.17124657,0.18543548999999998,0.21433638,0.24241940999999997,0.25927112999999996,0.25128273,0.23172065999999997,0.21822597,0.21335685,0.21038972999999997,0.21636201,0.23166359999999997,0.26357916,0.28356918,0.27399261,0.25792071,0.20997128999999998,0.2042748,0.17513615999999999,0.15939711,0.15945416999999998,0.15963486,0.15835101,0.15836052,0.15950172,0.16104233999999998,0.20700416999999996,0.25592361,0.27229032000000003,0.31143348,0.27811994999999995,0.26772552,0.26773502999999993,0.30078227999999996,0.32459532,0.30253212,0.9120755700000001,1.3093748399999998,0.93993036,0.74055321,0.31345911,0.231,0.218,0.213,0.212,0.206,0.2,0.199,0.205,0.221,0.248,0.255,0.258,0.251,0.241,0.232,0.233,0.239,0.249,0.265,0.259,0.256,0.253,0.257,0.266,0.248,0.223,0.219,0.229,0.231,0.241,0.247,0.256,0.272,0.308,0.319,0.309,0.3,0.292,0.279,0.273,0.274,0.287,0.291,0.297,0.293,0.287,0.286,0.284,"[[1], [2, 3, 4]]"
0.17097078,0.18269660999999998,0.17966291999999998,0.1728918,0.16843161,0.16777541999999998,0.17124657,0.18543548999999998,0.21433638,0.24241940999999997,0.25927112999999996,0.25128273,0.23172065999999997,0.21822597,0.21335685,0.21038972999999997,0.21636201,0.23166359999999997,0.26357916,0.28356918,0.27399261,0.25792071,0.20997128999999998,0.2042748,0.17513615999999999,0.15939711,0.15945416999999998,0.15963486,0.15835101,0.15836052,0.15950172,0.16104233999999998,0.20700416999999996,0.25592361,0.27229032000000003,0.31143348,0.27811994999999995,0.26772552,0.26773502999999993,0.30078227999999996,0.32459532,0.30253212,0.9120755700000001,1.3093748399999998,0.93993036,0.74055321,0.31345911,0.21507816,0.218,0.213,0.212,0.206,0.2,0.199,0.205,0.221,0.248,0.255,0.258,0.251,0.241,0.232,0.233,0.239,0.249,0.265,0.259,0.256,0.253,0.257,0.266,0.248,0.223,0.219,0.229,0.231,0.241,0.247,0.256,0.272,0.308,0.319,0.309,0.3,0.292,0.279,0.273,0.274,0.287,0.291,0.297,0.293,0.287,0.286,0.284,0.277,"[[1], [2, 3, 4]]"
0.18269660999999998,0.17966291999999998,0.1728918,0.16843161,0.16777541999999998,0.17124657,0.18543548999999998,0.21433638,0.24241940999999997,0.25927112999999996,0.25128273,0.23172065999999997,0.21822597,0.21335685,0.21038972999999997,0.21636201,0.23166359999999997,0.26357916,0.28356918,0.27399261,0.25792071,0.20997128999999998,0.2042748,0.17513615999999999,0.15939711,0.15945416999999998,0.15963486,0.15835101,0.15836052,0.15950172,0.16104233999999998,0.20700416999999996,0.25592361,0.27229032000000003,0.31143348,0.27811994999999995,0.26772552,0.26773502999999993,0.30078227999999996,0.32459532,0.30253212,0.9120755700000001,1.3093748399999998,0.93993036,0.74055321,0.31345911,0.21507816,0.18381878999999998,0.213,0.212,0.206,0.2,0.199,0.205,0.221,0.248,0.255,0.258,0.251,0.241,0.232,0.233,0.239,0.249,0.265,0.259,0.256,0.253,0.257,0.266,0.248,0.223,0.219,0.229,0.231,0.241,0.247,0.256,0.272,0.308,0.319,0.309,0.3,0.292,0.279,0.273,0.274,0.287,0.291,0.297,0.293,0.287,0.286,0.284,0.277,0.269,"[[1], [2, 3, 4]]"
0.17966291999999998,0.1728918,0.16843161,0.16777541999999998,0.17124657,0.18543548999999998,0.21433638,0.24241940999999997,0.25927112999999996,0.25128273,0.23172065999999997,0.21822597,0.21335685,0.21038972999999997,0.21636201,0.23166359999999997,0.26357916,0.28356918,0.27399261,0.25792071,0.20997128999999998,0.2042748,0.17513615999999999,0.15939711,0.15945416999999998,0.15963486,0.15835101,0.15836052,0.15950172,0.16104233999999998,0.20700416999999996,0.25592361,0.27229032000000003,0.31143348,0.27811994999999995,0.26772552,0.26773502999999993,0.30078227999999996,0.32459532,0.30253212,0.9120755700000001,1.3093748399999998,0.93993036,0.74055321,0.31345911,0.21507816,0.18381878999999998,0.20808831,0.212,0.206,0.2,0.199,0.205,0.221,0.248,0.255,0.258,0.251,0.241,0.232,0.233,0.239,0.249,0.265,0.259,0.256,0.253,0.257,0.266,0.248,0.223,0.219,0.229,0.231,0.241,0.247,0.256,0.272,0.308,0.319,0.309,0.3,0.292,0.279,0.273,0.274,0.287,0.291,0.297,0.293,0.287,0.286,0.284,0.277,0.269,0.261,"[[1], [2, 3, 4]]"
0.1728918,0.16843161,0.16777541999999998,0.17124657,0.18543548999999998,0.21433638,0.24241940999999997,0.25927112999999996,0.25128273,0.23172065999999997,0.21822597,0.21335685,0.21038972999999997,0.21636201,0.23166359999999997,0.26357916,0.28356918,0.27399261,0.25792071,0.20997128999999998,0.2042748,0.17513615999999999,0.15939711,0.15945416999999998,0.15963486,0.15835101,0.15836052,0.15950172,0.16104233999999998,0.20700416999999996,0.25592361,0.27229032000000003,0.31143348,0.27811994999999995,0.26772552,0.26773502999999993,0.30078227999999996,0.32459532,0.30253212,0.9120755700000001,1.3093748399999998,0.93993036,0.74055321,0.31345911,0.21507816,0.18381878999999998,0.20808831,0.20491197,0.206,0.2,0.199,0.205,0.221,0.248,0.255,0.258,0.251,0.241,0.232,0.233,0.239,0.249,0.265,0.259,0.256,0.253,0.257,0.266,0.248,0.223,0.219,0.229,0.231,0.241,0.247,0.256,0.272,0.308,0.319,0.309,0.3,0.292,0.279,0.273,0.274,0.287,0.291,0.297,0.293,0.287,0.286,0.284,0.277,0.269,0.261,0.27,"[[1], [2, 3, 4]]"
0.16843161,0.16777541999999998,0.17124657,0.18543548999999998,0.21433638,0.24241940999999997,0.25927112999999996,0.25128273,0.23172065999999997,0.21822597,0.21335685,0.21038972999999997,0.21636201,0.23166359999999997,0.26357916,0.28356918,0.27399261,0.25792071,0.20997128999999998,0.2042748,0.17513615999999999,0.15939711,0.15945416999999998,0.15963486,0.15835101,0.15836052,0.15950172,0.16104233999999998,0.20700416999999996,0.25592361,0.27229032000000003,0.31143348,0.27811994999999995,0.26772552,0.26773502999999993,0.30078227999999996,0.32459532,0.30253212,0.9120755700000001,1.3093748399999998,0.93993036,0.74055321,0.31345911,0.21507816,0.18381878999999998,0.20808831,0.20491197,0.19325271,0.2,0.199,0.205,0.221,0.248,0.255,0.258,0.251,0.241,0.232,0.233,0.239,0.249,0.265,0.259,0.256,0.253,0.257,0.266,0.248,0.223,0.219,0.229,0.231,0.241,0.247,0.256,0.272,0.308,0.319,0.309,0.3,0.292,0.279,0.273,0.274,0.287,0.291,0.297,0.293,0.287,0.286,0.284,0.277,0.269,0.261,0.27,0.263,"[[1], [2, 3, 4]]"
0.16777541999999998,0.17124657,0.18543548999999998,0.21433638,0.24241940999999997,0.25927112999999996,0.25128273,0.23172065999999997,0.21822597,0.21335685,0.21038972999999997,0.21636201,0.23166359999999997,0.26357916,0.28356918,0.27399261,0.25792071,0.20997128999999998,0.2042748,0.17513615999999999,0.15939711,0.15945416999999998,0.15963486,0.15835101,0.15836052,0.15950172,0.16104233999999998,0.20700416999999996,0.25592361,0.27229032000000003,0.31143348,0.27811994999999995,0.26772552,0.26773502999999993,0.30078227999999996,0.32459532,0.30253212,0.9120755700000001,1.3093748399999998,0.93993036,0.74055321,0.31345911,0.21507816,0.18381878999999998,0.20808831,0.20491197,0.19325271,0.18604413,0.199,0.205,0.221,0.248,0.255,0.258,0.251,0.241,0.232,0.233,0.239,0.249,0.265,0.259,0.256,0.253,0.257,0.266,0.248,0.223,0.219,0.229,0.231,0.241,0.247,0.256,0.272,0.308,0.319,0.309,0.3,0.292,0.279,0.273,0.274,0.287,0.291,0.297,0.293,0.287,0.286,0.284,0.277,0.269,0.261,0.27,0.263,0.259,"[[1], [2, 3, 4]]"
0.17124657,0.18543548999999998,0.21433638,0.24241940999999997,0.25927112999999996,0.25128273,0.23172065999999997,0.21822597,0.21335685,0.21038972999999997,0.21636201,0.23166359999999997,0.26357916,0.28356918,0.27399261,0.25792071,0.20997128999999998,0.2042748,0.17513615999999999,0.15939711,0.15945416999999998,0.15963486,0.15835101,0.15836052,0.15950172,0.16104233999999998,0.20700416999999996,0.25592361,0.27229032000000003,0.31143348,0.27811994999999995,0.26772552,0.26773502999999993,0.30078227999999996,0.32459532,0.30253212,0.9120755700000001,1.3093748399999998,0.93993036,0.74055321,0.31345911,0.21507816,0.18381878999999998,0.20808831,0.20491197,0.19325271,0.18604413,0.18894467999999998,0.205,0.221,0.248,0.255,0.258,0.251,0.241,0.232,0.233,0.239,0.249,0.265,0.259,0.256,0.253,0.257,0.266,0.248,0.223,0.219,0.229,0.231,0.241,0.247,0.256,0.272,0.308,0.319,0.309,0.3,0.292,0.279,0.273,0.274,0.287,0.291,0.297,0.293,0.287,0.286,0.284,0.277,0.269,0.261,0.27,0.263,0.259,0.257,"[[1], [2, 3, 4]]"
0.18543548999999998,0.21433638,0.24241940999999997,0.25927112999999996,0.25128273,0.23172065999999997,0.21822597,0.21335685,0.21038972999999997,0.21636201,0.23166359999999997,0.26357916,0.28356918,0.27399261,0.25792071,0.20997128999999998,0.2042748,0.17513615999999999,0.15939711,0.15945416999999998,0.15963486,0.15835101,0.15836052,0.15950172,0.16104233999999998,0.20700416999999996,0.25592361,0.27229032000000003,0.31143348,0.27811994999999995,0.26772552,0.26773502999999993,0.30078227999999996,0.32459532,0.30253212,0.9120755700000001,1.3093748399999998,0.93993036,0.74055321,0.31345911,0.21507816,0.18381878999999998,0.20808831,0.20491197,0.19325271,0.18604413,0.18894467999999998,0.19056138,0.221,0.248,0.255,0.258,0.251,0.241,0.232,0.233,0.239,0.249,0.265,0.259,0.256,0.253,0.257,0.266,0.248,0.223,0.219,0.229,0.231,0.241,0.247,0.256,0.272,0.308,0.319,0.309,0.3,0.292,0.279,0.273,0.274,0.287,0.291,0.297,0.293,0.287,0.286,0.284,0.277,0.269,0.261,0.27,0.263,0.259,0.257,0.261,"[[1], [2, 3, 4]]"
0.21433638,0.24241940999999997,0.25927112999999996,0.25128273,0.23172065999999997,0.21822597,0.21335685,0.21038972999999997,0.21636201,0.23166359999999997,0.26357916,0.28356918,0.27399261,0.25792071,0.20997128999999998,0.2042748,0.17513615999999999,0.15939711,0.15945416999999998,0.15963486,0.15835101,0.15836052,0.15950172,0.16104233999999998,0.20700416999999996,0.25592361,0.27229032000000003,0.31143348,0.27811994999999995,0.26772552,0.26773502999999993,0.30078227999999996,0.32459532,0.30253212,0.9120755700000001,1.3093748399999998,0.93993036,0.74055321,0.31345911,0.21507816,0.18381878999999998,0.20808831,0.20491197,0.19325271,0.18604413,0.18894467999999998,0.19056138,0.20352350999999996,0.248,0.255,0.258,0.251,0.241,0.232,0.233,0.239,0.249,0.265,0.259,0.256,0.253,0.257,0.266,0.248,0.223,0.219,0.229,0.231,0.241,0.247,0.256,0.272,0.308,0.319,0.309,0.3,0.292,0.279,0.273,0.274,0.287,0.291,0.297,0.293,0.287,0.286,0.284,0.277,0.269,0.261,0.27,0.263,0.259,0.257,0.261,0.263,"[[1], [2, 3, 4]]"
0.24241940999999997,0.25927112999999996,0.25128273,0.23172065999999997,0.21822597,0.21335685,0.21038972999999997,0.21636201,0.23166359999999997,0.26357916,0.28356918,0.27399261,0.25792071,0.20997128999999998,0.2042748,0.17513615999999999,0.15939711,0.15945416999999998,0.15963486,0.15835101,0.15836052,0.15950172,0.16104233999999998,0.20700416999999996,0.25592361,0.27229032000000003,0.31143348,0.27811994999999995,0.26772552,0.26773502999999993,0.30078227999999996,0.32459532,0.30253212,0.9120755700000001,1.3093748399999998,0.93993036,0.74055321,0.31345911,0.21507816,0.18381878999999998,0.20808831,0.20491197,0.19325271,0.18604413,0.18894467999999998,0.19056138,0.20352350999999996,0.21594356999999997,0.255,0.258,0.251,0.241,0.232,0.233,0.239,0.249,0.265,0.259,0.256,0.253,0.257,0.266,0.248,0.223,0.219,0.229,0.231,0.241,0.247,0.256,0.272,0.308,0.319,0.309,0.3,0.292,0.279,0.273,0.274,0.287,0.291,0.297,0.293,0.287,0.286,0.284,0.277,0.269,0.261,0.27,0.263,0.259,0.257,0.261,0.263,0.268,"[[1], [2, 3, 4]]"
0.25927112999999996,0.25128273,0.23172065999999997,0.21822597,0.21335685,0.21038972999999997,0.21636201,0.23166359999999997,0.26357916,0.28356918,0.27399261,0.25792071,0.20997128999999998,0.2042748,0.17513615999999999,0.15939711,0.15945416999999998,0.15963486,0.15835101,0.15836052,0.15950172,0.16104233999999998,0.20700416999999996,0.25592361,0.27229032000000003,0.31143348,0.27811994999999995,0.26772552,0.26773502999999993,0.30078227999999996,0.32459532,0.30253212,0.9120755700000001,1.3093748399999998,0.93993036,0.74055321,0.31345911,0.21507816,0.18381878999999998,0.20808831,0.20491197,0.19325271,0.18604413,0.18894467999999998,0.19056138,0.20352350999999996,0.21594356999999997,0.21880608,0.258,0.251,0.241,0.232,0.233,0.239,0.249,0.265,0.259,0.256,0.253,0.257,0.266,0.248,0.223,0.219,0.229,0.231,0.241,0.247,0.256,0.272,0.308,0.319,0.309,0.3,0.292,0.279,0.273,0.274,0.287,0.291,0.297,0.293,0.287,0.286,0.284,0.277,0.269,0.261,0.27,0.263,0.259,0.257,0.261,0.263,0.268,0.275,"[[1], [2, 3, 4]]"
0.25128273,0.23172065999999997,0.21822597,0.21335685,0.21038972999999997,0.21636201,0.23166359999999997,0.26357916,0.28356918,0.27399261,0.25792071,0.20997128999999998,0.2042748,0.17513615999999999,0.15939711,0.15945416999999998,0.15963486,0.15835101,0.15836052,0.15950172,0.16104233999999998,0.20700416999999996,0.25592361,0.27229032000000003,0.31143348,0.27811994999999995,0.26772552,0.26773502999999993,0.30078227999999996,0.32459532,0.30253212,0.9120755700000001,1.3093748399999998,0.93993036,0.74055321,0.31345911,0.21507816,0.18381878999999998,0.20808831,0.20491197,0.19325271,0.18604413,0.18894467999999998,0.19056138,0.20352350999999996,0.21594356999999997,0.21880608,0.22383687,0.251,0.241,0.232,0.233,0.239,0.249,0.265,0.259,0.256,0.253,0.257,0.266,0.248,0.223,0.219,0.229,0.231,0.241,0.247,0.256,0.272,0.308,0.319,0.309,0.3,0.292,0.279,0.273,0.274,0.287,0.291,0.297,0.293,0.287,0.286,0.284,0.277,0.269,0.261,0.27,0.263,0.259,0.257,0.261,0.263,0.268,0.275,0.275,"[[1], [2, 3, 4]]"
0.23172065999999997,0.21822597,0.21335685,0.21038972999999997,0.21636201,0.23166359999999997,0.26357916,0.28356918,0.27399261,0.25792071,0.20997128999999998,0.2042748,0.17513615999999999,0.15939711,0.15945416999999998,0.15963486,0.15835101,0.15836052,0.15950172,0.16104233999999998,0.20700416999999996,0.25592361,0.27229032000000003,0.31143348,0.27811994999999995,0.26772552,0.26773502999999993,0.30078227999999996,0.32459532,0.30253212,0.9120755700000001,1.3093748399999998,0.93993036,0.74055321,0.31345911,0.21507816,0.18381878999999998,0.20808831,0.20491197,0.19325271,0.18604413,0.18894467999999998,0.19056138,0.20352350999999996,0.21594356999999997,0.21880608,0.22383687,0.24156351,0.241,0.232,0.233,0.239,0.249,0.265,0.259,0.256,0.253,0.257,0.266,0.248,0.223,0.219,0.229,0.231,0.241,0.247,0.256,0.272,0.308,0.319,0.309,0.3,0.292,0.279,0.273,0.274,0.287,0.291,0.297,0.293,0.287,0.286,0.284,0.277,0.269,0.261,0.27,0.263,0.259,0.257,0.261,0.263,0.268,0.275,0.275,0.273,"[[1], [2, 3, 4]]"
0.21822597,0.21335685,0.21038972999999997,0.21636201,0.23166359999999997,0.26357916,0.28356918,0.27399261,0.25792071,0.20997128999999998,0.2042748,0.17513615999999999,0.15939711,0.15945416999999998,0.15963486,0.15835101,0.15836052,0.15950172,0.16104233999999998,0.20700416999999996,0.25592361,0.27229032000000003,0.31143348,0.27811994999999995,0.26772552,0.26773502999999993,0.30078227999999996,0.32459532,0.30253212,0.9120755700000001,1.3093748399999998,0.93993036,0.74055321,0.31345911,0.21507816,0.18381878999999998,0.20808831,0.20491197,0.19325271,0.18604413,0.18894467999999998,0.19056138,0.20352350999999996,0.21594356999999997,0.21880608,0.22383687,0.24156351,0.24396002999999997,0.232,0.233,0.239,0.249,0.265,0.259,0.256,0.253,0.257,0.266,0.248,0.223,0.219,0.229,0.231,0.241,0.247,0.256,0.272,0.308,0.319,0.309,0.3,0.292,0.279,0.273,0.274,0.287,0.291,0.297,0.293,0.287,0.286,0.284,0.277,0.269,0.261,0.27,0.263,0.259,0.257,0.261,0.263,0.268,0.275,0.275,0.273,0.269,"[[1], [2, 3, 4]]"
0.21335685,0.21038972999999997,0.21636201,0.23166359999999997,0.26357916,0.28356918,0.27399261,0.25792071,0.20997128999999998,0.2042748,0.17513615999999999,0.15939711,0.15945416999999998,0.15963486,0.15835101,0.15836052,0.15950172,0.16104233999999998,0.20700416999999996,0.25592361,0.27229032000000003,0.31143348,0.27811994999999995,0.26772552,0.26773502999999993,0.30078227999999996,0.32459532,0.30253212,0.9120755700000001,1.3093748399999998,0.93993036,0.74055321,0.31345911,0.21507816,0.18381878999999998,0.20808831,0.20491197,0.19325271,0.18604413,0.18894467999999998,0.19056138,0.20352350999999996,0.21594356999999997,0.21880608,0.22383687,0.24156351,0.24396002999999997,0.23968052999999997,0.233,0.239,0.249,0.265,0.259,0.256,0.253,0.257,0.266,0.248,0.223,0.219,0.229,0.231,0.241,0.247,0.256,0.272,0.308,0.319,0.309,0.3,0.292,0.279,0.273,0.274,0.287,0.291,0.297,0.293,0.287,0.286,0.284,0.277,0.269,0.261,0.27,0.263,0.259,0.257,0.261,0.263,0.268,0.275,0.275,0.273,0.269,0.265,"[[1], [2, 3, 4]]"
0.21038972999999997,0.21636201,0.23166359999999997,0.26357916,0.28356918,0.27399261,0.25792071,0.20997128999999998,0.2042748,0.17513615999999999,0.15939711,0.15945416999999998,0.15963486,0.15835101,0.15836052,0.15950172,0.16104233999999998,0.20700416999999996,0.25592361,0.27229032000000003,0.31143348,0.27811994999999995,0.26772552,0.26773502999999993,0.30078227999999996,0.32459532,0.30253212,0.9120755700000001,1.3093748399999998,0.93993036,0.74055321,0.31345911,0.21507816,0.18381878999999998,0.20808831,0.20491197,0.19325271,0.18604413,0.18894467999999998,0.19056138,0.20352350999999996,0.21594356999999997,0.21880608,0.22383687,0.24156351,0.24396002999999997,0.23968052999999997,0.23776902,0.239,0.249,0.265,0.259,0.256,0.253,0.257,0.266,0.248,0.223,0.219,0.229,0.231,0.241,0.247,0.256,0.272,0.308,0.319,0.309,0.3,0.292,0.279,0.273,0.274,0.287,0.291,0.297,0.293,0.287,0.286,0.284,0.277,0.269,0.261,0.27,0.263,0.259,0.257,0.261,0.263,0.268,0.275,0.275,0.273,0.269,0.265,0.262,"[[1], [2, 3, 4]]"
0.21636201,0.23166359999999997,0.26357916,0.28356918,0.27399261,0.25792071,0.20997128999999998,0.2042748,0.17513615999999999,0.15939711,0.15945416999999998,0.15963486,0.15835101,0.15836052,0.15950172,0.16104233999999998,0.20700416999999996,0.25592361,0.27229032000000003,0.31143348,0.27811994999999995,0.26772552,0.26773502999999993,0.30078227999999996,0.32459532,0.30253212,0.9120755700000001,1.3093748399999998,0.93993036,0.74055321,0.31345911,0.21507816,0.18381878999999998,0.20808831,0.20491197,0.19325271,0.18604413,0.18894467999999998,0.19056138,0.20352350999999996,0.21594356999999997,0.21880608,0.22383687,0.24156351,0.24396002999999997,0.23968052999999997,0.23776902,0.22499708999999998,0.249,0.265,0.259,0.256,0.253,0.257,0.266,0.248,0.223,0.219,0.229,0.231,0.241,0.247,0.256,0.272,0.308,0.319,0.309,0.3,0.292,0.279,0.273,0.274,0.287,0.291,0.297,0.293,0.287,0.286,0.284,0.277,0.269,0.261,0.27,0.263,0.259,0.257,0.261,0.263,0.268,0.275,0.275,0.273,0.269,0.265,0.262,0.263,"[[1], [2, 3, 4]]"
0.23166359999999997,0.26357916,0.28356918,0.27399261,0.25792071,0.20997128999999998,0.2042748,0.17513615999999999,0.15939711,0.15945416999999998,0.15963486,0.15835101,0.15836052,0.15950172,0.16104233999999998,0.20700416999999996,0.25592361,0.27229032000000003,0.31143348,0.27811994999999995,0.26772552,0.26773502999999993,0.30078227999999996,0.32459532,0.30253212,0.9120755700000001,1.3093748399999998,0.93993036,0.74055321,0.31345911,0.21507816,0.18381878999999998,0.20808831,0.20491197,0.19325271,0.18604413,0.18894467999999998,0.19056138,0.20352350999999996,0.21594356999999997,0.21880608,0.22383687,0.24156351,0.24396002999999997,0.23968052999999997,0.23776902,0.22499708999999998,0.21960491999999998,0.265,0.259,0.256,0.253,0.257,0.266,0.248,0.223,0.219,0.229,0.231,0.241,0.247,0.256,0.272,0.308,0.319,0.309,0.3,0.292,0.279,0.273,0.274,0.287,0.291,0.297,0.293,0.287,0.286,0.284,0.277,0.269,0.261,0.27,0.263,0.259,0.257,0.261,0.263,0.268,0.275,0.275,0.273,0.269,0.265,0.262,0.263,0.265,"[[1], [2, 3, 4]]"
0.26357916,0.28356918,0.27399261,0.25792071,0.20997128999999998,0.2042748,0.17513615999999999,0.15939711,0.15945416999999998,0.15963486,0.15835101,0.15836052,0.15950172,0.16104233999999998,0.20700416999999996,0.25592361,0.27229032000000003,0.31143348,0.27811994999999995,0.26772552,0.26773502999999993,0.30078227999999996,0.32459532,0.30253212,0.9120755700000001,1.3093748399999998,0.93993036,0.74055321,0.31345911,0.21507816,0.18381878999999998,0.20808831,0.20491197,0.19325271,0.18604413,0.18894467999999998,0.19056138,0.20352350999999996,0.21594356999999997,0.21880608,0.22383687,0.24156351,0.24396002999999997,0.23968052999999997,0.23776902,0.22499708999999998,0.21960491999999998,0.2289057,0.259,0.256,0.253,0.257,0.266,0.248,0.223,0.219,0.229,0.231,0.241,0.247,0.256,0.272,0.308,0.319,0.309,0.3,0.292,0.279,0.273,0.274,0.287,0.291,0.297,0.293,0.287,0.286,0.284,0.277,0.269,0.261,0.27,0.263,0.259,0.257,0.261,0.263,0.268,0.275,0.275,0.273,0.269,0.265,0.262,0.263,0.265,0.27,"[[1], [2, 3, 4]]"
0.28356918,0.27399261,0.25792071,0.20997128999999998,0.2042748,0.17513615999999999,0.15939711,0.15945416999999998,0.15963486,0.15835101,0.15836052,0.15950172,0.16104233999999998,0.20700416999999996,0.25592361,0.27229032000000003,0.31143348,0.27811994999999995,0.26772552,0.26773502999999993,0.30078227999999996,0.32459532,0.30253212,0.9120755700000001,1.3093748399999998,0.93993036,0.74055321,0.31345911,0.21507816,0.18381878999999998,0.20808831,0.20491197,0.19325271,0.18604413,0.18894467999999998,0.19056138,0.20352350999999996,0.21594356999999997,0.21880608,0.22383687,0.24156351,0.24396002999999997,0.23968052999999997,0.23776902,0.22499708999999998,0.21960491999999998,0.2289057,0.27261366000000004,0.256,0.253,0.257,0.266,0.248,0.223,0.219,0.229,0.231,0.241,0.247,0.256,0.272,0.308,0.319,0.309,0.3,0.292,0.279,0.273,0.274,0.287,0.291,0.297,0.293,0.287,0.286,0.284,0.277,0.269,0.261,0.27,0.263,0.259,0.257,0.261,0.263,0.268,0.275,0.275,0.273,0.269,0.265,0.262,0.263,0.265,0.27,0.257,"[[1], [2, 3, 4]]"
0.27399261,0.25792071,0.20997128999999998,0.2042748,0.17513615999999999,0.15939711,0.15945416999999998,0.15963486,0.15835101,0.15836052,0.15950172,0.16104233999999998,0.20700416999999996,0.25592361,0.27229032000000003,0.31143348,0.27811994999999995,0.26772552,0.26773502999999993,0.30078227999999996,0.32459532,0.30253212,0.9120755700000001,1.3093748399999998,0.93993036,0.74055321,0.31345911,0.21507816,0.18381878999999998,0.20808831,0.20491197,0.19325271,0.18604413,0.18894467999999998,0.19056138,0.20352350999999996,0.21594356999999997,0.21880608,0.22383687,0.24156351,0.24396002999999997,0.23968052999999997,0.23776902,0.22499708999999998,0.21960491999999998,0.2289057,0.27261366000000004,0.31094847000000003,0.253,0.257,0.266,0.248,0.223,0.219,0.229,0.231,0.241,0.247,0.256,0.272,0.308,0.319,0.309,0.3,0.292,0.279,0.273,0.274,0.287,0.291,0.297,0.293,0.287,0.286,0.284,0.277,0.269,0.261,0.27,0.263,0.259,0.257,0.261,0.263,0.268,0.275,0.275,0.273,0.269,0.265,0.262,0.263,0.265,0.27,0.257,0.253,"[[1], [2, 3, 4]]"
0.25792071,0.20997128999999998,0.2042748,0.17513615999999999,0.15939711,0.15945416999999998,0.15963486,0.15835101,0.15836052,0.15950172,0.16104233999999998,0.20700416999999996,0.25592361,0.27229032000000003,0.31143348,0.27811994999999995,0.26772552,0.26773502999999993,0.30078227999999996,0.32459532,0.30253212,0.9120755700000001,1.3093748399999998,0.93993036,0.74055321,0.31345911,0.21507816,0.18381878999999998,0.20808831,0.20491197,0.19325271,0.18604413,0.18894467999999998,0.19056138,0.20352350999999996,0.21594356999999997,0.21880608,0.22383687,0.24156351,0.24396002999999997,0.23968052999999997,0.23776902,0.22499708999999998,0.21960491999999998,0.2289057,0.27261366000000004,0.31094847000000003,0.26990331,0.257,0.266,0.248,0.223,0.219,0.229,0.231,0.241,0.247,0.256,0.272,0.308,0.319,0.309,0.3,0.292,0.279,0.273,0.274,0.287,0.291,0.297,0.293,0.287,0.286,0.284,0.277,0.269,0.261,0.27,0.263,0.259,0.257,0.261,0.263,0.268,0.275,0.275,0.273,0.269,0.265,0.262,0.263,0.265,0.27,0.257,0.253,0.244,"[[1], [2, 3, 4]]"
0.20997128999999998,0.2042748,0.17513615999999999,0.15939711,0.15945416999999998,0.15963486,0.15835101,0.15836052,0.15950172,0.16104233999999998,0.20700416999999996,0.25592361,0.27229032000000003,0.31143348,0.27811994999999995,0.26772552,0.26773502999999993,0.30078227999999996,0.32459532,0.30253212,0.9120755700000001,1.3093748399999998,0.93993036,0.74055321,0.31345911,0.21507816,0.18381878999999998,0.20808831,0.20491197,0.19325271,0.18604413,0.18894467999999998,0.19056138,0.20352350999999996,0.21594356999999997,0.21880608,0.22383687,0.24156351,0.24396002999999997,0.23968052999999997,0.23776902,0.22499708999999998,0.21960491999999998,0.2289057,0.27261366000000004,0.31094847000000003,0.26990331,0.23206302,0.266,0.248,0.223,0.219,0.229,0.231,0.241,0.247,0.256,0.272,0.308,0.319,0.309,0.3,0.292,0.279,0.273,0.274,0.287,0.291,0.297,0.293,0.287,0.286,0.284,0.277,0.269,0.261,0.27,0.263,0.259,0.257,0.261,0.263,0.268,0.275,0.275,0.273,0.269,0.265,0.262,0.263,0.265,0.27,0.257,0.253,0.244,0.252,"[[1], [2, 3, 4]]"
0.2042748,0.17513615999999999,0.15939711,0.15945416999999998,0.15963486,0.15835101,0.15836052,0.15950172,0.16104233999999998,0.20700416999999996,0.25592361,0.27229032000000003,0.31143348,0.27811994999999995,0.26772552,0.26773502999999993,0.30078227999999996,0.32459532,0.30253212,0.9120755700000001,1.3093748399999998,0.93993036,0.74055321,0.31345911,0.21507816,0.18381878999999998,0.20808831,0.20491197,0.19325271,0.18604413,0.18894467999999998,0.19056138,0.20352350999999996,0.21594356999999997,0.21880608,0.22383687,0.24156351,0.24396002999999997,0.23968052999999997,0.23776902,0.22499708999999998,0.21960491999999998,0.2289057,0.27261366000000004,0.31094847000000003,0.26990331,0.23206302,0.21811185,0.248,0.223,0.219,0.229,0.231,0.241,0.247,0.256,0.272,0.308,0.319,0.309,0.3,0.292,0.279,0.273,0.274,0.287,0.291,0.297,0.293,0.287,0.286,0.284,0.277,0.269,0.261,0.27,0.263,0.259,0.257,0.261,0.263,0.268,0.275,0.275,0.273,0.269,0.265,0.262,0.263,0.265,0.27,0.257,0.253,0.244,0.252,0.236,"[[1], [2, 3, 4]]"
0.17513615999999999,0.15939711,0.15945416999999998,0.15963486,0.15835101,0.15836052,0.15950172,0.16104233999999998,0.20700416999999996,0.25592361,0.27229032000000003,0.31143348,0.27811994999999995,0.26772552,0.26773502999999993,0.30078227999999996,0.32459532,0.30253212,0.9120755700000001,1.3093748399999998,0.93993036,0.74055321,0.31345911,0.21507816,0.18381878999999998,0.20808831,0.20491197,0.19325271,0.18604413,0.18894467999999998,0.19056138,0.20352350999999996,0.21594356999999997,0.21880608,0.22383687,0.24156351,0.24396002999999997,0.23968052999999997,0.23776902,0.22499708999999998,0.21960491999999998,0.2289057,0.27261366000000004,0.31094847000000003,0.26990331,0.23206302,0.21811185,0.21012344999999996,0.223,0.219,0.229,0.231,0.241,0.247,0.256,0.272,0.308,0.319,0.309,0.3,0.292,0.279,0.273,0.274,0.287,0.291,0.297,0.293,0.287,0.286,0.284,0.277,0.269,0.261,0.27,0.263,0.259,0.257,0.261,0.263,0.268,0.275,0.275,0.273,0.269,0.265,0.262,0.263,0.265,0.27,0.257,0.253,0.244,0.252,0.236,0.208,"[[1], [2, 3, 4]]"
0.15939711,0.15945416999999998,0.15963486,0.15835101,0.15836052,0.15950172,0.16104233999999998,0.20700416999999996,0.25592361,0.27229032000000003,0.31143348,0.27811994999999995,0.26772552,0.26773502999999993,0.30078227999999996,0.32459532,0.30253212,0.9120755700000001,1.3093748399999998,0.93993036,0.74055321,0.31345911,0.21507816,0.18381878999999998,0.20808831,0.20491197,0.19325271,0.18604413,0.18894467999999998,0.19056138,0.20352350999999996,0.21594356999999997,0.21880608,0.22383687,0.24156351,0.24396002999999997,0.23968052999999997,0.23776902,0.22499708999999998,0.21960491999999998,0.2289057,0.27261366000000004,0.31094847000000003,0.26990331,0.23206302,0.21811185,0.21012344999999996,0.18457959000000002,0.219,0.229,0.231,0.241,0.247,0.256,0.272,0.308,0.319,0.309,0.3,0.292,0.279,0.273,0.274,0.287,0.291,0.297,0.293,0.287,0.286,0.284,0.277,0.269,0.261,0.27,0.263,0.259,0.257,0.261,0.263,0.268,0.275,0.275,0.273,0.269,0.265,0.262,0.263,0.265,0.27,0.257,0.253,0.244,0.252,0.236,0.208,0.199,"[[1], [2, 3, 4]]"
0.15945416999999998,0.15963486,0.15835101,0.15836052,0.15950172,0.16104233999999998,0.20700416999999996,0.25592361,0.27229032000000003,0.31143348,0.27811994999999995,0.26772552,0.26773502999999993,0.30078227999999996,0.32459532,0.30253212,0.9120755700000001,1.3093748399999998,0.93993036,0.74055321,0.31345911,0.21507816,0.18381878999999998,0.20808831,0.20491197,0.19325271,0.18604413,0.18894467999999998,0.19056138,0.20352350999999996,0.21594356999999997,0.21880608,0.22383687,0.24156351,0.24396002999999997,0.23968052999999997,0.23776902,0.22499708999999998,0.21960491999999998,0.2289057,0.27261366000000004,0.31094847000000003,0.26990331,0.23206302,0.21811185,0.21012344999999996,0.18457959000000002,0.21523983,0.229,0.231,0.241,0.247,0.256,0.272,0.308,0.319,0.309,0.3,0.292,0.279,0.273,0.274,0.287,0.291,0.297,0.293,0.287,0.286,0.284,0.277,0.269,0.261,0.27,0.263,0.259,0.257,0.261,0.263,0.268,0.275,0.275,0.273,0.269,0.265,0.262,0.263,0.265,0.27,0.257,0.253,0.244,0.252,0.236,0.208,0.199,0.157,"[[1], [2, 3, 4]]"
0.15963486,0.15835101,0.15836052,0.15950172,0.16104233999999998,0.20700416999999996,0.25592361,0.27229032000000003,0.31143348,0.27811994999999995,0.26772552,0.26773502999999993,0.30078227999999996,0.32459532,0.30253212,0.9120755700000001,1.3093748399999998,0.93993036,0.74055321,0.31345911,0.21507816,0.18381878999999998,0.20808831,0.20491197,0.19325271,0.18604413,0.18894467999999998,0.19056138,0.20352350999999996,0.21594356999999997,0.21880608,0.22383687,0.24156351,0.24396002999999997,0.23968052999999997,0.23776902,0.22499708999999998,0.21960491999999998,0.2289057,0.27261366000000004,0.31094847000000003,0.26990331,0.23206302,0.21811185,0.21012344999999996,0.18457959000000002,0.21523983,0.20236328999999997,0.231,0.241,0.247,0.256,0.272,0.308,0.319,0.309,0.3,0.292,0.279,0.273,0.274,0.287,0.291,0.297,0.293,0.287,0.286,0.284,0.277,0.269,0.261,0.27,0.263,0.259,0.257,0.261,0.263,0.268,0.275,0.275,0.273,0.269,0.265,0.262,0.263,0.265,0.27,0.257,0.253,0.244,0.252,0.236,0.208,0.199,0.157,0.153,"[[1], [2, 3, 4]]"
0.15835101,0.15836052,0.15950172,0.16104233999999998,0.20700416999999996,0.25592361,0.27229032000000003,0.31143348,0.27811994999999995,0.26772552,0.26773502999999993,0.30078227999999996,0.32459532,0.30253212,0.9120755700000001,1.3093748399999998,0.93993036,0.74055321,0.31345911,0.21507816,0.18381878999999998,0.20808831,0.20491197,0.19325271,0.18604413,0.18894467999999998,0.19056138,0.20352350999999996,0.21594356999999997,0.21880608,0.22383687,0.24156351,0.24396002999999997,0.23968052999999997,0.23776902,0.22499708999999998,0.21960491999999998,0.2289057,0.27261366000000004,0.31094847000000003,0.26990331,0.23206302,0.21811185,0.21012344999999996,0.18457959000000002,0.21523983,0.20236328999999997,0.19349997,0.241,0.247,0.256,0.272,0.308,0.319,0.309,0.3,0.292,0.279,0.273,0.274,0.287,0.291,0.297,0.293,0.287,0.286,0.284,0.277,0.269,0.261,0.27,0.263,0.259,0.257,0.261,0.263,0.268,0.275,0.275,0.273,0.269,0.265,0.262,0.263,0.265,0.27,0.257,0.253,0.244,0.252,0.236,0.208,0.199,0.157,0.153,0.143,"[[1], [2, 3, 4]]"
0.15836052,0.15950172,0.16104233999999998,0.20700416999999996,0.25592361,0.27229032000000003,0.31143348,0.27811994999999995,0.26772552,0.26773502999999993,0.30078227999999996,0.32459532,0.30253212,0.9120755700000001,1.3093748399999998,0.93993036,0.74055321,0.31345911,0.21507816,0.18381878999999998,0.20808831,0.20491197,0.19325271,0.18604413,0.18894467999999998,0.19056138,0.20352350999999996,0.21594356999999997,0.21880608,0.22383687,0.24156351,0.24396002999999997,0.23968052999999997,0.23776902,0.22499708999999998,0.21960491999999998,0.2289057,0.27261366000000004,0.31094847000000003,0.26990331,0.23206302,0.21811185,0.21012344999999996,0.18457959000000002,0.21523983,0.20236328999999997,0.19349997,0.18784151999999998,0.247,0.256,0.272,0.308,0.319,0.309,0.3,0.292,0.279,0.273,0.274,0.287,0.291,0.297,0.293,0.287,0.286,0.284,0.277,0.269,0.261,0.27,0.263,0.259,0.257,0.261,0.263,0.268,0.275,0.275,0.273,0.269,0.265,0.262,0.263,0.265,0.27,0.257,0.253,0.244,0.252,0.236,0.208,0.199,0.157,0.153,0.143,0.139,"[[1], [2, 3, 4]]"
0.15950172,0.16104233999999998,0.20700416999999996,0.25592361,0.27229032000000003,0.31143348,0.27811994999999995,0.26772552,0.26773502999999993,0.30078227999999996,0.32459532,0.30253212,0.9120755700000001,1.3093748399999998,0.93993036,0.74055321,0.31345911,0.21507816,0.18381878999999998,0.20808831,0.20491197,0.19325271,0.18604413,0.18894467999999998,0.19056138,0.20352350999999996,0.21594356999999997,0.21880608,0.22383687,0.24156351,0.24396002999999997,0.23968052999999997,0.23776902,0.22499708999999998,0.21960491999999998,0.2289057,0.27261366000000004,0.31094847000000003,0.26990331,0.23206302,0.21811185,0.21012344999999996,0.18457959000000002,0.21523983,0.20236328999999997,0.19349997,0.18784151999999998,0.18219258,0.256,0.272,0.308,0.319,0.309,0.3,0.292,0.279,0.273,0.274,0.287,0.291,0.297,0.293,0.287,0.286,0.284,0.277,0.269,0.261,0.27,0.263,0.259,0.257,0.261,0.263,0.268,0.275,0.275,0.273,0.269,0.265,0.262,0.263,0.265,0.27,0.257,0.253,0.244,0.252,0.236,0.208,0.199,0.157,0.153,0.143,0.139,0.137,"[[1], [2, 3, 4]]"
0.16104233999999998,0.20700416999999996,0.25592361,0.27229032000000003,0.31143348,0.27811994999999995,0.26772552,0.26773502999999993,0.30078227999999996,0.32459532,0.30253212,0.9120755700000001,1.3093748399999998,0.93993036,0.74055321,0.31345911,0.21507816,0.18381878999999998,0.20808831,0.20491197,0.19325271,0.18604413,0.18894467999999998,0.19056138,0.20352350999999996,0.21594356999999997,0.21880608,0.22383687,0.24156351,0.24396002999999997,0.23968052999999997,0.23776902,0.22499708999999998,0.21960491999999998,0.2289057,0.27261366000000004,0.31094847000000003,0.26990331,0.23206302,0.21811185,0.21012344999999996,0.18457959000000002,0.21523983,0.20236328999999997,0.19349997,0.18784151999999998,0.18219258,0.17425172999999997,0.272,0.308,0.319,0.309,0.3,0.292,0.279,0.273,0.274,0.287,0.291,0.297,0.293,0.287,0.286,0.284,0.277,0.269,0.261,0.27,0.263,0.259,0.257,0.261,0.263,0.268,0.275,0.275,0.273,0.269,0.265,0.262,0.263,0.265,0.27,0.257,0.253,0.244,0.252,0.236,0.208,0.199,0.157,0.153,0.143,0.139,0.137,0.139,"[[1], [2, 3, 4]]"
0.20700416999999996,0.25592361,0.27229032000000003,0.31143348,0.27811994999999995,0.26772552,0.26773502999999993,0.30078227999999996,0.32459532,0.30253212,0.9120755700000001,1.3093748399999998,0.93993036,0.74055321,0.31345911,0.21507816,0.18381878999999998,0.20808831,0.20491197,0.19325271,0.18604413,0.18894467999999998,0.19056138,0.20352350999999996,0.21594356999999997,0.21880608,0.22383687,0.24156351,0.24396002999999997,0.23968052999999997,0.23776902,0.22499708999999998,0.21960491999999998,0.2289057,0.27261366000000004,0.31094847000000003,0.26990331,0.23206302,0.21811185,0.21012344999999996,0.18457959000000002,0.21523983,0.20236328999999997,0.19349997,0.18784151999999998,0.18219258,0.17425172999999997,0.17644854,0.308,0.319,0.309,0.3,0.292,0.279,0.273,0.274,0.287,0.291,0.297,0.293,0.287,0.286,0.284,0.277,0.269,0.261,0.27,0.263,0.259,0.257,0.261,0.263,0.268,0.275,0.275,0.273,0.269,0.265,0.262,0.263,0.265,0.27,0.257,0.253,0.244,0.252,0.236,0.208,0.199,0.157,0.153,0.143,0.139,0.137,0.139,0.156,"[[1], [2, 3, 4]]"
0.25592361,0.27229032000000003,0.31143348,0.27811994999999995,0.26772552,0.26773502999999993,0.30078227999999996,0.32459532,0.30253212,0.9120755700000001,1.3093748399999998,0.93993036,0.74055321,0.31345911,0.21507816,0.18381878999999998,0.20808831,0.20491197,0.19325271,0.18604413,0.18894467999999998,0.19056138,0.20352350999999996,0.21594356999999997,0.21880608,0.22383687,0.24156351,0.24396002999999997,0.23968052999999997,0.23776902,0.22499708999999998,0.21960491999999998,0.2289057,0.27261366000000004,0.31094847000000003,0.26990331,0.23206302,0.21811185,0.21012344999999996,0.18457959000000002,0.21523983,0.20236328999999997,0.19349997,0.18784151999999998,0.18219258,0.17425172999999997,0.17644854,0.18114647999999997,0.319,0.309,0.3,0.292,0.279,0.273,0.274,0.287,0.291,0.297,0.293,0.287,0.286,0.284,0.277,0.269,0.261,0.27,0.263,0.259,0.257,0.261,0.263,0.268,0.275,0.275,0.273,0.269,0.265,0.262,0.263,0.265,0.27,0.257,0.253,0.244,0.252,0.236,0.208,0.199,0.157,0.153,0.143,0.139,0.137,0.139,0.156,0.161,"[[1], [2, 3, 4]]"
0.27229032000000003,0.31143348,0.27811994999999995,0.26772552,0.26773502999999993,0.30078227999999996,0.32459532,0.30253212,0.9120755700000001,1.3093748399999998,0.93993036,0.74055321,0.31345911,0.21507816,0.18381878999999998,0.20808831,0.20491197,0.19325271,0.18604413,0.18894467999999998,0.19056138,0.20352350999999996,0.21594356999999997,0.21880608,0.22383687,0.24156351,0.24396002999999997,0.23968052999999997,0.23776902,0.22499708999999998,0.21960491999999998,0.2289057,0.27261366000000004,0.31094847000000003,0.26990331,0.23206302,0.21811185,0.21012344999999996,0.18457959000000002,0.21523983,0.20236328999999997,0.19349997,0.18784151999999998,0.18219258,0.17425172999999997,0.17644854,0.18114647999999997,0.17766581999999997,0.309,0.3,0.292,0.279,0.273,0.274,0.287,0.291,0.297,0.293,0.287,0.286,0.284,0.277,0.269,0.261,0.27,0.263,0.259,0.257,0.261,0.263,0.268,0.275,0.275,0.273,0.269,0.265,0.262,0.263,0.265,0.27,0.257,0.253,0.244,0.252,0.236,0.208,0.199,0.157,0.153,0.143,0.139,0.137,0.139,0.156,0.161,0.17,"[[1], [2, 3, 4]]"
0.31143348,0.27811994999999995,0.26772552,0.26773502999999993,0.30078227999999996,0.32459532,0.30253212,0.9120755700000001,1.3093748399999998,0.93993036,0.74055321,0.31345911,0.21507816,0.18381878999999998,0.20808831,0.20491197,0.19325271,0.18604413,0.18894467999999998,0.19056138,0.20352350999999996,0.21594356999999997,0.21880608,0.22383687,0.24156351,0.24396002999999997,0.23968052999999997,0.23776902,0.22499708999999998,0.21960491999999998,0.2289057,0.27261366000000004,0.31094847000000003,0.26990331,0.23206302,0.21811185,0.21012344999999996,0.18457959000000002,0.21523983,0.20236328999999997,0.19349997,0.18784151999999998,0.18219258,0.17425172999999997,0.17644854,0.18114647999999997,0.17766581999999997,0.1878225,0.3,0.292,0.279,0.273,0.274,0.287,0.291,0.297,0.293,0.287,0.286,0.284,0.277,0.269,0.261,0.27,0.263,0.259,0.257,0.261,0.263,0.268,0.275,0.275,0.273,0.269,0.265,0.262,0.263,0.265,0.27,0.257,0.253,0.244,0.252,0.236,0.208,0.199,0.157,0.153,0.143,0.139,0.137,0.139,0.156,0.161,0.17,0.171,"[[1], [2, 3, 4]]"
0.27811994999999995,0.26772552,0.26773502999999993,0.30078227999999996,0.32459532,0.30253212,0.9120755700000001,1.3093748399999998,0.93993036,0.74055321,0.31345911,0.21507816,0.18381878999999998,0.20808831,0.20491197,0.19325271,0.18604413,0.18894467999999998,0.19056138,0.20352350999999996,0.21594356999999997,0.21880608,0.22383687,0.24156351,0.24396002999999997,0.23968052999999997,0.23776902,0.22499708999999998,0.21960491999999998,0.2289057,0.27261366000000004,0.31094847000000003,0.26990331,0.23206302,0.21811185,0.21012344999999996,0.18457959000000002,0.21523983,0.20236328999999997,0.19349997,0.18784151999999998,0.18219258,0.17425172999999997,0.17644854,0.18114647999999997,0.17766581999999997,0.1878225,0.2028483,0.292,0.279,0.273,0.274,0.287,0.291,0.297,0.293,0.287,0.286,0.284,0.277,0.269,0.261,0.27,0.263,0.259,0.257,0.261,0.263,0.268,0.275,0.275,0.273,0.269,0.265,0.262,0.263,0.265,0.27,0.257,0.253,0.244,0.252,0.236,0.208,0.199,0.157,0.153,0.143,0.139,0.137,0.139,0.156,0.161,0.17,0.171,0.164,"[[1], [2, 3, 4]]"
0.26772552,0.26773502999999993,0.30078227999999996,0.32459532,0.30253212,0.9120755700000001,1.3093748399999998,0.93993036,0.74055321,0.31345911,0.21507816,0.18381878999999998,0.20808831,0.20491197,0.19325271,0.18604413,0.18894467999999998,0.19056138,0.20352350999999996,0.21594356999999997,0.21880608,0.22383687,0.24156351,0.24396002999999997,0.23968052999999997,0.23776902,0.22499708999999998,0.21960491999999998,0.2289057,0.27261366000000004,0.31094847000000003,0.26990331,0.23206302,0.21811185,0.21012344999999996,0.18457959000000002,0.21523983,0.20236328999999997,0.19349997,0.18784151999999998,0.18219258,0.17425172999999997,0.17644854,0.18114647999999997,0.17766581999999997,0.1878225,0.2028483,0.19152188999999997,0.279,0.273,0.274,0.287,0.291,0.297,0.293,0.287,0.286,0.284,0.277,0.269,0.261,0.27,0.263,0.259,0.257,0.261,0.263,0.268,0.275,0.275,0.273,0.269,0.265,0.262,0.263,0.265,0.27,0.257,0.253,0.244,0.252,0.236,0.208,0.199,0.157,0.153,0.143,0.139,0.137,0.139,0.156,0.161,0.17,0.171,0.164,0.168,"[[1], [2, 3, 4]]"
0.26773502999999993,0.30078227999999996,0.32459532,0.30253212,0.9120755700000001,1.3093748399999998,0.93993036,0.74055321,0.31345911,0.21507816,0.18381878999999998,0.20808831,0.20491197,0.19325271,0.18604413,0.18894467999999998,0.19056138,0.20352350999999996,0.21594356999999997,0.21880608,0.22383687,0.24156351,0.24396002999999997,0.23968052999999997,0.23776902,0.22499708999999998,0.21960491999999998,0.2289057,0.27261366000000004,0.31094847000000003,0.26990331,0.23206302,0.21811185,0.21012344999999996,0.18457959000000002,0.21523983,0.20236328999999997,0.19349997,0.18784151999999998,0.18219258,0.17425172999999997,0.17644854,0.18114647999999997,0.17766581999999997,0.1878225,0.2028483,0.19152188999999997,0.20902980000000002,0.273,0.274,0.287,0.291,0.297,0.293,0.287,0.286,0.284,0.277,0.269,0.261,0.27,0.263,0.259,0.257,0.261,0.263,0.268,0.275,0.275,0.273,0.269,0.265,0.262,0.263,0.265,0.27,0.257,0.253,0.244,0.252,0.236,0.208,0.199,0.157,0.153,0.143,0.139,0.137,0.139,0.156,0.161,0.17,0.171,0.164,0.168,0.169,"[[1], [2, 3, 4]]"
0.30078227999999996,0.32459532,0.30253212,0.9120755700000001,1.3093748399999998,0.93993036,0.74055321,0.31345911,0.21507816,0.18381878999999998,0.20808831,0.20491197,0.19325271,0.18604413,0.18894467999999998,0.19056138,0.20352350999999996,0.21594356999999997,0.21880608,0.22383687,0.24156351,0.24396002999999997,0.23968052999999997,0.23776902,0.22499708999999998,0.21960491999999998,0.2289057,0.27261366000000004,0.31094847000000003,0.26990331,0.23206302,0.21811185,0.21012344999999996,0.18457959000000002,0.21523983,0.20236328999999997,0.19349997,0.18784151999999998,0.18219258,0.17425172999999997,0.17644854,0.18114647999999997,0.17766581999999997,0.1878225,0.2028483,0.19152188999999997,0.20902980000000002,0.24499662,0.274,0.287,0.291,0.297,0.293,0.287,0.286,0.284,0.277,0.269,0.261,0.27,0.263,0.259,0.257,0.261,0.263,0.268,0.275,0.275,0.273,0.269,0.265,0.262,0.263,0.265,0.27,0.257,0.253,0.244,0.252,0.236,0.208,0.199,0.157,0.153,0.143,0.139,0.137,0.139,0.156,0.161,0.17,0.171,0.164,0.168,0.169,0.178,"[[1], [2, 3, 4]]"
0.32459532,0.30253212,0.9120755700000001,1.3093748399999998,0.93993036,0.74055321,0.31345911,0.21507816,0.18381878999999998,0.20808831,0.20491197,0.19325271,0.18604413,0.18894467999999998,0.19056138,0.20352350999999996,0.21594356999999997,0.21880608,0.22383687,0.24156351,0.24396002999999997,0.23968052999999997,0.23776902,0.22499708999999998,0.21960491999999998,0.2289057,0.27261366000000004,0.31094847000000003,0.26990331,0.23206302,0.21811185,0.21012344999999996,0.18457959000000002,0.21523983,0.20236328999999997,0.19349997,0.18784151999999998,0.18219258,0.17425172999999997,0.17644854,0.18114647999999997,0.17766581999999997,0.1878225,0.2028483,0.19152188999999997,0.20902980000000002,0.24499662,0.19701866999999998,0.287,0.291,0.297,0.293,0.287,0.286,0.284,0.277,0.269,0.261,0.27,0.263,0.259,0.257,0.261,0.263,0.268,0.275,0.275,0.273,0.269,0.265,0.262,0.263,0.265,0.27,0.257,0.253,0.244,0.252,0.236,0.208,0.199,0.157,0.153,0.143,0.139,0.137,0.139,0.156,0.161,0.17,0.171,0.164,0.168,0.169,0.178,0.186,"[[1], [2, 3, 4]]"
0.30253212,0.9120755700000001,1.3093748399999998,0.93993036,0.74055321,0.31345911,0.21507816,0.18381878999999998,0.20808831,0.20491197,0.19325271,0.18604413,0.18894467999999998,0.19056138,0.20352350999999996,0.21594356999999997,0.21880608,0.22383687,0.24156351,0.24396002999999997,0.23968052999999997,0.23776902,0.22499708999999998,0.21960491999999998,0.2289057,0.27261366000000004,0.31094847000000003,0.26990331,0.23206302,0.21811185,0.21012344999999996,0.18457959000000002,0.21523983,0.20236328999999997,0.19349997,0.18784151999999998,0.18219258,0.17425172999999997,0.17644854,0.18114647999999997,0.17766581999999997,0.1878225,0.2028483,0.19152188999999997,0.20902980000000002,0.24499662,0.19701866999999998,0.17985312,0.291,0.297,0.293,0.287,0.286,0.284,0.277,0.269,0.261,0.27,0.263,0.259,0.257,0.261,0.263,0.268,0.275,0.275,0.273,0.269,0.265,0.262,0.263,0.265,0.27,0.257,0.253,0.244,0.252,0.236,0.208,0.199,0.157,0.153,0.143,0.139,0.137,0.139,0.156,0.161,0.17,0.171,0.164,0.168,0.169,0.178,0.186,0.185,"[[1], [2, 3, 4]]"
0.9120755700000001,1.3093748399999998,0.93993036,0.74055321,0.31345911,0.21507816,0.18381878999999998,0.20808831,0.20491197,0.19325271,0.18604413,0.18894467999999998,0.19056138,0.20352350999999996,0.21594356999999997,0.21880608,0.22383687,0.24156351,0.24396002999999997,0.23968052999999997,0.23776902,0.22499708999999998,0.21960491999999998,0.2289057,0.27261366000000004,0.31094847000000003,0.26990331,0.23206302,0.21811185,0.21012344999999996,0.18457959000000002,0.21523983,0.20236328999999997,0.19349997,0.18784151999999998,0.18219258,0.17425172999999997,0.17644854,0.18114647999999997,0.17766581999999997,0.1878225,0.2028483,0.19152188999999997,0.20902980000000002,0.24499662,0.19701866999999998,0.17985312,0.17585892,0.297,0.293,0.287,0.286,0.284,0.277,0.269,0.261,0.27,0.263,0.259,0.257,0.261,0.263,0.268,0.275,0.275,0.273,0.269,0.265,0.262,0.263,0.265,0.27,0.257,0.253,0.244,0.252,0.236,0.208,0.199,0.157,0.153,0.143,0.139,0.137,0.139,0.156,0.161,0.17,0.171,0.164,0.168,0.169,0.178,0.186,0.185,0.198,"[[1], [2, 3, 4]]"
1.3093748399999998,0.93993036,0.74055321,0.31345911,0.21507816,0.18381878999999998,0.20808831,0.20491197,0.19325271,0.18604413,0.18894467999999998,0.19056138,0.20352350999999996,0.21594356999999997,0.21880608,0.22383687,0.24156351,0.24396002999999997,0.23968052999999997,0.23776902,0.22499708999999998,0.21960491999999998,0.2289057,0.27261366000000004,0.31094847000000003,0.26990331,0.23206302,0.21811185,0.21012344999999996,0.18457959000000002,0.21523983,0.20236328999999997,0.19349997,0.18784151999999998,0.18219258,0.17425172999999997,0.17644854,0.18114647999999997,0.17766581999999997,0.1878225,0.2028483,0.19152188999999997,0.20902980000000002,0.24499662,0.19701866999999998,0.17985312,0.17585892,0.22698468,0.293,0.287,0.286,0.284,0.277,0.269,0.261,0.27,0.263,0.259,0.257,0.261,0.263,0.268,0.275,0.275,0.273,0.269,0.265,0.262,0.263,0.265,0.27,0.257,0.253,0.244,0.252,0.236,0.208,0.199,0.157,0.153,0.143,0.139,0.137,0.139,0.156,0.161,0.17,0.171,0.164,0.168,0.169,0.178,0.186,0.185,0.198,0.198,"[[1], [2, 3, 4]]"
0.93993036,0.74055321,0.31345911,0.21507816,0.18381878999999998,0.20808831,0.20491197,0.19325271,0.18604413,0.18894467999999998,0.19056138,0.20352350999999996,0.21594356999999997,0.21880608,0.22383687,0.24156351,0.24396002999999997,0.23968052999999997,0.23776902,0.22499708999999998,0.21960491999999998,0.2289057,0.27261366000000004,0.31094847000000003,0.26990331,0.23206302,0.21811185,0.21012344999999996,0.18457959000000002,0.21523983,0.20236328999999997,0.19349997,0.18784151999999998,0.18219258,0.17425172999999997,0.17644854,0.18114647999999997,0.17766581999999997,0.1878225,0.2028483,0.19152188999999997,0.20902980000000002,0.24499662,0.19701866999999998,0.17985312,0.17585892,0.22698468,0.29062560000000004,0.287,0.286,0.284,0.277,0.269,0.261,0.27,0.263,0.259,0.257,0.261,0.263,0.268,0.275,0.275,0.273,0.269,0.265,0.262,0.263,0.265,0.27,0.257,0.253,0.244,0.252,0.236,0.208,0.199,0.157,0.153,0.143,0.139,0.137,0.139,0.156,0.161,0.17,0.171,0.164,0.168,0.169,0.178,0.186,0.185,0.198,0.198,0.202,"[[1], [2, 3, 4]]"
0.74055321,0.31345911,0.21507816,0.18381878999999998,0.20808831,0.20491197,0.19325271,0.18604413,0.18894467999999998,0.19056138,0.20352350999999996,0.21594356999999997,0.21880608,0.22383687,0.24156351,0.24396002999999997,0.23968052999999997,0.23776902,0.22499708999999998,0.21960491999999998,0.2289057,0.27261366000000004,0.31094847000000003,0.26990331,0.23206302,0.21811185,0.21012344999999996,0.18457959000000002,0.21523983,0.20236328999999997,0.19349997,0.18784151999999998,0.18219258,0.17425172999999997,0.17644854,0.18114647999999997,0.17766581999999997,0.1878225,0.2028483,0.19152188999999997,0.20902980000000002,0.24499662,0.19701866999999998,0.17985312,0.17585892,0.22698468,0.29062560000000004,0.26223825,0.286,0.284,0.277,0.269,0.261,0.27,0.263,0.259,0.257,0.261,0.263,0.268,0.275,0.275,0.273,0.269,0.265,0.262,0.263,0.265,0.27,0.257,0.253,0.244,0.252,0.236,0.208,0.199,0.157,0.153,0.143,0.139,0.137,0.139,0.156,0.161,0.17,0.171,0.164,0.168,0.169,0.178,0.186,0.185,0.198,0.198,0.202,0.199,"[[2], [1, 3, 4]]"
0.31345911,0.21507816,0.18381878999999998,0.20808831,0.20491197,0.19325271,0.18604413,0.18894467999999998,0.19056138,0.20352350999999996,0.21594356999999997,0.21880608,0.22383687,0.24156351,0.24396002999999997,0.23968052999999997,0.23776902,0.22499708999999998,0.21960491999999998,0.2289057,0.27261366000000004,0.31094847000000003,0.26990331,0.23206302,0.21811185,0.21012344999999996,0.18457959000000002,0.21523983,0.20236328999999997,0.19349997,0.18784151999999998,0.18219258,0.17425172999999997,0.17644854,0.18114647999999997,0.17766581999999997,0.1878225,0.2028483,0.19152188999999997,0.20902980000000002,0.24499662,0.19701866999999998,0.17985312,0.17585892,0.22698468,0.29062560000000004,0.26223825,0.22299998999999998,0.284,0.277,0.269,0.261,0.27,0.263,0.259,0.257,0.261,0.263,0.268,0.275,0.275,0.273,0.269,0.265,0.262,0.263,0.265,0.27,0.257,0.253,0.244,0.252,0.236,0.208,0.199,0.157,0.153,0.143,0.139,0.137,0.139,0.156,0.161,0.17,0.171,0.164,0.168,0.169,0.178,0.186,0.185,0.198,0.198,0.202,0.199,0.205,"[[2], [1, 3, 4]]"
0.21507816,0.18381878999999998,0.20808831,0.20491197,0.19325271,0.18604413,0.18894467999999998,0.19056138,0.20352350999999996,0.21594356999999997,0.21880608,0.22383687,0.24156351,0.24396002999999997,0.23968052999999997,0.23776902,0.22499708999999998,0.21960491999999998,0.2289057,0.27261366000000004,0.31094847000000003,0.26990331,0.23206302,0.21811185,0.21012344999999996,0.18457959000000002,0.21523983,0.20236328999999997,0.19349997,0.18784151999999998,0.18219258,0.17425172999999997,0.17644854,0.18114647999999997,0.17766581999999997,0.1878225,0.2028483,0.19152188999999997,0.20902980000000002,0.24499662,0.19701866999999998,0.17985312,0.17585892,0.22698468,0.29062560000000004,0.26223825,0.22299998999999998,0.20404656,0.277,0.269,0.261,0.27,0.263,0.259,0.257,0.261,0.263,0.268,0.275,0.275,0.273,0.269,0.265,0.262,0.263,0.265,0.27,0.257,0.253,0.244,0.252,0.236,0.208,0.199,0.157,0.153,0.143,0.139,0.137,0.139,0.156,0.161,0.17,0.171,0.164,0.168,0.169,0.178,0.186,0.185,0.198,0.198,0.202,0.199,0.205,0.205,"[[2], [1, 3, 4]]"
0.18381878999999998,0.20808831,0.20491197,0.19325271,0.18604413,0.18894467999999998,0.19056138,0.20352350999999996,0.21594356999999997,0.21880608,0.22383687,0.24156351,0.24396002999999997,0.23968052999999997,0.23776902,0.22499708999999998,0.21960491999999998,0.2289057,0.27261366000000004,0.31094847000000003,0.26990331,0.23206302,0.21811185,0.21012344999999996,0.18457959000000002,0.21523983,0.20236328999999997,0.19349997,0.18784151999999998,0.18219258,0.17425172999999997,0.17644854,0.18114647999999997,0.17766581999999997,0.1878225,0.2028483,0.19152188999999997,0.20902980000000002,0.24499662,0.19701866999999998,0.17985312,0.17585892,0.22698468,0.29062560000000004,0.26223825,0.22299998999999998,0.20404656,0.19496450999999998,0.269,0.261,0.27,0.263,0.259,0.257,0.261,0.263,0.268,0.275,0.275,0.273,0.269,0.265,0.262,0.263,0.265,0.27,0.257,0.253,0.244,0.252,0.236,0.208,0.199,0.157,0.153,0.143,0.139,0.137,0.139,0.156,0.161,0.17,0.171,0.164,0.168,0.169,0.178,0.186,0.185,0.198,0.198,0.202,0.199,0.205,0.205,0.2,"[[2], [1, 3, 4]]"
0.20808831,0.20491197,0.19325271,0.18604413,0.18894467999999998,0.19056138,0.20352350999999996,0.21594356999999997,0.21880608,0.22383687,0.24156351,0.24396002999999997,0.23968052999999997,0.23776902,0.22499708999999998,0.21960491999999998,0.2289057,0.27261366000000004,0.31094847000000003,0.26990331,0.23206302,0.21811185,0.21012344999999996,0.18457959000000002,0.21523983,0.20236328999999997,0.19349997,0.18784151999999998,0.18219258,0.17425172999999997,0.17644854,0.18114647999999997,0.17766581999999997,0.1878225,0.2028483,0.19152188999999997,0.20902980000000002,0.24499662,0.19701866999999998,0.17985312,0.17585892,0.22698468,0.29062560000000004,0.26223825,0.22299998999999998,0.20404656,0.19496450999999998,0.17516468999999998,0.261,0.27,0.263,0.259,0.257,0.261,0.263,0.268,0.275,0.275,0.273,0.269,0.265,0.262,0.263,0.265,0.27,0.257,0.253,0.244,0.252,0.236,0.208,0.199,0.157,0.153,0.143,0.139,0.137,0.139,0.156,0.161,0.17,0.171,0.164,0.168,0.169,0.178,0.186,0.185,0.198,0.198,0.202,0.199,0.205,0.205,0.2,0.178,"[[2], [1, 3, 4]]"
0.20491197,0.19325271,0.18604413,0.18894467999999998,0.19056138,0.20352350999999996,0.21594356999999997,0.21880608,0.22383687,0.24156351,0.24396002999999997,0.23968052999999997,0.23776902,0.22499708999999998,0.21960491999999998,0.2289057,0.27261366000000004,0.31094847000000003,0.26990331,0.23206302,0.21811185,0.21012344999999996,0.18457959000000002,0.21523983,0.20236328999999997,0.19349997,0.18784151999999998,0.18219258,0.17425172999999997,0.17644854,0.18114647999999997,0.17766581999999997,0.1878225,0.2028483,0.19152188999999997,0.20902980000000002,0.24499662,0.19701866999999998,0.17985312,0.17585892,0.22698468,0.29062560000000004,0.26223825,0.22299998999999998,0.20404656,0.19496450999999998,0.17516468999999998,0.17310102,0.27,0.263,0.259,0.257,0.261,0.263,0.268,0.275,0.275,0.273,0.269,0.265,0.262,0.263,0.265,0.27,0.257,0.253,0.244,0.252,0.236,0.208,0.199,0.157,0.153,0.143,0.139,0.137,0.139,0.156,0.161,0.17,0.171,0.164,0.168,0.169,0.178,0.186,0.185,0.198,0.198,0.202,0.199,0.205,0.205,0.2,0.178,0.161,"[[2], [1, 3, 4]]"
0.19325271,0.18604413,0.18894467999999998,0.19056138,0.20352350999999996,0.21594356999999997,0.21880608,0.22383687,0.24156351,0.24396002999999997,0.23968052999999997,0.23776902,0.22499708999999998,0.21960491999999998,0.2289057,0.27261366000000004,0.31094847000000003,0.26990331,0.23206302,0.21811185,0.21012344999999996,0.18457959000000002,0.21523983,0.20236328999999997,0.19349997,0.18784151999999998,0.18219258,0.17425172999999997,0.17644854,0.18114647999999997,0.17766581999999997,0.1878225,0.2028483,0.19152188999999997,0.20902980000000002,0.24499662,0.19701866999999998,0.17985312,0.17585892,0.22698468,0.29062560000000004,0.26223825,0.22299998999999998,0.20404656,0.19496450999999998,0.17516468999999998,0.17310102,0.17362406999999996,0.263,0.259,0.257,0.261,0.263,0.268,0.275,0.275,0.273,0.269,0.265,0.262,0.263,0.265,0.27,0.257,0.253,0.244,0.252,0.236,0.208,0.199,0.157,0.153,0.143,0.139,0.137,0.139,0.156,0.161,0.17,0.171,0.164,0.168,0.169,0.178,0.186,0.185,0.198,0.198,0.202,0.199,0.205,0.205,0.2,0.178,0.161,0.164,"[[2], [1, 3, 4]]"
0.18604413,0.18894467999999998,0.19056138,0.20352350999999996,0.21594356999999997,0.21880608,0.22383687,0.24156351,0.24396002999999997,0.23968052999999997,0.23776902,0.22499708999999998,0.21960491999999998,0.2289057,0.27261366000000004,0.31094847000000003,0.26990331,0.23206302,0.21811185,0.21012344999999996,0.18457959000000002,0.21523983,0.20236328999999997,0.19349997,0.18784151999999998,0.18219258,0.17425172999999997,0.17644854,0.18114647999999997,0.17766581999999997,0.1878225,0.2028483,0.19152188999999997,0.20902980000000002,0.24499662,0.19701866999999998,0.17985312,0.17585892,0.22698468,0.29062560000000004,0.26223825,0.22299998999999998,0.20404656,0.19496450999999998,0.17516468999999998,0.17310102,0.17362406999999996,0.17547852,0.259,0.257,0.261,0.263,0.268,0.275,0.275,0.273,0.269,0.265,0.262,0.263,0.265,0.27,0.257,0.253,0.244,0.252,0.236,0.208,0.199,0.157,0.153,0.143,0.139,0.137,0.139,0.156,0.161,0.17,0.171,0.164,0.168,0.169,0.178,0.186,0.185,0.198,0.198,0.202,0.199,0.205,0.205,0.2,0.178,0.161,0.164,0.171,"[[2], [1, 3, 4]]"
0.18894467999999998,0.19056138,0.20352350999999996,0.21594356999999997,0.21880608,0.22383687,0.24156351,0.24396002999999997,0.23968052999999997,0.23776902,0.22499708999999998,0.21960491999999998,0.2289057,0.27261366000000004,0.31094847000000003,0.26990331,0.23206302,0.21811185,0.21012344999999996,0.18457959000000002,0.21523983,0.20236328999999997,0.19349997,0.18784151999999998,0.18219258,0.17425172999999997,0.17644854,0.18114647999999997,0.17766581999999997,0.1878225,0.2028483,0.19152188999999997,0.20902980000000002,0.24499662,0.19701866999999998,0.17985312,0.17585892,0.22698468,0.29062560000000004,0.26223825,0.22299998999999998,0.20404656,0.19496450999999998,0.17516468999999998,0.17310102,0.17362406999999996,0.17547852,0.1651887,0.257,0.261,0.263,0.268,0.275,0.275,0.273,0.269,0.265,0.262,0.263,0.265,0.27,0.257,0.253,0.244,0.252,0.236,0.208,0.199,0.157,0.153,0.143,0.139,0.137,0.139,0.156,0.161,0.17,0.171,0.164,0.168,0.169,0.178,0.186,0.185,0.198,0.198,0.202,0.199,0.205,0.205,0.2,0.178,0.161,0.164,0.171,0.165,"[[2], [1, 3, 4]]"
0.19056138,0.20352350999999996,0.21594356999999997,0.21880608,0.22383687,0.24156351,0.24396002999999997,0.23968052999999997,0.23776902,0.22499708999999998,0.21960491999999998,0.2289057,0.27261366000000004,0.31094847000000003,0.26990331,0.23206302,0.21811185,0.21012344999999996,0.18457959000000002,0.21523983,0.20236328999999997,0.19349997,0.18784151999999998,0.18219258,0.17425172999999997,0.17644854,0.18114647999999997,0.17766581999999997,0.1878225,0.2028483,0.19152188999999997,0.20902980000000002,0.24499662,0.19701866999999998,0.17985312,0.17585892,0.22698468,0.29062560000000004,0.26223825,0.22299998999999998,0.20404656,0.19496450999999998,0.17516468999999998,0.17310102,0.17362406999999996,0.17547852,0.1651887,0.16516017,0.261,0.263,0.268,0.275,0.275,0.273,0.269,0.265,0.262,0.263,0.265,0.27,0.257,0.253,0.244,0.252,0.236,0.208,0.199,0.157,0.153,0.143,0.139,0.137,0.139,0.156,0.161,0.17,0.171,0.164,0.168,0.169,0.178,0.186,0.185,0.198,0.198,0.202,0.199,0.205,0.205,0.2,0.178,0.161,0.164,0.171,0.165,0.162,"[[2], [1, 3, 4]]"
0.20352350999999996,0.21594356999999997,0.21880608,0.22383687,0.24156351,0.24396002999999997,0.23968052999999997,0.23776902,0.22499708999999998,0.21960491999999998,0.2289057,0.27261366000000004,0.31094847000000003,0.26990331,0.23206302,0.21811185,0.21012344999999996,0.18457959000000002,0.21523983,0.20236328999999997,0.19349997,0.18784151999999998,0.18219258,0.17425172999999997,0.17644854,0.18114647999999997,0.17766581999999997,0.1878225,0.2028483,0.19152188999999997,0.20902980000000002,0.24499662,0.19701866999999998,0.17985312,0.17585892,0.22698468,0.29062560000000004,0.26223825,0.22299998999999998,0.20404656,0.19496450999999998,0.17516468999999998,0.17310102,0.17362406999999996,0.17547852,0.1651887,0.16516017,0.16523624999999997,0.263,0.268,0.275,0.275,0.273,0.269,0.265,0.262,0.263,0.265,0.27,0.257,0.253,0.244,0.252,0.236,0.208,0.199,0.157,0.153,0.143,0.139,0.137,0.139,0.156,0.161,0.17,0.171,0.164,0.168,0.169,0.178,0.186,0.185,0.198,0.198,0.202,0.199,0.205,0.205,0.2,0.178,0.161,0.164,0.171,0.165,0.162,0.172,"[[2], [1, 3, 4]]"
0.21594356999999997,0.21880608,0.22383687,0.24156351,0.24396002999999997,0.23968052999999997,0.23776902,0.22499708999999998,0.21960491999999998,0.2289057,0.27261366000000004,0.31094847000000003,0.26990331,0.23206302,0.21811185,0.21012344999999996,0.18457959000000002,0.21523983,0.20236328999999997,0.19349997,0.18784151999999998,0.18219258,0.17425172999999997,0.17644854,0.18114647999999997,0.17766581999999997,0.1878225,0.2028483,0.19152188999999997,0.20902980000000002,0.24499662,0.19701866999999998,0.17985312,0.17585892,0.22698468,0.29062560000000004,0.26223825,0.22299998999999998,0.20404656,0.19496450999999998,0.17516468999999998,0.17310102,0.17362406999999996,0.17547852,0.1651887,0.16516017,0.16523624999999997,0.17661021000000002,0.268,0.275,0.275,0.273,0.269,0.265,0.262,0.263,0.265,0.27,0.257,0.253,0.244,0.252,0.236,0.208,0.199,0.157,0.153,0.143,0.139,0.137,0.139,0.156,0.161,0.17,0.171,0.164,0.168,0.169,0.178,0.186,0.185,0.198,0.198,0.202,0.199,0.205,0.205,0.2,0.178,0.161,0.164,0.171,0.165,0.162,0.172,0.193,"[[2], [1, 3, 4]]"
0.21880608,0.22383687,0.24156351,0.24396002999999997,0.23968052999999997,0.23776902,0.22499708999999998,0.21960491999999998,0.2289057,0.27261366000000004,0.31094847000000003,0.26990331,0.23206302,0.21811185,0.21012344999999996,0.18457959000000002,0.21523983,0.20236328999999997,0.19349997,0.18784151999999998,0.18219258,0.17425172999999997,0.17644854,0.18114647999999997,0.17766581999999997,0.1878225,0.2028483,0.19152188999999997,0.20902980000000002,0.24499662,0.19701866999999998,0.17985312,0.17585892,0.22698468,0.29062560000000004,0.26223825,0.22299998999999998,0.20404656,0.19496450999999998,0.17516468999999998,0.17310102,0.17362406999999996,0.17547852,0.1651887,0.16516017,0.16523624999999997,0.17661021000000002,0.21139778999999997,0.275,0.275,0.273,0.269,0.265,0.262,0.263,0.265,0.27,0.257,0.253,0.244,0.252,0.236,0.208,0.199,0.157,0.153,0.143,0.139,0.137,0.139,0.156,0.161,0.17,0.171,0.164,0.168,0.169,0.178,0.186,0.185,0.198,0.198,0.202,0.199,0.205,0.205,0.2,0.178,0.161,0.164,0.171,0.165,0.162,0.172,0.193,0.224,"[[2], [1, 3, 4]]"
0.22383687,0.24156351,0.24396002999999997,0.23968052999999997,0.23776902,0.22499708999999998,0.21960491999999998,0.2289057,0.27261366000000004,0.31094847000000003,0.26990331,0.23206302,0.21811185,0.21012344999999996,0.18457959000000002,0.21523983,0.20236328999999997,0.19349997,0.18784151999999998,0.18219258,0.17425172999999997,0.17644854,0.18114647999999997,0.17766581999999997,0.1878225,0.2028483,0.19152188999999997,0.20902980000000002,0.24499662,0.19701866999999998,0.17985312,0.17585892,0.22698468,0.29062560000000004,0.26223825,0.22299998999999998,0.20404656,0.19496450999999998,0.17516468999999998,0.17310102,0.17362406999999996,0.17547852,0.1651887,0.16516017,0.16523624999999997,0.17661021000000002,0.21139778999999997,0.22191585,0.275,0.273,0.269,0.265,0.262,0.263,0.265,0.27,0.257,0.253,0.244,0.252,0.236,0.208,0.199,0.157,0.153,0.143,0.139,0.137,0.139,0.156,0.161,0.17,0.171,0.164,0.168,0.169,0.178,0.186,0.185,0.198,0.198,0.202,0.199,0.205,0.205,0.2,0.178,0.161,0.164,0.171,0.165,0.162,0.172,0.193,0.224,0.253,"[[2], [1, 3, 4]]"
0.24156351,0.24396002999999997,0.23968052999999997,0.23776902,0.22499708999999998,0.21960491999999998,0.2289057,0.27261366000000004,0.31094847000000003,0.26990331,0.23206302,0.21811185,0.21012344999999996,0.18457959000000002,0.21523983,0.20236328999999997,0.19349997,0.18784151999999998,0.18219258,0.17425172999999997,0.17644854,0.18114647999999997,0.17766581999999997,0.1878225,0.2028483,0.19152188999999997,0.20902980000000002,0.24499662,0.19701866999999998,0.17985312,0.17585892,0.22698468,0.29062560000000004,0.26223825,0.22299998999999998,0.20404656,0.19496450999999998,0.17516468999999998,0.17310102,0.17362406999999996,0.17547852,0.1651887,0.16516017,0.16523624999999997,0.17661021000000002,0.21139778999999997,0.22191585,0.25498212000000003,0.273,0.269,0.265,0.262,0.263,0.265,0.27,0.257,0.253,0.244,0.252,0.236,0.208,0.199,0.157,0.153,0.143,0.139,0.137,0.139,0.156,0.161,0.17,0.171,0.164,0.168,0.169,0.178,0.186,0.185,0.198,0.198,0.202,0.199,0.205,0.205,0.2,0.178,0.161,0.164,0.171,0.165,0.162,0.172,0.193,0.224,0.253,0.258,"[[2], [1, 3, 4]]"
0.24396002999999997,0.23968052999999997,0.23776902,0.22499708999999998,0.21960491999999998,0.2289057,0.27261366000000004,0.31094847000000003,0.26990331,0.23206302,0.21811185,0.21012344999999996,0.18457959000000002,0.21523983,0.20236328999999997,0.19349997,0.18784151999999998,0.18219258,0.17425172999999997,0.17644854,0.18114647999999997,0.17766581999999997,0.1878225,0.2028483,0.19152188999999997,0.20902980000000002,0.24499662,0.19701866999999998,0.17985312,0.17585892,0.22698468,0.29062560000000004,0.26223825,0.22299998999999998,0.20404656,0.19496450999999998,0.17516468999999998,0.17310102,0.17362406999999996,0.17547852,0.1651887,0.16516017,0.16523624999999997,0.17661021000000002,0.21139778999999997,0.22191585,0.25498212000000003,0.24822050999999995,0.269,0.265,0.262,0.263,0.265,0.27,0.257,0.253,0.244,0.252,0.236,0.208,0.199,0.157,0.153,0.143,0.139,0.137,0.139,0.156,0.161,0.17,0.171,0.164,0.168,0.169,0.178,0.186,0.185,0.198,0.198,0.202,0.199,0.205,0.205,0.2,0.178,0.161,0.164,0.171,0.165,0.162,0.172,0.193,0.224,0.253,0.258,0.265,"[[2], [1, 3, 4]]"
0.23968052999999997,0.23776902,0.22499708999999998,0.21960491999999998,0.2289057,0.27261366000000004,0.31094847000000003,0.26990331,0.23206302,0.21811185,0.21012344999999996,0.18457959000000002,0.21523983,0.20236328999999997,0.19349997,0.18784151999999998,0.18219258,0.17425172999999997,0.17644854,0.18114647999999997,0.17766581999999997,0.1878225,0.2028483,0.19152188999999997,0.20902980000000002,0.24499662,0.19701866999999998,0.17985312,0.17585892,0.22698468,0.29062560000000004,0.26223825,0.22299998999999998,0.20404656,0.19496450999999998,0.17516468999999998,0.17310102,0.17362406999999996,0.17547852,0.1651887,0.16516017,0.16523624999999997,0.17661021000000002,0.21139778999999997,0.22191585,0.25498212000000003,0.24822050999999995,0.23230077,0.265,0.262,0.263,0.265,0.27,0.257,0.253,0.244,0.252,0.236,0.208,0.199,0.157,0.153,0.143,0.139,0.137,0.139,0.156,0.161,0.17,0.171,0.164,0.168,0.169,0.178,0.186,0.185,0.198,0.198,0.202,0.199,0.205,0.205,0.2,0.178,0.161,0.164,0.171,0.165,0.162,0.172,0.193,0.224,0.253,0.258,0.265,0.259,"[[2], [1, 3, 4]]"
0.23776902,0.22499708999999998,0.21960491999999998,0.2289057,0.27261366000000004,0.31094847000000003,0.26990331,0.23206302,0.21811185,0.21012344999999996,0.18457959000000002,0.21523983,0.20236328999999997,0.19349997,0.18784151999999998,0.18219258,0.17425172999999997,0.17644854,0.18114647999999997,0.17766581999999997,0.1878225,0.2028483,0.19152188999999997,0.20902980000000002,0.24499662,0.19701866999999998,0.17985312,0.17585892,0.22698468,0.29062560000000004,0.26223825,0.22299998999999998,0.20404656,0.19496450999999998,0.17516468999999998,0.17310102,0.17362406999999996,0.17547852,0.1651887,0.16516017,0.16523624999999997,0.17661021000000002,0.21139778999999997,0.22191585,0.25498212000000003,0.24822050999999995,0.23230077,0.22694663999999998,0.262,0.263,0.265,0.27,0.257,0.253,0.244,0.252,0.236,0.208,0.199,0.157,0.153,0.143,0.139,0.137,0.139,0.156,0.161,0.17,0.171,0.164,0.168,0.169,0.178,0.186,0.185,0.198,0.198,0.202,0.199,0.205,0.205,0.2,0.178,0.161,0.164,0.171,0.165,0.162,0.172,0.193,0.224,0.253,0.258,0.265,0.259,0.246,"[[2], [1, 3, 4]]"
0.22499708999999998,0.21960491999999998,0.2289057,0.27261366000000004,0.31094847000000003,0.26990331,0.23206302,0.21811185,0.21012344999999996,0.18457959000000002,0.21523983,0.20236328999999997,0.19349997,0.18784151999999998,0.18219258,0.17425172999999997,0.17644854,0.18114647999999997,0.17766581999999997,0.1878225,0.2028483,0.19152188999999997,0.20902980000000002,0.24499662,0.19701866999999998,0.17985312,0.17585892,0.22698468,0.29062560000000004,0.26223825,0.22299998999999998,0.20404656,0.19496450999999998,0.17516468999999998,0.17310102,0.17362406999999996,0.17547852,0.1651887,0.16516017,0.16523624999999997,0.17661021000000002,0.21139778999999997,0.22191585,0.25498212000000003,0.24822050999999995,0.23230077,0.22694663999999998,0.21979511999999998,0.263,0.265,0.27,0.257,0.253,0.244,0.252,0.236,0.208,0.199,0.157,0.153,0.143,0.139,0.137,0.139,0.156,0.161,0.17,0.171,0.164,0.168,0.169,0.178,0.186,0.185,0.198,0.198,0.202,0.199,0.205,0.205,0.2,0.178,0.161,0.164,0.171,0.165,0.162,0.172,0.193,0.224,0.253,0.258,0.265,0.259,0.246,0.25,"[[2], [1, 3, 4]]"
0.21960491999999998,0.2289057,0.27261366000000004,0.31094847000000003,0.26990331,0.23206302,0.21811185,0.21012344999999996,0.18457959000000002,0.21523983,0.20236328999999997,0.19349997,0.18784151999999998,0.18219258,0.17425172999999997,0.17644854,0.18114647999999997,0.17766581999999997,0.1878225,0.2028483,0.19152188999999997,0.20902980000000002,0.24499662,0.19701866999999998,0.17985312,0.17585892,0.22698468,0.29062560000000004,0.26223825,0.22299998999999998,0.20404656,0.19496450999999998,0.17516468999999998,0.17310102,0.17362406999999996,0.17547852,0.1651887,0.16516017,0.16523624999999997,0.17661021000000002,0.21139778999999997,0.22191585,0.25498212000000003,0.24822050999999995,0.23230077,0.22694663999999998,0.21979511999999998,0.24485397000000003,0.265,0.27,0.257,0.253,0.244,0.252,0.236,0.208,0.199,0.157,0.153,0.143,0.139,0.137,0.139,0.156,0.161,0.17,0.171,0.164,0.168,0.169,0.178,0.186,0.185,0.198,0.198,0.202,0.199,0.205,0.205,0.2,0.178,0.161,0.164,0.171,0.165,0.162,0.172,0.193,0.224,0.253,0.258,0.265,0.259,0.246,0.25,0.264,"[[2], [1, 3, 4]]"
0.2289057,0.27261366000000004,0.31094847000000003,0.26990331,0.23206302,0.21811185,0.21012344999999996,0.18457959000000002,0.21523983,0.20236328999999997,0.19349997,0.18784151999999998,0.18219258,0.17425172999999997,0.17644854,0.18114647999999997,0.17766581999999997,0.1878225,0.2028483,0.19152188999999997,0.20902980000000002,0.24499662,0.19701866999999998,0.17985312,0.17585892,0.22698468,0.29062560000000004,0.26223825,0.22299998999999998,0.20404656,0.19496450999999998,0.17516468999999998,0.17310102,0.17362406999999996,0.17547852,0.1651887,0.16516017,0.16523624999999997,0.17661021000000002,0.21139778999999997,0.22191585,0.25498212000000003,0.24822050999999995,0.23230077,0.22694663999999998,0.21979511999999998,0.24485397000000003,0.25540056,0.27,0.257,0.253,0.244,0.252,0.236,0.208,0.199,0.157,0.153,0.143,0.139,0.137,0.139,0.156,0.161,0.17,0.171,0.164,0.168,0.169,0.178,0.186,0.185,0.198,0.198,0.202,0.199,0.205,0.205,0.2,0.178,0.161,0.164,0.171,0.165,0.162,0.172,0.193,0.224,0.253,0.258,0.265,0.259,0.246,0.25,0.264,0.271,"[[2], [1, 3, 4]]"
0.27261366000000004,0.31094847000000003,0.26990331,0.23206302,0.21811185,0.21012344999999996,0.18457959000000002,0.21523983,0.20236328999999997,0.19349997,0.18784151999999998,0.18219258,0.17425172999999997,0.17644854,0.18114647999999997,0.17766581999999997,0.1878225,0.2028483,0.19152188999999997,0.20902980000000002,0.24499662,0.19701866999999998,0.17985312,0.17585892,0.22698468,0.29062560000000004,0.26223825,0.22299998999999998,0.20404656,0.19496450999999998,0.17516468999999998,0.17310102,0.17362406999999996,0.17547852,0.1651887,0.16516017,0.16523624999999997,0.17661021000000002,0.21139778999999997,0.22191585,0.25498212000000003,0.24822050999999995,0.23230077,0.22694663999999998,0.21979511999999998,0.24485397000000003,0.25540056,0.27330788999999994,0.257,0.253,0.244,0.252,0.236,0.208,0.199,0.157,0.153,0.143,0.139,0.137,0.139,0.156,0.161,0.17,0.171,0.164,0.168,0.169,0.178,0.186,0.185,0.198,0.198,0.202,0.199,0.205,0.205,0.2,0.178,0.161,0.164,0.171,0.165,0.162,0.172,0.193,0.224,0.253,0.258,0.265,0.259,0.246,0.25,0.264,0.271,0.269,"[[2], [1, 3, 4]]"
0.31094847000000003,0.26990331,0.23206302,0.21811185,0.21012344999999996,0.18457959000000002,0.21523983,0.20236328999999997,0.19349997,0.18784151999999998,0.18219258,0.17425172999999997,0.17644854,0.18114647999999997,0.17766581999999997,0.1878225,0.2028483,0.19152188999999997,0.20902980000000002,0.24499662,0.19701866999999998,0.17985312,0.17585892,0.22698468,0.29062560000000004,0.26223825,0.22299998999999998,0.20404656,0.19496450999999998,0.17516468999999998,0.17310102,0.17362406999999996,0.17547852,0.1651887,0.16516017,0.16523624999999997,0.17661021000000002,0.21139778999999997,0.22191585,0.25498212000000003,0.24822050999999995,0.23230077,0.22694663999999998,0.21979511999999998,0.24485397000000003,0.25540056,0.27330788999999994,0.43264794,0.253,0.244,0.252,0.236,0.208,0.199,0.157,0.153,0.143,0.139,0.137,0.139,0.156,0.161,0.17,0.171,0.164,0.168,0.169,0.178,0.186,0.185,0.198,0.198,0.202,0.199,0.205,0.205,0.2,0.178,0.161,0.164,0.171,0.165,0.162,0.172,0.193,0.224,0.253,0.258,0.265,0.259,0.246,0.25,0.264,0.271,0.269,0.283,"[[2], [1, 3, 4]]"
0.26990331,0.23206302,0.21811185,0.21012344999999996,0.18457959000000002,0.21523983,0.20236328999999997,0.19349997,0.18784151999999998,0.18219258,0.17425172999999997,0.17644854,0.18114647999999997,0.17766581999999997,0.1878225,0.2028483,0.19152188999999997,0.20902980000000002,0.24499662,0.19701866999999998,0.17985312,0.17585892,0.22698468,0.29062560000000004,0.26223825,0.22299998999999998,0.20404656,0.19496450999999998,0.17516468999999998,0.17310102,0.17362406999999996,0.17547852,0.1651887,0.16516017,0.16523624999999997,0.17661021000000002,0.21139778999999997,0.22191585,0.25498212000000003,0.24822050999999995,0.23230077,0.22694663999999998,0.21979511999999998,0.24485397000000003,0.25540056,0.27330788999999994,0.43264794,1.3222418699999998,0.244,0.252,0.236,0.208,0.199,0.157,0.153,0.143,0.139,0.137,0.139,0.156,0.161,0.17,0.171,0.164,0.168,0.169,0.178,0.186,0.185,0.198,0.198,0.202,0.199,0.205,0.205,0.2,0.178,0.161,0.164,0.171,0.165,0.162,0.172,0.193,0.224,0.253,0.258,0.265,0.259,0.246,0.25,0.264,0.271,0.269,0.283,0.284,"[[1], [2, 3, 4]]"
0.23206302,0.21811185,0.21012344999999996,0.18457959000000002,0.21523983,0.20236328999999997,0.19349997,0.18784151999999998,0.18219258,0.17425172999999997,0.17644854,0.18114647999999997,0.17766581999999997,0.1878225,0.2028483,0.19152188999999997,0.20902980000000002,0.24499662,0.19701866999999998,0.17985312,0.17585892,0.22698468,0.29062560000000004,0.26223825,0.22299998999999998,0.20404656,0.19496450999999998,0.17516468999999998,0.17310102,0.17362406999999996,0.17547852,0.1651887,0.16516017,0.16523624999999997,0.17661021000000002,0.21139778999999997,0.22191585,0.25498212000000003,0.24822050999999995,0.23230077,0.22694663999999998,0.21979511999999998,0.24485397000000003,0.25540056,0.27330788999999994,0.43264794,1.3222418699999998,0.8766318,0.252,0.236,0.208,0.199,0.157,0.153,0.143,0.139,0.137,0.139,0.156,0.161,0.17,0.171,0.164,0.168,0.169,0.178,0.186,0.185,0.198,0.198,0.202,0.199,0.205,0.205,0.2,0.178,0.161,0.164,0.171,0.165,0.162,0.172,0.193,0.224,0.253,0.258,0.265,0.259,0.246,0.25,0.264,0.271,0.269,0.283,0.284,0.277,"[[1], [2, 3, 4]]"
0.21811185,0.21012344999999996,0.18457959000000002,0.21523983,0.20236328999999997,0.19349997,0.18784151999999998,0.18219258,0.17425172999999997,0.17644854,0.18114647999999997,0.17766581999999997,0.1878225,0.2028483,0.19152188999999997,0.20902980000000002,0.24499662,0.19701866999999998,0.17985312,0.17585892,0.22698468,0.29062560000000004,0.26223825,0.22299998999999998,0.20404656,0.19496450999999998,0.17516468999999998,0.17310102,0.17362406999999996,0.17547852,0.1651887,0.16516017,0.16523624999999997,0.17661021000000002,0.21139778999999997,0.22191585,0.25498212000000003,0.24822050999999995,0.23230077,0.22694663999999998,0.21979511999999998,0.24485397000000003,0.25540056,0.27330788999999994,0.43264794,1.3222418699999998,0.8766318,0.56501763,0.236,0.208,0.199,0.157,0.153,0.143,0.139,0.137,0.139,0.156,0.161,0.17,0.171,0.164,0.168,0.169,0.178,0.186,0.185,0.198,0.198,0.202,0.199,0.205,0.205,0.2,0.178,0.161,0.164,0.171,0.165,0.162,0.172,0.193,0.224,0.253,0.258,0.265,0.259,0.246,0.25,0.264,0.271,0.269,0.283,0.284,0.277,0.279,"[[1], [2, 3, 4]]"
0.21012344999999996,0.18457959000000002,0.21523983,0.20236328999999997,0.19349997,0.18784151999999998,0.18219258,0.17425172999999997,0.17644854,0.18114647999999997,0.17766581999999997,0.1878225,0.2028483,0.19152188999999997,0.20902980000000002,0.24499662,0.19701866999999998,0.17985312,0.17585892,0.22698468,0.29062560000000004,0.26223825,0.22299998999999998,0.20404656,0.19496450999999998,0.17516468999999998,0.17310102,0.17362406999999996,0.17547852,0.1651887,0.16516017,0.16523624999999997,0.17661021000000002,0.21139778999999997,0.22191585,0.25498212000000003,0.24822050999999995,0.23230077,0.22694663999999998,0.21979511999999998,0.24485397000000003,0.25540056,0.27330788999999994,0.43264794,1.3222418699999998,0.8766318,0.56501763,0.28743024,0.208,0.199,0.157,0.153,0.143,0.139,0.137,0.139,0.156,0.161,0.17,0.171,0.164,0.168,0.169,0.178,0.186,0.185,0.198,0.198,0.202,0.199,0.205,0.205,0.2,0.178,0.161,0.164,0.171,0.165,0.162,0.172,0.193,0.224,0.253,0.258,0.265,0.259,0.246,0.25,0.264,0.271,0.269,0.283,0.284,0.277,0.279,0.275,"[[1], [2, 3, 4]]"
0.18457959000000002,0.21523983,0.20236328999999997,0.19349997,0.18784151999999998,0.18219258,0.17425172999999997,0.17644854,0.18114647999999997,0.17766581999999997,0.1878225,0.2028483,0.19152188999999997,0.20902980000000002,0.24499662,0.19701866999999998,0.17985312,0.17585892,0.22698468,0.29062560000000004,0.26223825,0.22299998999999998,0.20404656,0.19496450999999998,0.17516468999999998,0.17310102,0.17362406999999996,0.17547852,0.1651887,0.16516017,0.16523624999999997,0.17661021000000002,0.21139778999999997,0.22191585,0.25498212000000003,0.24822050999999995,0.23230077,0.22694663999999998,0.21979511999999998,0.24485397000000003,0.25540056,0.27330788999999994,0.43264794,1.3222418699999998,0.8766318,0.56501763,0.28743024,0.22897227,0.199,0.157,0.153,0.143,0.139,0.137,0.139,0.156,0.161,0.17,0.171,0.164,0.168,0.169,0.178,0.186,0.185,0.198,0.198,0.202,0.199,0.205,0.205,0.2,0.178,0.161,0.164,0.171,0.165,0.162,0.172,0.193,0.224,0.253,0.258,0.265,0.259,0.246,0.25,0.264,0.271,0.269,0.283,0.284,0.277,0.279,0.275,0.265,"[[1], [2, 3, 4]]"
0.21523983,0.20236328999999997,0.19349997,0.18784151999999998,0.18219258,0.17425172999999997,0.17644854,0.18114647999999997,0.17766581999999997,0.1878225,0.2028483,0.19152188999999997,0.20902980000000002,0.24499662,0.19701866999999998,0.17985312,0.17585892,0.22698468,0.29062560000000004,0.26223825,0.22299998999999998,0.20404656,0.19496450999999998,0.17516468999999998,0.17310102,0.17362406999999996,0.17547852,0.1651887,0.16516017,0.16523624999999997,0.17661021000000002,0.21139778999999997,0.22191585,0.25498212000000003,0.24822050999999995,0.23230077,0.22694663999999998,0.21979511999999998,0.24485397000000003,0.25540056,0.27330788999999994,0.43264794,1.3222418699999998,0.8766318,0.56501763,0.28743024,0.22897227,0.20278173,0.157,0.153,0.143,0.139,0.137,0.139,0.156,0.161,0.17,0.171,0.164,0.168,0.169,0.178,0.186,0.185,0.198,0.198,0.202,0.199,0.205,0.205,0.2,0.178,0.161,0.164,0.171,0.165,0.162,0.172,0.193,0.224,0.253,0.258,0.265,0.259,0.246,0.25,0.264,0.271,0.269,0.283,0.284,0.277,0.279,0.275,0.265,0.266,"[[1], [2, 3, 4]]"
0.20236328999999997,0.19349997,0.18784151999999998,0.18219258,0.17425172999999997,0.17644854,0.18114647999999997,0.17766581999999997,0.1878225,0.2028483,0.19152188999999997,0.20902980000000002,0.24499662,0.19701866999999998,0.17985312,0.17585892,0.22698468,0.29062560000000004,0.26223825,0.22299998999999998,0.20404656,0.19496450999999998,0.17516468999999998,0.17310102,0.17362406999999996,0.17547852,0.1651887,0.16516017,0.16523624999999997,0.17661021000000002,0.21139778999999997,0.22191585,0.25498212000000003,0.24822050999999995,0.23230077,0.22694663999999998,0.21979511999999998,0.24485397000000003,0.25540056,0.27330788999999994,0.43264794,1.3222418699999998,0.8766318,0.56501763,0.28743024,0.22897227,0.20278173,0.19675238999999997,0.153,0.143,0.139,0.137,0.139,0.156,0.161,0.17,0.171,0.164,0.168,0.169,0.178,0.186,0.185,0.198,0.198,0.202,0.199,0.205,0.205,0.2,0.178,0.161,0.164,0.171,0.165,0.162,0.172,0.193,0.224,0.253,0.258,0.265,0.259,0.246,0.25,0.264,0.271,0.269,0.283,0.284,0.277,0.279,0.275,0.265,0.266,0.258,"[[1], [2, 3, 4]]"
0.19349997,0.18784151999999998,0.18219258,0.17425172999999997,0.17644854,0.18114647999999997,0.17766581999999997,0.1878225,0.2028483,0.19152188999999997,0.20902980000000002,0.24499662,0.19701866999999998,0.17985312,0.17585892,0.22698468,0.29062560000000004,0.26223825,0.22299998999999998,0.20404656,0.19496450999999998,0.17516468999999998,0.17310102,0.17362406999999996,0.17547852,0.1651887,0.16516017,0.16523624999999997,0.17661021000000002,0.21139778999999997,0.22191585,0.25498212000000003,0.24822050999999995,0.23230077,0.22694663999999998,0.21979511999999998,0.24485397000000003,0.25540056,0.27330788999999994,0.43264794,1.3222418699999998,0.8766318,0.56501763,0.28743024,0.22897227,0.20278173,0.19675238999999997,0.1924824,0.143,0.139,0.137,0.139,0.156,0.161,0.17,0.171,0.164,0.168,0.169,0.178,0.186,0.185,0.198,0.198,0.202,0.199,0.205,0.205,0.2,0.178,0.161,0.164,0.171,0.165,0.162,0.172,0.193,0.224,0.253,0.258,0.265,0.259,0.246,0.25,0.264,0.271,0.269,0.283,0.284,0.277,0.279,0.275,0.265,0.266,0.258,0.252,"[[1], [2, 3, 4]]"
0.18784151999999998,0.18219258,0.17425172999999997,0.17644854,0.18114647999999997,0.17766581999999997,0.1878225,0.2028483,0.19152188999999997,0.20902980000000002,0.24499662,0.19701866999999998,0.17985312,0.17585892,0.22698468,0.29062560000000004,0.26223825,0.22299998999999998,0.20404656,0.19496450999999998,0.17516468999999998,0.17310102,0.17362406999999996,0.17547852,0.1651887,0.16516017,0.16523624999999997,0.17661021000000002,0.21139778999999997,0.22191585,0.25498212000000003,0.24822050999999995,0.23230077,0.22694663999999998,0.21979511999999998,0.24485397000000003,0.25540056,0.27330788999999994,0.43264794,1.3222418699999998,0.8766318,0.56501763,0.28743024,0.22897227,0.20278173,0.19675238999999997,0.1924824,0.18997176,0.139,0.137,0.139,0.156,0.161,0.17,0.171,0.164,0.168,0.169,0.178,0.186,0.185,0.198,0.198,0.202,0.199,0.205,0.205,0.2,0.178,0.161,0.164,0.171,0.165,0.162,0.172,0.193,0.224,0.253,0.258,0.265,0.259,0.246,0.25,0.264,0.271,0.269,0.283,0.284,0.277,0.279,0.275,0.265,0.266,0.258,0.252,0.244,"[[1], [2, 3, 4]]"
0.18219258,0.17425172999999997,0.17644854,0.18114647999999997,0.17766581999999997,0.1878225,0.2028483,0.19152188999999997,0.20902980000000002,0.24499662,0.19701866999999998,0.17985312,0.17585892,0.22698468,0.29062560000000004,0.26223825,0.22299998999999998,0.20404656,0.19496450999999998,0.17516468999999998,0.17310102,0.17362406999999996,0.17547852,0.1651887,0.16516017,0.16523624999999997,0.17661021000000002,0.21139778999999997,0.22191585,0.25498212000000003,0.24822050999999995,0.23230077,0.22694663999999998,0.21979511999999998,0.24485397000000003,0.25540056,0.27330788999999994,0.43264794,1.3222418699999998,0.8766318,0.56501763,0.28743024,0.22897227,0.20278173,0.19675238999999997,0.1924824,0.18997176,0.18257297999999997,0.137,0.139,0.156,0.161,0.17,0.171,0.164,0.168,0.169,0.178,0.186,0.185,0.198,0.198,0.202,0.199,0.205,0.205,0.2,0.178,0.161,0.164,0.171,0.165,0.162,0.172,0.193,0.224,0.253,0.258,0.265,0.259,0.246,0.25,0.264,0.271,0.269,0.283,0.284,0.277,0.279,0.275,0.265,0.266,0.258,0.252,0.244,0.248,"[[1], [2, 3, 4]]"
0.17425172999999997,0.17644854,0.18114647999999997,0.17766581999999997,0.1878225,0.2028483,0.19152188999999997,0.20902980000000002,0.24499662,0.19701866999999998,0.17985312,0.17585892,0.22698468,0.29062560000000004,0.26223825,0.22299998999999998,0.20404656,0.19496450999999998,0.17516468999999998,0.17310102,0.17362406999999996,0.17547852,0.1651887,0.16516017,0.16523624999999997,0.17661021000000002,0.21139778999999997,0.22191585,0.25498212000000003,0.24822050999999995,0.23230077,0.22694663999999998,0.21979511999999998,0.24485397000000003,0.25540056,0.27330788999999994,0.43264794,1.3222418699999998,0.8766318,0.56501763,0.28743024,0.22897227,0.20278173,0.19675238999999997,0.1924824,0.18997176,0.18257297999999997,0.18002430000000003,0.139,0.156,0.161,0.17,0.171,0.164,0.168,0.169,0.178,0.186,0.185,0.198,0.198,0.202,0.199,0.205,0.205,0.2,0.178,0.161,0.164,0.171,0.165,0.162,0.172,0.193,0.224,0.253,0.258,0.265,0.259,0.246,0.25,0.264,0.271,0.269,0.283,0.284,0.277,0.279,0.275,0.265,0.266,0.258,0.252,0.244,0.248,0.246,"[[1], [2, 3, 4]]"
0.17644854,0.18114647999999997,0.17766581999999997,0.1878225,0.2028483,0.19152188999999997,0.20902980000000002,0.24499662,0.19701866999999998,0.17985312,0.17585892,0.22698468,0.29062560000000004,0.26223825,0.22299998999999998,0.20404656,0.19496450999999998,0.17516468999999998,0.17310102,0.17362406999999996,0.17547852,0.1651887,0.16516017,0.16523624999999997,0.17661021000000002,0.21139778999999997,0.22191585,0.25498212000000003,0.24822050999999995,0.23230077,0.22694663999999998,0.21979511999999998,0.24485397000000003,0.25540056,0.27330788999999994,0.43264794,1.3222418699999998,0.8766318,0.56501763,0.28743024,0.22897227,0.20278173,0.19675238999999997,0.1924824,0.18997176,0.18257297999999997,0.18002430000000003,0.18233523,0.156,0.161,0.17,0.171,0.164,0.168,0.169,0.178,0.186,0.185,0.198,0.198,0.202,0.199,0.205,0.205,0.2,0.178,0.161,0.164,0.171,0.165,0.162,0.172,0.193,0.224,0.253,0.258,0.265,0.259,0.246,0.25,0.264,0.271,0.269,0.283,0.284,0.277,0.279,0.275,0.265,0.266,0.258,0.252,0.244,0.248,0.246,0.251,"[[1], [2, 3, 4]]"
0.18114647999999997,0.17766581999999997,0.1878225,0.2028483,0.19152188999999997,0.20902980000000002,0.24499662,0.19701866999999998,0.17985312,0.17585892,0.22698468,0.29062560000000004,0.26223825,0.22299998999999998,0.20404656,0.19496450999999998,0.17516468999999998,0.17310102,0.17362406999999996,0.17547852,0.1651887,0.16516017,0.16523624999999997,0.17661021000000002,0.21139778999999997,0.22191585,0.25498212000000003,0.24822050999999995,0.23230077,0.22694663999999998,0.21979511999999998,0.24485397000000003,0.25540056,0.27330788999999994,0.43264794,1.3222418699999998,0.8766318,0.56501763,0.28743024,0.22897227,0.20278173,0.19675238999999997,0.1924824,0.18997176,0.18257297999999997,0.18002430000000003,0.18233523,0.20938166999999996,0.161,0.17,0.171,0.164,0.168,0.169,0.178,0.186,0.185,0.198,0.198,0.202,0.199,0.205,0.205,0.2,0.178,0.161,0.164,0.171,0.165,0.162,0.172,0.193,0.224,0.253,0.258,0.265,0.259,0.246,0.25,0.264,0.271,0.269,0.283,0.284,0.277,0.279,0.275,0.265,0.266,0.258,0.252,0.244,0.248,0.246,0.251,0.258,"[[1], [2, 3, 4]]"
0.17766581999999997,0.1878225,0.2028483,0.19152188999999997,0.20902980000000002,0.24499662,0.19701866999999998,0.17985312,0.17585892,0.22698468,0.29062560000000004,0.26223825,0.22299998999999998,0.20404656,0.19496450999999998,0.17516468999999998,0.17310102,0.17362406999999996,0.17547852,0.1651887,0.16516017,0.16523624999999997,0.17661021000000002,0.21139778999999997,0.22191585,0.25498212000000003,0.24822050999999995,0.23230077,0.22694663999999998,0.21979511999999998,0.24485397000000003,0.25540056,0.27330788999999994,0.43264794,1.3222418699999998,0.8766318,0.56501763,0.28743024,0.22897227,0.20278173,0.19675238999999997,0.1924824,0.18997176,0.18257297999999997,0.18002430000000003,0.18233523,0.20938166999999996,0.2515395,0.17,0.171,0.164,0.168,0.169,0.178,0.186,0.185,0.198,0.198,0.202,0.199,0.205,0.205,0.2,0.178,0.161,0.164,0.171,0.165,0.162,0.172,0.193,0.224,0.253,0.258,0.265,0.259,0.246,0.25,0.264,0.271,0.269,0.283,0.284,0.277,0.279,0.275,0.265,0.266,0.258,0.252,0.244,0.248,0.246,0.251,0.258,0.266,"[[1], [2, 3, 4]]"
0.1878225,0.2028483,0.19152188999999997,0.20902980000000002,0.24499662,0.19701866999999998,0.17985312,0.17585892,0.22698468,0.29062560000000004,0.26223825,0.22299998999999998,0.20404656,0.19496450999999998,0.17516468999999998,0.17310102,0.17362406999999996,0.17547852,0.1651887,0.16516017,0.16523624999999997,0.17661021000000002,0.21139778999999997,0.22191585,0.25498212000000003,0.24822050999999995,0.23230077,0.22694663999999998,0.21979511999999998,0.24485397000000003,0.25540056,0.27330788999999994,0.43264794,1.3222418699999998,0.8766318,0.56501763,0.28743024,0.22897227,0.20278173,0.19675238999999997,0.1924824,0.18997176,0.18257297999999997,0.18002430000000003,0.18233523,0.20938166999999996,0.2515395,0.27841475999999993,0.171,0.164,0.168,0.169,0.178,0.186,0.185,0.198,0.198,0.202,0.199,0.205,0.205,0.2,0.178,0.161,0.164,0.171,0.165,0.162,0.172,0.193,0.224,0.253,0.258,0.265,0.259,0.246,0.25,0.264,0.271,0.269,0.283,0.284,0.277,0.279,0.275,0.265,0.266,0.258,0.252,0.244,0.248,0.246,0.251,0.258,0.266,0.265,"[[1], [2, 3, 4]]"
0.2028483,0.19152188999999997,0.20902980000000002,0.24499662,0.19701866999999998,0.17985312,0.17585892,0.22698468,0.29062560000000004,0.26223825,0.22299998999999998,0.20404656,0.19496450999999998,0.17516468999999998,0.17310102,0.17362406999999996,0.17547852,0.1651887,0.16516017,0.16523624999999997,0.17661021000000002,0.21139778999999997,0.22191585,0.25498212000000003,0.24822050999999995,0.23230077,0.22694663999999998,0.21979511999999998,0.24485397000000003,0.25540056,0.27330788999999994,0.43264794,1.3222418699999998,0.8766318,0.56501763,0.28743024,0.22897227,0.20278173,0.19675238999999997,0.1924824,0.18997176,0.18257297999999997,0.18002430000000003,0.18233523,0.20938166999999996,0.2515395,0.27841475999999993,0.2879628,0.164,0.168,0.169,0.178,0.186,0.185,0.198,0.198,0.202,0.199,0.205,0.205,0.2,0.178,0.161,0.164,0.171,0.165,0.162,0.172,0.193,0.224,0.253,0.258,0.265,0.259,0.246,0.25,0.264,0.271,0.269,0.283,0.284,0.277,0.279,0.275,0.265,0.266,0.258,0.252,0.244,0.248,0.246,0.251,0.258,0.266,0.265,0.258,"[[1], [2, 3, 4]]"
0.19152188999999997,0.20902980000000002,0.24499662,0.19701866999999998,0.17985312,0.17585892,0.22698468,0.29062560000000004,0.26223825,0.22299998999999998,0.20404656,0.19496450999999998,0.17516468999999998,0.17310102,0.17362406999999996,0.17547852,0.1651887,0.16516017,0.16523624999999997,0.17661021000000002,0.21139778999999997,0.22191585,0.25498212000000003,0.24822050999999995,0.23230077,0.22694663999999998,0.21979511999999998,0.24485397000000003,0.25540056,0.27330788999999994,0.43264794,1.3222418699999998,0.8766318,0.56501763,0.28743024,0.22897227,0.20278173,0.19675238999999997,0.1924824,0.18997176,0.18257297999999997,0.18002430000000003,0.18233523,0.20938166999999996,0.2515395,0.27841475999999993,0.2879628,0.27479145,0.168,0.169,0.178,0.186,0.185,0.198,0.198,0.202,0.199,0.205,0.205,0.2,0.178,0.161,0.164,0.171,0.165,0.162,0.172,0.193,0.224,0.253,0.258,0.265,0.259,0.246,0.25,0.264,0.271,0.269,0.283,0.284,0.277,0.279,0.275,0.265,0.266,0.258,0.252,0.244,0.248,0.246,0.251,0.258,0.266,0.265,0.258,0.245,"[[1], [2, 3, 4]]"
0.20902980000000002,0.24499662,0.19701866999999998,0.17985312,0.17585892,0.22698468,0.29062560000000004,0.26223825,0.22299998999999998,0.20404656,0.19496450999999998,0.17516468999999998,0.17310102,0.17362406999999996,0.17547852,0.1651887,0.16516017,0.16523624999999997,0.17661021000000002,0.21139778999999997,0.22191585,0.25498212000000003,0.24822050999999995,0.23230077,0.22694663999999998,0.21979511999999998,0.24485397000000003,0.25540056,0.27330788999999994,0.43264794,1.3222418699999998,0.8766318,0.56501763,0.28743024,0.22897227,0.20278173,0.19675238999999997,0.1924824,0.18997176,0.18257297999999997,0.18002430000000003,0.18233523,0.20938166999999996,0.2515395,0.27841475999999993,0.2879628,0.27479145,0.24911445000000002,0.169,0.178,0.186,0.185,0.198,0.198,0.202,0.199,0.205,0.205,0.2,0.178,0.161,0.164,0.171,0.165,0.162,0.172,0.193,0.224,0.253,0.258,0.265,0.259,0.246,0.25,0.264,0.271,0.269,0.283,0.284,0.277,0.279,0.275,0.265,0.266,0.258,0.252,0.244,0.248,0.246,0.251,0.258,0.266,0.265,0.258,0.245,0.241,"[[1], [2, 3, 4]]"
0.24499662,0.19701866999999998,0.17985312,0.17585892,0.22698468,0.29062560000000004,0.26223825,0.22299998999999998,0.20404656,0.19496450999999998,0.17516468999999998,0.17310102,0.17362406999999996,0.17547852,0.1651887,0.16516017,0.16523624999999997,0.17661021000000002,0.21139778999999997,0.22191585,0.25498212000000003,0.24822050999999995,0.23230077,0.22694663999999998,0.21979511999999998,0.24485397000000003,0.25540056,0.27330788999999994,0.43264794,1.3222418699999998,0.8766318,0.56501763,0.28743024,0.22897227,0.20278173,0.19675238999999997,0.1924824,0.18997176,0.18257297999999997,0.18002430000000003,0.18233523,0.20938166999999996,0.2515395,0.27841475999999993,0.2879628,0.27479145,0.24911445000000002,0.23027514,0.178,0.186,0.185,0.198,0.198,0.202,0.199,0.205,0.205,0.2,0.178,0.161,0.164,0.171,0.165,0.162,0.172,0.193,0.224,0.253,0.258,0.265,0.259,0.246,0.25,0.264,0.271,0.269,0.283,0.284,0.277,0.279,0.275,0.265,0.266,0.258,0.252,0.244,0.248,0.246,0.251,0.258,0.266,0.265,0.258,0.245,0.241,0.235,"[[1], [2, 3, 4]]"
0.19701866999999998,0.17985312,0.17585892,0.22698468,0.29062560000000004,0.26223825,0.22299998999999998,0.20404656,0.19496450999999998,0.17516468999999998,0.17310102,0.17362406999999996,0.17547852,0.1651887,0.16516017,0.16523624999999997,0.17661021000000002,0.21139778999999997,0.22191585,0.25498212000000003,0.24822050999999995,0.23230077,0.22694663999999998,0.21979511999999998,0.24485397000000003,0.25540056,0.27330788999999994,0.43264794,1.3222418699999998,0.8766318,0.56501763,0.28743024,0.22897227,0.20278173,0.19675238999999997,0.1924824,0.18997176,0.18257297999999997,0.18002430000000003,0.18233523,0.20938166999999996,0.2515395,0.27841475999999993,0.2879628,0.27479145,0.24911445000000002,0.23027514,0.22404608999999998,0.186,0.185,0.198,0.198,0.202,0.199,0.205,0.205,0.2,0.178,0.161,0.164,0.171,0.165,0.162,0.172,0.193,0.224,0.253,0.258,0.265,0.259,0.246,0.25,0.264,0.271,0.269,0.283,0.284,0.277,0.279,0.275,0.265,0.266,0.258,0.252,0.244,0.248,0.246,0.251,0.258,0.266,0.265,0.258,0.245,0.241,0.235,0.231,"[[1], [2, 3, 4]]"
0.17985312,0.17585892,0.22698468,0.29062560000000004,0.26223825,0.22299998999999998,0.20404656,0.19496450999999998,0.17516468999999998,0.17310102,0.17362406999999996,0.17547852,0.1651887,0.16516017,0.16523624999999997,0.17661021000000002,0.21139778999999997,0.22191585,0.25498212000000003,0.24822050999999995,0.23230077,0.22694663999999998,0.21979511999999998,0.24485397000000003,0.25540056,0.27330788999999994,0.43264794,1.3222418699999998,0.8766318,0.56501763,0.28743024,0.22897227,0.20278173,0.19675238999999997,0.1924824,0.18997176,0.18257297999999997,0.18002430000000003,0.18233523,0.20938166999999996,0.2515395,0.27841475999999993,0.2879628,0.27479145,0.24911445000000002,0.23027514,0.22404608999999998,0.21659975999999997,0.185,0.198,0.198,0.202,0.199,0.205,0.205,0.2,0.178,0.161,0.164,0.171,0.165,0.162,0.172,0.193,0.224,0.253,0.258,0.265,0.259,0.246,0.25,0.264,0.271,0.269,0.283,0.284,0.277,0.279,0.275,0.265,0.266,0.258,0.252,0.244,0.248,0.246,0.251,0.258,0.266,0.265,0.258,0.245,0.241,0.235,0.231,0.232,"[[1], [2, 3, 4]]"
0.17585892,0.22698468,0.29062560000000004,0.26223825,0.22299998999999998,0.20404656,0.19496450999999998,0.17516468999999998,0.17310102,0.17362406999999996,0.17547852,0.1651887,0.16516017,0.16523624999999997,0.17661021000000002,0.21139778999999997,0.22191585,0.25498212000000003,0.24822050999999995,0.23230077,0.22694663999999998,0.21979511999999998,0.24485397000000003,0.25540056,0.27330788999999994,0.43264794,1.3222418699999998,0.8766318,0.56501763,0.28743024,0.22897227,0.20278173,0.19675238999999997,0.1924824,0.18997176,0.18257297999999997,0.18002430000000003,0.18233523,0.20938166999999996,0.2515395,0.27841475999999993,0.2879628,0.27479145,0.24911445000000002,0.23027514,0.22404608999999998,0.21659975999999997,0.22400805,0.198,0.198,0.202,0.199,0.205,0.205,0.2,0.178,0.161,0.164,0.171,0.165,0.162,0.172,0.193,0.224,0.253,0.258,0.265,0.259,0.246,0.25,0.264,0.271,0.269,0.283,0.284,0.277,0.279,0.275,0.265,0.266,0.258,0.252,0.244,0.248,0.246,0.251,0.258,0.266,0.265,0.258,0.245,0.241,0.235,0.231,0.232,0.238,"[[1], [2, 3, 4]]"
0.22698468,0.29062560000000004,0.26223825,0.22299998999999998,0.20404656,0.19496450999999998,0.17516468999999998,0.17310102,0.17362406999999996,0.17547852,0.1651887,0.16516017,0.16523624999999997,0.17661021000000002,0.21139778999999997,0.22191585,0.25498212000000003,0.24822050999999995,0.23230077,0.22694663999999998,0.21979511999999998,0.24485397000000003,0.25540056,0.27330788999999994,0.43264794,1.3222418699999998,0.8766318,0.56501763,0.28743024,0.22897227,0.20278173,0.19675238999999997,0.1924824,0.18997176,0.18257297999999997,0.18002430000000003,0.18233523,0.20938166999999996,0.2515395,0.27841475999999993,0.2879628,0.27479145,0.24911445000000002,0.23027514,0.22404608999999998,0.21659975999999997,0.22400805,0.22889618999999997,0.198,0.202,0.199,0.205,0.205,0.2,0.178,0.161,0.164,0.171,0.165,0.162,0.172,0.193,0.224,0.253,0.258,0.265,0.259,0.246,0.25,0.264,0.271,0.269,0.283,0.284,0.277,0.279,0.275,0.265,0.266,0.258,0.252,0.244,0.248,0.246,0.251,0.258,0.266,0.265,0.258,0.245,0.241,0.235,0.231,0.232,0.238,0.247,"[[1], [2, 3, 4]]"
0.29062560000000004,0.26223825,0.22299998999999998,0.20404656,0.19496450999999998,0.17516468999999998,0.17310102,0.17362406999999996,0.17547852,0.1651887,0.16516017,0.16523624999999997,0.17661021000000002,0.21139778999999997,0.22191585,0.25498212000000003,0.24822050999999995,0.23230077,0.22694663999999998,0.21979511999999998,0.24485397000000003,0.25540056,0.27330788999999994,0.43264794,1.3222418699999998,0.8766318,0.56501763,0.28743024,0.22897227,0.20278173,0.19675238999999997,0.1924824,0.18997176,0.18257297999999997,0.18002430000000003,0.18233523,0.20938166999999996,0.2515395,0.27841475999999993,0.2879628,0.27479145,0.24911445000000002,0.23027514,0.22404608999999998,0.21659975999999997,0.22400805,0.22889618999999997,0.26554773000000004,0.202,0.199,0.205,0.205,0.2,0.178,0.161,0.164,0.171,0.165,0.162,0.172,0.193,0.224,0.253,0.258,0.265,0.259,0.246,0.25,0.264,0.271,0.269,0.283,0.284,0.277,0.279,0.275,0.265,0.266,0.258,0.252,0.244,0.248,0.246,0.251,0.258,0.266,0.265,0.258,0.245,0.241,0.235,0.231,0.232,0.238,0.247,0.238,"[[1], [2, 3, 4]]"
0.26223825,0.22299998999999998,0.20404656,0.19496450999999998,0.17516468999999998,0.17310102,0.17362406999999996,0.17547852,0.1651887,0.16516017,0.16523624999999997,0.17661021000000002,0.21139778999999997,0.22191585,0.25498212000000003,0.24822050999999995,0.23230077,0.22694663999999998,0.21979511999999998,0.24485397000000003,0.25540056,0.27330788999999994,0.43264794,1.3222418699999998,0.8766318,0.56501763,0.28743024,0.22897227,0.20278173,0.19675238999999997,0.1924824,0.18997176,0.18257297999999997,0.18002430000000003,0.18233523,0.20938166999999996,0.2515395,0.27841475999999993,0.2879628,0.27479145,0.24911445000000002,0.23027514,0.22404608999999998,0.21659975999999997,0.22400805,0.22889618999999997,0.26554773000000004,0.27131079,0.199,0.205,0.205,0.2,0.178,0.161,0.164,0.171,0.165,0.162,0.172,0.193,0.224,0.253,0.258,0.265,0.259,0.246,0.25,0.264,0.271,0.269,0.283,0.284,0.277,0.279,0.275,0.265,0.266,0.258,0.252,0.244,0.248,0.246,0.251,0.258,0.266,0.265,0.258,0.245,0.241,0.235,0.231,0.232,0.238,0.247,0.238,0.234,"[[1], [2, 3, 4]]"
0.22299998999999998,0.20404656,0.19496450999999998,0.17516468999999998,0.17310102,0.17362406999999996,0.17547852,0.1651887,0.16516017,0.16523624999999997,0.17661021000000002,0.21139778999999997,0.22191585,0.25498212000000003,0.24822050999999995,0.23230077,0.22694663999999998,0.21979511999999998,0.24485397000000003,0.25540056,0.27330788999999994,0.43264794,1.3222418699999998,0.8766318,0.56501763,0.28743024,0.22897227,0.20278173,0.19675238999999997,0.1924824,0.18997176,0.18257297999999997,0.18002430000000003,0.18233523,0.20938166999999996,0.2515395,0.27841475999999993,0.2879628,0.27479145,0.24911445000000002,0.23027514,0.22404608999999998,0.21659975999999997,0.22400805,0.22889618999999997,0.26554773000000004,0.27131079,0.24369374999999996,0.205,0.205,0.2,0.178,0.161,0.164,0.171,0.165,0.162,0.172,0.193,0.224,0.253,0.258,0.265,0.259,0.246,0.25,0.264,0.271,0.269,0.283,0.284,0.277,0.279,0.275,0.265,0.266,0.258,0.252,0.244,0.248,0.246,0.251,0.258,0.266,0.265,0.258,0.245,0.241,0.235,0.231,0.232,0.238,0.247,0.238,0.234,0.233,"[[1], [2, 3, 4]]"
0.20404656,0.19496450999999998,0.17516468999999998,0.17310102,0.17362406999999996,0.17547852,0.1651887,0.16516017,0.16523624999999997,0.17661021000000002,0.21139778999999997,0.22191585,0.25498212000000003,0.24822050999999995,0.23230077,0.22694663999999998,0.21979511999999998,0.24485397000000003,0.25540056,0.27330788999999994,0.43264794,1.3222418699999998,0.8766318,0.56501763,0.28743024,0.22897227,0.20278173,0.19675238999999997,0.1924824,0.18997176,0.18257297999999997,0.18002430000000003,0.18233523,0.20938166999999996,0.2515395,0.27841475999999993,0.2879628,0.27479145,0.24911445000000002,0.23027514,0.22404608999999998,0.21659975999999997,0.22400805,0.22889618999999997,0.26554773000000004,0.27131079,0.24369374999999996,0.2276694,0.205,0.2,0.178,0.161,0.164,0.171,0.165,0.162,0.172,0.193,0.224,0.253,0.258,0.265,0.259,0.246,0.25,0.264,0.271,0.269,0.283,0.284,0.277,0.279,0.275,0.265,0.266,0.258,0.252,0.244,0.248,0.246,0.251,0.258,0.266,0.265,0.258,0.245,0.241,0.235,0.231,0.232,0.238,0.247,0.238,0.234,0.233,0.231,"[[1], [2, 3, 4]]"
0.19496450999999998,0.17516468999999998,0.17310102,0.17362406999999996,0.17547852,0.1651887,0.16516017,0.16523624999999997,0.17661021000000002,0.21139778999999997,0.22191585,0.25498212000000003,0.24822050999999995,0.23230077,0.22694663999999998,0.21979511999999998,0.24485397000000003,0.25540056,0.27330788999999994,0.43264794,1.3222418699999998,0.8766318,0.56501763,0.28743024,0.22897227,0.20278173,0.19675238999999997,0.1924824,0.18997176,0.18257297999999997,0.18002430000000003,0.18233523,0.20938166999999996,0.2515395,0.27841475999999993,0.2879628,0.27479145,0.24911445000000002,0.23027514,0.22404608999999998,0.21659975999999997,0.22400805,0.22889618999999997,0.26554773000000004,0.27131079,0.24369374999999996,0.2276694,0.21242487000000002,0.2,0.178,0.161,0.164,0.171,0.165,0.162,0.172,0.193,0.224,0.253,0.258,0.265,0.259,0.246,0.25,0.264,0.271,0.269,0.283,0.284,0.277,0.279,0.275,0.265,0.266,0.258,0.252,0.244,0.248,0.246,0.251,0.258,0.266,0.265,0.258,0.245,0.241,0.235,0.231,0.232,0.238,0.247,0.238,0.234,0.233,0.231,0.22,"[[1], [2, 3, 4]]"
0.17516468999999998,0.17310102,0.17362406999999996,0.17547852,0.1651887,0.16516017,0.16523624999999997,0.17661021000000002,0.21139778999999997,0.22191585,0.25498212000000003,0.24822050999999995,0.23230077,0.22694663999999998,0.21979511999999998,0.24485397000000003,0.25540056,0.27330788999999994,0.43264794,1.3222418699999998,0.8766318,0.56501763,0.28743024,0.22897227,0.20278173,0.19675238999999997,0.1924824,0.18997176,0.18257297999999997,0.18002430000000003,0.18233523,0.20938166999999996,0.2515395,0.27841475999999993,0.2879628,0.27479145,0.24911445000000002,0.23027514,0.22404608999999998,0.21659975999999997,0.22400805,0.22889618999999997,0.26554773000000004,0.27131079,0.24369374999999996,0.2276694,0.21242487000000002,0.20304800999999997,0.178,0.161,0.164,0.171,0.165,0.162,0.172,0.193,0.224,0.253,0.258,0.265,0.259,0.246,0.25,0.264,0.271,0.269,0.283,0.284,0.277,0.279,0.275,0.265,0.266,0.258,0.252,0.244,0.248,0.246,0.251,0.258,0.266,0.265,0.258,0.245,0.241,0.235,0.231,0.232,0.238,0.247,0.238,0.234,0.233,0.231,0.22,0.203,"[[1], [2, 3, 4]]"
0.17310102,0.17362406999999996,0.17547852,0.1651887,0.16516017,0.16523624999999997,0.17661021000000002,0.21139778999999997,0.22191585,0.25498212000000003,0.24822050999999995,0.23230077,0.22694663999999998,0.21979511999999998,0.24485397000000003,0.25540056,0.27330788999999994,0.43264794,1.3222418699999998,0.8766318,0.56501763,0.28743024,0.22897227,0.20278173,0.19675238999999997,0.1924824,0.18997176,0.18257297999999997,0.18002430000000003,0.18233523,0.20938166999999996,0.2515395,0.27841475999999993,0.2879628,0.27479145,0.24911445000000002,0.23027514,0.22404608999999998,0.21659975999999997,0.22400805,0.22889618999999997,0.26554773000000004,0.27131079,0.24369374999999996,0.2276694,0.21242487000000002,0.20304800999999997,0.17931105000000003,0.161,0.164,0.171,0.165,0.162,0.172,0.193,0.224,0.253,0.258,0.265,0.259,0.246,0.25,0.264,0.271,0.269,0.283,0.284,0.277,0.279,0.275,0.265,0.266,0.258,0.252,0.244,0.248,0.246,0.251,0.258,0.266,0.265,0.258,0.245,0.241,0.235,0.231,0.232,0.238,0.247,0.238,0.234,0.233,0.231,0.22,0.203,0.176,"[[1], [2, 3, 4]]"
0.17362406999999996,0.17547852,0.1651887,0.16516017,0.16523624999999997,0.17661021000000002,0.21139778999999997,0.22191585,0.25498212000000003,0.24822050999999995,0.23230077,0.22694663999999998,0.21979511999999998,0.24485397000000003,0.25540056,0.27330788999999994,0.43264794,1.3222418699999998,0.8766318,0.56501763,0.28743024,0.22897227,0.20278173,0.19675238999999997,0.1924824,0.18997176,0.18257297999999997,0.18002430000000003,0.18233523,0.20938166999999996,0.2515395,0.27841475999999993,0.2879628,0.27479145,0.24911445000000002,0.23027514,0.22404608999999998,0.21659975999999997,0.22400805,0.22889618999999997,0.26554773000000004,0.27131079,0.24369374999999996,0.2276694,0.21242487000000002,0.20304800999999997,0.17931105000000003,0.19121757,0.164,0.171,0.165,0.162,0.172,0.193,0.224,0.253,0.258,0.265,0.259,0.246,0.25,0.264,0.271,0.269,0.283,0.284,0.277,0.279,0.275,0.265,0.266,0.258,0.252,0.244,0.248,0.246,0.251,0.258,0.266,0.265,0.258,0.245,0.241,0.235,0.231,0.232,0.238,0.247,0.238,0.234,0.233,0.231,0.22,0.203,0.176,0.145,"[[1], [2, 3, 4]]"
0.17547852,0.1651887,0.16516017,0.16523624999999997,0.17661021000000002,0.21139778999999997,0.22191585,0.25498212000000003,0.24822050999999995,0.23230077,0.22694663999999998,0.21979511999999998,0.24485397000000003,0.25540056,0.27330788999999994,0.43264794,1.3222418699999998,0.8766318,0.56501763,0.28743024,0.22897227,0.20278173,0.19675238999999997,0.1924824,0.18997176,0.18257297999999997,0.18002430000000003,0.18233523,0.20938166999999996,0.2515395,0.27841475999999993,0.2879628,0.27479145,0.24911445000000002,0.23027514,0.22404608999999998,0.21659975999999997,0.22400805,0.22889618999999997,0.26554773000000004,0.27131079,0.24369374999999996,0.2276694,0.21242487000000002,0.20304800999999997,0.17931105000000003,0.19121757,0.18099432,0.171,0.165,0.162,0.172,0.193,0.224,0.253,0.258,0.265,0.259,0.246,0.25,0.264,0.271,0.269,0.283,0.284,0.277,0.279,0.275,0.265,0.266,0.258,0.252,0.244,0.248,0.246,0.251,0.258,0.266,0.265,0.258,0.245,0.241,0.235,0.231,0.232,0.238,0.247,0.238,0.234,0.233,0.231,0.22,0.203,0.176,0.145,0.143,"[[1], [2, 3, 4]]"
0.1651887,0.16516017,0.16523624999999997,0.17661021000000002,0.21139778999999997,0.22191585,0.25498212000000003,0.24822050999999995,0.23230077,0.22694663999999998,0.21979511999999998,0.24485397000000003,0.25540056,0.27330788999999994,0.43264794,1.3222418699999998,0.8766318,0.56501763,0.28743024,0.22897227,0.20278173,0.19675238999999997,0.1924824,0.18997176,0.18257297999999997,0.18002430000000003,0.18233523,0.20938166999999996,0.2515395,0.27841475999999993,0.2879628,0.27479145,0.24911445000000002,0.23027514,0.22404608999999998,0.21659975999999997,0.22400805,0.22889618999999997,0.26554773000000004,0.27131079,0.24369374999999996,0.2276694,0.21242487000000002,0.20304800999999997,0.17931105000000003,0.19121757,0.18099432,0.17813181,0.165,0.162,0.172,0.193,0.224,0.253,0.258,0.265,0.259,0.246,0.25,0.264,0.271,0.269,0.283,0.284,0.277,0.279,0.275,0.265,0.266,0.258,0.252,0.244,0.248,0.246,0.251,0.258,0.266,0.265,0.258,0.245,0.241,0.235,0.231,0.232,0.238,0.247,0.238,0.234,0.233,0.231,0.22,0.203,0.176,0.145,0.143,0.135,"[[1], [2, 3, 4]]"
0.16516017,0.16523624999999997,0.17661021000000002,0.21139778999999997,0.22191585,0.25498212000000003,0.24822050999999995,0.23230077,0.22694663999999998,0.21979511999999998,0.24485397000000003,0.25540056,0.27330788999999994,0.43264794,1.3222418699999998,0.8766318,0.56501763,0.28743024,0.22897227,0.20278173,0.19675238999999997,0.1924824,0.18997176,0.18257297999999997,0.18002430000000003,0.18233523,0.20938166999999996,0.2515395,0.27841475999999993,0.2879628,0.27479145,0.24911445000000002,0.23027514,0.22404608999999998,0.21659975999999997,0.22400805,0.22889618999999997,0.26554773000000004,0.27131079,0.24369374999999996,0.2276694,0.21242487000000002,0.20304800999999997,0.17931105000000003,0.19121757,0.18099432,0.17813181,0.16028154,0.162,0.172,0.193,0.224,0.253,0.258,0.265,0.259,0.246,0.25,0.264,0.271,0.269,0.283,0.284,0.277,0.279,0.275,0.265,0.266,0.258,0.252,0.244,0.248,0.246,0.251,0.258,0.266,0.265,0.258,0.245,0.241,0.235,0.231,0.232,0.238,0.247,0.238,0.234,0.233,0.231,0.22,0.203,0.176,0.145,0.143,0.135,0.126,"[[1], [2, 3, 4]]"
0.16523624999999997,0.17661021000000002,0.21139778999999997,0.22191585,0.25498212000000003,0.24822050999999995,0.23230077,0.22694663999999998,0.21979511999999998,0.24485397000000003,0.25540056,0.27330788999999994,0.43264794,1.3222418699999998,0.8766318,0.56501763,0.28743024,0.22897227,0.20278173,0.19675238999999997,0.1924824,0.18997176,0.18257297999999997,0.18002430000000003,0.18233523,0.20938166999999996,0.2515395,0.27841475999999993,0.2879628,0.27479145,0.24911445000000002,0.23027514,0.22404608999999998,0.21659975999999997,0.22400805,0.22889618999999997,0.26554773000000004,0.27131079,0.24369374999999996,0.2276694,0.21242487000000002,0.20304800999999997,0.17931105000000003,0.19121757,0.18099432,0.17813181,0.16028154,0.15780894,0.172,0.193,0.224,0.253,0.258,0.265,0.259,0.246,0.25,0.264,0.271,0.269,0.283,0.284,0.277,0.279,0.275,0.265,0.266,0.258,0.252,0.244,0.248,0.246,0.251,0.258,0.266,0.265,0.258,0.245,0.241,0.235,0.231,0.232,0.238,0.247,0.238,0.234,0.233,0.231,0.22,0.203,0.176,0.145,0.143,0.135,0.126,0.121,"[[1], [2, 3, 4]]"
0.17661021000000002,0.21139778999999997,0.22191585,0.25498212000000003,0.24822050999999995,0.23230077,0.22694663999999998,0.21979511999999998,0.24485397000000003,0.25540056,0.27330788999999994,0.43264794,1.3222418699999998,0.8766318,0.56501763,0.28743024,0.22897227,0.20278173,0.19675238999999997,0.1924824,0.18997176,0.18257297999999997,0.18002430000000003,0.18233523,0.20938166999999996,0.2515395,0.27841475999999993,0.2879628,0.27479145,0.24911445000000002,0.23027514,0.22404608999999998,0.21659975999999997,0.22400805,0.22889618999999997,0.26554773000000004,0.27131079,0.24369374999999996,0.2276694,0.21242487000000002,0.20304800999999997,0.17931105000000003,0.19121757,0.18099432,0.17813181,0.16028154,0.15780894,0.16294434,0.193,0.224,0.253,0.258,0.265,0.259,0.246,0.25,0.264,0.271,0.269,0.283,0.284,0.277,0.279,0.275,0.265,0.266,0.258,0.252,0.244,0.248,0.246,0.251,0.258,0.266,0.265,0.258,0.245,0.241,0.235,0.231,0.232,0.238,0.247,0.238,0.234,0.233,0.231,0.22,0.203,0.176,0.145,0.143,0.135,0.126,0.121,0.123,"[[1], [2, 3, 4]]"
0.21139778999999997,0.22191585,0.25498212000000003,0.24822050999999995,0.23230077,0.22694663999999998,0.21979511999999998,0.24485397000000003,0.25540056,0.27330788999999994,0.43264794,1.3222418699999998,0.8766318,0.56501763,0.28743024,0.22897227,0.20278173,0.19675238999999997,0.1924824,0.18997176,0.18257297999999997,0.18002430000000003,0.18233523,0.20938166999999996,0.2515395,0.27841475999999993,0.2879628,0.27479145,0.24911445000000002,0.23027514,0.22404608999999998,0.21659975999999997,0.22400805,0.22889618999999997,0.26554773000000004,0.27131079,0.24369374999999996,0.2276694,0.21242487000000002,0.20304800999999997,0.17931105000000003,0.19121757,0.18099432,0.17813181,0.16028154,0.15780894,0.16294434,0.18080412,0.224,0.253,0.258,0.265,0.259,0.246,0.25,0.264,0.271,0.269,0.283,0.284,0.277,0.279,0.275,0.265,0.266,0.258,0.252,0.244,0.248,0.246,0.251,0.258,0.266,0.265,0.258,0.245,0.241,0.235,0.231,0.232,0.238,0.247,0.238,0.234,0.233,0.231,0.22,0.203,0.176,0.145,0.143,0.135,0.126,0.121,0.123,0.133,"[[1], [2, 3, 4]]"
0.22191585,0.25498212000000003,0.24822050999999995,0.23230077,0.22694663999999998,0.21979511999999998,0.24485397000000003,0.25540056,0.27330788999999994,0.43264794,1.3222418699999998,0.8766318,0.56501763,0.28743024,0.22897227,0.20278173,0.19675238999999997,0.1924824,0.18997176,0.18257297999999997,0.18002430000000003,0.18233523,0.20938166999999996,0.2515395,0.27841475999999993,0.2879628,0.27479145,0.24911445000000002,0.23027514,0.22404608999999998,0.21659975999999997,0.22400805,0.22889618999999997,0.26554773000000004,0.27131079,0.24369374999999996,0.2276694,0.21242487000000002,0.20304800999999997,0.17931105000000003,0.19121757,0.18099432,0.17813181,0.16028154,0.15780894,0.16294434,0.18080412,0.19346193,0.253,0.258,0.265,0.259,0.246,0.25,0.264,0.271,0.269,0.283,0.284,0.277,0.279,0.275,0.265,0.266,0.258,0.252,0.244,0.248,0.246,0.251,0.258,0.266,0.265,0.258,0.245,0.241,0.235,0.231,0.232,0.238,0.247,0.238,0.234,0.233,0.231,0.22,0.203,0.176,0.145,0.143,0.135,0.126,0.121,0.123,0.133,0.168,"[[1], [2, 3, 4]]"
0.25498212000000003,0.24822050999999995,0.23230077,0.22694663999999998,0.21979511999999998,0.24485397000000003,0.25540056,0.27330788999999994,0.43264794,1.3222418699999998,0.8766318,0.56501763,0.28743024,0.22897227,0.20278173,0.19675238999999997,0.1924824,0.18997176,0.18257297999999997,0.18002430000000003,0.18233523,0.20938166999999996,0.2515395,0.27841475999999993,0.2879628,0.27479145,0.24911445000000002,0.23027514,0.22404608999999998,0.21659975999999997,0.22400805,0.22889618999999997,0.26554773000000004,0.27131079,0.24369374999999996,0.2276694,0.21242487000000002,0.20304800999999997,0.17931105000000003,0.19121757,0.18099432,0.17813181,0.16028154,0.15780894,0.16294434,0.18080412,0.19346193,0.21331881,0.258,0.265,0.259,0.246,0.25,0.264,0.271,0.269,0.283,0.284,0.277,0.279,0.275,0.265,0.266,0.258,0.252,0.244,0.248,0.246,0.251,0.258,0.266,0.265,0.258,0.245,0.241,0.235,0.231,0.232,0.238,0.247,0.238,0.234,0.233,0.231,0.22,0.203,0.176,0.145,0.143,0.135,0.126,0.121,0.123,0.133,0.168,0.192,"[[1], [2, 3, 4]]"
0.24822050999999995,0.23230077,0.22694663999999998,0.21979511999999998,0.24485397000000003,0.25540056,0.27330788999999994,0.43264794,1.3222418699999998,0.8766318,0.56501763,0.28743024,0.22897227,0.20278173,0.19675238999999997,0.1924824,0.18997176,0.18257297999999997,0.18002430000000003,0.18233523,0.20938166999999996,0.2515395,0.27841475999999993,0.2879628,0.27479145,0.24911445000000002,0.23027514,0.22404608999999998,0.21659975999999997,0.22400805,0.22889618999999997,0.26554773000000004,0.27131079,0.24369374999999996,0.2276694,0.21242487000000002,0.20304800999999997,0.17931105000000003,0.19121757,0.18099432,0.17813181,0.16028154,0.15780894,0.16294434,0.18080412,0.19346193,0.21331881,0.23913846,0.265,0.259,0.246,0.25,0.264,0.271,0.269,0.283,0.284,0.277,0.279,0.275,0.265,0.266,0.258,0.252,0.244,0.248,0.246,0.251,0.258,0.266,0.265,0.258,0.245,0.241,0.235,0.231,0.232,0.238,0.247,0.238,0.234,0.233,0.231,0.22,0.203,0.176,0.145,0.143,0.135,0.126,0.121,0.123,0.133,0.168,0.192,0.19,"[[1], [2, 3, 4]]"
0.23230077,0.22694663999999998,0.21979511999999998,0.24485397000000003,0.25540056,0.27330788999999994,0.43264794,1.3222418699999998,0.8766318,0.56501763,0.28743024,0.22897227,0.20278173,0.19675238999999997,0.1924824,0.18997176,0.18257297999999997,0.18002430000000003,0.18233523,0.20938166999999996,0.2515395,0.27841475999999993,0.2879628,0.27479145,0.24911445000000002,0.23027514,0.22404608999999998,0.21659975999999997,0.22400805,0.22889618999999997,0.26554773000000004,0.27131079,0.24369374999999996,0.2276694,0.21242487000000002,0.20304800999999997,0.17931105000000003,0.19121757,0.18099432,0.17813181,0.16028154,0.15780894,0.16294434,0.18080412,0.19346193,0.21331881,0.23913846,0.22470227999999998,0.259,0.246,0.25,0.264,0.271,0.269,0.283,0.284,0.277,0.279,0.275,0.265,0.266,0.258,0.252,0.244,0.248,0.246,0.251,0.258,0.266,0.265,0.258,0.245,0.241,0.235,0.231,0.232,0.238,0.247,0.238,0.234,0.233,0.231,0.22,0.203,0.176,0.145,0.143,0.135,0.126,0.121,0.123,0.133,0.168,0.192,0.19,0.185,"[[1], [2, 3, 4]]"
0.22694663999999998,0.21979511999999998,0.24485397000000003,0.25540056,0.27330788999999994,0.43264794,1.3222418699999998,0.8766318,0.56501763,0.28743024,0.22897227,0.20278173,0.19675238999999997,0.1924824,0.18997176,0.18257297999999997,0.18002430000000003,0.18233523,0.20938166999999996,0.2515395,0.27841475999999993,0.2879628,0.27479145,0.24911445000000002,0.23027514,0.22404608999999998,0.21659975999999997,0.22400805,0.22889618999999997,0.26554773000000004,0.27131079,0.24369374999999996,0.2276694,0.21242487000000002,0.20304800999999997,0.17931105000000003,0.19121757,0.18099432,0.17813181,0.16028154,0.15780894,0.16294434,0.18080412,0.19346193,0.21331881,0.23913846,0.22470227999999998,0.20292438,0.246,0.25,0.264,0.271,0.269,0.283,0.284,0.277,0.279,0.275,0.265,0.266,0.258,0.252,0.244,0.248,0.246,0.251,0.258,0.266,0.265,0.258,0.245,0.241,0.235,0.231,0.232,0.238,0.247,0.238,0.234,0.233,0.231,0.22,0.203,0.176,0.145,0.143,0.135,0.126,0.121,0.123,0.133,0.168,0.192,0.19,0.185,0.178,"[[1], [2, 3, 4]]"
0.21979511999999998,0.24485397000000003,0.25540056,0.27330788999999994,0.43264794,1.3222418699999998,0.8766318,0.56501763,0.28743024,0.22897227,0.20278173,0.19675238999999997,0.1924824,0.18997176,0.18257297999999997,0.18002430000000003,0.18233523,0.20938166999999996,0.2515395,0.27841475999999993,0.2879628,0.27479145,0.24911445000000002,0.23027514,0.22404608999999998,0.21659975999999997,0.22400805,0.22889618999999997,0.26554773000000004,0.27131079,0.24369374999999996,0.2276694,0.21242487000000002,0.20304800999999997,0.17931105000000003,0.19121757,0.18099432,0.17813181,0.16028154,0.15780894,0.16294434,0.18080412,0.19346193,0.21331881,0.23913846,0.22470227999999998,0.20292438,0.1906755,0.25,0.264,0.271,0.269,0.283,0.284,0.277,0.279,0.275,0.265,0.266,0.258,0.252,0.244,0.248,0.246,0.251,0.258,0.266,0.265,0.258,0.245,0.241,0.235,0.231,0.232,0.238,0.247,0.238,0.234,0.233,0.231,0.22,0.203,0.176,0.145,0.143,0.135,0.126,0.121,0.123,0.133,0.168,0.192,0.19,0.185,0.178,0.169,"[[1], [2, 3, 4]]"
0.24485397000000003,0.25540056,0.27330788999999994,0.43264794,1.3222418699999998,0.8766318,0.56501763,0.28743024,0.22897227,0.20278173,0.19675238999999997,0.1924824,0.18997176,0.18257297999999997,0.18002430000000003,0.18233523,0.20938166999999996,0.2515395,0.27841475999999993,0.2879628,0.27479145,0.24911445000000002,0.23027514,0.22404608999999998,0.21659975999999997,0.22400805,0.22889618999999997,0.26554773000000004,0.27131079,0.24369374999999996,0.2276694,0.21242487000000002,0.20304800999999997,0.17931105000000003,0.19121757,0.18099432,0.17813181,0.16028154,0.15780894,0.16294434,0.18080412,0.19346193,0.21331881,0.23913846,0.22470227999999998,0.20292438,0.1906755,0.1861107,0.264,0.271,0.269,0.283,0.284,0.277,0.279,0.275,0.265,0.266,0.258,0.252,0.244,0.248,0.246,0.251,0.258,0.266,0.265,0.258,0.245,0.241,0.235,0.231,0.232,0.238,0.247,0.238,0.234,0.233,0.231,0.22,0.203,0.176,0.145,0.143,0.135,0.126,0.121,0.123,0.133,0.168,0.192,0.19,0.185,0.178,0.169,0.171,"[[1], [2, 3, 4]]"
0.25540056,0.27330788999999994,0.43264794,1.3222418699999998,0.8766318,0.56501763,0.28743024,0.22897227,0.20278173,0.19675238999999997,0.1924824,0.18997176,0.18257297999999997,0.18002430000000003,0.18233523,0.20938166999999996,0.2515395,0.27841475999999993,0.2879628,0.27479145,0.24911445000000002,0.23027514,0.22404608999999998,0.21659975999999997,0.22400805,0.22889618999999997,0.26554773000000004,0.27131079,0.24369374999999996,0.2276694,0.21242487000000002,0.20304800999999997,0.17931105000000003,0.19121757,0.18099432,0.17813181,0.16028154,0.15780894,0.16294434,0.18080412,0.19346193,0.21331881,0.23913846,0.22470227999999998,0.20292438,0.1906755,0.1861107,0.17481281999999998,0.271,0.269,0.283,0.284,0.277,0.279,0.275,0.265,0.266,0.258,0.252,0.244,0.248,0.246,0.251,0.258,0.266,0.265,0.258,0.245,0.241,0.235,0.231,0.232,0.238,0.247,0.238,0.234,0.233,0.231,0.22,0.203,0.176,0.145,0.143,0.135,0.126,0.121,0.123,0.133,0.168,0.192,0.19,0.185,0.178,0.169,0.171,0.166,"[[1], [2, 3, 4]]"
0.27330788999999994,0.43264794,1.3222418699999998,0.8766318,0.56501763,0.28743024,0.22897227,0.20278173,0.19675238999999997,0.1924824,0.18997176,0.18257297999999997,0.18002430000000003,0.18233523,0.20938166999999996,0.2515395,0.27841475999999993,0.2879628,0.27479145,0.24911445000000002,0.23027514,0.22404608999999998,0.21659975999999997,0.22400805,0.22889618999999997,0.26554773000000004,0.27131079,0.24369374999999996,0.2276694,0.21242487000000002,0.20304800999999997,0.17931105000000003,0.19121757,0.18099432,0.17813181,0.16028154,0.15780894,0.16294434,0.18080412,0.19346193,0.21331881,0.23913846,0.22470227999999998,0.20292438,0.1906755,0.1861107,0.17481281999999998,0.18393290999999998,0.269,0.283,0.284,0.277,0.279,0.275,0.265,0.266,0.258,0.252,0.244,0.248,0.246,0.251,0.258,0.266,0.265,0.258,0.245,0.241,0.235,0.231,0.232,0.238,0.247,0.238,0.234,0.233,0.231,0.22,0.203,0.176,0.145,0.143,0.135,0.126,0.121,0.123,0.133,0.168,0.192,0.19,0.185,0.178,0.169,0.171,0.166,0.176,"[[1], [2, 3, 4]]"
0.43264794,1.3222418699999998,0.8766318,0.56501763,0.28743024,0.22897227,0.20278173,0.19675238999999997,0.1924824,0.18997176,0.18257297999999997,0.18002430000000003,0.18233523,0.20938166999999996,0.2515395,0.27841475999999993,0.2879628,0.27479145,0.24911445000000002,0.23027514,0.22404608999999998,0.21659975999999997,0.22400805,0.22889618999999997,0.26554773000000004,0.27131079,0.24369374999999996,0.2276694,0.21242487000000002,0.20304800999999997,0.17931105000000003,0.19121757,0.18099432,0.17813181,0.16028154,0.15780894,0.16294434,0.18080412,0.19346193,0.21331881,0.23913846,0.22470227999999998,0.20292438,0.1906755,0.1861107,0.17481281999999998,0.18393290999999998,0.1781223,0.283,0.284,0.277,0.279,0.275,0.265,0.266,0.258,0.252,0.244,0.248,0.246,0.251,0.258,0.266,0.265,0.258,0.245,0.241,0.235,0.231,0.232,0.238,0.247,0.238,0.234,0.233,0.231,0.22,0.203,0.176,0.145,0.143,0.135,0.126,0.121,0.123,0.133,0.168,0.192,0.19,0.185,0.178,0.169,0.171,0.166,0.176,0.192,"[[1], [2, 3, 4]]"
1.3222418699999998,0.8766318,0.56501763,0.28743024,0.22897227,0.20278173,0.19675238999999997,0.1924824,0.18997176,0.18257297999999997,0.18002430000000003,0.18233523,0.20938166999999996,0.2515395,0.27841475999999993,0.2879628,0.27479145,0.24911445000000002,0.23027514,0.22404608999999998,0.21659975999999997,0.22400805,0.22889618999999997,0.26554773000000004,0.27131079,0.24369374999999996,0.2276694,0.21242487000000002,0.20304800999999997,0.17931105000000003,0.19121757,0.18099432,0.17813181,0.16028154,0.15780894,0.16294434,0.18080412,0.19346193,0.21331881,0.23913846,0.22470227999999998,0.20292438,0.1906755,0.1861107,0.17481281999999998,0.18393290999999998,0.1781223,0.21515424,0.284,0.277,0.279,0.275,0.265,0.266,0.258,0.252,0.244,0.248,0.246,0.251,0.258,0.266,0.265,0.258,0.245,0.241,0.235,0.231,0.232,0.238,0.247,0.238,0.234,0.233,0.231,0.22,0.203,0.176,0.145,0.143,0.135,0.126,0.121,0.123,0.133,0.168,0.192,0.19,0.185,0.178,0.169,0.171,0.166,0.176,0.192,0.2,"[[1], [2, 3, 4]]"
0.8766318,0.56501763,0.28743024,0.22897227,0.20278173,0.19675238999999997,0.1924824,0.18997176,0.18257297999999997,0.18002430000000003,0.18233523,0.20938166999999996,0.2515395,0.27841475999999993,0.2879628,0.27479145,0.24911445000000002,0.23027514,0.22404608999999998,0.21659975999999997,0.22400805,0.22889618999999997,0.26554773000000004,0.27131079,0.24369374999999996,0.2276694,0.21242487000000002,0.20304800999999997,0.17931105000000003,0.19121757,0.18099432,0.17813181,0.16028154,0.15780894,0.16294434,0.18080412,0.19346193,0.21331881,0.23913846,0.22470227999999998,0.20292438,0.1906755,0.1861107,0.17481281999999998,0.18393290999999998,0.1781223,0.21515424,0.24517730999999998,0.277,0.279,0.275,0.265,0.266,0.258,0.252,0.244,0.248,0.246,0.251,0.258,0.266,0.265,0.258,0.245,0.241,0.235,0.231,0.232,0.238,0.247,0.238,0.234,0.233,0.231,0.22,0.203,0.176,0.145,0.143,0.135,0.126,0.121,0.123,0.133,0.168,0.192,0.19,0.185,0.178,0.169,0.171,0.166,0.176,0.192,0.2,0.188,"[[2], [1, 3, 4]]"
0.56501763,0.28743024,0.22897227,0.20278173,0.19675238999999997,0.1924824,0.18997176,0.18257297999999997,0.18002430000000003,0.18233523,0.20938166999999996,0.2515395,0.27841475999999993,0.2879628,0.27479145,0.24911445000000002,0.23027514,0.22404608999999998,0.21659975999999997,0.22400805,0.22889618999999997,0.26554773000000004,0.27131079,0.24369374999999996,0.2276694,0.21242487000000002,0.20304800999999997,0.17931105000000003,0.19121757,0.18099432,0.17813181,0.16028154,0.15780894,0.16294434,0.18080412,0.19346193,0.21331881,0.23913846,0.22470227999999998,0.20292438,0.1906755,0.1861107,0.17481281999999998,0.18393290999999998,0.1781223,0.21515424,0.24517730999999998,0.23829207,0.279,0.275,0.265,0.266,0.258,0.252,0.244,0.248,0.246,0.251,0.258,0.266,0.265,0.258,0.245,0.241,0.235,0.231,0.232,0.238,0.247,0.238,0.234,0.233,0.231,0.22,0.203,0.176,0.145,0.143,0.135,0.126,0.121,0.123,0.133,0.168,0.192,0.19,0.185,0.178,0.169,0.171,0.166,0.176,0.192,0.2,0.188,0.195,"[[2], [1, 3, 4]]"
0.28743024,0.22897227,0.20278173,0.19675238999999997,0.1924824,0.18997176,0.18257297999999997,0.18002430000000003,0.18233523,0.20938166999999996,0.2515395,0.27841475999999993,0.2879628,0.27479145,0.24911445000000002,0.23027514,0.22404608999999998,0.21659975999999997,0.22400805,0.22889618999999997,0.26554773000000004,0.27131079,0.24369374999999996,0.2276694,0.21242487000000002,0.20304800999999997,0.17931105000000003,0.19121757,0.18099432,0.17813181,0.16028154,0.15780894,0.16294434,0.18080412,0.19346193,0.21331881,0.23913846,0.22470227999999998,0.20292438,0.1906755,0.1861107,0.17481281999999998,0.18393290999999998,0.1781223,0.21515424,0.24517730999999998,0.23829207,0.22543455,0.275,0.265,0.266,0.258,0.252,0.244,0.248,0.246,0.251,0.258,0.266,0.265,0.258,0.245,0.241,0.235,0.231,0.232,0.238,0.247,0.238,0.234,0.233,0.231,0.22,0.203,0.176,0.145,0.143,0.135,0.126,0.121,0.123,0.133,0.168,0.192,0.19,0.185,0.178,0.169,0.171,0.166,0.176,0.192,0.2,0.188,0.195,0.198,"[[2], [1, 3, 4]]"
0.22897227,0.20278173,0.19675238999999997,0.1924824,0.18997176,0.18257297999999997,0.18002430000000003,0.18233523,0.20938166999999996,0.2515395,0.27841475999999993,0.2879628,0.27479145,0.24911445000000002,0.23027514,0.22404608999999998,0.21659975999999997,0.22400805,0.22889618999999997,0.26554773000000004,0.27131079,0.24369374999999996,0.2276694,0.21242487000000002,0.20304800999999997,0.17931105000000003,0.19121757,0.18099432,0.17813181,0.16028154,0.15780894,0.16294434,0.18080412,0.19346193,0.21331881,0.23913846,0.22470227999999998,0.20292438,0.1906755,0.1861107,0.17481281999999998,0.18393290999999998,0.1781223,0.21515424,0.24517730999999998,0.23829207,0.22543455,0.2005659,0.265,0.266,0.258,0.252,0.244,0.248,0.246,0.251,0.258,0.266,0.265,0.258,0.245,0.241,0.235,0.231,0.232,0.238,0.247,0.238,0.234,0.233,0.231,0.22,0.203,0.176,0.145,0.143,0.135,0.126,0.121,0.123,0.133,0.168,0.192,0.19,0.185,0.178,0.169,0.171,0.166,0.176,0.192,0.2,0.188,0.195,0.198,0.188,"[[2], [1, 3, 4]]"
0.20278173,0.19675238999999997,0.1924824,0.18997176,0.18257297999999997,0.18002430000000003,0.18233523,0.20938166999999996,0.2515395,0.27841475999999993,0.2879628,0.27479145,0.24911445000000002,0.23027514,0.22404608999999998,0.21659975999999997,0.22400805,0.22889618999999997,0.26554773000000004,0.27131079,0.24369374999999996,0.2276694,0.21242487000000002,0.20304800999999997,0.17931105000000003,0.19121757,0.18099432,0.17813181,0.16028154,0.15780894,0.16294434,0.18080412,0.19346193,0.21331881,0.23913846,0.22470227999999998,0.20292438,0.1906755,0.1861107,0.17481281999999998,0.18393290999999998,0.1781223,0.21515424,0.24517730999999998,0.23829207,0.22543455,0.2005659,0.19380429,0.266,0.258,0.252,0.244,0.248,0.246,0.251,0.258,0.266,0.265,0.258,0.245,0.241,0.235,0.231,0.232,0.238,0.247,0.238,0.234,0.233,0.231,0.22,0.203,0.176,0.145,0.143,0.135,0.126,0.121,0.123,0.133,0.168,0.192,0.19,0.185,0.178,0.169,0.171,0.166,0.176,0.192,0.2,0.188,0.195,0.198,0.188,0.166,"[[2], [1, 3, 4]]"
0.19675238999999997,0.1924824,0.18997176,0.18257297999999997,0.18002430000000003,0.18233523,0.20938166999999996,0.2515395,0.27841475999999993,0.2879628,0.27479145,0.24911445000000002,0.23027514,0.22404608999999998,0.21659975999999997,0.22400805,0.22889618999999997,0.26554773000000004,0.27131079,0.24369374999999996,0.2276694,0.21242487000000002,0.20304800999999997,0.17931105000000003,0.19121757,0.18099432,0.17813181,0.16028154,0.15780894,0.16294434,0.18080412,0.19346193,0.21331881,0.23913846,0.22470227999999998,0.20292438,0.1906755,0.1861107,0.17481281999999998,0.18393290999999998,0.1781223,0.21515424,0.24517730999999998,0.23829207,0.22543455,0.2005659,0.19380429,0.17837906999999997,0.258,0.252,0.244,0.248,0.246,0.251,0.258,0.266,0.265,0.258,0.245,0.241,0.235,0.231,0.232,0.238,0.247,0.238,0.234,0.233,0.231,0.22,0.203,0.176,0.145,0.143,0.135,0.126,0.121,0.123,0.133,0.168,0.192,0.19,0.185,0.178,0.169,0.171,0.166,0.176,0.192,0.2,0.188,0.195,0.198,0.188,0.166,0.154,"[[2], [1, 3, 4]]"
0.1924824,0.18997176,0.18257297999999997,0.18002430000000003,0.18233523,0.20938166999999996,0.2515395,0.27841475999999993,0.2879628,0.27479145,0.24911445000000002,0.23027514,0.22404608999999998,0.21659975999999997,0.22400805,0.22889618999999997,0.26554773000000004,0.27131079,0.24369374999999996,0.2276694,0.21242487000000002,0.20304800999999997,0.17931105000000003,0.19121757,0.18099432,0.17813181,0.16028154,0.15780894,0.16294434,0.18080412,0.19346193,0.21331881,0.23913846,0.22470227999999998,0.20292438,0.1906755,0.1861107,0.17481281999999998,0.18393290999999998,0.1781223,0.21515424,0.24517730999999998,0.23829207,0.22543455,0.2005659,0.19380429,0.17837906999999997,0.16250688,0.252,0.244,0.248,0.246,0.251,0.258,0.266,0.265,0.258,0.245,0.241,0.235,0.231,0.232,0.238,0.247,0.238,0.234,0.233,0.231,0.22,0.203,0.176,0.145,0.143,0.135,0.126,0.121,0.123,0.133,0.168,0.192,0.19,0.185,0.178,0.169,0.171,0.166,0.176,0.192,0.2,0.188,0.195,0.198,0.188,0.166,0.154,0.139,"[[2], [1, 3, 4]]"
0.18997176,0.18257297999999997,0.18002430000000003,0.18233523,0.20938166999999996,0.2515395,0.27841475999999993,0.2879628,0.27479145,0.24911445000000002,0.23027514,0.22404608999999998,0.21659975999999997,0.22400805,0.22889618999999997,0.26554773000000004,0.27131079,0.24369374999999996,0.2276694,0.21242487000000002,0.20304800999999997,0.17931105000000003,0.19121757,0.18099432,0.17813181,0.16028154,0.15780894,0.16294434,0.18080412,0.19346193,0.21331881,0.23913846,0.22470227999999998,0.20292438,0.1906755,0.1861107,0.17481281999999998,0.18393290999999998,0.1781223,0.21515424,0.24517730999999998,0.23829207,0.22543455,0.2005659,0.19380429,0.17837906999999997,0.16250688,0.17277768,0.244,0.248,0.246,0.251,0.258,0.266,0.265,0.258,0.245,0.241,0.235,0.231,0.232,0.238,0.247,0.238,0.234,0.233,0.231,0.22,0.203,0.176,0.145,0.143,0.135,0.126,0.121,0.123,0.133,0.168,0.192,0.19,0.185,0.178,0.169,0.171,0.166,0.176,0.192,0.2,0.188,0.195,0.198,0.188,0.166,0.154,0.139,0.141,"[[2], [1, 3, 4]]"
0.18257297999999997,0.18002430000000003,0.18233523,0.20938166999999996,0.2515395,0.27841475999999993,0.2879628,0.27479145,0.24911445000000002,0.23027514,0.22404608999999998,0.21659975999999997,0.22400805,0.22889618999999997,0.26554773000000004,0.27131079,0.24369374999999996,0.2276694,0.21242487000000002,0.20304800999999997,0.17931105000000003,0.19121757,0.18099432,0.17813181,0.16028154,0.15780894,0.16294434,0.18080412,0.19346193,0.21331881,0.23913846,0.22470227999999998,0.20292438,0.1906755,0.1861107,0.17481281999999998,0.18393290999999998,0.1781223,0.21515424,0.24517730999999998,0.23829207,0.22543455,0.2005659,0.19380429,0.17837906999999997,0.16250688,0.17277768,0.17266356,0.248,0.246,0.251,0.258,0.266,0.265,0.258,0.245,0.241,0.235,0.231,0.232,0.238,0.247,0.238,0.234,0.233,0.231,0.22,0.203,0.176,0.145,0.143,0.135,0.126,0.121,0.123,0.133,0.168,0.192,0.19,0.185,0.178,0.169,0.171,0.166,0.176,0.192,0.2,0.188,0.195,0.198,0.188,0.166,0.154,0.139,0.141,0.138,"[[2], [1, 3, 4]]"
0.18002430000000003,0.18233523,0.20938166999999996,0.2515395,0.27841475999999993,0.2879628,0.27479145,0.24911445000000002,0.23027514,0.22404608999999998,0.21659975999999997,0.22400805,0.22889618999999997,0.26554773000000004,0.27131079,0.24369374999999996,0.2276694,0.21242487000000002,0.20304800999999997,0.17931105000000003,0.19121757,0.18099432,0.17813181,0.16028154,0.15780894,0.16294434,0.18080412,0.19346193,0.21331881,0.23913846,0.22470227999999998,0.20292438,0.1906755,0.1861107,0.17481281999999998,0.18393290999999998,0.1781223,0.21515424,0.24517730999999998,0.23829207,0.22543455,0.2005659,0.19380429,0.17837906999999997,0.16250688,0.17277768,0.17266356,0.16534086,0.246,0.251,0.258,0.266,0.265,0.258,0.245,0.241,0.235,0.231,0.232,0.238,0.247,0.238,0.234,0.233,0.231,0.22,0.203,0.176,0.145,0.143,0.135,0.126,0.121,0.123,0.133,0.168,0.192,0.19,0.185,0.178,0.169,0.171,0.166,0.176,0.192,0.2,0.188,0.195,0.198,0.188,0.166,0.154,0.139,0.141,0.138,0.139,"[[2], [1, 3, 4]]"
0.18233523,0.20938166999999996,0.2515395,0.27841475999999993,0.2879628,0.27479145,0.24911445000000002,0.23027514,0.22404608999999998,0.21659975999999997,0.22400805,0.22889618999999997,0.26554773000000004,0.27131079,0.24369374999999996,0.2276694,0.21242487000000002,0.20304800999999997,0.17931105000000003,0.19121757,0.18099432,0.17813181,0.16028154,0.15780894,0.16294434,0.18080412,0.19346193,0.21331881,0.23913846,0.22470227999999998,0.20292438,0.1906755,0.1861107,0.17481281999999998,0.18393290999999998,0.1781223,0.21515424,0.24517730999999998,0.23829207,0.22543455,0.2005659,0.19380429,0.17837906999999997,0.16250688,0.17277768,0.17266356,0.16534086,0.16577832,0.251,0.258,0.266,0.265,0.258,0.245,0.241,0.235,0.231,0.232,0.238,0.247,0.238,0.234,0.233,0.231,0.22,0.203,0.176,0.145,0.143,0.135,0.126,0.121,0.123,0.133,0.168,0.192,0.19,0.185,0.178,0.169,0.171,0.166,0.176,0.192,0.2,0.188,0.195,0.198,0.188,0.166,0.154,0.139,0.141,0.138,0.139,0.144,"[[2], [1, 3, 4]]"
0.20938166999999996,0.2515395,0.27841475999999993,0.2879628,0.27479145,0.24911445000000002,0.23027514,0.22404608999999998,0.21659975999999997,0.22400805,0.22889618999999997,0.26554773000000004,0.27131079,0.24369374999999996,0.2276694,0.21242487000000002,0.20304800999999997,0.17931105000000003,0.19121757,0.18099432,0.17813181,0.16028154,0.15780894,0.16294434,0.18080412,0.19346193,0.21331881,0.23913846,0.22470227999999998,0.20292438,0.1906755,0.1861107,0.17481281999999998,0.18393290999999998,0.1781223,0.21515424,0.24517730999999998,0.23829207,0.22543455,0.2005659,0.19380429,0.17837906999999997,0.16250688,0.17277768,0.17266356,0.16534086,0.16577832,0.17705718,0.258,0.266,0.265,0.258,0.245,0.241,0.235,0.231,0.232,0.238,0.247,0.238,0.234,0.233,0.231,0.22,0.203,0.176,0.145,0.143,0.135,0.126,0.121,0.123,0.133,0.168,0.192,0.19,0.185,0.178,0.169,0.171,0.166,0.176,0.192,0.2,0.188,0.195,0.198,0.188,0.166,0.154,0.139,0.141,0.138,0.139,0.144,0.15,"[[2], [1, 3, 4]]"
0.2515395,0.27841475999999993,0.2879628,0.27479145,0.24911445000000002,0.23027514,0.22404608999999998,0.21659975999999997,0.22400805,0.22889618999999997,0.26554773000000004,0.27131079,0.24369374999999996,0.2276694,0.21242487000000002,0.20304800999999997,0.17931105000000003,0.19121757,0.18099432,0.17813181,0.16028154,0.15780894,0.16294434,0.18080412,0.19346193,0.21331881,0.23913846,0.22470227999999998,0.20292438,0.1906755,0.1861107,0.17481281999999998,0.18393290999999998,0.1781223,0.21515424,0.24517730999999998,0.23829207,0.22543455,0.2005659,0.19380429,0.17837906999999997,0.16250688,0.17277768,0.17266356,0.16534086,0.16577832,0.17705718,0.19958636999999999,0.266,0.265,0.258,0.245,0.241,0.235,0.231,0.232,0.238,0.247,0.238,0.234,0.233,0.231,0.22,0.203,0.176,0.145,0.143,0.135,0.126,0.121,0.123,0.133,0.168,0.192,0.19,0.185,0.178,0.169,0.171,0.166,0.176,0.192,0.2,0.188,0.195,0.198,0.188,0.166,0.154,0.139,0.141,0.138,0.139,0.144,0.15,0.16,"[[2], [1, 3, 4]]"
0.27841475999999993,0.2879628,0.27479145,0.24911445000000002,0.23027514,0.22404608999999998,0.21659975999999997,0.22400805,0.22889618999999997,0.26554773000000004,0.27131079,0.24369374999999996,0.2276694,0.21242487000000002,0.20304800999999997,0.17931105000000003,0.19121757,0.18099432,0.17813181,0.16028154,0.15780894,0.16294434,0.18080412,0.19346193,0.21331881,0.23913846,0.22470227999999998,0.20292438,0.1906755,0.1861107,0.17481281999999998,0.18393290999999998,0.1781223,0.21515424,0.24517730999999998,0.23829207,0.22543455,0.2005659,0.19380429,0.17837906999999997,0.16250688,0.17277768,0.17266356,0.16534086,0.16577832,0.17705718,0.19958636999999999,0.19843565999999999,0.265,0.258,0.245,0.241,0.235,0.231,0.232,0.238,0.247,0.238,0.234,0.233,0.231,0.22,0.203,0.176,0.145,0.143,0.135,0.126,0.121,0.123,0.133,0.168,0.192,0.19,0.185,0.178,0.169,0.171,0.166,0.176,0.192,0.2,0.188,0.195,0.198,0.188,0.166,0.154,0.139,0.141,0.138,0.139,0.144,0.15,0.16,0.209,"[[2], [1, 3, 4]]"
0.2879628,0.27479145,0.24911445000000002,0.23027514,0.22404608999999998,0.21659975999999997,0.22400805,0.22889618999999997,0.26554773000000004,0.27131079,0.24369374999999996,0.2276694,0.21242487000000002,0.20304800999999997,0.17931105000000003,0.19121757,0.18099432,0.17813181,0.16028154,0.15780894,0.16294434,0.18080412,0.19346193,0.21331881,0.23913846,0.22470227999999998,0.20292438,0.1906755,0.1861107,0.17481281999999998,0.18393290999999998,0.1781223,0.21515424,0.24517730999999998,0.23829207,0.22543455,0.2005659,0.19380429,0.17837906999999997,0.16250688,0.17277768,0.17266356,0.16534086,0.16577832,0.17705718,0.19958636999999999,0.19843565999999999,0.18775593,0.258,0.245,0.241,0.235,0.231,0.232,0.238,0.247,0.238,0.234,0.233,0.231,0.22,0.203,0.176,0.145,0.143,0.135,0.126,0.121,0.123,0.133,0.168,0.192,0.19,0.185,0.178,0.169,0.171,0.166,0.176,0.192,0.2,0.188,0.195,0.198,0.188,0.166,0.154,0.139,0.141,0.138,0.139,0.144,0.15,0.16,0.209,0.244,"[[2], [1, 3, 4]]"
0.27479145,0.24911445000000002,0.23027514,0.22404608999999998,0.21659975999999997,0.22400805,0.22889618999999997,0.26554773000000004,0.27131079,0.24369374999999996,0.2276694,0.21242487000000002,0.20304800999999997,0.17931105000000003,0.19121757,0.18099432,0.17813181,0.16028154,0.15780894,0.16294434,0.18080412,0.19346193,0.21331881,0.23913846,0.22470227999999998,0.20292438,0.1906755,0.1861107,0.17481281999999998,0.18393290999999998,0.1781223,0.21515424,0.24517730999999998,0.23829207,0.22543455,0.2005659,0.19380429,0.17837906999999997,0.16250688,0.17277768,0.17266356,0.16534086,0.16577832,0.17705718,0.19958636999999999,0.19843565999999999,0.18775593,0.23697969,0.245,0.241,0.235,0.231,0.232,0.238,0.247,0.238,0.234,0.233,0.231,0.22,0.203,0.176,0.145,0.143,0.135,0.126,0.121,0.123,0.133,0.168,0.192,0.19,0.185,0.178,0.169,0.171,0.166,0.176,0.192,0.2,0.188,0.195,0.198,0.188,0.166,0.154,0.139,0.141,0.138,0.139,0.144,0.15,0.16,0.209,0.244,0.241,"[[2], [1, 3, 4]]"
0.24911445000000002,0.23027514,0.22404608999999998,0.21659975999999997,0.22400805,0.22889618999999997,0.26554773000000004,0.27131079,0.24369374999999996,0.2276694,0.21242487000000002,0.20304800999999997,0.17931105000000003,0.19121757,0.18099432,0.17813181,0.16028154,0.15780894,0.16294434,0.18080412,0.19346193,0.21331881,0.23913846,0.22470227999999998,0.20292438,0.1906755,0.1861107,0.17481281999999998,0.18393290999999998,0.1781223,0.21515424,0.24517730999999998,0.23829207,0.22543455,0.2005659,0.19380429,0.17837906999999997,0.16250688,0.17277768,0.17266356,0.16534086,0.16577832,0.17705718,0.19958636999999999,0.19843565999999999,0.18775593,0.23697969,0.23948081999999998,0.241,0.235,0.231,0.232,0.238,0.247,0.238,0.234,0.233,0.231,0.22,0.203,0.176,0.145,0.143,0.135,0.126,0.121,0.123,0.133,0.168,0.192,0.19,0.185,0.178,0.169,0.171,0.166,0.176,0.192,0.2,0.188,0.195,0.198,0.188,0.166,0.154,0.139,0.141,0.138,0.139,0.144,0.15,0.16,0.209,0.244,0.241,0.242,"[[2], [1, 3, 4]]"
0.23027514,0.22404608999999998,0.21659975999999997,0.22400805,0.22889618999999997,0.26554773000000004,0.27131079,0.24369374999999996,0.2276694,0.21242487000000002,0.20304800999999997,0.17931105000000003,0.19121757,0.18099432,0.17813181,0.16028154,0.15780894,0.16294434,0.18080412,0.19346193,0.21331881,0.23913846,0.22470227999999998,0.20292438,0.1906755,0.1861107,0.17481281999999998,0.18393290999999998,0.1781223,0.21515424,0.24517730999999998,0.23829207,0.22543455,0.2005659,0.19380429,0.17837906999999997,0.16250688,0.17277768,0.17266356,0.16534086,0.16577832,0.17705718,0.19958636999999999,0.19843565999999999,0.18775593,0.23697969,0.23948081999999998,0.21213006,0.235,0.231,0.232,0.238,0.247,0.238,0.234,0.233,0.231,0.22,0.203,0.176,0.145,0.143,0.135,0.126,0.121,0.123,0.133,0.168,0.192,0.19,0.185,0.178,0.169,0.171,0.166,0.176,0.192,0.2,0.188,0.195,0.198,0.188,0.166,0.154,0.139,0.141,0.138,0.139,0.144,0.15,0.16,0.209,0.244,0.241,0.242,0.237,"[[2], [1, 3, 4]]"
0.22404608999999998,0.21659975999999997,0.22400805,0.22889618999999997,0.26554773000000004,0.27131079,0.24369374999999996,0.2276694,0.21242487000000002,0.20304800999999997,0.17931105000000003,0.19121757,0.18099432,0.17813181,0.16028154,0.15780894,0.16294434,0.18080412,0.19346193,0.21331881,0.23913846,0.22470227999999998,0.20292438,0.1906755,0.1861107,0.17481281999999998,0.18393290999999998,0.1781223,0.21515424,0.24517730999999998,0.23829207,0.22543455,0.2005659,0.19380429,0.17837906999999997,0.16250688,0.17277768,0.17266356,0.16534086,0.16577832,0.17705718,0.19958636999999999,0.19843565999999999,0.18775593,0.23697969,0.23948081999999998,0.21213006,0.21212055,0.231,0.232,0.238,0.247,0.238,0.234,0.233,0.231,0.22,0.203,0.176,0.145,0.143,0.135,0.126,0.121,0.123,0.133,0.168,0.192,0.19,0.185,0.178,0.169,0.171,0.166,0.176,0.192,0.2,0.188,0.195,0.198,0.188,0.166,0.154,0.139,0.141,0.138,0.139,0.144,0.15,0.16,0.209,0.244,0.241,0.242,0.237,0.228,"[[2], [1, 3, 4]]"
0.21659975999999997,0.22400805,0.22889618999999997,0.26554773000000004,0.27131079,0.24369374999999996,0.2276694,0.21242487000000002,0.20304800999999997,0.17931105000000003,0.19121757,0.18099432,0.17813181,0.16028154,0.15780894,0.16294434,0.18080412,0.19346193,0.21331881,0.23913846,0.22470227999999998,0.20292438,0.1906755,0.1861107,0.17481281999999998,0.18393290999999998,0.1781223,0.21515424,0.24517730999999998,0.23829207,0.22543455,0.2005659,0.19380429,0.17837906999999997,0.16250688,0.17277768,0.17266356,0.16534086,0.16577832,0.17705718,0.19958636999999999,0.19843565999999999,0.18775593,0.23697969,0.23948081999999998,0.21213006,0.21212055,0.20883009,0.232,0.238,0.247,0.238,0.234,0.233,0.231,0.22,0.203,0.176,0.145,0.143,0.135,0.126,0.121,0.123,0.133,0.168,0.192,0.19,0.185,0.178,0.169,0.171,0.166,0.176,0.192,0.2,0.188,0.195,0.198,0.188,0.166,0.154,0.139,0.141,0.138,0.139,0.144,0.15,0.16,0.209,0.244,0.241,0.242,0.237,0.228,0.227,"[[2], [1, 3, 4]]"
0.22400805,0.22889618999999997,0.26554773000000004,0.27131079,0.24369374999999996,0.2276694,0.21242487000000002,0.20304800999999997,0.17931105000000003,0.19121757,0.18099432,0.17813181,0.16028154,0.15780894,0.16294434,0.18080412,0.19346193,0.21331881,0.23913846,0.22470227999999998,0.20292438,0.1906755,0.1861107,0.17481281999999998,0.18393290999999998,0.1781223,0.21515424,0.24517730999999998,0.23829207,0.22543455,0.2005659,0.19380429,0.17837906999999997,0.16250688,0.17277768,0.17266356,0.16534086,0.16577832,0.17705718,0.19958636999999999,0.19843565999999999,0.18775593,0.23697969,0.23948081999999998,0.21213006,0.21212055,0.20883009,0.19749417,0.238,0.247,0.238,0.234,0.233,0.231,0.22,0.203,0.176,0.145,0.143,0.135,0.126,0.121,0.123,0.133,0.168,0.192,0.19,0.185,0.178,0.169,0.171,0.166,0.176,0.192,0.2,0.188,0.195,0.198,0.188,0.166,0.154,0.139,0.141,0.138,0.139,0.144,0.15,0.16,0.209,0.244,0.241,0.242,0.237,0.228,0.227,0.231,"[[2], [1, 3, 4]]"
0.22889618999999997,0.26554773000000004,0.27131079,0.24369374999999996,0.2276694,0.21242487000000002,0.20304800999999997,0.17931105000000003,0.19121757,0.18099432,0.17813181,0.16028154,0.15780894,0.16294434,0.18080412,0.19346193,0.21331881,0.23913846,0.22470227999999998,0.20292438,0.1906755,0.1861107,0.17481281999999998,0.18393290999999998,0.1781223,0.21515424,0.24517730999999998,0.23829207,0.22543455,0.2005659,0.19380429,0.17837906999999997,0.16250688,0.17277768,0.17266356,0.16534086,0.16577832,0.17705718,0.19958636999999999,0.19843565999999999,0.18775593,0.23697969,0.23948081999999998,0.21213006,0.21212055,0.20883009,0.19749417,0.19840713,0.247,0.238,0.234,0.233,0.231,0.22,0.203,0.176,0.145,0.143,0.135,0.126,0.121,0.123,0.133,0.168,0.192,0.19,0.185,0.178,0.169,0.171,0.166,0.176,0.192,0.2,0.188,0.195,0.198,0.188,0.166,0.154,0.139,0.141,0.138,0.139,0.144,0.15,0.16,0.209,0.244,0.241,0.242,0.237,0.228,0.227,0.231,0.244,"[[2], [1, 3, 4]]"
0.26554773000000004,0.27131079,0.24369374999999996,0.2276694,0.21242487000000002,0.20304800999999997,0.17931105000000003,0.19121757,0.18099432,0.17813181,0.16028154,0.15780894,0.16294434,0.18080412,0.19346193,0.21331881,0.23913846,0.22470227999999998,0.20292438,0.1906755,0.1861107,0.17481281999999998,0.18393290999999998,0.1781223,0.21515424,0.24517730999999998,0.23829207,0.22543455,0.2005659,0.19380429,0.17837906999999997,0.16250688,0.17277768,0.17266356,0.16534086,0.16577832,0.17705718,0.19958636999999999,0.19843565999999999,0.18775593,0.23697969,0.23948081999999998,0.21213006,0.21212055,0.20883009,0.19749417,0.19840713,0.21039924000000002,0.238,0.234,0.233,0.231,0.22,0.203,0.176,0.145,0.143,0.135,0.126,0.121,0.123,0.133,0.168,0.192,0.19,0.185,0.178,0.169,0.171,0.166,0.176,0.192,0.2,0.188,0.195,0.198,0.188,0.166,0.154,0.139,0.141,0.138,0.139,0.144,0.15,0.16,0.209,0.244,0.241,0.242,0.237,0.228,0.227,0.231,0.244,0.255,"[[2], [1, 3, 4]]"
0.27131079,0.24369374999999996,0.2276694,0.21242487000000002,0.20304800999999997,0.17931105000000003,0.19121757,0.18099432,0.17813181,0.16028154,0.15780894,0.16294434,0.18080412,0.19346193,0.21331881,0.23913846,0.22470227999999998,0.20292438,0.1906755,0.1861107,0.17481281999999998,0.18393290999999998,0.1781223,0.21515424,0.24517730999999998,0.23829207,0.22543455,0.2005659,0.19380429,0.17837906999999997,0.16250688,0.17277768,0.17266356,0.16534086,0.16577832,0.17705718,0.19958636999999999,0.19843565999999999,0.18775593,0.23697969,0.23948081999999998,0.21213006,0.21212055,0.20883009,0.19749417,0.19840713,0.21039924000000002,0.24644213999999998,0.234,0.233,0.231,0.22,0.203,0.176,0.145,0.143,0.135,0.126,0.121,0.123,0.133,0.168,0.192,0.19,0.185,0.178,0.169,0.171,0.166,0.176,0.192,0.2,0.188,0.195,0.198,0.188,0.166,0.154,0.139,0.141,0.138,0.139,0.144,0.15,0.16,0.209,0.244,0.241,0.242,0.237,0.228,0.227,0.231,0.244,0.255,0.248,"[[2], [1, 3, 4]]"
0.24369374999999996,0.2276694,0.21242487000000002,0.20304800999999997,0.17931105000000003,0.19121757,0.18099432,0.17813181,0.16028154,0.15780894,0.16294434,0.18080412,0.19346193,0.21331881,0.23913846,0.22470227999999998,0.20292438,0.1906755,0.1861107,0.17481281999999998,0.18393290999999998,0.1781223,0.21515424,0.24517730999999998,0.23829207,0.22543455,0.2005659,0.19380429,0.17837906999999997,0.16250688,0.17277768,0.17266356,0.16534086,0.16577832,0.17705718,0.19958636999999999,0.19843565999999999,0.18775593,0.23697969,0.23948081999999998,0.21213006,0.21212055,0.20883009,0.19749417,0.19840713,0.21039924000000002,0.24644213999999998,0.28461527999999997,0.233,0.231,0.22,0.203,0.176,0.145,0.143,0.135,0.126,0.121,0.123,0.133,0.168,0.192,0.19,0.185,0.178,0.169,0.171,0.166,0.176,0.192,0.2,0.188,0.195,0.198,0.188,0.166,0.154,0.139,0.141,0.138,0.139,0.144,0.15,0.16,0.209,0.244,0.241,0.242,0.237,0.228,0.227,0.231,0.244,0.255,0.248,0.253,"[[2], [1, 3, 4]]"
0.2276694,0.21242487000000002,0.20304800999999997,0.17931105000000003,0.19121757,0.18099432,0.17813181,0.16028154,0.15780894,0.16294434,0.18080412,0.19346193,0.21331881,0.23913846,0.22470227999999998,0.20292438,0.1906755,0.1861107,0.17481281999999998,0.18393290999999998,0.1781223,0.21515424,0.24517730999999998,0.23829207,0.22543455,0.2005659,0.19380429,0.17837906999999997,0.16250688,0.17277768,0.17266356,0.16534086,0.16577832,0.17705718,0.19958636999999999,0.19843565999999999,0.18775593,0.23697969,0.23948081999999998,0.21213006,0.21212055,0.20883009,0.19749417,0.19840713,0.21039924000000002,0.24644213999999998,0.28461527999999997,0.27099695999999995,0.231,0.22,0.203,0.176,0.145,0.143,0.135,0.126,0.121,0.123,0.133,0.168,0.192,0.19,0.185,0.178,0.169,0.171,0.166,0.176,0.192,0.2,0.188,0.195,0.198,0.188,0.166,0.154,0.139,0.141,0.138,0.139,0.144,0.15,0.16,0.209,0.244,0.241,0.242,0.237,0.228,0.227,0.231,0.244,0.255,0.248,0.253,0.255,"[[2], [1, 3, 4]]"
0.21242487000000002,0.20304800999999997,0.17931105000000003,0.19121757,0.18099432,0.17813181,0.16028154,0.15780894,0.16294434,0.18080412,0.19346193,0.21331881,0.23913846,0.22470227999999998,0.20292438,0.1906755,0.1861107,0.17481281999999998,0.18393290999999998,0.1781223,0.21515424,0.24517730999999998,0.23829207,0.22543455,0.2005659,0.19380429,0.17837906999999997,0.16250688,0.17277768,0.17266356,0.16534086,0.16577832,0.17705718,0.19958636999999999,0.19843565999999999,0.18775593,0.23697969,0.23948081999999998,0.21213006,0.21212055,0.20883009,0.19749417,0.19840713,0.21039924000000002,0.24644213999999998,0.28461527999999997,0.27099695999999995,0.25167264,0.22,0.203,0.176,0.145,0.143,0.135,0.126,0.121,0.123,0.133,0.168,0.192,0.19,0.185,0.178,0.169,0.171,0.166,0.176,0.192,0.2,0.188,0.195,0.198,0.188,0.166,0.154,0.139,0.141,0.138,0.139,0.144,0.15,0.16,0.209,0.244,0.241,0.242,0.237,0.228,0.227,0.231,0.244,0.255,0.248,0.253,0.255,0.255,"[[2], [1, 3, 4]]"
0.20304800999999997,0.17931105000000003,0.19121757,0.18099432,0.17813181,0.16028154,0.15780894,0.16294434,0.18080412,0.19346193,0.21331881,0.23913846,0.22470227999999998,0.20292438,0.1906755,0.1861107,0.17481281999999998,0.18393290999999998,0.1781223,0.21515424,0.24517730999999998,0.23829207,0.22543455,0.2005659,0.19380429,0.17837906999999997,0.16250688,0.17277768,0.17266356,0.16534086,0.16577832,0.17705718,0.19958636999999999,0.19843565999999999,0.18775593,0.23697969,0.23948081999999998,0.21213006,0.21212055,0.20883009,0.19749417,0.19840713,0.21039924000000002,0.24644213999999998,0.28461527999999997,0.27099695999999995,0.25167264,0.21999483,0.203,0.176,0.145,0.143,0.135,0.126,0.121,0.123,0.133,0.168,0.192,0.19,0.185,0.178,0.169,0.171,0.166,0.176,0.192,0.2,0.188,0.195,0.198,0.188,0.166,0.154,0.139,0.141,0.138,0.139,0.144,0.15,0.16,0.209,0.244,0.241,0.242,0.237,0.228,0.227,0.231,0.244,0.255,0.248,0.253,0.255,0.255,0.252,"[[2], [1, 3, 4]]"
0.17931105000000003,0.19121757,0.18099432,0.17813181,0.16028154,0.15780894,0.16294434,0.18080412,0.19346193,0.21331881,0.23913846,0.22470227999999998,0.20292438,0.1906755,0.1861107,0.17481281999999998,0.18393290999999998,0.1781223,0.21515424,0.24517730999999998,0.23829207,0.22543455,0.2005659,0.19380429,0.17837906999999997,0.16250688,0.17277768,0.17266356,0.16534086,0.16577832,0.17705718,0.19958636999999999,0.19843565999999999,0.18775593,0.23697969,0.23948081999999998,0.21213006,0.21212055,0.20883009,0.19749417,0.19840713,0.21039924000000002,0.24644213999999998,0.28461527999999997,0.27099695999999995,0.25167264,0.21999483,0.19776044999999998,0.176,0.145,0.143,0.135,0.126,0.121,0.123,0.133,0.168,0.192,0.19,0.185,0.178,0.169,0.171,0.166,0.176,0.192,0.2,0.188,0.195,0.198,0.188,0.166,0.154,0.139,0.141,0.138,0.139,0.144,0.15,0.16,0.209,0.244,0.241,0.242,0.237,0.228,0.227,0.231,0.244,0.255,0.248,0.253,0.255,0.255,0.252,0.235,"[[2], [1, 3, 4]]"
0.19121757,0.18099432,0.17813181,0.16028154,0.15780894,0.16294434,0.18080412,0.19346193,0.21331881,0.23913846,0.22470227999999998,0.20292438,0.1906755,0.1861107,0.17481281999999998,0.18393290999999998,0.1781223,0.21515424,0.24517730999999998,0.23829207,0.22543455,0.2005659,0.19380429,0.17837906999999997,0.16250688,0.17277768,0.17266356,0.16534086,0.16577832,0.17705718,0.19958636999999999,0.19843565999999999,0.18775593,0.23697969,0.23948081999999998,0.21213006,0.21212055,0.20883009,0.19749417,0.19840713,0.21039924000000002,0.24644213999999998,0.28461527999999997,0.27099695999999995,0.25167264,0.21999483,0.19776044999999998,0.19274867999999998,0.145,0.143,0.135,0.126,0.121,0.123,0.133,0.168,0.192,0.19,0.185,0.178,0.169,0.171,0.166,0.176,0.192,0.2,0.188,0.195,0.198,0.188,0.166,0.154,0.139,0.141,0.138,0.139,0.144,0.15,0.16,0.209,0.244,0.241,0.242,0.237,0.228,0.227,0.231,0.244,0.255,0.248,0.253,0.255,0.255,0.252,0.235,0.214,"[[2], [1, 3, 4]]"
0.18099432,0.17813181,0.16028154,0.15780894,0.16294434,0.18080412,0.19346193,0.21331881,0.23913846,0.22470227999999998,0.20292438,0.1906755,0.1861107,0.17481281999999998,0.18393290999999998,0.1781223,0.21515424,0.24517730999999998,0.23829207,0.22543455,0.2005659,0.19380429,0.17837906999999997,0.16250688,0.17277768,0.17266356,0.16534086,0.16577832,0.17705718,0.19958636999999999,0.19843565999999999,0.18775593,0.23697969,0.23948081999999998,0.21213006,0.21212055,0.20883009,0.19749417,0.19840713,0.21039924000000002,0.24644213999999998,0.28461527999999997,0.27099695999999995,0.25167264,0.21999483,0.19776044999999998,0.19274867999999998,0.17529783000000002,0.143,0.135,0.126,0.121,0.123,0.133,0.168,0.192,0.19,0.185,0.178,0.169,0.171,0.166,0.176,0.192,0.2,0.188,0.195,0.198,0.188,0.166,0.154,0.139,0.141,0.138,0.139,0.144,0.15,0.16,0.209,0.244,0.241,0.242,0.237,0.228,0.227,0.231,0.244,0.255,0.248,0.253,0.255,0.255,0.252,0.235,0.214,0.208,"[[2], [1, 3, 4]]"
0.17813181,0.16028154,0.15780894,0.16294434,0.18080412,0.19346193,0.21331881,0.23913846,0.22470227999999998,0.20292438,0.1906755,0.1861107,0.17481281999999998,0.18393290999999998,0.1781223,0.21515424,0.24517730999999998,0.23829207,0.22543455,0.2005659,0.19380429,0.17837906999999997,0.16250688,0.17277768,0.17266356,0.16534086,0.16577832,0.17705718,0.19958636999999999,0.19843565999999999,0.18775593,0.23697969,0.23948081999999998,0.21213006,0.21212055,0.20883009,0.19749417,0.19840713,0.21039924000000002,0.24644213999999998,0.28461527999999997,0.27099695999999995,0.25167264,0.21999483,0.19776044999999998,0.19274867999999998,0.17529783000000002,0.17700962999999997,0.135,0.126,0.121,0.123,0.133,0.168,0.192,0.19,0.185,0.178,0.169,0.171,0.166,0.176,0.192,0.2,0.188,0.195,0.198,0.188,0.166,0.154,0.139,0.141,0.138,0.139,0.144,0.15,0.16,0.209,0.244,0.241,0.242,0.237,0.228,0.227,0.231,0.244,0.255,0.248,0.253,0.255,0.255,0.252,0.235,0.214,0.208,0.205,"[[2], [1, 3, 4]]"
0.16028154,0.15780894,0.16294434,0.18080412,0.19346193,0.21331881,0.23913846,0.22470227999999998,0.20292438,0.1906755,0.1861107,0.17481281999999998,0.18393290999999998,0.1781223,0.21515424,0.24517730999999998,0.23829207,0.22543455,0.2005659,0.19380429,0.17837906999999997,0.16250688,0.17277768,0.17266356,0.16534086,0.16577832,0.17705718,0.19958636999999999,0.19843565999999999,0.18775593,0.23697969,0.23948081999999998,0.21213006,0.21212055,0.20883009,0.19749417,0.19840713,0.21039924000000002,0.24644213999999998,0.28461527999999997,0.27099695999999995,0.25167264,0.21999483,0.19776044999999998,0.19274867999999998,0.17529783000000002,0.17700962999999997,0.17718081,0.126,0.121,0.123,0.133,0.168,0.192,0.19,0.185,0.178,0.169,0.171,0.166,0.176,0.192,0.2,0.188,0.195,0.198,0.188,0.166,0.154,0.139,0.141,0.138,0.139,0.144,0.15,0.16,0.209,0.244,0.241,0.242,0.237,0.228,0.227,0.231,0.244,0.255,0.248,0.253,0.255,0.255,0.252,0.235,0.214,0.208,0.205,0.201,"[[2], [1, 3, 4]]"
0.15780894,0.16294434,0.18080412,0.19346193,0.21331881,0.23913846,0.22470227999999998,0.20292438,0.1906755,0.1861107,0.17481281999999998,0.18393290999999998,0.1781223,0.21515424,0.24517730999999998,0.23829207,0.22543455,0.2005659,0.19380429,0.17837906999999997,0.16250688,0.17277768,0.17266356,0.16534086,0.16577832,0.17705718,0.19958636999999999,0.19843565999999999,0.18775593,0.23697969,0.23948081999999998,0.21213006,0.21212055,0.20883009,0.19749417,0.19840713,0.21039924000000002,0.24644213999999998,0.28461527999999997,0.27099695999999995,0.25167264,0.21999483,0.19776044999999998,0.19274867999999998,0.17529783000000002,0.17700962999999997,0.17718081,0.16612068,0.121,0.123,0.133,0.168,0.192,0.19,0.185,0.178,0.169,0.171,0.166,0.176,0.192,0.2,0.188,0.195,0.198,0.188,0.166,0.154,0.139,0.141,0.138,0.139,0.144,0.15,0.16,0.209,0.244,0.241,0.242,0.237,0.228,0.227,0.231,0.244,0.255,0.248,0.253,0.255,0.255,0.252,0.235,0.214,0.208,0.205,0.201,0.199,"[[2], [1, 3, 4]]"
0.16294434,0.18080412,0.19346193,0.21331881,0.23913846,0.22470227999999998,0.20292438,0.1906755,0.1861107,0.17481281999999998,0.18393290999999998,0.1781223,0.21515424,0.24517730999999998,0.23829207,0.22543455,0.2005659,0.19380429,0.17837906999999997,0.16250688,0.17277768,0.17266356,0.16534086,0.16577832,0.17705718,0.19958636999999999,0.19843565999999999,0.18775593,0.23697969,0.23948081999999998,0.21213006,0.21212055,0.20883009,0.19749417,0.19840713,0.21039924000000002,0.24644213999999998,0.28461527999999997,0.27099695999999995,0.25167264,0.21999483,0.19776044999999998,0.19274867999999998,0.17529783000000002,0.17700962999999997,0.17718081,0.16612068,0.15983456999999998,0.123,0.133,0.168,0.192,0.19,0.185,0.178,0.169,0.171,0.166,0.176,0.192,0.2,0.188,0.195,0.198,0.188,0.166,0.154,0.139,0.141,0.138,0.139,0.144,0.15,0.16,0.209,0.244,0.241,0.242,0.237,0.228,0.227,0.231,0.244,0.255,0.248,0.253,0.255,0.255,0.252,0.235,0.214,0.208,0.205,0.201,0.199,0.199,"[[2], [1, 3, 4]]"
0.18080412,0.19346193,0.21331881,0.23913846,0.22470227999999998,0.20292438,0.1906755,0.1861107,0.17481281999999998,0.18393290999999998,0.1781223,0.21515424,0.24517730999999998,0.23829207,0.22543455,0.2005659,0.19380429,0.17837906999999997,0.16250688,0.17277768,0.17266356,0.16534086,0.16577832,0.17705718,0.19958636999999999,0.19843565999999999,0.18775593,0.23697969,0.23948081999999998,0.21213006,0.21212055,0.20883009,0.19749417,0.19840713,0.21039924000000002,0.24644213999999998,0.28461527999999997,0.27099695999999995,0.25167264,0.21999483,0.19776044999999998,0.19274867999999998,0.17529783000000002,0.17700962999999997,0.17718081,0.16612068,0.15983456999999998,0.16697658,0.133,0.168,0.192,0.19,0.185,0.178,0.169,0.171,0.166,0.176,0.192,0.2,0.188,0.195,0.198,0.188,0.166,0.154,0.139,0.141,0.138,0.139,0.144,0.15,0.16,0.209,0.244,0.241,0.242,0.237,0.228,0.227,0.231,0.244,0.255,0.248,0.253,0.255,0.255,0.252,0.235,0.214,0.208,0.205,0.201,0.199,0.199,0.199,"[[2], [1, 3, 4]]"
0.19346193,0.21331881,0.23913846,0.22470227999999998,0.20292438,0.1906755,0.1861107,0.17481281999999998,0.18393290999999998,0.1781223,0.21515424,0.24517730999999998,0.23829207,0.22543455,0.2005659,0.19380429,0.17837906999999997,0.16250688,0.17277768,0.17266356,0.16534086,0.16577832,0.17705718,0.19958636999999999,0.19843565999999999,0.18775593,0.23697969,0.23948081999999998,0.21213006,0.21212055,0.20883009,0.19749417,0.19840713,0.21039924000000002,0.24644213999999998,0.28461527999999997,0.27099695999999995,0.25167264,0.21999483,0.19776044999999998,0.19274867999999998,0.17529783000000002,0.17700962999999997,0.17718081,0.16612068,0.15983456999999998,0.16697658,0.16381926,0.168,0.192,0.19,0.185,0.178,0.169,0.171,0.166,0.176,0.192,0.2,0.188,0.195,0.198,0.188,0.166,0.154,0.139,0.141,0.138,0.139,0.144,0.15,0.16,0.209,0.244,0.241,0.242,0.237,0.228,0.227,0.231,0.244,0.255,0.248,0.253,0.255,0.255,0.252,0.235,0.214,0.208,0.205,0.201,0.199,0.199,0.199,0.209,"[[2], [1, 3, 4]]"
0.21331881,0.23913846,0.22470227999999998,0.20292438,0.1906755,0.1861107,0.17481281999999998,0.18393290999999998,0.1781223,0.21515424,0.24517730999999998,0.23829207,0.22543455,0.2005659,0.19380429,0.17837906999999997,0.16250688,0.17277768,0.17266356,0.16534086,0.16577832,0.17705718,0.19958636999999999,0.19843565999999999,0.18775593,0.23697969,0.23948081999999998,0.21213006,0.21212055,0.20883009,0.19749417,0.19840713,0.21039924000000002,0.24644213999999998,0.28461527999999997,0.27099695999999995,0.25167264,0.21999483,0.19776044999999998,0.19274867999999998,0.17529783000000002,0.17700962999999997,0.17718081,0.16612068,0.15983456999999998,0.16697658,0.16381926,0.19693308,0.192,0.19,0.185,0.178,0.169,0.171,0.166,0.176,0.192,0.2,0.188,0.195,0.198,0.188,0.166,0.154,0.139,0.141,0.138,0.139,0.144,0.15,0.16,0.209,0.244,0.241,0.242,0.237,0.228,0.227,0.231,0.244,0.255,0.248,0.253,0.255,0.255,0.252,0.235,0.214,0.208,0.205,0.201,0.199,0.199,0.199,0.209,0.234,"[[2], [1, 3, 4]]"
0.23913846,0.22470227999999998,0.20292438,0.1906755,0.1861107,0.17481281999999998,0.18393290999999998,0.1781223,0.21515424,0.24517730999999998,0.23829207,0.22543455,0.2005659,0.19380429,0.17837906999999997,0.16250688,0.17277768,0.17266356,0.16534086,0.16577832,0.17705718,0.19958636999999999,0.19843565999999999,0.18775593,0.23697969,0.23948081999999998,0.21213006,0.21212055,0.20883009,0.19749417,0.19840713,0.21039924000000002,0.24644213999999998,0.28461527999999997,0.27099695999999995,0.25167264,0.21999483,0.19776044999999998,0.19274867999999998,0.17529783000000002,0.17700962999999997,0.17718081,0.16612068,0.15983456999999998,0.16697658,0.16381926,0.19693308,0.24048888,0.19,0.185,0.178,0.169,0.171,0.166,0.176,0.192,0.2,0.188,0.195,0.198,0.188,0.166,0.154,0.139,0.141,0.138,0.139,0.144,0.15,0.16,0.209,0.244,0.241,0.242,0.237,0.228,0.227,0.231,0.244,0.255,0.248,0.253,0.255,0.255,0.252,0.235,0.214,0.208,0.205,0.201,0.199,0.199,0.199,0.209,0.234,0.247,"[[2], [1, 3, 4]]"
0.22470227999999998,0.20292438,0.1906755,0.1861107,0.17481281999999998,0.18393290999999998,0.1781223,0.21515424,0.24517730999999998,0.23829207,0.22543455,0.2005659,0.19380429,0.17837906999999997,0.16250688,0.17277768,0.17266356,0.16534086,0.16577832,0.17705718,0.19958636999999999,0.19843565999999999,0.18775593,0.23697969,0.23948081999999998,0.21213006,0.21212055,0.20883009,0.19749417,0.19840713,0.21039924000000002,0.24644213999999998,0.28461527999999997,0.27099695999999995,0.25167264,0.21999483,0.19776044999999998,0.19274867999999998,0.17529783000000002,0.17700962999999997,0.17718081,0.16612068,0.15983456999999998,0.16697658,0.16381926,0.19693308,0.24048888,0.25225274999999997,0.185,0.178,0.169,0.171,0.166,0.176,0.192,0.2,0.188,0.195,0.198,0.188,0.166,0.154,0.139,0.141,0.138,0.139,0.144,0.15,0.16,0.209,0.244,0.241,0.242,0.237,0.228,0.227,0.231,0.244,0.255,0.248,0.253,0.255,0.255,0.252,0.235,0.214,0.208,0.205,0.201,0.199,0.199,0.199,0.209,0.234,0.247,0.243,"[[2], [1, 3, 4]]"
0.20292438,0.1906755,0.1861107,0.17481281999999998,0.18393290999999998,0.1781223,0.21515424,0.24517730999999998,0.23829207,0.22543455,0.2005659,0.19380429,0.17837906999999997,0.16250688,0.17277768,0.17266356,0.16534086,0.16577832,0.17705718,0.19958636999999999,0.19843565999999999,0.18775593,0.23697969,0.23948081999999998,0.21213006,0.21212055,0.20883009,0.19749417,0.19840713,0.21039924000000002,0.24644213999999998,0.28461527999999997,0.27099695999999995,0.25167264,0.21999483,0.19776044999999998,0.19274867999999998,0.17529783000000002,0.17700962999999997,0.17718081,0.16612068,0.15983456999999998,0.16697658,0.16381926,0.19693308,0.24048888,0.25225274999999997,0.24700323000000002,0.178,0.169,0.171,0.166,0.176,0.192,0.2,0.188,0.195,0.198,0.188,0.166,0.154,0.139,0.141,0.138,0.139,0.144,0.15,0.16,0.209,0.244,0.241,0.242,0.237,0.228,0.227,0.231,0.244,0.255,0.248,0.253,0.255,0.255,0.252,0.235,0.214,0.208,0.205,0.201,0.199,0.199,0.199,0.209,0.234,0.247,0.243,0.244,"[[2], [1, 3, 4]]"
0.1906755,0.1861107,0.17481281999999998,0.18393290999999998,0.1781223,0.21515424,0.24517730999999998,0.23829207,0.22543455,0.2005659,0.19380429,0.17837906999999997,0.16250688,0.17277768,0.17266356,0.16534086,0.16577832,0.17705718,0.19958636999999999,0.19843565999999999,0.18775593,0.23697969,0.23948081999999998,0.21213006,0.21212055,0.20883009,0.19749417,0.19840713,0.21039924000000002,0.24644213999999998,0.28461527999999997,0.27099695999999995,0.25167264,0.21999483,0.19776044999999998,0.19274867999999998,0.17529783000000002,0.17700962999999997,0.17718081,0.16612068,0.15983456999999998,0.16697658,0.16381926,0.19693308,0.24048888,0.25225274999999997,0.24700323000000002,0.23387943,0.169,0.171,0.166,0.176,0.192,0.2,0.188,0.195,0.198,0.188,0.166,0.154,0.139,0.141,0.138,0.139,0.144,0.15,0.16,0.209,0.244,0.241,0.242,0.237,0.228,0.227,0.231,0.244,0.255,0.248,0.253,0.255,0.255,0.252,0.235,0.214,0.208,0.205,0.201,0.199,0.199,0.199,0.209,0.234,0.247,0.243,0.244,0.24,"[[2], [1, 3, 4]]"
0.1861107,0.17481281999999998,0.18393290999999998,0.1781223,0.21515424,0.24517730999999998,0.23829207,0.22543455,0.2005659,0.19380429,0.17837906999999997,0.16250688,0.17277768,0.17266356,0.16534086,0.16577832,0.17705718,0.19958636999999999,0.19843565999999999,0.18775593,0.23697969,0.23948081999999998,0.21213006,0.21212055,0.20883009,0.19749417,0.19840713,0.21039924000000002,0.24644213999999998,0.28461527999999997,0.27099695999999995,0.25167264,0.21999483,0.19776044999999998,0.19274867999999998,0.17529783000000002,0.17700962999999997,0.17718081,0.16612068,0.15983456999999998,0.16697658,0.16381926,0.19693308,0.24048888,0.25225274999999997,0.24700323000000002,0.23387943,0.21232025999999998,0.171,0.166,0.176,0.192,0.2,0.188,0.195,0.198,0.188,0.166,0.154,0.139,0.141,0.138,0.139,0.144,0.15,0.16,0.209,0.244,0.241,0.242,0.237,0.228,0.227,0.231,0.244,0.255,0.248,0.253,0.255,0.255,0.252,0.235,0.214,0.208,0.205,0.201,0.199,0.199,0.199,0.209,0.234,0.247,0.243,0.244,0.24,0.248,"[[2], [1, 3, 4]]"
0.17481281999999998,0.18393290999999998,0.1781223,0.21515424,0.24517730999999998,0.23829207,0.22543455,0.2005659,0.19380429,0.17837906999999997,0.16250688,0.17277768,0.17266356,0.16534086,0.16577832,0.17705718,0.19958636999999999,0.19843565999999999,0.18775593,0.23697969,0.23948081999999998,0.21213006,0.21212055,0.20883009,0.19749417,0.19840713,0.21039924000000002,0.24644213999999998,0.28461527999999997,0.27099695999999995,0.25167264,0.21999483,0.19776044999999998,0.19274867999999998,0.17529783000000002,0.17700962999999997,0.17718081,0.16612068,0.15983456999999998,0.16697658,0.16381926,0.19693308,0.24048888,0.25225274999999997,0.24700323000000002,0.23387943,0.21232025999999998,0.19889214,0.166,0.176,0.192,0.2,0.188,0.195,0.198,0.188,0.166,0.154,0.139,0.141,0.138,0.139,0.144,0.15,0.16,0.209,0.244,0.241,0.242,0.237,0.228,0.227,0.231,0.244,0.255,0.248,0.253,0.255,0.255,0.252,0.235,0.214,0.208,0.205,0.201,0.199,0.199,0.199,0.209,0.234,0.247,0.243,0.244,0.24,0.248,0.247,"[[2], [1, 3, 4]]"
0.18393290999999998,0.1781223,0.21515424,0.24517730999999998,0.23829207,0.22543455,0.2005659,0.19380429,0.17837906999999997,0.16250688,0.17277768,0.17266356,0.16534086,0.16577832,0.17705718,0.19958636999999999,0.19843565999999999,0.18775593,0.23697969,0.23948081999999998,0.21213006,0.21212055,0.20883009,0.19749417,0.19840713,0.21039924000000002,0.24644213999999998,0.28461527999999997,0.27099695999999995,0.25167264,0.21999483,0.19776044999999998,0.19274867999999998,0.17529783000000002,0.17700962999999997,0.17718081,0.16612068,0.15983456999999998,0.16697658,0.16381926,0.19693308,0.24048888,0.25225274999999997,0.24700323000000002,0.23387943,0.21232025999999998,0.19889214,0.18895419,0.176,0.192,0.2,0.188,0.195,0.198,0.188,0.166,0.154,0.139,0.141,0.138,0.139,0.144,0.15,0.16,0.209,0.244,0.241,0.242,0.237,0.228,0.227,0.231,0.244,0.255,0.248,0.253,0.255,0.255,0.252,0.235,0.214,0.208,0.205,0.201,0.199,0.199,0.199,0.209,0.234,0.247,0.243,0.244,0.24,0.248,0.247,0.241,"[[2], [1, 3, 4]]"
0.1781223,0.21515424,0.24517730999999998,0.23829207,0.22543455,0.2005659,0.19380429,0.17837906999999997,0.16250688,0.17277768,0.17266356,0.16534086,0.16577832,0.17705718,0.19958636999999999,0.19843565999999999,0.18775593,0.23697969,0.23948081999999998,0.21213006,0.21212055,0.20883009,0.19749417,0.19840713,0.21039924000000002,0.24644213999999998,0.28461527999999997,0.27099695999999995,0.25167264,0.21999483,0.19776044999999998,0.19274867999999998,0.17529783000000002,0.17700962999999997,0.17718081,0.16612068,0.15983456999999998,0.16697658,0.16381926,0.19693308,0.24048888,0.25225274999999997,0.24700323000000002,0.23387943,0.21232025999999998,0.19889214,0.18895419,0.18519774,0.192,0.2,0.188,0.195,0.198,0.188,0.166,0.154,0.139,0.141,0.138,0.139,0.144,0.15,0.16,0.209,0.244,0.241,0.242,0.237,0.228,0.227,0.231,0.244,0.255,0.248,0.253,0.255,0.255,0.252,0.235,0.214,0.208,0.205,0.201,0.199,0.199,0.199,0.209,0.234,0.247,0.243,0.244,0.24,0.248,0.247,0.241,0.234,"[[2], [1, 3, 4]]"
0.21515424,0.24517730999999998,0.23829207,0.22543455,0.2005659,0.19380429,0.17837906999999997,0.16250688,0.17277768,0.17266356,0.16534086,0.16577832,0.17705718,0.19958636999999999,0.19843565999999999,0.18775593,0.23697969,0.23948081999999998,0.21213006,0.21212055,0.20883009,0.19749417,0.19840713,0.21039924000000002,0.24644213999999998,0.28461527999999997,0.27099695999999995,0.25167264,0.21999483,0.19776044999999998,0.19274867999999998,0.17529783000000002,0.17700962999999997,0.17718081,0.16612068,0.15983456999999998,0.16697658,0.16381926,0.19693308,0.24048888,0.25225274999999997,0.24700323000000002,0.23387943,0.21232025999999998,0.19889214,0.18895419,0.18519774,0.19705671,0.2,0.188,0.195,0.198,0.188,0.166,0.154,0.139,0.141,0.138,0.139,0.144,0.15,0.16,0.209,0.244,0.241,0.242,0.237,0.228,0.227,0.231,0.244,0.255,0.248,0.253,0.255,0.255,0.252,0.235,0.214,0.208,0.205,0.201,0.199,0.199,0.199,0.209,0.234,0.247,0.243,0.244,0.24,0.248,0.247,0.241,0.234,0.245,"[[2], [1, 3, 4]]"
0.24517730999999998,0.23829207,0.22543455,0.2005659,0.19380429,0.17837906999999997,0.16250688,0.17277768,0.17266356,0.16534086,0.16577832,0.17705718,0.19958636999999999,0.19843565999999999,0.18775593,0.23697969,0.23948081999999998,0.21213006,0.21212055,0.20883009,0.19749417,0.19840713,0.21039924000000002,0.24644213999999998,0.28461527999999997,0.27099695999999995,0.25167264,0.21999483,0.19776044999999998,0.19274867999999998,0.17529783000000002,0.17700962999999997,0.17718081,0.16612068,0.15983456999999998,0.16697658,0.16381926,0.19693308,0.24048888,0.25225274999999997,0.24700323000000002,0.23387943,0.21232025999999998,0.19889214,0.18895419,0.18519774,0.19705671,0.22552013999999998,0.188,0.195,0.198,0.188,0.166,0.154,0.139,0.141,0.138,0.139,0.144,0.15,0.16,0.209,0.244,0.241,0.242,0.237,0.228,0.227,0.231,0.244,0.255,0.248,0.253,0.255,0.255,0.252,0.235,0.214,0.208,0.205,0.201,0.199,0.199,0.199,0.209,0.234,0.247,0.243,0.244,0.24,0.248,0.247,0.241,0.234,0.245,0.247,"[[2], [1, 3, 4]]"
0.23829207,0.22543455,0.2005659,0.19380429,0.17837906999999997,0.16250688,0.17277768,0.17266356,0.16534086,0.16577832,0.17705718,0.19958636999999999,0.19843565999999999,0.18775593,0.23697969,0.23948081999999998,0.21213006,0.21212055,0.20883009,0.19749417,0.19840713,0.21039924000000002,0.24644213999999998,0.28461527999999997,0.27099695999999995,0.25167264,0.21999483,0.19776044999999998,0.19274867999999998,0.17529783000000002,0.17700962999999997,0.17718081,0.16612068,0.15983456999999998,0.16697658,0.16381926,0.19693308,0.24048888,0.25225274999999997,0.24700323000000002,0.23387943,0.21232025999999998,0.19889214,0.18895419,0.18519774,0.19705671,0.22552013999999998,0.25489652999999995,0.195,0.198,0.188,0.166,0.154,0.139,0.141,0.138,0.139,0.144,0.15,0.16,0.209,0.244,0.241,0.242,0.237,0.228,0.227,0.231,0.244,0.255,0.248,0.253,0.255,0.255,0.252,0.235,0.214,0.208,0.205,0.201,0.199,0.199,0.199,0.209,0.234,0.247,0.243,0.244,0.24,0.248,0.247,0.241,0.234,0.245,0.247,0.251,"[[2], [1, 3, 4]]"
0.22543455,0.2005659,0.19380429,0.17837906999999997,0.16250688,0.17277768,0.17266356,0.16534086,0.16577832,0.17705718,0.19958636999999999,0.19843565999999999,0.18775593,0.23697969,0.23948081999999998,0.21213006,0.21212055,0.20883009,0.19749417,0.19840713,0.21039924000000002,0.24644213999999998,0.28461527999999997,0.27099695999999995,0.25167264,0.21999483,0.19776044999999998,0.19274867999999998,0.17529783000000002,0.17700962999999997,0.17718081,0.16612068,0.15983456999999998,0.16697658,0.16381926,0.19693308,0.24048888,0.25225274999999997,0.24700323000000002,0.23387943,0.21232025999999998,0.19889214,0.18895419,0.18519774,0.19705671,0.22552013999999998,0.25489652999999995,0.24519633,0.198,0.188,0.166,0.154,0.139,0.141,0.138,0.139,0.144,0.15,0.16,0.209,0.244,0.241,0.242,0.237,0.228,0.227,0.231,0.244,0.255,0.248,0.253,0.255,0.255,0.252,0.235,0.214,0.208,0.205,0.201,0.199,0.199,0.199,0.209,0.234,0.247,0.243,0.244,0.24,0.248,0.247,0.241,0.234,0.245,0.247,0.251,0.252,"[[2], [1, 3, 4]]"
0.2005659,0.19380429,0.17837906999999997,0.16250688,0.17277768,0.17266356,0.16534086,0.16577832,0.17705718,0.19958636999999999,0.19843565999999999,0.18775593,0.23697969,0.23948081999999998,0.21213006,0.21212055,0.20883009,0.19749417,0.19840713,0.21039924000000002,0.24644213999999998,0.28461527999999997,0.27099695999999995,0.25167264,0.21999483,0.19776044999999998,0.19274867999999998,0.17529783000000002,0.17700962999999997,0.17718081,0.16612068,0.15983456999999998,0.16697658,0.16381926,0.19693308,0.24048888,0.25225274999999997,0.24700323000000002,0.23387943,0.21232025999999998,0.19889214,0.18895419,0.18519774,0.19705671,0.22552013999999998,0.25489652999999995,0.24519633,0.219681,0.188,0.166,0.154,0.139,0.141,0.138,0.139,0.144,0.15,0.16,0.209,0.244,0.241,0.242,0.237,0.228,0.227,0.231,0.244,0.255,0.248,0.253,0.255,0.255,0.252,0.235,0.214,0.208,0.205,0.201,0.199,0.199,0.199,0.209,0.234,0.247,0.243,0.244,0.24,0.248,0.247,0.241,0.234,0.245,0.247,0.251,0.252,0.247,"[[2], [1, 3, 4]]"
0.19380429,0.17837906999999997,0.16250688,0.17277768,0.17266356,0.16534086,0.16577832,0.17705718,0.19958636999999999,0.19843565999999999,0.18775593,0.23697969,0.23948081999999998,0.21213006,0.21212055,0.20883009,0.19749417,0.19840713,0.21039924000000002,0.24644213999999998,0.28461527999999997,0.27099695999999995,0.25167264,0.21999483,0.19776044999999998,0.19274867999999998,0.17529783000000002,0.17700962999999997,0.17718081,0.16612068,0.15983456999999998,0.16697658,0.16381926,0.19693308,0.24048888,0.25225274999999997,0.24700323000000002,0.23387943,0.21232025999999998,0.19889214,0.18895419,0.18519774,0.19705671,0.22552013999999998,0.25489652999999995,0.24519633,0.219681,0.19708524,0.166,0.154,0.139,0.141,0.138,0.139,0.144,0.15,0.16,0.209,0.244,0.241,0.242,0.237,0.228,0.227,0.231,0.244,0.255,0.248,0.253,0.255,0.255,0.252,0.235,0.214,0.208,0.205,0.201,0.199,0.199,0.199,0.209,0.234,0.247,0.243,0.244,0.24,0.248,0.247,0.241,0.234,0.245,0.247,0.251,0.252,0.247,0.229,"[[2], [1, 3, 4]]"
0.17837906999999997,0.16250688,0.17277768,0.17266356,0.16534086,0.16577832,0.17705718,0.19958636999999999,0.19843565999999999,0.18775593,0.23697969,0.23948081999999998,0.21213006,0.21212055,0.20883009,0.19749417,0.19840713,0.21039924000000002,0.24644213999999998,0.28461527999999997,0.27099695999999995,0.25167264,0.21999483,0.19776044999999998,0.19274867999999998,0.17529783000000002,0.17700962999999997,0.17718081,0.16612068,0.15983456999999998,0.16697658,0.16381926,0.19693308,0.24048888,0.25225274999999997,0.24700323000000002,0.23387943,0.21232025999999998,0.19889214,0.18895419,0.18519774,0.19705671,0.22552013999999998,0.25489652999999995,0.24519633,0.219681,0.19708524,0.18940115999999999,0.154,0.139,0.141,0.138,0.139,0.144,0.15,0.16,0.209,0.244,0.241,0.242,0.237,0.228,0.227,0.231,0.244,0.255,0.248,0.253,0.255,0.255,0.252,0.235,0.214,0.208,0.205,0.201,0.199,0.199,0.199,0.209,0.234,0.247,0.243,0.244,0.24,0.248,0.247,0.241,0.234,0.245,0.247,0.251,0.252,0.247,0.229,0.206,"[[2], [1, 3, 4]]"
0.16250688,0.17277768,0.17266356,0.16534086,0.16577832,0.17705718,0.19958636999999999,0.19843565999999999,0.18775593,0.23697969,0.23948081999999998,0.21213006,0.21212055,0.20883009,0.19749417,0.19840713,0.21039924000000002,0.24644213999999998,0.28461527999999997,0.27099695999999995,0.25167264,0.21999483,0.19776044999999998,0.19274867999999998,0.17529783000000002,0.17700962999999997,0.17718081,0.16612068,0.15983456999999998,0.16697658,0.16381926,0.19693308,0.24048888,0.25225274999999997,0.24700323000000002,0.23387943,0.21232025999999998,0.19889214,0.18895419,0.18519774,0.19705671,0.22552013999999998,0.25489652999999995,0.24519633,0.219681,0.19708524,0.18940115999999999,0.17166501,0.139,0.141,0.138,0.139,0.144,0.15,0.16,0.209,0.244,0.241,0.242,0.237,0.228,0.227,0.231,0.244,0.255,0.248,0.253,0.255,0.255,0.252,0.235,0.214,0.208,0.205,0.201,0.199,0.199,0.199,0.209,0.234,0.247,0.243,0.244,0.24,0.248,0.247,0.241,0.234,0.245,0.247,0.251,0.252,0.247,0.229,0.206,0.194,"[[2], [1, 3, 4]]"
0.17277768,0.17266356,0.16534086,0.16577832,0.17705718,0.19958636999999999,0.19843565999999999,0.18775593,0.23697969,0.23948081999999998,0.21213006,0.21212055,0.20883009,0.19749417,0.19840713,0.21039924000000002,0.24644213999999998,0.28461527999999997,0.27099695999999995,0.25167264,0.21999483,0.19776044999999998,0.19274867999999998,0.17529783000000002,0.17700962999999997,0.17718081,0.16612068,0.15983456999999998,0.16697658,0.16381926,0.19693308,0.24048888,0.25225274999999997,0.24700323000000002,0.23387943,0.21232025999999998,0.19889214,0.18895419,0.18519774,0.19705671,0.22552013999999998,0.25489652999999995,0.24519633,0.219681,0.19708524,0.18940115999999999,0.17166501,0.18645306,0.141,0.138,0.139,0.144,0.15,0.16,0.209,0.244,0.241,0.242,0.237,0.228,0.227,0.231,0.244,0.255,0.248,0.253,0.255,0.255,0.252,0.235,0.214,0.208,0.205,0.201,0.199,0.199,0.199,0.209,0.234,0.247,0.243,0.244,0.24,0.248,0.247,0.241,0.234,0.245,0.247,0.251,0.252,0.247,0.229,0.206,0.194,0.177,"[[2], [1, 3, 4]]"
0.17266356,0.16534086,0.16577832,0.17705718,0.19958636999999999,0.19843565999999999,0.18775593,0.23697969,0.23948081999999998,0.21213006,0.21212055,0.20883009,0.19749417,0.19840713,0.21039924000000002,0.24644213999999998,0.28461527999999997,0.27099695999999995,0.25167264,0.21999483,0.19776044999999998,0.19274867999999998,0.17529783000000002,0.17700962999999997,0.17718081,0.16612068,0.15983456999999998,0.16697658,0.16381926,0.19693308,0.24048888,0.25225274999999997,0.24700323000000002,0.23387943,0.21232025999999998,0.19889214,0.18895419,0.18519774,0.19705671,0.22552013999999998,0.25489652999999995,0.24519633,0.219681,0.19708524,0.18940115999999999,0.17166501,0.18645306,0.17842662,0.138,0.139,0.144,0.15,0.16,0.209,0.244,0.241,0.242,0.237,0.228,0.227,0.231,0.244,0.255,0.248,0.253,0.255,0.255,0.252,0.235,0.214,0.208,0.205,0.201,0.199,0.199,0.199,0.209,0.234,0.247,0.243,0.244,0.24,0.248,0.247,0.241,0.234,0.245,0.247,0.251,0.252,0.247,0.229,0.206,0.194,0.177,0.181,"[[2], [1, 3, 4]]"
0.16534086,0.16577832,0.17705718,0.19958636999999999,0.19843565999999999,0.18775593,0.23697969,0.23948081999999998,0.21213006,0.21212055,0.20883009,0.19749417,0.19840713,0.21039924000000002,0.24644213999999998,0.28461527999999997,0.27099695999999995,0.25167264,0.21999483,0.19776044999999998,0.19274867999999998,0.17529783000000002,0.17700962999999997,0.17718081,0.16612068,0.15983456999999998,0.16697658,0.16381926,0.19693308,0.24048888,0.25225274999999997,0.24700323000000002,0.23387943,0.21232025999999998,0.19889214,0.18895419,0.18519774,0.19705671,0.22552013999999998,0.25489652999999995,0.24519633,0.219681,0.19708524,0.18940115999999999,0.17166501,0.18645306,0.17842662,0.17259699,0.139,0.144,0.15,0.16,0.209,0.244,0.241,0.242,0.237,0.228,0.227,0.231,0.244,0.255,0.248,0.253,0.255,0.255,0.252,0.235,0.214,0.208,0.205,0.201,0.199,0.199,0.199,0.209,0.234,0.247,0.243,0.244,0.24,0.248,0.247,0.241,0.234,0.245,0.247,0.251,0.252,0.247,0.229,0.206,0.194,0.177,0.181,0.179,"[[2], [1, 3, 4]]"
0.16577832,0.17705718,0.19958636999999999,0.19843565999999999,0.18775593,0.23697969,0.23948081999999998,0.21213006,0.21212055,0.20883009,0.19749417,0.19840713,0.21039924000000002,0.24644213999999998,0.28461527999999997,0.27099695999999995,0.25167264,0.21999483,0.19776044999999998,0.19274867999999998,0.17529783000000002,0.17700962999999997,0.17718081,0.16612068,0.15983456999999998,0.16697658,0.16381926,0.19693308,0.24048888,0.25225274999999997,0.24700323000000002,0.23387943,0.21232025999999998,0.19889214,0.18895419,0.18519774,0.19705671,0.22552013999999998,0.25489652999999995,0.24519633,0.219681,0.19708524,0.18940115999999999,0.17166501,0.18645306,0.17842662,0.17259699,0.16618724999999998,0.144,0.15,0.16,0.209,0.244,0.241,0.242,0.237,0.228,0.227,0.231,0.244,0.255,0.248,0.253,0.255,0.255,0.252,0.235,0.214,0.208,0.205,0.201,0.199,0.199,0.199,0.209,0.234,0.247,0.243,0.244,0.24,0.248,0.247,0.241,0.234,0.245,0.247,0.251,0.252,0.247,0.229,0.206,0.194,0.177,0.181,0.179,0.172,"[[2], [1, 3, 4]]"
0.17705718,0.19958636999999999,0.19843565999999999,0.18775593,0.23697969,0.23948081999999998,0.21213006,0.21212055,0.20883009,0.19749417,0.19840713,0.21039924000000002,0.24644213999999998,0.28461527999999997,0.27099695999999995,0.25167264,0.21999483,0.19776044999999998,0.19274867999999998,0.17529783000000002,0.17700962999999997,0.17718081,0.16612068,0.15983456999999998,0.16697658,0.16381926,0.19693308,0.24048888,0.25225274999999997,0.24700323000000002,0.23387943,0.21232025999999998,0.19889214,0.18895419,0.18519774,0.19705671,0.22552013999999998,0.25489652999999995,0.24519633,0.219681,0.19708524,0.18940115999999999,0.17166501,0.18645306,0.17842662,0.17259699,0.16618724999999998,0.16349592,0.15,0.16,0.209,0.244,0.241,0.242,0.237,0.228,0.227,0.231,0.244,0.255,0.248,0.253,0.255,0.255,0.252,0.235,0.214,0.208,0.205,0.201,0.199,0.199,0.199,0.209,0.234,0.247,0.243,0.244,0.24,0.248,0.247,0.241,0.234,0.245,0.247,0.251,0.252,0.247,0.229,0.206,0.194,0.177,0.181,0.179,0.172,0.177,"[[2], [1, 3, 4]]"
0.19958636999999999,0.19843565999999999,0.18775593,0.23697969,0.23948081999999998,0.21213006,0.21212055,0.20883009,0.19749417,0.19840713,0.21039924000000002,0.24644213999999998,0.28461527999999997,0.27099695999999995,0.25167264,0.21999483,0.19776044999999998,0.19274867999999998,0.17529783000000002,0.17700962999999997,0.17718081,0.16612068,0.15983456999999998,0.16697658,0.16381926,0.19693308,0.24048888,0.25225274999999997,0.24700323000000002,0.23387943,0.21232025999999998,0.19889214,0.18895419,0.18519774,0.19705671,0.22552013999999998,0.25489652999999995,0.24519633,0.219681,0.19708524,0.18940115999999999,0.17166501,0.18645306,0.17842662,0.17259699,0.16618724999999998,0.16349592,0.16438986,0.16,0.209,0.244,0.241,0.242,0.237,0.228,0.227,0.231,0.244,0.255,0.248,0.253,0.255,0.255,0.252,0.235,0.214,0.208,0.205,0.201,0.199,0.199,0.199,0.209,0.234,0.247,0.243,0.244,0.24,0.248,0.247,0.241,0.234,0.245,0.247,0.251,0.252,0.247,0.229,0.206,0.194,0.177,0.181,0.179,0.172,0.177,0.176,"[[2], [1, 3, 4]]"
0.19843565999999999,0.18775593,0.23697969,0.23948081999999998,0.21213006,0.21212055,0.20883009,0.19749417,0.19840713,0.21039924000000002,0.24644213999999998,0.28461527999999997,0.27099695999999995,0.25167264,0.21999483,0.19776044999999998,0.19274867999999998,0.17529783000000002,0.17700962999999997,0.17718081,0.16612068,0.15983456999999998,0.16697658,0.16381926,0.19693308,0.24048888,0.25225274999999997,0.24700323000000002,0.23387943,0.21232025999999998,0.19889214,0.18895419,0.18519774,0.19705671,0.22552013999999998,0.25489652999999995,0.24519633,0.219681,0.19708524,0.18940115999999999,0.17166501,0.18645306,0.17842662,0.17259699,0.16618724999999998,0.16349592,0.16438986,0.16714775999999998,0.209,0.244,0.241,0.242,0.237,0.228,0.227,0.231,0.244,0.255,0.248,0.253,0.255,0.255,0.252,0.235,0.214,0.208,0.205,0.201,0.199,0.199,0.199,0.209,0.234,0.247,0.243,0.244,0.24,0.248,0.247,0.241,0.234,0.245,0.247,0.251,0.252,0.247,0.229,0.206,0.194,0.177,0.181,0.179,0.172,0.177,0.176,0.182,"[[2], [1, 3, 4]]"
0.18775593,0.23697969,0.23948081999999998,0.21213006,0.21212055,0.20883009,0.19749417,0.19840713,0.21039924000000002,0.24644213999999998,0.28461527999999997,0.27099695999999995,0.25167264,0.21999483,0.19776044999999998,0.19274867999999998,0.17529783000000002,0.17700962999999997,0.17718081,0.16612068,0.15983456999999998,0.16697658,0.16381926,0.19693308,0.24048888,0.25225274999999997,0.24700323000000002,0.23387943,0.21232025999999998,0.19889214,0.18895419,0.18519774,0.19705671,0.22552013999999998,0.25489652999999995,0.24519633,0.219681,0.19708524,0.18940115999999999,0.17166501,0.18645306,0.17842662,0.17259699,0.16618724999999998,0.16349592,0.16438986,0.16714775999999998,0.17861681999999998,0.244,0.241,0.242,0.237,0.228,0.227,0.231,0.244,0.255,0.248,0.253,0.255,0.255,0.252,0.235,0.214,0.208,0.205,0.201,0.199,0.199,0.199,0.209,0.234,0.247,0.243,0.244,0.24,0.248,0.247,0.241,0.234,0.245,0.247,0.251,0.252,0.247,0.229,0.206,0.194,0.177,0.181,0.179,0.172,0.177,0.176,0.182,0.194,"[[2], [1, 3, 4]]"
0.23697969,0.23948081999999998,0.21213006,0.21212055,0.20883009,0.19749417,0.19840713,0.21039924000000002,0.24644213999999998,0.28461527999999997,0.27099695999999995,0.25167264,0.21999483,0.19776044999999998,0.19274867999999998,0.17529783000000002,0.17700962999999997,0.17718081,0.16612068,0.15983456999999998,0.16697658,0.16381926,0.19693308,0.24048888,0.25225274999999997,0.24700323000000002,0.23387943,0.21232025999999998,0.19889214,0.18895419,0.18519774,0.19705671,0.22552013999999998,0.25489652999999995,0.24519633,0.219681,0.19708524,0.18940115999999999,0.17166501,0.18645306,0.17842662,0.17259699,0.16618724999999998,0.16349592,0.16438986,0.16714775999999998,0.17861681999999998,0.19008587999999998,0.241,0.242,0.237,0.228,0.227,0.231,0.244,0.255,0.248,0.253,0.255,0.255,0.252,0.235,0.214,0.208,0.205,0.201,0.199,0.199,0.199,0.209,0.234,0.247,0.243,0.244,0.24,0.248,0.247,0.241,0.234,0.245,0.247,0.251,0.252,0.247,0.229,0.206,0.194,0.177,0.181,0.179,0.172,0.177,0.176,0.182,0.194,0.211,"[[2], [1, 3, 4]]"
0.23948081999999998,0.21213006,0.21212055,0.20883009,0.19749417,0.19840713,0.21039924000000002,0.24644213999999998,0.28461527999999997,0.27099695999999995,0.25167264,0.21999483,0.19776044999999998,0.19274867999999998,0.17529783000000002,0.17700962999999997,0.17718081,0.16612068,0.15983456999999998,0.16697658,0.16381926,0.19693308,0.24048888,0.25225274999999997,0.24700323000000002,0.23387943,0.21232025999999998,0.19889214,0.18895419,0.18519774,0.19705671,0.22552013999999998,0.25489652999999995,0.24519633,0.219681,0.19708524,0.18940115999999999,0.17166501,0.18645306,0.17842662,0.17259699,0.16618724999999998,0.16349592,0.16438986,0.16714775999999998,0.17861681999999998,0.19008587999999998,0.20174514,0.242,0.237,0.228,0.227,0.231,0.244,0.255,0.248,0.253,0.255,0.255,0.252,0.235,0.214,0.208,0.205,0.201,0.199,0.199,0.199,0.209,0.234,0.247,0.243,0.244,0.24,0.248,0.247,0.241,0.234,0.245,0.247,0.251,0.252,0.247,0.229,0.206,0.194,0.177,0.181,0.179,0.172,0.177,0.176,0.182,0.194,0.211,0.215,"[[2], [1, 3, 4]]"
0.21213006,0.21212055,0.20883009,0.19749417,0.19840713,0.21039924000000002,0.24644213999999998,0.28461527999999997,0.27099695999999995,0.25167264,0.21999483,0.19776044999999998,0.19274867999999998,0.17529783000000002,0.17700962999999997,0.17718081,0.16612068,0.15983456999999998,0.16697658,0.16381926,0.19693308,0.24048888,0.25225274999999997,0.24700323000000002,0.23387943,0.21232025999999998,0.19889214,0.18895419,0.18519774,0.19705671,0.22552013999999998,0.25489652999999995,0.24519633,0.219681,0.19708524,0.18940115999999999,0.17166501,0.18645306,0.17842662,0.17259699,0.16618724999999998,0.16349592,0.16438986,0.16714775999999998,0.17861681999999998,0.19008587999999998,0.20174514,0.20470275,0.237,0.228,0.227,0.231,0.244,0.255,0.248,0.253,0.255,0.255,0.252,0.235,0.214,0.208,0.205,0.201,0.199,0.199,0.199,0.209,0.234,0.247,0.243,0.244,0.24,0.248,0.247,0.241,0.234,0.245,0.247,0.251,0.252,0.247,0.229,0.206,0.194,0.177,0.181,0.179,0.172,0.177,0.176,0.182,0.194,0.211,0.215,0.208,"[[2], [1, 3, 4]]"
0.21212055,0.20883009,0.19749417,0.19840713,0.21039924000000002,0.24644213999999998,0.28461527999999997,0.27099695999999995,0.25167264,0.21999483,0.19776044999999998,0.19274867999999998,0.17529783000000002,0.17700962999999997,0.17718081,0.16612068,0.15983456999999998,0.16697658,0.16381926,0.19693308,0.24048888,0.25225274999999997,0.24700323000000002,0.23387943,0.21232025999999998,0.19889214,0.18895419,0.18519774,0.19705671,0.22552013999999998,0.25489652999999995,0.24519633,0.219681,0.19708524,0.18940115999999999,0.17166501,0.18645306,0.17842662,0.17259699,0.16618724999999998,0.16349592,0.16438986,0.16714775999999998,0.17861681999999998,0.19008587999999998,0.20174514,0.20470275,0.20700416999999996,0.228,0.227,0.231,0.244,0.255,0.248,0.253,0.255,0.255,0.252,0.235,0.214,0.208,0.205,0.201,0.199,0.199,0.199,0.209,0.234,0.247,0.243,0.244,0.24,0.248,0.247,0.241,0.234,0.245,0.247,0.251,0.252,0.247,0.229,0.206,0.194,0.177,0.181,0.179,0.172,0.177,0.176,0.182,0.194,0.211,0.215,0.208,0.199,"[[2], [1, 3, 4]]"
0.20883009,0.19749417,0.19840713,0.21039924000000002,0.24644213999999998,0.28461527999999997,0.27099695999999995,0.25167264,0.21999483,0.19776044999999998,0.19274867999999998,0.17529783000000002,0.17700962999999997,0.17718081,0.16612068,0.15983456999999998,0.16697658,0.16381926,0.19693308,0.24048888,0.25225274999999997,0.24700323000000002,0.23387943,0.21232025999999998,0.19889214,0.18895419,0.18519774,0.19705671,0.22552013999999998,0.25489652999999995,0.24519633,0.219681,0.19708524,0.18940115999999999,0.17166501,0.18645306,0.17842662,0.17259699,0.16618724999999998,0.16349592,0.16438986,0.16714775999999998,0.17861681999999998,0.19008587999999998,0.20174514,0.20470275,0.20700416999999996,0.19363311,0.227,0.231,0.244,0.255,0.248,0.253,0.255,0.255,0.252,0.235,0.214,0.208,0.205,0.201,0.199,0.199,0.199,0.209,0.234,0.247,0.243,0.244,0.24,0.248,0.247,0.241,0.234,0.245,0.247,0.251,0.252,0.247,0.229,0.206,0.194,0.177,0.181,0.179,0.172,0.177,0.176,0.182,0.194,0.211,0.215,0.208,0.199,0.192,"[[2], [1, 3, 4]]"
0.19749417,0.19840713,0.21039924000000002,0.24644213999999998,0.28461527999999997,0.27099695999999995,0.25167264,0.21999483,0.19776044999999998,0.19274867999999998,0.17529783000000002,0.17700962999999997,0.17718081,0.16612068,0.15983456999999998,0.16697658,0.16381926,0.19693308,0.24048888,0.25225274999999997,0.24700323000000002,0.23387943,0.21232025999999998,0.19889214,0.18895419,0.18519774,0.19705671,0.22552013999999998,0.25489652999999995,0.24519633,0.219681,0.19708524,0.18940115999999999,0.17166501,0.18645306,0.17842662,0.17259699,0.16618724999999998,0.16349592,0.16438986,0.16714775999999998,0.17861681999999998,0.19008587999999998,0.20174514,0.20470275,0.20700416999999996,0.19363311,0.18230669999999996,0.231,0.244,0.255,0.248,0.253,0.255,0.255,0.252,0.235,0.214,0.208,0.205,0.201,0.199,0.199,0.199,0.209,0.234,0.247,0.243,0.244,0.24,0.248,0.247,0.241,0.234,0.245,0.247,0.251,0.252,0.247,0.229,0.206,0.194,0.177,0.181,0.179,0.172,0.177,0.176,0.182,0.194,0.211,0.215,0.208,0.199,0.192,0.197,"[[2], [1, 3, 4]]"
0.19840713,0.21039924000000002,0.24644213999999998,0.28461527999999997,0.27099695999999995,0.25167264,0.21999483,0.19776044999999998,0.19274867999999998,0.17529783000000002,0.17700962999999997,0.17718081,0.16612068,0.15983456999999998,0.16697658,0.16381926,0.19693308,0.24048888,0.25225274999999997,0.24700323000000002,0.23387943,0.21232025999999998,0.19889214,0.18895419,0.18519774,0.19705671,0.22552013999999998,0.25489652999999995,0.24519633,0.219681,0.19708524,0.18940115999999999,0.17166501,0.18645306,0.17842662,0.17259699,0.16618724999999998,0.16349592,0.16438986,0.16714775999999998,0.17861681999999998,0.19008587999999998,0.20174514,0.20470275,0.20700416999999996,0.19363311,0.18230669999999996,0.1803096,0.244,0.255,0.248,0.253,0.255,0.255,0.252,0.235,0.214,0.208,0.205,0.201,0.199,0.199,0.199,0.209,0.234,0.247,0.243,0.244,0.24,0.248,0.247,0.241,0.234,0.245,0.247,0.251,0.252,0.247,0.229,0.206,0.194,0.177,0.181,0.179,0.172,0.177,0.176,0.182,0.194,0.211,0.215,0.208,0.199,0.192,0.197,0.202,"[[2], [1, 3, 4]]"
0.21039924000000002,0.24644213999999998,0.28461527999999997,0.27099695999999995,0.25167264,0.21999483,0.19776044999999998,0.19274867999999998,0.17529783000000002,0.17700962999999997,0.17718081,0.16612068,0.15983456999999998,0.16697658,0.16381926,0.19693308,0.24048888,0.25225274999999997,0.24700323000000002,0.23387943,0.21232025999999998,0.19889214,0.18895419,0.18519774,0.19705671,0.22552013999999998,0.25489652999999995,0.24519633,0.219681,0.19708524,0.18940115999999999,0.17166501,0.18645306,0.17842662,0.17259699,0.16618724999999998,0.16349592,0.16438986,0.16714775999999998,0.17861681999999998,0.19008587999999998,0.20174514,0.20470275,0.20700416999999996,0.19363311,0.18230669999999996,0.1803096,0.18685248,0.255,0.248,0.253,0.255,0.255,0.252,0.235,0.214,0.208,0.205,0.201,0.199,0.199,0.199,0.209,0.234,0.247,0.243,0.244,0.24,0.248,0.247,0.241,0.234,0.245,0.247,0.251,0.252,0.247,0.229,0.206,0.194,0.177,0.181,0.179,0.172,0.177,0.176,0.182,0.194,0.211,0.215,0.208,0.199,0.192,0.197,0.202,0.215,"[[2], [1, 3, 4]]"
0.24644213999999998,0.28461527999999997,0.27099695999999995,0.25167264,0.21999483,0.19776044999999998,0.19274867999999998,0.17529783000000002,0.17700962999999997,0.17718081,0.16612068,0.15983456999999998,0.16697658,0.16381926,0.19693308,0.24048888,0.25225274999999997,0.24700323000000002,0.23387943,0.21232025999999998,0.19889214,0.18895419,0.18519774,0.19705671,0.22552013999999998,0.25489652999999995,0.24519633,0.219681,0.19708524,0.18940115999999999,0.17166501,0.18645306,0.17842662,0.17259699,0.16618724999999998,0.16349592,0.16438986,0.16714775999999998,0.17861681999999998,0.19008587999999998,0.20174514,0.20470275,0.20700416999999996,0.19363311,0.18230669999999996,0.1803096,0.18685248,0.18726141,0.248,0.253,0.255,0.255,0.252,0.235,0.214,0.208,0.205,0.201,0.199,0.199,0.199,0.209,0.234,0.247,0.243,0.244,0.24,0.248,0.247,0.241,0.234,0.245,0.247,0.251,0.252,0.247,0.229,0.206,0.194,0.177,0.181,0.179,0.172,0.177,0.176,0.182,0.194,0.211,0.215,0.208,0.199,0.192,0.197,0.202,0.215,0.235,"[[2], [1, 3, 4]]"
0.28461527999999997,0.27099695999999995,0.25167264,0.21999483,0.19776044999999998,0.19274867999999998,0.17529783000000002,0.17700962999999997,0.17718081,0.16612068,0.15983456999999998,0.16697658,0.16381926,0.19693308,0.24048888,0.25225274999999997,0.24700323000000002,0.23387943,0.21232025999999998,0.19889214,0.18895419,0.18519774,0.19705671,0.22552013999999998,0.25489652999999995,0.24519633,0.219681,0.19708524,0.18940115999999999,0.17166501,0.18645306,0.17842662,0.17259699,0.16618724999999998,0.16349592,0.16438986,0.16714775999999998,0.17861681999999998,0.19008587999999998,0.20174514,0.20470275,0.20700416999999996,0.19363311,0.18230669999999996,0.1803096,0.18685248,0.18726141,0.21467873999999998,0.253,0.255,0.255,0.252,0.235,0.214,0.208,0.205,0.201,0.199,0.199,0.199,0.209,0.234,0.247,0.243,0.244,0.24,0.248,0.247,0.241,0.234,0.245,0.247,0.251,0.252,0.247,0.229,0.206,0.194,0.177,0.181,0.179,0.172,0.177,0.176,0.182,0.194,0.211,0.215,0.208,0.199,0.192,0.197,0.202,0.215,0.235,0.244,"[[2], [1, 3, 4]]"
0.27099695999999995,0.25167264,0.21999483,0.19776044999999998,0.19274867999999998,0.17529783000000002,0.17700962999999997,0.17718081,0.16612068,0.15983456999999998,0.16697658,0.16381926,0.19693308,0.24048888,0.25225274999999997,0.24700323000000002,0.23387943,0.21232025999999998,0.19889214,0.18895419,0.18519774,0.19705671,0.22552013999999998,0.25489652999999995,0.24519633,0.219681,0.19708524,0.18940115999999999,0.17166501,0.18645306,0.17842662,0.17259699,0.16618724999999998,0.16349592,0.16438986,0.16714775999999998,0.17861681999999998,0.19008587999999998,0.20174514,0.20470275,0.20700416999999996,0.19363311,0.18230669999999996,0.1803096,0.18685248,0.18726141,0.21467873999999998,0.25320374999999995,0.255,0.255,0.252,0.235,0.214,0.208,0.205,0.201,0.199,0.199,0.199,0.209,0.234,0.247,0.243,0.244,0.24,0.248,0.247,0.241,0.234,0.245,0.247,0.251,0.252,0.247,0.229,0.206,0.194,0.177,0.181,0.179,0.172,0.177,0.176,0.182,0.194,0.211,0.215,0.208,0.199,0.192,0.197,0.202,0.215,0.235,0.244,0.242,"[[2], [1, 3, 4]]"
0.25167264,0.21999483,0.19776044999999998,0.19274867999999998,0.17529783000000002,0.17700962999999997,0.17718081,0.16612068,0.15983456999999998,0.16697658,0.16381926,0.19693308,0.24048888,0.25225274999999997,0.24700323000000002,0.23387943,0.21232025999999998,0.19889214,0.18895419,0.18519774,0.19705671,0.22552013999999998,0.25489652999999995,0.24519633,0.219681,0.19708524,0.18940115999999999,0.17166501,0.18645306,0.17842662,0.17259699,0.16618724999999998,0.16349592,0.16438986,0.16714775999999998,0.17861681999999998,0.19008587999999998,0.20174514,0.20470275,0.20700416999999996,0.19363311,0.18230669999999996,0.1803096,0.18685248,0.18726141,0.21467873999999998,0.25320374999999995,0.2473551,0.255,0.252,0.235,0.214,0.208,0.205,0.201,0.199,0.199,0.199,0.209,0.234,0.247,0.243,0.244,0.24,0.248,0.247,0.241,0.234,0.245,0.247,0.251,0.252,0.247,0.229,0.206,0.194,0.177,0.181,0.179,0.172,0.177,0.176,0.182,0.194,0.211,0.215,0.208,0.199,0.192,0.197,0.202,0.215,0.235,0.244,0.242,0.245,"[[2], [1, 3, 4]]"
0.21999483,0.19776044999999998,0.19274867999999998,0.17529783000000002,0.17700962999999997,0.17718081,0.16612068,0.15983456999999998,0.16697658,0.16381926,0.19693308,0.24048888,0.25225274999999997,0.24700323000000002,0.23387943,0.21232025999999998,0.19889214,0.18895419,0.18519774,0.19705671,0.22552013999999998,0.25489652999999995,0.24519633,0.219681,0.19708524,0.18940115999999999,0.17166501,0.18645306,0.17842662,0.17259699,0.16618724999999998,0.16349592,0.16438986,0.16714775999999998,0.17861681999999998,0.19008587999999998,0.20174514,0.20470275,0.20700416999999996,0.19363311,0.18230669999999996,0.1803096,0.18685248,0.18726141,0.21467873999999998,0.25320374999999995,0.2473551,0.20624337,0.252,0.235,0.214,0.208,0.205,0.201,0.199,0.199,0.199,0.209,0.234,0.247,0.243,0.244,0.24,0.248,0.247,0.241,0.234,0.245,0.247,0.251,0.252,0.247,0.229,0.206,0.194,0.177,0.181,0.179,0.172,0.177,0.176,0.182,0.194,0.211,0.215,0.208,0.199,0.192,0.197,0.202,0.215,0.235,0.244,0.242,0.245,0.251,"[[2], [1, 3, 4]]"
0.19776044999999998,0.19274867999999998,0.17529783000000002,0.17700962999999997,0.17718081,0.16612068,0.15983456999999998,0.16697658,0.16381926,0.19693308,0.24048888,0.25225274999999997,0.24700323000000002,0.23387943,0.21232025999999998,0.19889214,0.18895419,0.18519774,0.19705671,0.22552013999999998,0.25489652999999995,0.24519633,0.219681,0.19708524,0.18940115999999999,0.17166501,0.18645306,0.17842662,0.17259699,0.16618724999999998,0.16349592,0.16438986,0.16714775999999998,0.17861681999999998,0.19008587999999998,0.20174514,0.20470275,0.20700416999999996,0.19363311,0.18230669999999996,0.1803096,0.18685248,0.18726141,0.21467873999999998,0.25320374999999995,0.2473551,0.20624337,0.19064697,0.235,0.214,0.208,0.205,0.201,0.199,0.199,0.199,0.209,0.234,0.247,0.243,0.244,0.24,0.248,0.247,0.241,0.234,0.245,0.247,0.251,0.252,0.247,0.229,0.206,0.194,0.177,0.181,0.179,0.172,0.177,0.176,0.182,0.194,0.211,0.215,0.208,0.199,0.192,0.197,0.202,0.215,0.235,0.244,0.242,0.245,0.251,0.247,"[[2], [1, 3, 4]]"
0.19274867999999998,0.17529783000000002,0.17700962999999997,0.17718081,0.16612068,0.15983456999999998,0.16697658,0.16381926,0.19693308,0.24048888,0.25225274999999997,0.24700323000000002,0.23387943,0.21232025999999998,0.19889214,0.18895419,0.18519774,0.19705671,0.22552013999999998,0.25489652999999995,0.24519633,0.219681,0.19708524,0.18940115999999999,0.17166501,0.18645306,0.17842662,0.17259699,0.16618724999999998,0.16349592,0.16438986,0.16714775999999998,0.17861681999999998,0.19008587999999998,0.20174514,0.20470275,0.20700416999999996,0.19363311,0.18230669999999996,0.1803096,0.18685248,0.18726141,0.21467873999999998,0.25320374999999995,0.2473551,0.20624337,0.19064697,0.18861183,0.214,0.208,0.205,0.201,0.199,0.199,0.199,0.209,0.234,0.247,0.243,0.244,0.24,0.248,0.247,0.241,0.234,0.245,0.247,0.251,0.252,0.247,0.229,0.206,0.194,0.177,0.181,0.179,0.172,0.177,0.176,0.182,0.194,0.211,0.215,0.208,0.199,0.192,0.197,0.202,0.215,0.235,0.244,0.242,0.245,0.251,0.247,0.229,"[[2], [1, 3, 4]]"
0.17529783000000002,0.17700962999999997,0.17718081,0.16612068,0.15983456999999998,0.16697658,0.16381926,0.19693308,0.24048888,0.25225274999999997,0.24700323000000002,0.23387943,0.21232025999999998,0.19889214,0.18895419,0.18519774,0.19705671,0.22552013999999998,0.25489652999999995,0.24519633,0.219681,0.19708524,0.18940115999999999,0.17166501,0.18645306,0.17842662,0.17259699,0.16618724999999998,0.16349592,0.16438986,0.16714775999999998,0.17861681999999998,0.19008587999999998,0.20174514,0.20470275,0.20700416999999996,0.19363311,0.18230669999999996,0.1803096,0.18685248,0.18726141,0.21467873999999998,0.25320374999999995,0.2473551,0.20624337,0.19064697,0.18861183,0.18872594999999998,0.208,0.205,0.201,0.199,0.199,0.199,0.209,0.234,0.247,0.243,0.244,0.24,0.248,0.247,0.241,0.234,0.245,0.247,0.251,0.252,0.247,0.229,0.206,0.194,0.177,0.181,0.179,0.172,0.177,0.176,0.182,0.194,0.211,0.215,0.208,0.199,0.192,0.197,0.202,0.215,0.235,0.244,0.242,0.245,0.251,0.247,0.229,0.215,"[[2], [1, 3, 4]]"
0.17700962999999997,0.17718081,0.16612068,0.15983456999999998,0.16697658,0.16381926,0.19693308,0.24048888,0.25225274999999997,0.24700323000000002,0.23387943,0.21232025999999998,0.19889214,0.18895419,0.18519774,0.19705671,0.22552013999999998,0.25489652999999995,0.24519633,0.219681,0.19708524,0.18940115999999999,0.17166501,0.18645306,0.17842662,0.17259699,0.16618724999999998,0.16349592,0.16438986,0.16714775999999998,0.17861681999999998,0.19008587999999998,0.20174514,0.20470275,0.20700416999999996,0.19363311,0.18230669999999996,0.1803096,0.18685248,0.18726141,0.21467873999999998,0.25320374999999995,0.2473551,0.20624337,0.19064697,0.18861183,0.18872594999999998,0.19323369,0.205,0.201,0.199,0.199,0.199,0.209,0.234,0.247,0.243,0.244,0.24,0.248,0.247,0.241,0.234,0.245,0.247,0.251,0.252,0.247,0.229,0.206,0.194,0.177,0.181,0.179,0.172,0.177,0.176,0.182,0.194,0.211,0.215,0.208,0.199,0.192,0.197,0.202,0.215,0.235,0.244,0.242,0.245,0.251,0.247,0.229,0.215,0.2,"[[2], [1, 3, 4]]"
0.17718081,0.16612068,0.15983456999999998,0.16697658,0.16381926,0.19693308,0.24048888,0.25225274999999997,0.24700323000000002,0.23387943,0.21232025999999998,0.19889214,0.18895419,0.18519774,0.19705671,0.22552013999999998,0.25489652999999995,0.24519633,0.219681,0.19708524,0.18940115999999999,0.17166501,0.18645306,0.17842662,0.17259699,0.16618724999999998,0.16349592,0.16438986,0.16714775999999998,0.17861681999999998,0.19008587999999998,0.20174514,0.20470275,0.20700416999999996,0.19363311,0.18230669999999996,0.1803096,0.18685248,0.18726141,0.21467873999999998,0.25320374999999995,0.2473551,0.20624337,0.19064697,0.18861183,0.18872594999999998,0.19323369,0.18514068,0.201,0.199,0.199,0.199,0.209,0.234,0.247,0.243,0.244,0.24,0.248,0.247,0.241,0.234,0.245,0.247,0.251,0.252,0.247,0.229,0.206,0.194,0.177,0.181,0.179,0.172,0.177,0.176,0.182,0.194,0.211,0.215,0.208,0.199,0.192,0.197,0.202,0.215,0.235,0.244,0.242,0.245,0.251,0.247,0.229,0.215,0.2,0.203,"[[2], [1, 3, 4]]"
0.16612068,0.15983456999999998,0.16697658,0.16381926,0.19693308,0.24048888,0.25225274999999997,0.24700323000000002,0.23387943,0.21232025999999998,0.19889214,0.18895419,0.18519774,0.19705671,0.22552013999999998,0.25489652999999995,0.24519633,0.219681,0.19708524,0.18940115999999999,0.17166501,0.18645306,0.17842662,0.17259699,0.16618724999999998,0.16349592,0.16438986,0.16714775999999998,0.17861681999999998,0.19008587999999998,0.20174514,0.20470275,0.20700416999999996,0.19363311,0.18230669999999996,0.1803096,0.18685248,0.18726141,0.21467873999999998,0.25320374999999995,0.2473551,0.20624337,0.19064697,0.18861183,0.18872594999999998,0.19323369,0.18514068,0.18118452000000002,0.199,0.199,0.199,0.209,0.234,0.247,0.243,0.244,0.24,0.248,0.247,0.241,0.234,0.245,0.247,0.251,0.252,0.247,0.229,0.206,0.194,0.177,0.181,0.179,0.172,0.177,0.176,0.182,0.194,0.211,0.215,0.208,0.199,0.192,0.197,0.202,0.215,0.235,0.244,0.242,0.245,0.251,0.247,0.229,0.215,0.2,0.203,0.197,"[[2], [1, 3, 4]]"
0.15983456999999998,0.16697658,0.16381926,0.19693308,0.24048888,0.25225274999999997,0.24700323000000002,0.23387943,0.21232025999999998,0.19889214,0.18895419,0.18519774,0.19705671,0.22552013999999998,0.25489652999999995,0.24519633,0.219681,0.19708524,0.18940115999999999,0.17166501,0.18645306,0.17842662,0.17259699,0.16618724999999998,0.16349592,0.16438986,0.16714775999999998,0.17861681999999998,0.19008587999999998,0.20174514,0.20470275,0.20700416999999996,0.19363311,0.18230669999999996,0.1803096,0.18685248,0.18726141,0.21467873999999998,0.25320374999999995,0.2473551,0.20624337,0.19064697,0.18861183,0.18872594999999998,0.19323369,0.18514068,0.18118452000000002,0.17487939,0.199,0.199,0.209,0.234,0.247,0.243,0.244,0.24,0.248,0.247,0.241,0.234,0.245,0.247,0.251,0.252,0.247,0.229,0.206,0.194,0.177,0.181,0.179,0.172,0.177,0.176,0.182,0.194,0.211,0.215,0.208,0.199,0.192,0.197,0.202,0.215,0.235,0.244,0.242,0.245,0.251,0.247,0.229,0.215,0.2,0.203,0.197,0.196,"[[2], [1, 3, 4]]"
0.16697658,0.16381926,0.19693308,0.24048888,0.25225274999999997,0.24700323000000002,0.23387943,0.21232025999999998,0.19889214,0.18895419,0.18519774,0.19705671,0.22552013999999998,0.25489652999999995,0.24519633,0.219681,0.19708524,0.18940115999999999,0.17166501,0.18645306,0.17842662,0.17259699,0.16618724999999998,0.16349592,0.16438986,0.16714775999999998,0.17861681999999998,0.19008587999999998,0.20174514,0.20470275,0.20700416999999996,0.19363311,0.18230669999999996,0.1803096,0.18685248,0.18726141,0.21467873999999998,0.25320374999999995,0.2473551,0.20624337,0.19064697,0.18861183,0.18872594999999998,0.19323369,0.18514068,0.18118452000000002,0.17487939,0.17152236,0.199,0.209,0.234,0.247,0.243,0.244,0.24,0.248,0.247,0.241,0.234,0.245,0.247,0.251,0.252,0.247,0.229,0.206,0.194,0.177,0.181,0.179,0.172,0.177,0.176,0.182,0.194,0.211,0.215,0.208,0.199,0.192,0.197,0.202,0.215,0.235,0.244,0.242,0.245,0.251,0.247,0.229,0.215,0.2,0.203,0.197,0.196,0.192,"[[2], [1, 3, 4]]"
0.16381926,0.19693308,0.24048888,0.25225274999999997,0.24700323000000002,0.23387943,0.21232025999999998,0.19889214,0.18895419,0.18519774,0.19705671,0.22552013999999998,0.25489652999999995,0.24519633,0.219681,0.19708524,0.18940115999999999,0.17166501,0.18645306,0.17842662,0.17259699,0.16618724999999998,0.16349592,0.16438986,0.16714775999999998,0.17861681999999998,0.19008587999999998,0.20174514,0.20470275,0.20700416999999996,0.19363311,0.18230669999999996,0.1803096,0.18685248,0.18726141,0.21467873999999998,0.25320374999999995,0.2473551,0.20624337,0.19064697,0.18861183,0.18872594999999998,0.19323369,0.18514068,0.18118452000000002,0.17487939,0.17152236,0.16959183,0.209,0.234,0.247,0.243,0.244,0.24,0.248,0.247,0.241,0.234,0.245,0.247,0.251,0.252,0.247,0.229,0.206,0.194,0.177,0.181,0.179,0.172,0.177,0.176,0.182,0.194,0.211,0.215,0.208,0.199,0.192,0.197,0.202,0.215,0.235,0.244,0.242,0.245,0.251,0.247,0.229,0.215,0.2,0.203,0.197,0.196,0.192,0.192,"[[2], [1, 3, 4]]"
0.19693308,0.24048888,0.25225274999999997,0.24700323000000002,0.23387943,0.21232025999999998,0.19889214,0.18895419,0.18519774,0.19705671,0.22552013999999998,0.25489652999999995,0.24519633,0.219681,0.19708524,0.18940115999999999,0.17166501,0.18645306,0.17842662,0.17259699,0.16618724999999998,0.16349592,0.16438986,0.16714775999999998,0.17861681999999998,0.19008587999999998,0.20174514,0.20470275,0.20700416999999996,0.19363311,0.18230669999999996,0.1803096,0.18685248,0.18726141,0.21467873999999998,0.25320374999999995,0.2473551,0.20624337,0.19064697,0.18861183,0.18872594999999998,0.19323369,0.18514068,0.18118452000000002,0.17487939,0.17152236,0.16959183,0.17312003999999998,0.234,0.247,0.243,0.244,0.24,0.248,0.247,0.241,0.234,0.245,0.247,0.251,0.252,0.247,0.229,0.206,0.194,0.177,0.181,0.179,0.172,0.177,0.176,0.182,0.194,0.211,0.215,0.208,0.199,0.192,0.197,0.202,0.215,0.235,0.244,0.242,0.245,0.251,0.247,0.229,0.215,0.2,0.203,0.197,0.196,0.192,0.192,0.186,"[[2], [1, 3, 4]]"
0.24048888,0.25225274999999997,0.24700323000000002,0.23387943,0.21232025999999998,0.19889214,0.18895419,0.18519774,0.19705671,0.22552013999999998,0.25489652999999995,0.24519633,0.219681,0.19708524,0.18940115999999999,0.17166501,0.18645306,0.17842662,0.17259699,0.16618724999999998,0.16349592,0.16438986,0.16714775999999998,0.17861681999999998,0.19008587999999998,0.20174514,0.20470275,0.20700416999999996,0.19363311,0.18230669999999996,0.1803096,0.18685248,0.18726141,0.21467873999999998,0.25320374999999995,0.2473551,0.20624337,0.19064697,0.18861183,0.18872594999999998,0.19323369,0.18514068,0.18118452000000002,0.17487939,0.17152236,0.16959183,0.17312003999999998,0.17436585,0.247,0.243,0.244,0.24,0.248,0.247,0.241,0.234,0.245,0.247,0.251,0.252,0.247,0.229,0.206,0.194,0.177,0.181,0.179,0.172,0.177,0.176,0.182,0.194,0.211,0.215,0.208,0.199,0.192,0.197,0.202,0.215,0.235,0.244,0.242,0.245,0.251,0.247,0.229,0.215,0.2,0.203,0.197,0.196,0.192,0.192,0.186,0.192,"[[2], [1, 3, 4]]"
0.25225274999999997,0.24700323000000002,0.23387943,0.21232025999999998,0.19889214,0.18895419,0.18519774,0.19705671,0.22552013999999998,0.25489652999999995,0.24519633,0.219681,0.19708524,0.18940115999999999,0.17166501,0.18645306,0.17842662,0.17259699,0.16618724999999998,0.16349592,0.16438986,0.16714775999999998,0.17861681999999998,0.19008587999999998,0.20174514,0.20470275,0.20700416999999996,0.19363311,0.18230669999999996,0.1803096,0.18685248,0.18726141,0.21467873999999998,0.25320374999999995,0.2473551,0.20624337,0.19064697,0.18861183,0.18872594999999998,0.19323369,0.18514068,0.18118452000000002,0.17487939,0.17152236,0.16959183,0.17312003999999998,0.17436585,0.18036665999999998,0.243,0.244,0.24,0.248,0.247,0.241,0.234,0.245,0.247,0.251,0.252,0.247,0.229,0.206,0.194,0.177,0.181,0.179,0.172,0.177,0.176,0.182,0.194,0.211,0.215,0.208,0.199,0.192,0.197,0.202,0.215,0.235,0.244,0.242,0.245,0.251,0.247,0.229,0.215,0.2,0.203,0.197,0.196,0.192,0.192,0.186,0.192,0.202,"[[2], [1, 3, 4]]"
0.24700323000000002,0.23387943,0.21232025999999998,0.19889214,0.18895419,0.18519774,0.19705671,0.22552013999999998,0.25489652999999995,0.24519633,0.219681,0.19708524,0.18940115999999999,0.17166501,0.18645306,0.17842662,0.17259699,0.16618724999999998,0.16349592,0.16438986,0.16714775999999998,0.17861681999999998,0.19008587999999998,0.20174514,0.20470275,0.20700416999999996,0.19363311,0.18230669999999996,0.1803096,0.18685248,0.18726141,0.21467873999999998,0.25320374999999995,0.2473551,0.20624337,0.19064697,0.18861183,0.18872594999999998,0.19323369,0.18514068,0.18118452000000002,0.17487939,0.17152236,0.16959183,0.17312003999999998,0.17436585,0.18036665999999998,0.18631040999999998,0.244,0.24,0.248,0.247,0.241,0.234,0.245,0.247,0.251,0.252,0.247,0.229,0.206,0.194,0.177,0.181,0.179,0.172,0.177,0.176,0.182,0.194,0.211,0.215,0.208,0.199,0.192,0.197,0.202,0.215,0.235,0.244,0.242,0.245,0.251,0.247,0.229,0.215,0.2,0.203,0.197,0.196,0.192,0.192,0.186,0.192,0.202,0.219,"[[2], [1, 3, 4]]"
0.23387943,0.21232025999999998,0.19889214,0.18895419,0.18519774,0.19705671,0.22552013999999998,0.25489652999999995,0.24519633,0.219681,0.19708524,0.18940115999999999,0.17166501,0.18645306,0.17842662,0.17259699,0.16618724999999998,0.16349592,0.16438986,0.16714775999999998,0.17861681999999998,0.19008587999999998,0.20174514,0.20470275,0.20700416999999996,0.19363311,0.18230669999999996,0.1803096,0.18685248,0.18726141,0.21467873999999998,0.25320374999999995,0.2473551,0.20624337,0.19064697,0.18861183,0.18872594999999998,0.19323369,0.18514068,0.18118452000000002,0.17487939,0.17152236,0.16959183,0.17312003999999998,0.17436585,0.18036665999999998,0.18631040999999998,0.20300996999999998,0.24,0.248,0.247,0.241,0.234,0.245,0.247,0.251,0.252,0.247,0.229,0.206,0.194,0.177,0.181,0.179,0.172,0.177,0.176,0.182,0.194,0.211,0.215,0.208,0.199,0.192,0.197,0.202,0.215,0.235,0.244,0.242,0.245,0.251,0.247,0.229,0.215,0.2,0.203,0.197,0.196,0.192,0.192,0.186,0.192,0.202,0.219,0.23,"[[2], [1, 3, 4]]"
0.21232025999999998,0.19889214,0.18895419,0.18519774,0.19705671,0.22552013999999998,0.25489652999999995,0.24519633,0.219681,0.19708524,0.18940115999999999,0.17166501,0.18645306,0.17842662,0.17259699,0.16618724999999998,0.16349592,0.16438986,0.16714775999999998,0.17861681999999998,0.19008587999999998,0.20174514,0.20470275,0.20700416999999996,0.19363311,0.18230669999999996,0.1803096,0.18685248,0.18726141,0.21467873999999998,0.25320374999999995,0.2473551,0.20624337,0.19064697,0.18861183,0.18872594999999998,0.19323369,0.18514068,0.18118452000000002,0.17487939,0.17152236,0.16959183,0.17312003999999998,0.17436585,0.18036665999999998,0.18631040999999998,0.20300996999999998,0.20420822999999996,0.248,0.247,0.241,0.234,0.245,0.247,0.251,0.252,0.247,0.229,0.206,0.194,0.177,0.181,0.179,0.172,0.177,0.176,0.182,0.194,0.211,0.215,0.208,0.199,0.192,0.197,0.202,0.215,0.235,0.244,0.242,0.245,0.251,0.247,0.229,0.215,0.2,0.203,0.197,0.196,0.192,0.192,0.186,0.192,0.202,0.219,0.23,0.23,"[[2], [1, 3, 4]]"
0.19889214,0.18895419,0.18519774,0.19705671,0.22552013999999998,0.25489652999999995,0.24519633,0.219681,0.19708524,0.18940115999999999,0.17166501,0.18645306,0.17842662,0.17259699,0.16618724999999998,0.16349592,0.16438986,0.16714775999999998,0.17861681999999998,0.19008587999999998,0.20174514,0.20470275,0.20700416999999996,0.19363311,0.18230669999999996,0.1803096,0.18685248,0.18726141,0.21467873999999998,0.25320374999999995,0.2473551,0.20624337,0.19064697,0.18861183,0.18872594999999998,0.19323369,0.18514068,0.18118452000000002,0.17487939,0.17152236,0.16959183,0.17312003999999998,0.17436585,0.18036665999999998,0.18631040999999998,0.20300996999999998,0.20420822999999996,0.20606268,0.247,0.241,0.234,0.245,0.247,0.251,0.252,0.247,0.229,0.206,0.194,0.177,0.181,0.179,0.172,0.177,0.176,0.182,0.194,0.211,0.215,0.208,0.199,0.192,0.197,0.202,0.215,0.235,0.244,0.242,0.245,0.251,0.247,0.229,0.215,0.2,0.203,0.197,0.196,0.192,0.192,0.186,0.192,0.202,0.219,0.23,0.23,0.229,"[[2], [1, 3, 4]]"
0.18895419,0.18519774,0.19705671,0.22552013999999998,0.25489652999999995,0.24519633,0.219681,0.19708524,0.18940115999999999,0.17166501,0.18645306,0.17842662,0.17259699,0.16618724999999998,0.16349592,0.16438986,0.16714775999999998,0.17861681999999998,0.19008587999999998,0.20174514,0.20470275,0.20700416999999996,0.19363311,0.18230669999999996,0.1803096,0.18685248,0.18726141,0.21467873999999998,0.25320374999999995,0.2473551,0.20624337,0.19064697,0.18861183,0.18872594999999998,0.19323369,0.18514068,0.18118452000000002,0.17487939,0.17152236,0.16959183,0.17312003999999998,0.17436585,0.18036665999999998,0.18631040999999998,0.20300996999999998,0.20420822999999996,0.20606268,0.22557719999999998,0.241,0.234,0.245,0.247,0.251,0.252,0.247,0.229,0.206,0.194,0.177,0.181,0.179,0.172,0.177,0.176,0.182,0.194,0.211,0.215,0.208,0.199,0.192,0.197,0.202,0.215,0.235,0.244,0.242,0.245,0.251,0.247,0.229,0.215,0.2,0.203,0.197,0.196,0.192,0.192,0.186,0.192,0.202,0.219,0.23,0.23,0.229,0.232,"[[2], [1, 3, 4]]"
0.18519774,0.19705671,0.22552013999999998,0.25489652999999995,0.24519633,0.219681,0.19708524,0.18940115999999999,0.17166501,0.18645306,0.17842662,0.17259699,0.16618724999999998,0.16349592,0.16438986,0.16714775999999998,0.17861681999999998,0.19008587999999998,0.20174514,0.20470275,0.20700416999999996,0.19363311,0.18230669999999996,0.1803096,0.18685248,0.18726141,0.21467873999999998,0.25320374999999995,0.2473551,0.20624337,0.19064697,0.18861183,0.18872594999999998,0.19323369,0.18514068,0.18118452000000002,0.17487939,0.17152236,0.16959183,0.17312003999999998,0.17436585,0.18036665999999998,0.18631040999999998,0.20300996999999998,0.20420822999999996,0.20606268,0.22557719999999998,0.18973400999999998,0.234,0.245,0.247,0.251,0.252,0.247,0.229,0.206,0.194,0.177,0.181,0.179,0.172,0.177,0.176,0.182,0.194,0.211,0.215,0.208,0.199,0.192,0.197,0.202,0.215,0.235,0.244,0.242,0.245,0.251,0.247,0.229,0.215,0.2,0.203,0.197,0.196,0.192,0.192,0.186,0.192,0.202,0.219,0.23,0.23,0.229,0.232,0.232,"[[2], [1, 3, 4]]"
0.19705671,0.22552013999999998,0.25489652999999995,0.24519633,0.219681,0.19708524,0.18940115999999999,0.17166501,0.18645306,0.17842662,0.17259699,0.16618724999999998,0.16349592,0.16438986,0.16714775999999998,0.17861681999999998,0.19008587999999998,0.20174514,0.20470275,0.20700416999999996,0.19363311,0.18230669999999996,0.1803096,0.18685248,0.18726141,0.21467873999999998,0.25320374999999995,0.2473551,0.20624337,0.19064697,0.18861183,0.18872594999999998,0.19323369,0.18514068,0.18118452000000002,0.17487939,0.17152236,0.16959183,0.17312003999999998,0.17436585,0.18036665999999998,0.18631040999999998,0.20300996999999998,0.20420822999999996,0.20606268,0.22557719999999998,0.18973400999999998,0.20916294,0.245,0.247,0.251,0.252,0.247,0.229,0.206,0.194,0.177,0.181,0.179,0.172,0.177,0.176,0.182,0.194,0.211,0.215,0.208,0.199,0.192,0.197,0.202,0.215,0.235,0.244,0.242,0.245,0.251,0.247,0.229,0.215,0.2,0.203,0.197,0.196,0.192,0.192,0.186,0.192,0.202,0.219,0.23,0.23,0.229,0.232,0.232,0.232,"[[2], [1, 3, 4]]"
0.22552013999999998,0.25489652999999995,0.24519633,0.219681,0.19708524,0.18940115999999999,0.17166501,0.18645306,0.17842662,0.17259699,0.16618724999999998,0.16349592,0.16438986,0.16714775999999998,0.17861681999999998,0.19008587999999998,0.20174514,0.20470275,0.20700416999999996,0.19363311,0.18230669999999996,0.1803096,0.18685248,0.18726141,0.21467873999999998,0.25320374999999995,0.2473551,0.20624337,0.19064697,0.18861183,0.18872594999999998,0.19323369,0.18514068,0.18118452000000002,0.17487939,0.17152236,0.16959183,0.17312003999999998,0.17436585,0.18036665999999998,0.18631040999999998,0.20300996999999998,0.20420822999999996,0.20606268,0.22557719999999998,0.18973400999999998,0.20916294,0.1952403,0.247,0.251,0.252,0.247,0.229,0.206,0.194,0.177,0.181,0.179,0.172,0.177,0.176,0.182,0.194,0.211,0.215,0.208,0.199,0.192,0.197,0.202,0.215,0.235,0.244,0.242,0.245,0.251,0.247,0.229,0.215,0.2,0.203,0.197,0.196,0.192,0.192,0.186,0.192,0.202,0.219,0.23,0.23,0.229,0.232,0.232,0.232,0.241,"[[2], [1, 3, 4]]"
0.25489652999999995,0.24519633,0.219681,0.19708524,0.18940115999999999,0.17166501,0.18645306,0.17842662,0.17259699,0.16618724999999998,0.16349592,0.16438986,0.16714775999999998,0.17861681999999998,0.19008587999999998,0.20174514,0.20470275,0.20700416999999996,0.19363311,0.18230669999999996,0.1803096,0.18685248,0.18726141,0.21467873999999998,0.25320374999999995,0.2473551,0.20624337,0.19064697,0.18861183,0.18872594999999998,0.19323369,0.18514068,0.18118452000000002,0.17487939,0.17152236,0.16959183,0.17312003999999998,0.17436585,0.18036665999999998,0.18631040999999998,0.20300996999999998,0.20420822999999996,0.20606268,0.22557719999999998,0.18973400999999998,0.20916294,0.1952403,0.21656171999999999,0.251,0.252,0.247,0.229,0.206,0.194,0.177,0.181,0.179,0.172,0.177,0.176,0.182,0.194,0.211,0.215,0.208,0.199,0.192,0.197,0.202,0.215,0.235,0.244,0.242,0.245,0.251,0.247,0.229,0.215,0.2,0.203,0.197,0.196,0.192,0.192,0.186,0.192,0.202,0.219,0.23,0.23,0.229,0.232,0.232,0.232,0.241,0.243,"[[2], [1, 3, 4]]"
0.24519633,0.219681,0.19708524,0.18940115999999999,0.17166501,0.18645306,0.17842662,0.17259699,0.16618724999999998,0.16349592,0.16438986,0.16714775999999998,0.17861681999999998,0.19008587999999998,0.20174514,0.20470275,0.20700416999999996,0.19363311,0.18230669999999996,0.1803096,0.18685248,0.18726141,0.21467873999999998,0.25320374999999995,0.2473551,0.20624337,0.19064697,0.18861183,0.18872594999999998,0.19323369,0.18514068,0.18118452000000002,0.17487939,0.17152236,0.16959183,0.17312003999999998,0.17436585,0.18036665999999998,0.18631040999999998,0.20300996999999998,0.20420822999999996,0.20606268,0.22557719999999998,0.18973400999999998,0.20916294,0.1952403,0.21656171999999999,0.26568087,0.252,0.247,0.229,0.206,0.194,0.177,0.181,0.179,0.172,0.177,0.176,0.182,0.194,0.211,0.215,0.208,0.199,0.192,0.197,0.202,0.215,0.235,0.244,0.242,0.245,0.251,0.247,0.229,0.215,0.2,0.203,0.197,0.196,0.192,0.192,0.186,0.192,0.202,0.219,0.23,0.23,0.229,0.232,0.232,0.232,0.241,0.243,0.242,"[[2], [1, 3, 4]]"
0.219681,0.19708524,0.18940115999999999,0.17166501,0.18645306,0.17842662,0.17259699,0.16618724999999998,0.16349592,0.16438986,0.16714775999999998,0.17861681999999998,0.19008587999999998,0.20174514,0.20470275,0.20700416999999996,0.19363311,0.18230669999999996,0.1803096,0.18685248,0.18726141,0.21467873999999998,0.25320374999999995,0.2473551,0.20624337,0.19064697,0.18861183,0.18872594999999998,0.19323369,0.18514068,0.18118452000000002,0.17487939,0.17152236,0.16959183,0.17312003999999998,0.17436585,0.18036665999999998,0.18631040999999998,0.20300996999999998,0.20420822999999996,0.20606268,0.22557719999999998,0.18973400999999998,0.20916294,0.1952403,0.21656171999999999,0.26568087,0.2394618,0.247,0.229,0.206,0.194,0.177,0.181,0.179,0.172,0.177,0.176,0.182,0.194,0.211,0.215,0.208,0.199,0.192,0.197,0.202,0.215,0.235,0.244,0.242,0.245,0.251,0.247,0.229,0.215,0.2,0.203,0.197,0.196,0.192,0.192,0.186,0.192,0.202,0.219,0.23,0.23,0.229,0.232,0.232,0.232,0.241,0.243,0.242,0.241,"[[2], [1, 3, 4]]"
0.19708524,0.18940115999999999,0.17166501,0.18645306,0.17842662,0.17259699,0.16618724999999998,0.16349592,0.16438986,0.16714775999999998,0.17861681999999998,0.19008587999999998,0.20174514,0.20470275,0.20700416999999996,0.19363311,0.18230669999999996,0.1803096,0.18685248,0.18726141,0.21467873999999998,0.25320374999999995,0.2473551,0.20624337,0.19064697,0.18861183,0.18872594999999998,0.19323369,0.18514068,0.18118452000000002,0.17487939,0.17152236,0.16959183,0.17312003999999998,0.17436585,0.18036665999999998,0.18631040999999998,0.20300996999999998,0.20420822999999996,0.20606268,0.22557719999999998,0.18973400999999998,0.20916294,0.1952403,0.21656171999999999,0.26568087,0.2394618,0.21089375999999999,0.229,0.206,0.194,0.177,0.181,0.179,0.172,0.177,0.176,0.182,0.194,0.211,0.215,0.208,0.199,0.192,0.197,0.202,0.215,0.235,0.244,0.242,0.245,0.251,0.247,0.229,0.215,0.2,0.203,0.197,0.196,0.192,0.192,0.186,0.192,0.202,0.219,0.23,0.23,0.229,0.232,0.232,0.232,0.241,0.243,0.242,0.241,0.248,"[[2], [1, 3, 4]]"
0.18940115999999999,0.17166501,0.18645306,0.17842662,0.17259699,0.16618724999999998,0.16349592,0.16438986,0.16714775999999998,0.17861681999999998,0.19008587999999998,0.20174514,0.20470275,0.20700416999999996,0.19363311,0.18230669999999996,0.1803096,0.18685248,0.18726141,0.21467873999999998,0.25320374999999995,0.2473551,0.20624337,0.19064697,0.18861183,0.18872594999999998,0.19323369,0.18514068,0.18118452000000002,0.17487939,0.17152236,0.16959183,0.17312003999999998,0.17436585,0.18036665999999998,0.18631040999999998,0.20300996999999998,0.20420822999999996,0.20606268,0.22557719999999998,0.18973400999999998,0.20916294,0.1952403,0.21656171999999999,0.26568087,0.2394618,0.21089375999999999,0.19187375999999998,0.206,0.194,0.177,0.181,0.179,0.172,0.177,0.176,0.182,0.194,0.211,0.215,0.208,0.199,0.192,0.197,0.202,0.215,0.235,0.244,0.242,0.245,0.251,0.247,0.229,0.215,0.2,0.203,0.197,0.196,0.192,0.192,0.186,0.192,0.202,0.219,0.23,0.23,0.229,0.232,0.232,0.232,0.241,0.243,0.242,0.241,0.248,0.239,"[[2], [1, 3, 4]]"
0.17166501,0.18645306,0.17842662,0.17259699,0.16618724999999998,0.16349592,0.16438986,0.16714775999999998,0.17861681999999998,0.19008587999999998,0.20174514,0.20470275,0.20700416999999996,0.19363311,0.18230669999999996,0.1803096,0.18685248,0.18726141,0.21467873999999998,0.25320374999999995,0.2473551,0.20624337,0.19064697,0.18861183,0.18872594999999998,0.19323369,0.18514068,0.18118452000000002,0.17487939,0.17152236,0.16959183,0.17312003999999998,0.17436585,0.18036665999999998,0.18631040999999998,0.20300996999999998,0.20420822999999996,0.20606268,0.22557719999999998,0.18973400999999998,0.20916294,0.1952403,0.21656171999999999,0.26568087,0.2394618,0.21089375999999999,0.19187375999999998,0.19155041999999997,0.194,0.177,0.181,0.179,0.172,0.177,0.176,0.182,0.194,0.211,0.215,0.208,0.199,0.192,0.197,0.202,0.215,0.235,0.244,0.242,0.245,0.251,0.247,0.229,0.215,0.2,0.203,0.197,0.196,0.192,0.192,0.186,0.192,0.202,0.219,0.23,0.23,0.229,0.232,0.232,0.232,0.241,0.243,0.242,0.241,0.248,0.239,0.217,"[[2], [1, 3, 4]]"
0.18645306,0.17842662,0.17259699,0.16618724999999998,0.16349592,0.16438986,0.16714775999999998,0.17861681999999998,0.19008587999999998,0.20174514,0.20470275,0.20700416999999996,0.19363311,0.18230669999999996,0.1803096,0.18685248,0.18726141,0.21467873999999998,0.25320374999999995,0.2473551,0.20624337,0.19064697,0.18861183,0.18872594999999998,0.19323369,0.18514068,0.18118452000000002,0.17487939,0.17152236,0.16959183,0.17312003999999998,0.17436585,0.18036665999999998,0.18631040999999998,0.20300996999999998,0.20420822999999996,0.20606268,0.22557719999999998,0.18973400999999998,0.20916294,0.1952403,0.21656171999999999,0.26568087,0.2394618,0.21089375999999999,0.19187375999999998,0.19155041999999997,0.16905927,0.177,0.181,0.179,0.172,0.177,0.176,0.182,0.194,0.211,0.215,0.208,0.199,0.192,0.197,0.202,0.215,0.235,0.244,0.242,0.245,0.251,0.247,0.229,0.215,0.2,0.203,0.197,0.196,0.192,0.192,0.186,0.192,0.202,0.219,0.23,0.23,0.229,0.232,0.232,0.232,0.241,0.243,0.242,0.241,0.248,0.239,0.217,0.208,"[[2], [1, 3, 4]]"
0.17842662,0.17259699,0.16618724999999998,0.16349592,0.16438986,0.16714775999999998,0.17861681999999998,0.19008587999999998,0.20174514,0.20470275,0.20700416999999996,0.19363311,0.18230669999999996,0.1803096,0.18685248,0.18726141,0.21467873999999998,0.25320374999999995,0.2473551,0.20624337,0.19064697,0.18861183,0.18872594999999998,0.19323369,0.18514068,0.18118452000000002,0.17487939,0.17152236,0.16959183,0.17312003999999998,0.17436585,0.18036665999999998,0.18631040999999998,0.20300996999999998,0.20420822999999996,0.20606268,0.22557719999999998,0.18973400999999998,0.20916294,0.1952403,0.21656171999999999,0.26568087,0.2394618,0.21089375999999999,0.19187375999999998,0.19155041999999997,0.16905927,0.17085665999999997,0.181,0.179,0.172,0.177,0.176,0.182,0.194,0.211,0.215,0.208,0.199,0.192,0.197,0.202,0.215,0.235,0.244,0.242,0.245,0.251,0.247,0.229,0.215,0.2,0.203,0.197,0.196,0.192,0.192,0.186,0.192,0.202,0.219,0.23,0.23,0.229,0.232,0.232,0.232,0.241,0.243,0.242,0.241,0.248,0.239,0.217,0.208,0.197,"[[2], [1, 3, 4]]"
0.17259699,0.16618724999999998,0.16349592,0.16438986,0.16714775999999998,0.17861681999999998,0.19008587999999998,0.20174514,0.20470275,0.20700416999999996,0.19363311,0.18230669999999996,0.1803096,0.18685248,0.18726141,0.21467873999999998,0.25320374999999995,0.2473551,0.20624337,0.19064697,0.18861183,0.18872594999999998,0.19323369,0.18514068,0.18118452000000002,0.17487939,0.17152236,0.16959183,0.17312003999999998,0.17436585,0.18036665999999998,0.18631040999999998,0.20300996999999998,0.20420822999999996,0.20606268,0.22557719999999998,0.18973400999999998,0.20916294,0.1952403,0.21656171999999999,0.26568087,0.2394618,0.21089375999999999,0.19187375999999998,0.19155041999999997,0.16905927,0.17085665999999997,0.16930652999999998,0.179,0.172,0.177,0.176,0.182,0.194,0.211,0.215,0.208,0.199,0.192,0.197,0.202,0.215,0.235,0.244,0.242,0.245,0.251,0.247,0.229,0.215,0.2,0.203,0.197,0.196,0.192,0.192,0.186,0.192,0.202,0.219,0.23,0.23,0.229,0.232,0.232,0.232,0.241,0.243,0.242,0.241,0.248,0.239,0.217,0.208,0.197,0.201,"[[2], [1, 3, 4]]"
0.16618724999999998,0.16349592,0.16438986,0.16714775999999998,0.17861681999999998,0.19008587999999998,0.20174514,0.20470275,0.20700416999999996,0.19363311,0.18230669999999996,0.1803096,0.18685248,0.18726141,0.21467873999999998,0.25320374999999995,0.2473551,0.20624337,0.19064697,0.18861183,0.18872594999999998,0.19323369,0.18514068,0.18118452000000002,0.17487939,0.17152236,0.16959183,0.17312003999999998,0.17436585,0.18036665999999998,0.18631040999999998,0.20300996999999998,0.20420822999999996,0.20606268,0.22557719999999998,0.18973400999999998,0.20916294,0.1952403,0.21656171999999999,0.26568087,0.2394618,0.21089375999999999,0.19187375999999998,0.19155041999999997,0.16905927,0.17085665999999997,0.16930652999999998,0.16940162999999997,0.172,0.177,0.176,0.182,0.194,0.211,0.215,0.208,0.199,0.192,0.197,0.202,0.215,0.235,0.244,0.242,0.245,0.251,0.247,0.229,0.215,0.2,0.203,0.197,0.196,0.192,0.192,0.186,0.192,0.202,0.219,0.23,0.23,0.229,0.232,0.232,0.232,0.241,0.243,0.242,0.241,0.248,0.239,0.217,0.208,0.197,0.201,0.198,"[[2], [1, 3, 4]]"
0.16349592,0.16438986,0.16714775999999998,0.17861681999999998,0.19008587999999998,0.20174514,0.20470275,0.20700416999999996,0.19363311,0.18230669999999996,0.1803096,0.18685248,0.18726141,0.21467873999999998,0.25320374999999995,0.2473551,0.20624337,0.19064697,0.18861183,0.18872594999999998,0.19323369,0.18514068,0.18118452000000002,0.17487939,0.17152236,0.16959183,0.17312003999999998,0.17436585,0.18036665999999998,0.18631040999999998,0.20300996999999998,0.20420822999999996,0.20606268,0.22557719999999998,0.18973400999999998,0.20916294,0.1952403,0.21656171999999999,0.26568087,0.2394618,0.21089375999999999,0.19187375999999998,0.19155041999999997,0.16905927,0.17085665999999997,0.16930652999999998,0.16940162999999997,0.16726188,0.177,0.176,0.182,0.194,0.211,0.215,0.208,0.199,0.192,0.197,0.202,0.215,0.235,0.244,0.242,0.245,0.251,0.247,0.229,0.215,0.2,0.203,0.197,0.196,0.192,0.192,0.186,0.192,0.202,0.219,0.23,0.23,0.229,0.232,0.232,0.232,0.241,0.243,0.242,0.241,0.248,0.239,0.217,0.208,0.197,0.201,0.198,0.203,"[[2], [1, 3, 4]]"
0.16438986,0.16714775999999998,0.17861681999999998,0.19008587999999998,0.20174514,0.20470275,0.20700416999999996,0.19363311,0.18230669999999996,0.1803096,0.18685248,0.18726141,0.21467873999999998,0.25320374999999995,0.2473551,0.20624337,0.19064697,0.18861183,0.18872594999999998,0.19323369,0.18514068,0.18118452000000002,0.17487939,0.17152236,0.16959183,0.17312003999999998,0.17436585,0.18036665999999998,0.18631040999999998,0.20300996999999998,0.20420822999999996,0.20606268,0.22557719999999998,0.18973400999999998,0.20916294,0.1952403,0.21656171999999999,0.26568087,0.2394618,0.21089375999999999,0.19187375999999998,0.19155041999999997,0.16905927,0.17085665999999997,0.16930652999999998,0.16940162999999997,0.16726188,0.1674711,0.176,0.182,0.194,0.211,0.215,0.208,0.199,0.192,0.197,0.202,0.215,0.235,0.244,0.242,0.245,0.251,0.247,0.229,0.215,0.2,0.203,0.197,0.196,0.192,0.192,0.186,0.192,0.202,0.219,0.23,0.23,0.229,0.232,0.232,0.232,0.241,0.243,0.242,0.241,0.248,0.239,0.217,0.208,0.197,0.201,0.198,0.203,0.205,"[[2], [1, 3, 4]]"
0.16714775999999998,0.17861681999999998,0.19008587999999998,0.20174514,0.20470275,0.20700416999999996,0.19363311,0.18230669999999996,0.1803096,0.18685248,0.18726141,0.21467873999999998,0.25320374999999995,0.2473551,0.20624337,0.19064697,0.18861183,0.18872594999999998,0.19323369,0.18514068,0.18118452000000002,0.17487939,0.17152236,0.16959183,0.17312003999999998,0.17436585,0.18036665999999998,0.18631040999999998,0.20300996999999998,0.20420822999999996,0.20606268,0.22557719999999998,0.18973400999999998,0.20916294,0.1952403,0.21656171999999999,0.26568087,0.2394618,0.21089375999999999,0.19187375999999998,0.19155041999999997,0.16905927,0.17085665999999997,0.16930652999999998,0.16940162999999997,0.16726188,0.1674711,0.17040017999999998,0.182,0.194,0.211,0.215,0.208,0.199,0.192,0.197,0.202,0.215,0.235,0.244,0.242,0.245,0.251,0.247,0.229,0.215,0.2,0.203,0.197,0.196,0.192,0.192,0.186,0.192,0.202,0.219,0.23,0.23,0.229,0.232,0.232,0.232,0.241,0.243,0.242,0.241,0.248,0.239,0.217,0.208,0.197,0.201,0.198,0.203,0.205,0.213,"[[2], [1, 3, 4]]"
0.17861681999999998,0.19008587999999998,0.20174514,0.20470275,0.20700416999999996,0.19363311,0.18230669999999996,0.1803096,0.18685248,0.18726141,0.21467873999999998,0.25320374999999995,0.2473551,0.20624337,0.19064697,0.18861183,0.18872594999999998,0.19323369,0.18514068,0.18118452000000002,0.17487939,0.17152236,0.16959183,0.17312003999999998,0.17436585,0.18036665999999998,0.18631040999999998,0.20300996999999998,0.20420822999999996,0.20606268,0.22557719999999998,0.18973400999999998,0.20916294,0.1952403,0.21656171999999999,0.26568087,0.2394618,0.21089375999999999,0.19187375999999998,0.19155041999999997,0.16905927,0.17085665999999997,0.16930652999999998,0.16940162999999997,0.16726188,0.1674711,0.17040017999999998,0.18183119999999997,0.194,0.211,0.215,0.208,0.199,0.192,0.197,0.202,0.215,0.235,0.244,0.242,0.245,0.251,0.247,0.229,0.215,0.2,0.203,0.197,0.196,0.192,0.192,0.186,0.192,0.202,0.219,0.23,0.23,0.229,0.232,0.232,0.232,0.241,0.243,0.242,0.241,0.248,0.239,0.217,0.208,0.197,0.201,0.198,0.203,0.205,0.213,0.24,"[[2], [1, 3, 4]]"
0.19008587999999998,0.20174514,0.20470275,0.20700416999999996,0.19363311,0.18230669999999996,0.1803096,0.18685248,0.18726141,0.21467873999999998,0.25320374999999995,0.2473551,0.20624337,0.19064697,0.18861183,0.18872594999999998,0.19323369,0.18514068,0.18118452000000002,0.17487939,0.17152236,0.16959183,0.17312003999999998,0.17436585,0.18036665999999998,0.18631040999999998,0.20300996999999998,0.20420822999999996,0.20606268,0.22557719999999998,0.18973400999999998,0.20916294,0.1952403,0.21656171999999999,0.26568087,0.2394618,0.21089375999999999,0.19187375999999998,0.19155041999999997,0.16905927,0.17085665999999997,0.16930652999999998,0.16940162999999997,0.16726188,0.1674711,0.17040017999999998,0.18183119999999997,0.24104046,0.211,0.215,0.208,0.199,0.192,0.197,0.202,0.215,0.235,0.244,0.242,0.245,0.251,0.247,0.229,0.215,0.2,0.203,0.197,0.196,0.192,0.192,0.186,0.192,0.202,0.219,0.23,0.23,0.229,0.232,0.232,0.232,0.241,0.243,0.242,0.241,0.248,0.239,0.217,0.208,0.197,0.201,0.198,0.203,0.205,0.213,0.24,0.28,"[[2], [1, 3, 4]]"
0.20174514,0.20470275,0.20700416999999996,0.19363311,0.18230669999999996,0.1803096,0.18685248,0.18726141,0.21467873999999998,0.25320374999999995,0.2473551,0.20624337,0.19064697,0.18861183,0.18872594999999998,0.19323369,0.18514068,0.18118452000000002,0.17487939,0.17152236,0.16959183,0.17312003999999998,0.17436585,0.18036665999999998,0.18631040999999998,0.20300996999999998,0.20420822999999996,0.20606268,0.22557719999999998,0.18973400999999998,0.20916294,0.1952403,0.21656171999999999,0.26568087,0.2394618,0.21089375999999999,0.19187375999999998,0.19155041999999997,0.16905927,0.17085665999999997,0.16930652999999998,0.16940162999999997,0.16726188,0.1674711,0.17040017999999998,0.18183119999999997,0.24104046,0.27639864,0.215,0.208,0.199,0.192,0.197,0.202,0.215,0.235,0.244,0.242,0.245,0.251,0.247,0.229,0.215,0.2,0.203,0.197,0.196,0.192,0.192,0.186,0.192,0.202,0.219,0.23,0.23,0.229,0.232,0.232,0.232,0.241,0.243,0.242,0.241,0.248,0.239,0.217,0.208,0.197,0.201,0.198,0.203,0.205,0.213,0.24,0.28,0.288,"[[2], [1, 3, 4]]"
0.20470275,0.20700416999999996,0.19363311,0.18230669999999996,0.1803096,0.18685248,0.18726141,0.21467873999999998,0.25320374999999995,0.2473551,0.20624337,0.19064697,0.18861183,0.18872594999999998,0.19323369,0.18514068,0.18118452000000002,0.17487939,0.17152236,0.16959183,0.17312003999999998,0.17436585,0.18036665999999998,0.18631040999999998,0.20300996999999998,0.20420822999999996,0.20606268,0.22557719999999998,0.18973400999999998,0.20916294,0.1952403,0.21656171999999999,0.26568087,0.2394618,0.21089375999999999,0.19187375999999998,0.19155041999999997,0.16905927,0.17085665999999997,0.16930652999999998,0.16940162999999997,0.16726188,0.1674711,0.17040017999999998,0.18183119999999997,0.24104046,0.27639864,0.28709738999999995,0.208,0.199,0.192,0.197,0.202,0.215,0.235,0.244,0.242,0.245,0.251,0.247,0.229,0.215,0.2,0.203,0.197,0.196,0.192,0.192,0.186,0.192,0.202,0.219,0.23,0.23,0.229,0.232,0.232,0.232,0.241,0.243,0.242,0.241,0.248,0.239,0.217,0.208,0.197,0.201,0.198,0.203,0.205,0.213,0.24,0.28,0.288,0.286,"[[2], [1, 3, 4]]"
0.20700416999999996,0.19363311,0.18230669999999996,0.1803096,0.18685248,0.18726141,0.21467873999999998,0.25320374999999995,0.2473551,0.20624337,0.19064697,0.18861183,0.18872594999999998,0.19323369,0.18514068,0.18118452000000002,0.17487939,0.17152236,0.16959183,0.17312003999999998,0.17436585,0.18036665999999998,0.18631040999999998,0.20300996999999998,0.20420822999999996,0.20606268,0.22557719999999998,0.18973400999999998,0.20916294,0.1952403,0.21656171999999999,0.26568087,0.2394618,0.21089375999999999,0.19187375999999998,0.19155041999999997,0.16905927,0.17085665999999997,0.16930652999999998,0.16940162999999997,0.16726188,0.1674711,0.17040017999999998,0.18183119999999997,0.24104046,0.27639864,0.28709738999999995,0.28509078,0.199,0.192,0.197,0.202,0.215,0.235,0.244,0.242,0.245,0.251,0.247,0.229,0.215,0.2,0.203,0.197,0.196,0.192,0.192,0.186,0.192,0.202,0.219,0.23,0.23,0.229,0.232,0.232,0.232,0.241,0.243,0.242,0.241,0.248,0.239,0.217,0.208,0.197,0.201,0.198,0.203,0.205,0.213,0.24,0.28,0.288,0.286,0.283,"[[2], [1, 3, 4]]"
0.19363311,0.18230669999999996,0.1803096,0.18685248,0.18726141,0.21467873999999998,0.25320374999999995,0.2473551,0.20624337,0.19064697,0.18861183,0.18872594999999998,0.19323369,0.18514068,0.18118452000000002,0.17487939,0.17152236,0.16959183,0.17312003999999998,0.17436585,0.18036665999999998,0.18631040999999998,0.20300996999999998,0.20420822999999996,0.20606268,0.22557719999999998,0.18973400999999998,0.20916294,0.1952403,0.21656171999999999,0.26568087,0.2394618,0.21089375999999999,0.19187375999999998,0.19155041999999997,0.16905927,0.17085665999999997,0.16930652999999998,0.16940162999999997,0.16726188,0.1674711,0.17040017999999998,0.18183119999999997,0.24104046,0.27639864,0.28709738999999995,0.28509078,0.27434448,0.192,0.197,0.202,0.215,0.235,0.244,0.242,0.245,0.251,0.247,0.229,0.215,0.2,0.203,0.197,0.196,0.192,0.192,0.186,0.192,0.202,0.219,0.23,0.23,0.229,0.232,0.232,0.232,0.241,0.243,0.242,0.241,0.248,0.239,0.217,0.208,0.197,0.201,0.198,0.203,0.205,0.213,0.24,0.28,0.288,0.286,0.283,0.285,"[[2], [1, 3, 4]]"
0.18230669999999996,0.1803096,0.18685248,0.18726141,0.21467873999999998,0.25320374999999995,0.2473551,0.20624337,0.19064697,0.18861183,0.18872594999999998,0.19323369,0.18514068,0.18118452000000002,0.17487939,0.17152236,0.16959183,0.17312003999999998,0.17436585,0.18036665999999998,0.18631040999999998,0.20300996999999998,0.20420822999999996,0.20606268,0.22557719999999998,0.18973400999999998,0.20916294,0.1952403,0.21656171999999999,0.26568087,0.2394618,0.21089375999999999,0.19187375999999998,0.19155041999999997,0.16905927,0.17085665999999997,0.16930652999999998,0.16940162999999997,0.16726188,0.1674711,0.17040017999999998,0.18183119999999997,0.24104046,0.27639864,0.28709738999999995,0.28509078,0.27434448,0.26644167,0.197,0.202,0.215,0.235,0.244,0.242,0.245,0.251,0.247,0.229,0.215,0.2,0.203,0.197,0.196,0.192,0.192,0.186,0.192,0.202,0.219,0.23,0.23,0.229,0.232,0.232,0.232,0.241,0.243,0.242,0.241,0.248,0.239,0.217,0.208,0.197,0.201,0.198,0.203,0.205,0.213,0.24,0.28,0.288,0.286,0.283,0.285,0.288,"[[2], [1, 3, 4]]"
0.1803096,0.18685248,0.18726141,0.21467873999999998,0.25320374999999995,0.2473551,0.20624337,0.19064697,0.18861183,0.18872594999999998,0.19323369,0.18514068,0.18118452000000002,0.17487939,0.17152236,0.16959183,0.17312003999999998,0.17436585,0.18036665999999998,0.18631040999999998,0.20300996999999998,0.20420822999999996,0.20606268,0.22557719999999998,0.18973400999999998,0.20916294,0.1952403,0.21656171999999999,0.26568087,0.2394618,0.21089375999999999,0.19187375999999998,0.19155041999999997,0.16905927,0.17085665999999997,0.16930652999999998,0.16940162999999997,0.16726188,0.1674711,0.17040017999999998,0.18183119999999997,0.24104046,0.27639864,0.28709738999999995,0.28509078,0.27434448,0.26644167,0.27957498000000003,0.202,0.215,0.235,0.244,0.242,0.245,0.251,0.247,0.229,0.215,0.2,0.203,0.197,0.196,0.192,0.192,0.186,0.192,0.202,0.219,0.23,0.23,0.229,0.232,0.232,0.232,0.241,0.243,0.242,0.241,0.248,0.239,0.217,0.208,0.197,0.201,0.198,0.203,0.205,0.213,0.24,0.28,0.288,0.286,0.283,0.285,0.288,0.287,"[[2], [1, 3, 4]]"
0.18685248,0.18726141,0.21467873999999998,0.25320374999999995,0.2473551,0.20624337,0.19064697,0.18861183,0.18872594999999998,0.19323369,0.18514068,0.18118452000000002,0.17487939,0.17152236,0.16959183,0.17312003999999998,0.17436585,0.18036665999999998,0.18631040999999998,0.20300996999999998,0.20420822999999996,0.20606268,0.22557719999999998,0.18973400999999998,0.20916294,0.1952403,0.21656171999999999,0.26568087,0.2394618,0.21089375999999999,0.19187375999999998,0.19155041999999997,0.16905927,0.17085665999999997,0.16930652999999998,0.16940162999999997,0.16726188,0.1674711,0.17040017999999998,0.18183119999999997,0.24104046,0.27639864,0.28709738999999995,0.28509078,0.27434448,0.26644167,0.27957498000000003,0.28039284,0.215,0.235,0.244,0.242,0.245,0.251,0.247,0.229,0.215,0.2,0.203,0.197,0.196,0.192,0.192,0.186,0.192,0.202,0.219,0.23,0.23,0.229,0.232,0.232,0.232,0.241,0.243,0.242,0.241,0.248,0.239,0.217,0.208,0.197,0.201,0.198,0.203,0.205,0.213,0.24,0.28,0.288,0.286,0.283,0.285,0.288,0.287,0.293,"[[2], [1, 3, 4]]"
0.18726141,0.21467873999999998,0.25320374999999995,0.2473551,0.20624337,0.19064697,0.18861183,0.18872594999999998,0.19323369,0.18514068,0.18118452000000002,0.17487939,0.17152236,0.16959183,0.17312003999999998,0.17436585,0.18036665999999998,0.18631040999999998,0.20300996999999998,0.20420822999999996,0.20606268,0.22557719999999998,0.18973400999999998,0.20916294,0.1952403,0.21656171999999999,0.26568087,0.2394618,0.21089375999999999,0.19187375999999998,0.19155041999999997,0.16905927,0.17085665999999997,0.16930652999999998,0.16940162999999997,0.16726188,0.1674711,0.17040017999999998,0.18183119999999997,0.24104046,0.27639864,0.28709738999999995,0.28509078,0.27434448,0.26644167,0.27957498000000003,0.28039284,0.28123923,0.235,0.244,0.242,0.245,0.251,0.247,0.229,0.215,0.2,0.203,0.197,0.196,0.192,0.192,0.186,0.192,0.202,0.219,0.23,0.23,0.229,0.232,0.232,0.232,0.241,0.243,0.242,0.241,0.248,0.239,0.217,0.208,0.197,0.201,0.198,0.203,0.205,0.213,0.24,0.28,0.288,0.286,0.283,0.285,0.288,0.287,0.293,0.302,"[[2], [1, 3, 4]]"
0.21467873999999998,0.25320374999999995,0.2473551,0.20624337,0.19064697,0.18861183,0.18872594999999998,0.19323369,0.18514068,0.18118452000000002,0.17487939,0.17152236,0.16959183,0.17312003999999998,0.17436585,0.18036665999999998,0.18631040999999998,0.20300996999999998,0.20420822999999996,0.20606268,0.22557719999999998,0.18973400999999998,0.20916294,0.1952403,0.21656171999999999,0.26568087,0.2394618,0.21089375999999999,0.19187375999999998,0.19155041999999997,0.16905927,0.17085665999999997,0.16930652999999998,0.16940162999999997,0.16726188,0.1674711,0.17040017999999998,0.18183119999999997,0.24104046,0.27639864,0.28709738999999995,0.28509078,0.27434448,0.26644167,0.27957498000000003,0.28039284,0.28123923,0.2744586,0.244,0.242,0.245,0.251,0.247,0.229,0.215,0.2,0.203,0.197,0.196,0.192,0.192,0.186,0.192,0.202,0.219,0.23,0.23,0.229,0.232,0.232,0.232,0.241,0.243,0.242,0.241,0.248,0.239,0.217,0.208,0.197,0.201,0.198,0.203,0.205,0.213,0.24,0.28,0.288,0.286,0.283,0.285,0.288,0.287,0.293,0.302,0.303,"[[2], [1, 3, 4]]"
0.25320374999999995,0.2473551,0.20624337,0.19064697,0.18861183,0.18872594999999998,0.19323369,0.18514068,0.18118452000000002,0.17487939,0.17152236,0.16959183,0.17312003999999998,0.17436585,0.18036665999999998,0.18631040999999998,0.20300996999999998,0.20420822999999996,0.20606268,0.22557719999999998,0.18973400999999998,0.20916294,0.1952403,0.21656171999999999,0.26568087,0.2394618,0.21089375999999999,0.19187375999999998,0.19155041999999997,0.16905927,0.17085665999999997,0.16930652999999998,0.16940162999999997,0.16726188,0.1674711,0.17040017999999998,0.18183119999999997,0.24104046,0.27639864,0.28709738999999995,0.28509078,0.27434448,0.26644167,0.27957498000000003,0.28039284,0.28123923,0.2744586,0.34307325,0.242,0.245,0.251,0.247,0.229,0.215,0.2,0.203,0.197,0.196,0.192,0.192,0.186,0.192,0.202,0.219,0.23,0.23,0.229,0.232,0.232,0.232,0.241,0.243,0.242,0.241,0.248,0.239,0.217,0.208,0.197,0.201,0.198,0.203,0.205,0.213,0.24,0.28,0.288,0.286,0.283,0.285,0.288,0.287,0.293,0.302,0.303,0.306,"[[2], [1, 3, 4]]"
0.2473551,0.20624337,0.19064697,0.18861183,0.18872594999999998,0.19323369,0.18514068,0.18118452000000002,0.17487939,0.17152236,0.16959183,0.17312003999999998,0.17436585,0.18036665999999998,0.18631040999999998,0.20300996999999998,0.20420822999999996,0.20606268,0.22557719999999998,0.18973400999999998,0.20916294,0.1952403,0.21656171999999999,0.26568087,0.2394618,0.21089375999999999,0.19187375999999998,0.19155041999999997,0.16905927,0.17085665999999997,0.16930652999999998,0.16940162999999997,0.16726188,0.1674711,0.17040017999999998,0.18183119999999997,0.24104046,0.27639864,0.28709738999999995,0.28509078,0.27434448,0.26644167,0.27957498000000003,0.28039284,0.28123923,0.2744586,0.34307325,1.2935026500000002,0.245,0.251,0.247,0.229,0.215,0.2,0.203,0.197,0.196,0.192,0.192,0.186,0.192,0.202,0.219,0.23,0.23,0.229,0.232,0.232,0.232,0.241,0.243,0.242,0.241,0.248,0.239,0.217,0.208,0.197,0.201,0.198,0.203,0.205,0.213,0.24,0.28,0.288,0.286,0.283,0.285,0.288,0.287,0.293,0.302,0.303,0.306,0.309,"[[1], [2, 3, 4]]"
0.20624337,0.19064697,0.18861183,0.18872594999999998,0.19323369,0.18514068,0.18118452000000002,0.17487939,0.17152236,0.16959183,0.17312003999999998,0.17436585,0.18036665999999998,0.18631040999999998,0.20300996999999998,0.20420822999999996,0.20606268,0.22557719999999998,0.18973400999999998,0.20916294,0.1952403,0.21656171999999999,0.26568087,0.2394618,0.21089375999999999,0.19187375999999998,0.19155041999999997,0.16905927,0.17085665999999997,0.16930652999999998,0.16940162999999997,0.16726188,0.1674711,0.17040017999999998,0.18183119999999997,0.24104046,0.27639864,0.28709738999999995,0.28509078,0.27434448,0.26644167,0.27957498000000003,0.28039284,0.28123923,0.2744586,0.34307325,1.2935026500000002,1.0105135799999998,0.251,0.247,0.229,0.215,0.2,0.203,0.197,0.196,0.192,0.192,0.186,0.192,0.202,0.219,0.23,0.23,0.229,0.232,0.232,0.232,0.241,0.243,0.242,0.241,0.248,0.239,0.217,0.208,0.197,0.201,0.198,0.203,0.205,0.213,0.24,0.28,0.288,0.286,0.283,0.285,0.288,0.287,0.293,0.302,0.303,0.306,0.309,0.305,"[[1], [2, 3, 4]]"
0.19064697,0.18861183,0.18872594999999998,0.19323369,0.18514068,0.18118452000000002,0.17487939,0.17152236,0.16959183,0.17312003999999998,0.17436585,0.18036665999999998,0.18631040999999998,0.20300996999999998,0.20420822999999996,0.20606268,0.22557719999999998,0.18973400999999998,0.20916294,0.1952403,0.21656171999999999,0.26568087,0.2394618,0.21089375999999999,0.19187375999999998,0.19155041999999997,0.16905927,0.17085665999999997,0.16930652999999998,0.16940162999999997,0.16726188,0.1674711,0.17040017999999998,0.18183119999999997,0.24104046,0.27639864,0.28709738999999995,0.28509078,0.27434448,0.26644167,0.27957498000000003,0.28039284,0.28123923,0.2744586,0.34307325,1.2935026500000002,1.0105135799999998,0.42002817,0.247,0.229,0.215,0.2,0.203,0.197,0.196,0.192,0.192,0.186,0.192,0.202,0.219,0.23,0.23,0.229,0.232,0.232,0.232,0.241,0.243,0.242,0.241,0.248,0.239,0.217,0.208,0.197,0.201,0.198,0.203,0.205,0.213,0.24,0.28,0.288,0.286,0.283,0.285,0.288,0.287,0.293,0.302,0.303,0.306,0.309,0.305,0.298,"[[1], [2, 3, 4]]"
0.18861183,0.18872594999999998,0.19323369,0.18514068,0.18118452000000002,0.17487939,0.17152236,0.16959183,0.17312003999999998,0.17436585,0.18036665999999998,0.18631040999999998,0.20300996999999998,0.20420822999999996,0.20606268,0.22557719999999998,0.18973400999999998,0.20916294,0.1952403,0.21656171999999999,0.26568087,0.2394618,0.21089375999999999,0.19187375999999998,0.19155041999999997,0.16905927,0.17085665999999997,0.16930652999999998,0.16940162999999997,0.16726188,0.1674711,0.17040017999999998,0.18183119999999997,0.24104046,0.27639864,0.28709738999999995,0.28509078,0.27434448,0.26644167,0.27957498000000003,0.28039284,0.28123923,0.2744586,0.34307325,1.2935026500000002,1.0105135799999998,0.42002817,0.34298766,0.229,0.215,0.2,0.203,0.197,0.196,0.192,0.192,0.186,0.192,0.202,0.219,0.23,0.23,0.229,0.232,0.232,0.232,0.241,0.243,0.242,0.241,0.248,0.239,0.217,0.208,0.197,0.201,0.198,0.203,0.205,0.213,0.24,0.28,0.288,0.286,0.283,0.285,0.288,0.287,0.293,0.302,0.303,0.306,0.309,0.305,0.298,0.302,"[[1], [2, 3, 4]]"
0.18872594999999998,0.19323369,0.18514068,0.18118452000000002,0.17487939,0.17152236,0.16959183,0.17312003999999998,0.17436585,0.18036665999999998,0.18631040999999998,0.20300996999999998,0.20420822999999996,0.20606268,0.22557719999999998,0.18973400999999998,0.20916294,0.1952403,0.21656171999999999,0.26568087,0.2394618,0.21089375999999999,0.19187375999999998,0.19155041999999997,0.16905927,0.17085665999999997,0.16930652999999998,0.16940162999999997,0.16726188,0.1674711,0.17040017999999998,0.18183119999999997,0.24104046,0.27639864,0.28709738999999995,0.28509078,0.27434448,0.26644167,0.27957498000000003,0.28039284,0.28123923,0.2744586,0.34307325,1.2935026500000002,1.0105135799999998,0.42002817,0.34298766,0.24702224999999997,0.215,0.2,0.203,0.197,0.196,0.192,0.192,0.186,0.192,0.202,0.219,0.23,0.23,0.229,0.232,0.232,0.232,0.241,0.243,0.242,0.241,0.248,0.239,0.217,0.208,0.197,0.201,0.198,0.203,0.205,0.213,0.24,0.28,0.288,0.286,0.283,0.285,0.288,0.287,0.293,0.302,0.303,0.306,0.309,0.305,0.298,0.302,0.294,"[[1], [2, 3, 4]]"
0.19323369,0.18514068,0.18118452000000002,0.17487939,0.17152236,0.16959183,0.17312003999999998,0.17436585,0.18036665999999998,0.18631040999999998,0.20300996999999998,0.20420822999999996,0.20606268,0.22557719999999998,0.18973400999999998,0.20916294,0.1952403,0.21656171999999999,0.26568087,0.2394618,0.21089375999999999,0.19187375999999998,0.19155041999999997,0.16905927,0.17085665999999997,0.16930652999999998,0.16940162999999997,0.16726188,0.1674711,0.17040017999999998,0.18183119999999997,0.24104046,0.27639864,0.28709738999999995,0.28509078,0.27434448,0.26644167,0.27957498000000003,0.28039284,0.28123923,0.2744586,0.34307325,1.2935026500000002,1.0105135799999998,0.42002817,0.34298766,0.24702224999999997,0.20572983,0.2,0.203,0.197,0.196,0.192,0.192,0.186,0.192,0.202,0.219,0.23,0.23,0.229,0.232,0.232,0.232,0.241,0.243,0.242,0.241,0.248,0.239,0.217,0.208,0.197,0.201,0.198,0.203,0.205,0.213,0.24,0.28,0.288,0.286,0.283,0.285,0.288,0.287,0.293,0.302,0.303,0.306,0.309,0.305,0.298,0.302,0.294,0.29,"[[1], [2, 3, 4]]"
0.18514068,0.18118452000000002,0.17487939,0.17152236,0.16959183,0.17312003999999998,0.17436585,0.18036665999999998,0.18631040999999998,0.20300996999999998,0.20420822999999996,0.20606268,0.22557719999999998,0.18973400999999998,0.20916294,0.1952403,0.21656171999999999,0.26568087,0.2394618,0.21089375999999999,0.19187375999999998,0.19155041999999997,0.16905927,0.17085665999999997,0.16930652999999998,0.16940162999999997,0.16726188,0.1674711,0.17040017999999998,0.18183119999999997,0.24104046,0.27639864,0.28709738999999995,0.28509078,0.27434448,0.26644167,0.27957498000000003,0.28039284,0.28123923,0.2744586,0.34307325,1.2935026500000002,1.0105135799999998,0.42002817,0.34298766,0.24702224999999997,0.20572983,0.19348094999999998,0.203,0.197,0.196,0.192,0.192,0.186,0.192,0.202,0.219,0.23,0.23,0.229,0.232,0.232,0.232,0.241,0.243,0.242,0.241,0.248,0.239,0.217,0.208,0.197,0.201,0.198,0.203,0.205,0.213,0.24,0.28,0.288,0.286,0.283,0.285,0.288,0.287,0.293,0.302,0.303,0.306,0.309,0.305,0.298,0.302,0.294,0.29,0.297,"[[1], [2, 3, 4]]"
0.18118452000000002,0.17487939,0.17152236,0.16959183,0.17312003999999998,0.17436585,0.18036665999999998,0.18631040999999998,0.20300996999999998,0.20420822999999996,0.20606268,0.22557719999999998,0.18973400999999998,0.20916294,0.1952403,0.21656171999999999,0.26568087,0.2394618,0.21089375999999999,0.19187375999999998,0.19155041999999997,0.16905927,0.17085665999999997,0.16930652999999998,0.16940162999999997,0.16726188,0.1674711,0.17040017999999998,0.18183119999999997,0.24104046,0.27639864,0.28709738999999995,0.28509078,0.27434448,0.26644167,0.27957498000000003,0.28039284,0.28123923,0.2744586,0.34307325,1.2935026500000002,1.0105135799999998,0.42002817,0.34298766,0.24702224999999997,0.20572983,0.19348094999999998,0.1912461,0.197,0.196,0.192,0.192,0.186,0.192,0.202,0.219,0.23,0.23,0.229,0.232,0.232,0.232,0.241,0.243,0.242,0.241,0.248,0.239,0.217,0.208,0.197,0.201,0.198,0.203,0.205,0.213,0.24,0.28,0.288,0.286,0.283,0.285,0.288,0.287,0.293,0.302,0.303,0.306,0.309,0.305,0.298,0.302,0.294,0.29,0.297,0.294,"[[1], [2, 3, 4]]"
0.17487939,0.17152236,0.16959183,0.17312003999999998,0.17436585,0.18036665999999998,0.18631040999999998,0.20300996999999998,0.20420822999999996,0.20606268,0.22557719999999998,0.18973400999999998,0.20916294,0.1952403,0.21656171999999999,0.26568087,0.2394618,0.21089375999999999,0.19187375999999998,0.19155041999999997,0.16905927,0.17085665999999997,0.16930652999999998,0.16940162999999997,0.16726188,0.1674711,0.17040017999999998,0.18183119999999997,0.24104046,0.27639864,0.28709738999999995,0.28509078,0.27434448,0.26644167,0.27957498000000003,0.28039284,0.28123923,0.2744586,0.34307325,1.2935026500000002,1.0105135799999998,0.42002817,0.34298766,0.24702224999999997,0.20572983,0.19348094999999998,0.1912461,0.19038069,0.196,0.192,0.192,0.186,0.192,0.202,0.219,0.23,0.23,0.229,0.232,0.232,0.232,0.241,0.243,0.242,0.241,0.248,0.239,0.217,0.208,0.197,0.201,0.198,0.203,0.205,0.213,0.24,0.28,0.288,0.286,0.283,0.285,0.288,0.287,0.293,0.302,0.303,0.306,0.309,0.305,0.298,0.302,0.294,0.29,0.297,0.294,0.293,"[[1], [2, 3, 4]]"
0.17152236,0.16959183,0.17312003999999998,0.17436585,0.18036665999999998,0.18631040999999998,0.20300996999999998,0.20420822999999996,0.20606268,0.22557719999999998,0.18973400999999998,0.20916294,0.1952403,0.21656171999999999,0.26568087,0.2394618,0.21089375999999999,0.19187375999999998,0.19155041999999997,0.16905927,0.17085665999999997,0.16930652999999998,0.16940162999999997,0.16726188,0.1674711,0.17040017999999998,0.18183119999999997,0.24104046,0.27639864,0.28709738999999995,0.28509078,0.27434448,0.26644167,0.27957498000000003,0.28039284,0.28123923,0.2744586,0.34307325,1.2935026500000002,1.0105135799999998,0.42002817,0.34298766,0.24702224999999997,0.20572983,0.19348094999999998,0.1912461,0.19038069,0.18146030999999999,0.192,0.192,0.186,0.192,0.202,0.219,0.23,0.23,0.229,0.232,0.232,0.232,0.241,0.243,0.242,0.241,0.248,0.239,0.217,0.208,0.197,0.201,0.198,0.203,0.205,0.213,0.24,0.28,0.288,0.286,0.283,0.285,0.288,0.287,0.293,0.302,0.303,0.306,0.309,0.305,0.298,0.302,0.294,0.29,0.297,0.294,0.293,0.29,"[[1], [2, 3, 4]]"
0.16959183,0.17312003999999998,0.17436585,0.18036665999999998,0.18631040999999998,0.20300996999999998,0.20420822999999996,0.20606268,0.22557719999999998,0.18973400999999998,0.20916294,0.1952403,0.21656171999999999,0.26568087,0.2394618,0.21089375999999999,0.19187375999999998,0.19155041999999997,0.16905927,0.17085665999999997,0.16930652999999998,0.16940162999999997,0.16726188,0.1674711,0.17040017999999998,0.18183119999999997,0.24104046,0.27639864,0.28709738999999995,0.28509078,0.27434448,0.26644167,0.27957498000000003,0.28039284,0.28123923,0.2744586,0.34307325,1.2935026500000002,1.0105135799999998,0.42002817,0.34298766,0.24702224999999997,0.20572983,0.19348094999999998,0.1912461,0.19038069,0.18146030999999999,0.17757072,0.192,0.186,0.192,0.202,0.219,0.23,0.23,0.229,0.232,0.232,0.232,0.241,0.243,0.242,0.241,0.248,0.239,0.217,0.208,0.197,0.201,0.198,0.203,0.205,0.213,0.24,0.28,0.288,0.286,0.283,0.285,0.288,0.287,0.293,0.302,0.303,0.306,0.309,0.305,0.298,0.302,0.294,0.29,0.297,0.294,0.293,0.29,0.289,"[[1], [2, 3, 4]]"
0.17312003999999998,0.17436585,0.18036665999999998,0.18631040999999998,0.20300996999999998,0.20420822999999996,0.20606268,0.22557719999999998,0.18973400999999998,0.20916294,0.1952403,0.21656171999999999,0.26568087,0.2394618,0.21089375999999999,0.19187375999999998,0.19155041999999997,0.16905927,0.17085665999999997,0.16930652999999998,0.16940162999999997,0.16726188,0.1674711,0.17040017999999998,0.18183119999999997,0.24104046,0.27639864,0.28709738999999995,0.28509078,0.27434448,0.26644167,0.27957498000000003,0.28039284,0.28123923,0.2744586,0.34307325,1.2935026500000002,1.0105135799999998,0.42002817,0.34298766,0.24702224999999997,0.20572983,0.19348094999999998,0.1912461,0.19038069,0.18146030999999999,0.17757072,0.17889261,0.186,0.192,0.202,0.219,0.23,0.23,0.229,0.232,0.232,0.232,0.241,0.243,0.242,0.241,0.248,0.239,0.217,0.208,0.197,0.201,0.198,0.203,0.205,0.213,0.24,0.28,0.288,0.286,0.283,0.285,0.288,0.287,0.293,0.302,0.303,0.306,0.309,0.305,0.298,0.302,0.294,0.29,0.297,0.294,0.293,0.29,0.289,0.288,"[[1], [2, 3, 4]]"
0.17436585,0.18036665999999998,0.18631040999999998,0.20300996999999998,0.20420822999999996,0.20606268,0.22557719999999998,0.18973400999999998,0.20916294,0.1952403,0.21656171999999999,0.26568087,0.2394618,0.21089375999999999,0.19187375999999998,0.19155041999999997,0.16905927,0.17085665999999997,0.16930652999999998,0.16940162999999997,0.16726188,0.1674711,0.17040017999999998,0.18183119999999997,0.24104046,0.27639864,0.28709738999999995,0.28509078,0.27434448,0.26644167,0.27957498000000003,0.28039284,0.28123923,0.2744586,0.34307325,1.2935026500000002,1.0105135799999998,0.42002817,0.34298766,0.24702224999999997,0.20572983,0.19348094999999998,0.1912461,0.19038069,0.18146030999999999,0.17757072,0.17889261,0.19319565,0.192,0.202,0.219,0.23,0.23,0.229,0.232,0.232,0.232,0.241,0.243,0.242,0.241,0.248,0.239,0.217,0.208,0.197,0.201,0.198,0.203,0.205,0.213,0.24,0.28,0.288,0.286,0.283,0.285,0.288,0.287,0.293,0.302,0.303,0.306,0.309,0.305,0.298,0.302,0.294,0.29,0.297,0.294,0.293,0.29,0.289,0.288,0.295,"[[1], [2, 3, 4]]"
0.18036665999999998,0.18631040999999998,0.20300996999999998,0.20420822999999996,0.20606268,0.22557719999999998,0.18973400999999998,0.20916294,0.1952403,0.21656171999999999,0.26568087,0.2394618,0.21089375999999999,0.19187375999999998,0.19155041999999997,0.16905927,0.17085665999999997,0.16930652999999998,0.16940162999999997,0.16726188,0.1674711,0.17040017999999998,0.18183119999999997,0.24104046,0.27639864,0.28709738999999995,0.28509078,0.27434448,0.26644167,0.27957498000000003,0.28039284,0.28123923,0.2744586,0.34307325,1.2935026500000002,1.0105135799999998,0.42002817,0.34298766,0.24702224999999997,0.20572983,0.19348094999999998,0.1912461,0.19038069,0.18146030999999999,0.17757072,0.17889261,0.19319565,0.26643216000000003,0.202,0.219,0.23,0.23,0.229,0.232,0.232,0.232,0.241,0.243,0.242,0.241,0.248,0.239,0.217,0.208,0.197,0.201,0.198,0.203,0.205,0.213,0.24,0.28,0.288,0.286,0.283,0.285,0.288,0.287,0.293,0.302,0.303,0.306,0.309,0.305,0.298,0.302,0.294,0.29,0.297,0.294,0.293,0.29,0.289,0.288,0.295,0.303,"[[1], [2, 3, 4]]"
0.18631040999999998,0.20300996999999998,0.20420822999999996,0.20606268,0.22557719999999998,0.18973400999999998,0.20916294,0.1952403,0.21656171999999999,0.26568087,0.2394618,0.21089375999999999,0.19187375999999998,0.19155041999999997,0.16905927,0.17085665999999997,0.16930652999999998,0.16940162999999997,0.16726188,0.1674711,0.17040017999999998,0.18183119999999997,0.24104046,0.27639864,0.28709738999999995,0.28509078,0.27434448,0.26644167,0.27957498000000003,0.28039284,0.28123923,0.2744586,0.34307325,1.2935026500000002,1.0105135799999998,0.42002817,0.34298766,0.24702224999999997,0.20572983,0.19348094999999998,0.1912461,0.19038069,0.18146030999999999,0.17757072,0.17889261,0.19319565,0.26643216000000003,0.31564641000000004,0.219,0.23,0.23,0.229,0.232,0.232,0.232,0.241,0.243,0.242,0.241,0.248,0.239,0.217,0.208,0.197,0.201,0.198,0.203,0.205,0.213,0.24,0.28,0.288,0.286,0.283,0.285,0.288,0.287,0.293,0.302,0.303,0.306,0.309,0.305,0.298,0.302,0.294,0.29,0.297,0.294,0.293,0.29,0.289,0.288,0.295,0.303,0.293,"[[1], [2, 3, 4]]"
0.20300996999999998,0.20420822999999996,0.20606268,0.22557719999999998,0.18973400999999998,0.20916294,0.1952403,0.21656171999999999,0.26568087,0.2394618,0.21089375999999999,0.19187375999999998,0.19155041999999997,0.16905927,0.17085665999999997,0.16930652999999998,0.16940162999999997,0.16726188,0.1674711,0.17040017999999998,0.18183119999999997,0.24104046,0.27639864,0.28709738999999995,0.28509078,0.27434448,0.26644167,0.27957498000000003,0.28039284,0.28123923,0.2744586,0.34307325,1.2935026500000002,1.0105135799999998,0.42002817,0.34298766,0.24702224999999997,0.20572983,0.19348094999999998,0.1912461,0.19038069,0.18146030999999999,0.17757072,0.17889261,0.19319565,0.26643216000000003,0.31564641000000004,0.30713495999999996,0.23,0.23,0.229,0.232,0.232,0.232,0.241,0.243,0.242,0.241,0.248,0.239,0.217,0.208,0.197,0.201,0.198,0.203,0.205,0.213,0.24,0.28,0.288,0.286,0.283,0.285,0.288,0.287,0.293,0.302,0.303,0.306,0.309,0.305,0.298,0.302,0.294,0.29,0.297,0.294,0.293,0.29,0.289,0.288,0.295,0.303,0.293,0.292,"[[1], [2, 3, 4]]"
0.20420822999999996,0.20606268,0.22557719999999998,0.18973400999999998,0.20916294,0.1952403,0.21656171999999999,0.26568087,0.2394618,0.21089375999999999,0.19187375999999998,0.19155041999999997,0.16905927,0.17085665999999997,0.16930652999999998,0.16940162999999997,0.16726188,0.1674711,0.17040017999999998,0.18183119999999997,0.24104046,0.27639864,0.28709738999999995,0.28509078,0.27434448,0.26644167,0.27957498000000003,0.28039284,0.28123923,0.2744586,0.34307325,1.2935026500000002,1.0105135799999998,0.42002817,0.34298766,0.24702224999999997,0.20572983,0.19348094999999998,0.1912461,0.19038069,0.18146030999999999,0.17757072,0.17889261,0.19319565,0.26643216000000003,0.31564641000000004,0.30713495999999996,0.30970265999999996,0.23,0.229,0.232,0.232,0.232,0.241,0.243,0.242,0.241,0.248,0.239,0.217,0.208,0.197,0.201,0.198,0.203,0.205,0.213,0.24,0.28,0.288,0.286,0.283,0.285,0.288,0.287,0.293,0.302,0.303,0.306,0.309,0.305,0.298,0.302,0.294,0.29,0.297,0.294,0.293,0.29,0.289,0.288,0.295,0.303,0.293,0.292,0.287,"[[1], [2, 3, 4]]"
0.20606268,0.22557719999999998,0.18973400999999998,0.20916294,0.1952403,0.21656171999999999,0.26568087,0.2394618,0.21089375999999999,0.19187375999999998,0.19155041999999997,0.16905927,0.17085665999999997,0.16930652999999998,0.16940162999999997,0.16726188,0.1674711,0.17040017999999998,0.18183119999999997,0.24104046,0.27639864,0.28709738999999995,0.28509078,0.27434448,0.26644167,0.27957498000000003,0.28039284,0.28123923,0.2744586,0.34307325,1.2935026500000002,1.0105135799999998,0.42002817,0.34298766,0.24702224999999997,0.20572983,0.19348094999999998,0.1912461,0.19038069,0.18146030999999999,0.17757072,0.17889261,0.19319565,0.26643216000000003,0.31564641000000004,0.30713495999999996,0.30970265999999996,0.30281742,0.229,0.232,0.232,0.232,0.241,0.243,0.242,0.241,0.248,0.239,0.217,0.208,0.197,0.201,0.198,0.203,0.205,0.213,0.24,0.28,0.288,0.286,0.283,0.285,0.288,0.287,0.293,0.302,0.303,0.306,0.309,0.305,0.298,0.302,0.294,0.29,0.297,0.294,0.293,0.29,0.289,0.288,0.295,0.303,0.293,0.292,0.287,0.287,"[[1], [2, 3, 4]]"
0.22557719999999998,0.18973400999999998,0.20916294,0.1952403,0.21656171999999999,0.26568087,0.2394618,0.21089375999999999,0.19187375999999998,0.19155041999999997,0.16905927,0.17085665999999997,0.16930652999999998,0.16940162999999997,0.16726188,0.1674711,0.17040017999999998,0.18183119999999997,0.24104046,0.27639864,0.28709738999999995,0.28509078,0.27434448,0.26644167,0.27957498000000003,0.28039284,0.28123923,0.2744586,0.34307325,1.2935026500000002,1.0105135799999998,0.42002817,0.34298766,0.24702224999999997,0.20572983,0.19348094999999998,0.1912461,0.19038069,0.18146030999999999,0.17757072,0.17889261,0.19319565,0.26643216000000003,0.31564641000000004,0.30713495999999996,0.30970265999999996,0.30281742,0.29180484,0.232,0.232,0.232,0.241,0.243,0.242,0.241,0.248,0.239,0.217,0.208,0.197,0.201,0.198,0.203,0.205,0.213,0.24,0.28,0.288,0.286,0.283,0.285,0.288,0.287,0.293,0.302,0.303,0.306,0.309,0.305,0.298,0.302,0.294,0.29,0.297,0.294,0.293,0.29,0.289,0.288,0.295,0.303,0.293,0.292,0.287,0.287,0.288,"[[1], [2, 3, 4]]"
0.18973400999999998,0.20916294,0.1952403,0.21656171999999999,0.26568087,0.2394618,0.21089375999999999,0.19187375999999998,0.19155041999999997,0.16905927,0.17085665999999997,0.16930652999999998,0.16940162999999997,0.16726188,0.1674711,0.17040017999999998,0.18183119999999997,0.24104046,0.27639864,0.28709738999999995,0.28509078,0.27434448,0.26644167,0.27957498000000003,0.28039284,0.28123923,0.2744586,0.34307325,1.2935026500000002,1.0105135799999998,0.42002817,0.34298766,0.24702224999999997,0.20572983,0.19348094999999998,0.1912461,0.19038069,0.18146030999999999,0.17757072,0.17889261,0.19319565,0.26643216000000003,0.31564641000000004,0.30713495999999996,0.30970265999999996,0.30281742,0.29180484,0.29352615,0.232,0.232,0.241,0.243,0.242,0.241,0.248,0.239,0.217,0.208,0.197,0.201,0.198,0.203,0.205,0.213,0.24,0.28,0.288,0.286,0.283,0.285,0.288,0.287,0.293,0.302,0.303,0.306,0.309,0.305,0.298,0.302,0.294,0.29,0.297,0.294,0.293,0.29,0.289,0.288,0.295,0.303,0.293,0.292,0.287,0.287,0.288,0.286,"[[1], [2, 3, 4]]"
0.20916294,0.1952403,0.21656171999999999,0.26568087,0.2394618,0.21089375999999999,0.19187375999999998,0.19155041999999997,0.16905927,0.17085665999999997,0.16930652999999998,0.16940162999999997,0.16726188,0.1674711,0.17040017999999998,0.18183119999999997,0.24104046,0.27639864,0.28709738999999995,0.28509078,0.27434448,0.26644167,0.27957498000000003,0.28039284,0.28123923,0.2744586,0.34307325,1.2935026500000002,1.0105135799999998,0.42002817,0.34298766,0.24702224999999997,0.20572983,0.19348094999999998,0.1912461,0.19038069,0.18146030999999999,0.17757072,0.17889261,0.19319565,0.26643216000000003,0.31564641000000004,0.30713495999999996,0.30970265999999996,0.30281742,0.29180484,0.29352615,0.29238495,0.232,0.241,0.243,0.242,0.241,0.248,0.239,0.217,0.208,0.197,0.201,0.198,0.203,0.205,0.213,0.24,0.28,0.288,0.286,0.283,0.285,0.288,0.287,0.293,0.302,0.303,0.306,0.309,0.305,0.298,0.302,0.294,0.29,0.297,0.294,0.293,0.29,0.289,0.288,0.295,0.303,0.293,0.292,0.287,0.287,0.288,0.286,0.286,"[[1], [2, 3, 4]]"
0.1952403,0.21656171999999999,0.26568087,0.2394618,0.21089375999999999,0.19187375999999998,0.19155041999999997,0.16905927,0.17085665999999997,0.16930652999999998,0.16940162999999997,0.16726188,0.1674711,0.17040017999999998,0.18183119999999997,0.24104046,0.27639864,0.28709738999999995,0.28509078,0.27434448,0.26644167,0.27957498000000003,0.28039284,0.28123923,0.2744586,0.34307325,1.2935026500000002,1.0105135799999998,0.42002817,0.34298766,0.24702224999999997,0.20572983,0.19348094999999998,0.1912461,0.19038069,0.18146030999999999,0.17757072,0.17889261,0.19319565,0.26643216000000003,0.31564641000000004,0.30713495999999996,0.30970265999999996,0.30281742,0.29180484,0.29352615,0.29238495,0.28851437999999996,0.241,0.243,0.242,0.241,0.248,0.239,0.217,0.208,0.197,0.201,0.198,0.203,0.205,0.213,0.24,0.28,0.288,0.286,0.283,0.285,0.288,0.287,0.293,0.302,0.303,0.306,0.309,0.305,0.298,0.302,0.294,0.29,0.297,0.294,0.293,0.29,0.289,0.288,0.295,0.303,0.293,0.292,0.287,0.287,0.288,0.286,0.286,0.29,"[[1], [2, 3, 4]]"
0.21656171999999999,0.26568087,0.2394618,0.21089375999999999,0.19187375999999998,0.19155041999999997,0.16905927,0.17085665999999997,0.16930652999999998,0.16940162999999997,0.16726188,0.1674711,0.17040017999999998,0.18183119999999997,0.24104046,0.27639864,0.28709738999999995,0.28509078,0.27434448,0.26644167,0.27957498000000003,0.28039284,0.28123923,0.2744586,0.34307325,1.2935026500000002,1.0105135799999998,0.42002817,0.34298766,0.24702224999999997,0.20572983,0.19348094999999998,0.1912461,0.19038069,0.18146030999999999,0.17757072,0.17889261,0.19319565,0.26643216000000003,0.31564641000000004,0.30713495999999996,0.30970265999999996,0.30281742,0.29180484,0.29352615,0.29238495,0.28851437999999996,0.27529548,0.243,0.242,0.241,0.248,0.239,0.217,0.208,0.197,0.201,0.198,0.203,0.205,0.213,0.24,0.28,0.288,0.286,0.283,0.285,0.288,0.287,0.293,0.302,0.303,0.306,0.309,0.305,0.298,0.302,0.294,0.29,0.297,0.294,0.293,0.29,0.289,0.288,0.295,0.303,0.293,0.292,0.287,0.287,0.288,0.286,0.286,0.29,0.294,"[[1], [2, 3, 4]]"
0.26568087,0.2394618,0.21089375999999999,0.19187375999999998,0.19155041999999997,0.16905927,0.17085665999999997,0.16930652999999998,0.16940162999999997,0.16726188,0.1674711,0.17040017999999998,0.18183119999999997,0.24104046,0.27639864,0.28709738999999995,0.28509078,0.27434448,0.26644167,0.27957498000000003,0.28039284,0.28123923,0.2744586,0.34307325,1.2935026500000002,1.0105135799999998,0.42002817,0.34298766,0.24702224999999997,0.20572983,0.19348094999999998,0.1912461,0.19038069,0.18146030999999999,0.17757072,0.17889261,0.19319565,0.26643216000000003,0.31564641000000004,0.30713495999999996,0.30970265999999996,0.30281742,0.29180484,0.29352615,0.29238495,0.28851437999999996,0.27529548,0.31394412,0.242,0.241,0.248,0.239,0.217,0.208,0.197,0.201,0.198,0.203,0.205,0.213,0.24,0.28,0.288,0.286,0.283,0.285,0.288,0.287,0.293,0.302,0.303,0.306,0.309,0.305,0.298,0.302,0.294,0.29,0.297,0.294,0.293,0.29,0.289,0.288,0.295,0.303,0.293,0.292,0.287,0.287,0.288,0.286,0.286,0.29,0.294,0.284,"[[1], [2, 3, 4]]"
0.2394618,0.21089375999999999,0.19187375999999998,0.19155041999999997,0.16905927,0.17085665999999997,0.16930652999999998,0.16940162999999997,0.16726188,0.1674711,0.17040017999999998,0.18183119999999997,0.24104046,0.27639864,0.28709738999999995,0.28509078,0.27434448,0.26644167,0.27957498000000003,0.28039284,0.28123923,0.2744586,0.34307325,1.2935026500000002,1.0105135799999998,0.42002817,0.34298766,0.24702224999999997,0.20572983,0.19348094999999998,0.1912461,0.19038069,0.18146030999999999,0.17757072,0.17889261,0.19319565,0.26643216000000003,0.31564641000000004,0.30713495999999996,0.30970265999999996,0.30281742,0.29180484,0.29352615,0.29238495,0.28851437999999996,0.27529548,0.31394412,0.36014369999999996,0.241,0.248,0.239,0.217,0.208,0.197,0.201,0.198,0.203,0.205,0.213,0.24,0.28,0.288,0.286,0.283,0.285,0.288,0.287,0.293,0.302,0.303,0.306,0.309,0.305,0.298,0.302,0.294,0.29,0.297,0.294,0.293,0.29,0.289,0.288,0.295,0.303,0.293,0.292,0.287,0.287,0.288,0.286,0.286,0.29,0.294,0.284,0.282,"[[1], [2, 3, 4]]"
0.21089375999999999,0.19187375999999998,0.19155041999999997,0.16905927,0.17085665999999997,0.16930652999999998,0.16940162999999997,0.16726188,0.1674711,0.17040017999999998,0.18183119999999997,0.24104046,0.27639864,0.28709738999999995,0.28509078,0.27434448,0.26644167,0.27957498000000003,0.28039284,0.28123923,0.2744586,0.34307325,1.2935026500000002,1.0105135799999998,0.42002817,0.34298766,0.24702224999999997,0.20572983,0.19348094999999998,0.1912461,0.19038069,0.18146030999999999,0.17757072,0.17889261,0.19319565,0.26643216000000003,0.31564641000000004,0.30713495999999996,0.30970265999999996,0.30281742,0.29180484,0.29352615,0.29238495,0.28851437999999996,0.27529548,0.31394412,0.36014369999999996,0.32587917,0.248,0.239,0.217,0.208,0.197,0.201,0.198,0.203,0.205,0.213,0.24,0.28,0.288,0.286,0.283,0.285,0.288,0.287,0.293,0.302,0.303,0.306,0.309,0.305,0.298,0.302,0.294,0.29,0.297,0.294,0.293,0.29,0.289,0.288,0.295,0.303,0.293,0.292,0.287,0.287,0.288,0.286,0.286,0.29,0.294,0.284,0.282,0.281,"[[1], [2, 3, 4]]"
0.19187375999999998,0.19155041999999997,0.16905927,0.17085665999999997,0.16930652999999998,0.16940162999999997,0.16726188,0.1674711,0.17040017999999998,0.18183119999999997,0.24104046,0.27639864,0.28709738999999995,0.28509078,0.27434448,0.26644167,0.27957498000000003,0.28039284,0.28123923,0.2744586,0.34307325,1.2935026500000002,1.0105135799999998,0.42002817,0.34298766,0.24702224999999997,0.20572983,0.19348094999999998,0.1912461,0.19038069,0.18146030999999999,0.17757072,0.17889261,0.19319565,0.26643216000000003,0.31564641000000004,0.30713495999999996,0.30970265999999996,0.30281742,0.29180484,0.29352615,0.29238495,0.28851437999999996,0.27529548,0.31394412,0.36014369999999996,0.32587917,0.30024020999999995,0.239,0.217,0.208,0.197,0.201,0.198,0.203,0.205,0.213,0.24,0.28,0.288,0.286,0.283,0.285,0.288,0.287,0.293,0.302,0.303,0.306,0.309,0.305,0.298,0.302,0.294,0.29,0.297,0.294,0.293,0.29,0.289,0.288,0.295,0.303,0.293,0.292,0.287,0.287,0.288,0.286,0.286,0.29,0.294,0.284,0.282,0.281,0.271,"[[1], [2, 3, 4]]"
0.19155041999999997,0.16905927,0.17085665999999997,0.16930652999999998,0.16940162999999997,0.16726188,0.1674711,0.17040017999999998,0.18183119999999997,0.24104046,0.27639864,0.28709738999999995,0.28509078,0.27434448,0.26644167,0.27957498000000003,0.28039284,0.28123923,0.2744586,0.34307325,1.2935026500000002,1.0105135799999998,0.42002817,0.34298766,0.24702224999999997,0.20572983,0.19348094999999998,0.1912461,0.19038069,0.18146030999999999,0.17757072,0.17889261,0.19319565,0.26643216000000003,0.31564641000000004,0.30713495999999996,0.30970265999999996,0.30281742,0.29180484,0.29352615,0.29238495,0.28851437999999996,0.27529548,0.31394412,0.36014369999999996,0.32587917,0.30024020999999995,0.24580497,0.217,0.208,0.197,0.201,0.198,0.203,0.205,0.213,0.24,0.28,0.288,0.286,0.283,0.285,0.288,0.287,0.293,0.302,0.303,0.306,0.309,0.305,0.298,0.302,0.294,0.29,0.297,0.294,0.293,0.29,0.289,0.288,0.295,0.303,0.293,0.292,0.287,0.287,0.288,0.286,0.286,0.29,0.294,0.284,0.282,0.281,0.271,0.271,"[[1], [2, 3, 4]]"
0.16905927,0.17085665999999997,0.16930652999999998,0.16940162999999997,0.16726188,0.1674711,0.17040017999999998,0.18183119999999997,0.24104046,0.27639864,0.28709738999999995,0.28509078,0.27434448,0.26644167,0.27957498000000003,0.28039284,0.28123923,0.2744586,0.34307325,1.2935026500000002,1.0105135799999998,0.42002817,0.34298766,0.24702224999999997,0.20572983,0.19348094999999998,0.1912461,0.19038069,0.18146030999999999,0.17757072,0.17889261,0.19319565,0.26643216000000003,0.31564641000000004,0.30713495999999996,0.30970265999999996,0.30281742,0.29180484,0.29352615,0.29238495,0.28851437999999996,0.27529548,0.31394412,0.36014369999999996,0.32587917,0.30024020999999995,0.24580497,0.20922,0.208,0.197,0.201,0.198,0.203,0.205,0.213,0.24,0.28,0.288,0.286,0.283,0.285,0.288,0.287,0.293,0.302,0.303,0.306,0.309,0.305,0.298,0.302,0.294,0.29,0.297,0.294,0.293,0.29,0.289,0.288,0.295,0.303,0.293,0.292,0.287,0.287,0.288,0.286,0.286,0.29,0.294,0.284,0.282,0.281,0.271,0.271,0.264,"[[1], [2, 3, 4]]"
0.17085665999999997,0.16930652999999998,0.16940162999999997,0.16726188,0.1674711,0.17040017999999998,0.18183119999999997,0.24104046,0.27639864,0.28709738999999995,0.28509078,0.27434448,0.26644167,0.27957498000000003,0.28039284,0.28123923,0.2744586,0.34307325,1.2935026500000002,1.0105135799999998,0.42002817,0.34298766,0.24702224999999997,0.20572983,0.19348094999999998,0.1912461,0.19038069,0.18146030999999999,0.17757072,0.17889261,0.19319565,0.26643216000000003,0.31564641000000004,0.30713495999999996,0.30970265999999996,0.30281742,0.29180484,0.29352615,0.29238495,0.28851437999999996,0.27529548,0.31394412,0.36014369999999996,0.32587917,0.30024020999999995,0.24580497,0.20922,0.18177413999999997,0.197,0.201,0.198,0.203,0.205,0.213,0.24,0.28,0.288,0.286,0.283,0.285,0.288,0.287,0.293,0.302,0.303,0.306,0.309,0.305,0.298,0.302,0.294,0.29,0.297,0.294,0.293,0.29,0.289,0.288,0.295,0.303,0.293,0.292,0.287,0.287,0.288,0.286,0.286,0.29,0.294,0.284,0.282,0.281,0.271,0.271,0.264,0.245,"[[1], [2, 3, 4]]"
0.16930652999999998,0.16940162999999997,0.16726188,0.1674711,0.17040017999999998,0.18183119999999997,0.24104046,0.27639864,0.28709738999999995,0.28509078,0.27434448,0.26644167,0.27957498000000003,0.28039284,0.28123923,0.2744586,0.34307325,1.2935026500000002,1.0105135799999998,0.42002817,0.34298766,0.24702224999999997,0.20572983,0.19348094999999998,0.1912461,0.19038069,0.18146030999999999,0.17757072,0.17889261,0.19319565,0.26643216000000003,0.31564641000000004,0.30713495999999996,0.30970265999999996,0.30281742,0.29180484,0.29352615,0.29238495,0.28851437999999996,0.27529548,0.31394412,0.36014369999999996,0.32587917,0.30024020999999995,0.24580497,0.20922,0.18177413999999997,0.22069856999999998,0.201,0.198,0.203,0.205,0.213,0.24,0.28,0.288,0.286,0.283,0.285,0.288,0.287,0.293,0.302,0.303,0.306,0.309,0.305,0.298,0.302,0.294,0.29,0.297,0.294,0.293,0.29,0.289,0.288,0.295,0.303,0.293,0.292,0.287,0.287,0.288,0.286,0.286,0.29,0.294,0.284,0.282,0.281,0.271,0.271,0.264,0.245,0.224,"[[1], [2, 3, 4]]"
0.16940162999999997,0.16726188,0.1674711,0.17040017999999998,0.18183119999999997,0.24104046,0.27639864,0.28709738999999995,0.28509078,0.27434448,0.26644167,0.27957498000000003,0.28039284,0.28123923,0.2744586,0.34307325,1.2935026500000002,1.0105135799999998,0.42002817,0.34298766,0.24702224999999997,0.20572983,0.19348094999999998,0.1912461,0.19038069,0.18146030999999999,0.17757072,0.17889261,0.19319565,0.26643216000000003,0.31564641000000004,0.30713495999999996,0.30970265999999996,0.30281742,0.29180484,0.29352615,0.29238495,0.28851437999999996,0.27529548,0.31394412,0.36014369999999996,0.32587917,0.30024020999999995,0.24580497,0.20922,0.18177413999999997,0.22069856999999998,0.21069405000000002,0.198,0.203,0.205,0.213,0.24,0.28,0.288,0.286,0.283,0.285,0.288,0.287,0.293,0.302,0.303,0.306,0.309,0.305,0.298,0.302,0.294,0.29,0.297,0.294,0.293,0.29,0.289,0.288,0.295,0.303,0.293,0.292,0.287,0.287,0.288,0.286,0.286,0.29,0.294,0.284,0.282,0.281,0.271,0.271,0.264,0.245,0.224,0.228,"[[1], [2, 3, 4]]"
0.16726188,0.1674711,0.17040017999999998,0.18183119999999997,0.24104046,0.27639864,0.28709738999999995,0.28509078,0.27434448,0.26644167,0.27957498000000003,0.28039284,0.28123923,0.2744586,0.34307325,1.2935026500000002,1.0105135799999998,0.42002817,0.34298766,0.24702224999999997,0.20572983,0.19348094999999998,0.1912461,0.19038069,0.18146030999999999,0.17757072,0.17889261,0.19319565,0.26643216000000003,0.31564641000000004,0.30713495999999996,0.30970265999999996,0.30281742,0.29180484,0.29352615,0.29238495,0.28851437999999996,0.27529548,0.31394412,0.36014369999999996,0.32587917,0.30024020999999995,0.24580497,0.20922,0.18177413999999997,0.22069856999999998,0.21069405000000002,0.2096004,0.203,0.205,0.213,0.24,0.28,0.288,0.286,0.283,0.285,0.288,0.287,0.293,0.302,0.303,0.306,0.309,0.305,0.298,0.302,0.294,0.29,0.297,0.294,0.293,0.29,0.289,0.288,0.295,0.303,0.293,0.292,0.287,0.287,0.288,0.286,0.286,0.29,0.294,0.284,0.282,0.281,0.271,0.271,0.264,0.245,0.224,0.228,0.221,"[[1], [2, 3, 4]]"
0.1674711,0.17040017999999998,0.18183119999999997,0.24104046,0.27639864,0.28709738999999995,0.28509078,0.27434448,0.26644167,0.27957498000000003,0.28039284,0.28123923,0.2744586,0.34307325,1.2935026500000002,1.0105135799999998,0.42002817,0.34298766,0.24702224999999997,0.20572983,0.19348094999999998,0.1912461,0.19038069,0.18146030999999999,0.17757072,0.17889261,0.19319565,0.26643216000000003,0.31564641000000004,0.30713495999999996,0.30970265999999996,0.30281742,0.29180484,0.29352615,0.29238495,0.28851437999999996,0.27529548,0.31394412,0.36014369999999996,0.32587917,0.30024020999999995,0.24580497,0.20922,0.18177413999999997,0.22069856999999998,0.21069405000000002,0.2096004,0.20051834999999998,0.205,0.213,0.24,0.28,0.288,0.286,0.283,0.285,0.288,0.287,0.293,0.302,0.303,0.306,0.309,0.305,0.298,0.302,0.294,0.29,0.297,0.294,0.293,0.29,0.289,0.288,0.295,0.303,0.293,0.292,0.287,0.287,0.288,0.286,0.286,0.29,0.294,0.284,0.282,0.281,0.271,0.271,0.264,0.245,0.224,0.228,0.221,0.213,"[[1], [2, 3, 4]]"
0.17040017999999998,0.18183119999999997,0.24104046,0.27639864,0.28709738999999995,0.28509078,0.27434448,0.26644167,0.27957498000000003,0.28039284,0.28123923,0.2744586,0.34307325,1.2935026500000002,1.0105135799999998,0.42002817,0.34298766,0.24702224999999997,0.20572983,0.19348094999999998,0.1912461,0.19038069,0.18146030999999999,0.17757072,0.17889261,0.19319565,0.26643216000000003,0.31564641000000004,0.30713495999999996,0.30970265999999996,0.30281742,0.29180484,0.29352615,0.29238495,0.28851437999999996,0.27529548,0.31394412,0.36014369999999996,0.32587917,0.30024020999999995,0.24580497,0.20922,0.18177413999999997,0.22069856999999998,0.21069405000000002,0.2096004,0.20051834999999998,0.19310055,0.213,0.24,0.28,0.288,0.286,0.283,0.285,0.288,0.287,0.293,0.302,0.303,0.306,0.309,0.305,0.298,0.302,0.294,0.29,0.297,0.294,0.293,0.29,0.289,0.288,0.295,0.303,0.293,0.292,0.287,0.287,0.288,0.286,0.286,0.29,0.294,0.284,0.282,0.281,0.271,0.271,0.264,0.245,0.224,0.228,0.221,0.213,0.207,"[[1], [2, 3, 4]]"
0.18183119999999997,0.24104046,0.27639864,0.28709738999999995,0.28509078,0.27434448,0.26644167,0.27957498000000003,0.28039284,0.28123923,0.2744586,0.34307325,1.2935026500000002,1.0105135799999998,0.42002817,0.34298766,0.24702224999999997,0.20572983,0.19348094999999998,0.1912461,0.19038069,0.18146030999999999,0.17757072,0.17889261,0.19319565,0.26643216000000003,0.31564641000000004,0.30713495999999996,0.30970265999999996,0.30281742,0.29180484,0.29352615,0.29238495,0.28851437999999996,0.27529548,0.31394412,0.36014369999999996,0.32587917,0.30024020999999995,0.24580497,0.20922,0.18177413999999997,0.22069856999999998,0.21069405000000002,0.2096004,0.20051834999999998,0.19310055,0.19351899,0.24,0.28,0.288,0.286,0.283,0.285,0.288,0.287,0.293,0.302,0.303,0.306,0.309,0.305,0.298,0.302,0.294,0.29,0.297,0.294,0.293,0.29,0.289,0.288,0.295,0.303,0.293,0.292,0.287,0.287,0.288,0.286,0.286,0.29,0.294,0.284,0.282,0.281,0.271,0.271,0.264,0.245,0.224,0.228,0.221,0.213,0.207,0.206,"[[1], [2, 3, 4]]"
0.24104046,0.27639864,0.28709738999999995,0.28509078,0.27434448,0.26644167,0.27957498000000003,0.28039284,0.28123923,0.2744586,0.34307325,1.2935026500000002,1.0105135799999998,0.42002817,0.34298766,0.24702224999999997,0.20572983,0.19348094999999998,0.1912461,0.19038069,0.18146030999999999,0.17757072,0.17889261,0.19319565,0.26643216000000003,0.31564641000000004,0.30713495999999996,0.30970265999999996,0.30281742,0.29180484,0.29352615,0.29238495,0.28851437999999996,0.27529548,0.31394412,0.36014369999999996,0.32587917,0.30024020999999995,0.24580497,0.20922,0.18177413999999997,0.22069856999999998,0.21069405000000002,0.2096004,0.20051834999999998,0.19310055,0.19351899,0.21018051,0.28,0.288,0.286,0.283,0.285,0.288,0.287,0.293,0.302,0.303,0.306,0.309,0.305,0.298,0.302,0.294,0.29,0.297,0.294,0.293,0.29,0.289,0.288,0.295,0.303,0.293,0.292,0.287,0.287,0.288,0.286,0.286,0.29,0.294,0.284,0.282,0.281,0.271,0.271,0.264,0.245,0.224,0.228,0.221,0.213,0.207,0.206,0.219,"[[1], [2, 3, 4]]"
0.27639864,0.28709738999999995,0.28509078,0.27434448,0.26644167,0.27957498000000003,0.28039284,0.28123923,0.2744586,0.34307325,1.2935026500000002,1.0105135799999998,0.42002817,0.34298766,0.24702224999999997,0.20572983,0.19348094999999998,0.1912461,0.19038069,0.18146030999999999,0.17757072,0.17889261,0.19319565,0.26643216000000003,0.31564641000000004,0.30713495999999996,0.30970265999999996,0.30281742,0.29180484,0.29352615,0.29238495,0.28851437999999996,0.27529548,0.31394412,0.36014369999999996,0.32587917,0.30024020999999995,0.24580497,0.20922,0.18177413999999997,0.22069856999999998,0.21069405000000002,0.2096004,0.20051834999999998,0.19310055,0.19351899,0.21018051,0.23356559999999998,0.288,0.286,0.283,0.285,0.288,0.287,0.293,0.302,0.303,0.306,0.309,0.305,0.298,0.302,0.294,0.29,0.297,0.294,0.293,0.29,0.289,0.288,0.295,0.303,0.293,0.292,0.287,0.287,0.288,0.286,0.286,0.29,0.294,0.284,0.282,0.281,0.271,0.271,0.264,0.245,0.224,0.228,0.221,0.213,0.207,0.206,0.219,0.241,"[[1], [2, 3, 4]]"
0.28709738999999995,0.28509078,0.27434448,0.26644167,0.27957498000000003,0.28039284,0.28123923,0.2744586,0.34307325,1.2935026500000002,1.0105135799999998,0.42002817,0.34298766,0.24702224999999997,0.20572983,0.19348094999999998,0.1912461,0.19038069,0.18146030999999999,0.17757072,0.17889261,0.19319565,0.26643216000000003,0.31564641000000004,0.30713495999999996,0.30970265999999996,0.30281742,0.29180484,0.29352615,0.29238495,0.28851437999999996,0.27529548,0.31394412,0.36014369999999996,0.32587917,0.30024020999999995,0.24580497,0.20922,0.18177413999999997,0.22069856999999998,0.21069405000000002,0.2096004,0.20051834999999998,0.19310055,0.19351899,0.21018051,0.23356559999999998,0.26140136999999997,0.286,0.283,0.285,0.288,0.287,0.293,0.302,0.303,0.306,0.309,0.305,0.298,0.302,0.294,0.29,0.297,0.294,0.293,0.29,0.289,0.288,0.295,0.303,0.293,0.292,0.287,0.287,0.288,0.286,0.286,0.29,0.294,0.284,0.282,0.281,0.271,0.271,0.264,0.245,0.224,0.228,0.221,0.213,0.207,0.206,0.219,0.241,0.251,"[[1], [2, 3, 4]]"
0.28509078,0.27434448,0.26644167,0.27957498000000003,0.28039284,0.28123923,0.2744586,0.34307325,1.2935026500000002,1.0105135799999998,0.42002817,0.34298766,0.24702224999999997,0.20572983,0.19348094999999998,0.1912461,0.19038069,0.18146030999999999,0.17757072,0.17889261,0.19319565,0.26643216000000003,0.31564641000000004,0.30713495999999996,0.30970265999999996,0.30281742,0.29180484,0.29352615,0.29238495,0.28851437999999996,0.27529548,0.31394412,0.36014369999999996,0.32587917,0.30024020999999995,0.24580497,0.20922,0.18177413999999997,0.22069856999999998,0.21069405000000002,0.2096004,0.20051834999999998,0.19310055,0.19351899,0.21018051,0.23356559999999998,0.26140136999999997,0.28705935,0.283,0.285,0.288,0.287,0.293,0.302,0.303,0.306,0.309,0.305,0.298,0.302,0.294,0.29,0.297,0.294,0.293,0.29,0.289,0.288,0.295,0.303,0.293,0.292,0.287,0.287,0.288,0.286,0.286,0.29,0.294,0.284,0.282,0.281,0.271,0.271,0.264,0.245,0.224,0.228,0.221,0.213,0.207,0.206,0.219,0.241,0.251,0.242,"[[1], [2, 3, 4]]"
0.27434448,0.26644167,0.27957498000000003,0.28039284,0.28123923,0.2744586,0.34307325,1.2935026500000002,1.0105135799999998,0.42002817,0.34298766,0.24702224999999997,0.20572983,0.19348094999999998,0.1912461,0.19038069,0.18146030999999999,0.17757072,0.17889261,0.19319565,0.26643216000000003,0.31564641000000004,0.30713495999999996,0.30970265999999996,0.30281742,0.29180484,0.29352615,0.29238495,0.28851437999999996,0.27529548,0.31394412,0.36014369999999996,0.32587917,0.30024020999999995,0.24580497,0.20922,0.18177413999999997,0.22069856999999998,0.21069405000000002,0.2096004,0.20051834999999998,0.19310055,0.19351899,0.21018051,0.23356559999999998,0.26140136999999997,0.28705935,0.27770151,0.285,0.288,0.287,0.293,0.302,0.303,0.306,0.309,0.305,0.298,0.302,0.294,0.29,0.297,0.294,0.293,0.29,0.289,0.288,0.295,0.303,0.293,0.292,0.287,0.287,0.288,0.286,0.286,0.29,0.294,0.284,0.282,0.281,0.271,0.271,0.264,0.245,0.224,0.228,0.221,0.213,0.207,0.206,0.219,0.241,0.251,0.242,0.235,"[[1], [2, 3, 4]]"
0.26644167,0.27957498000000003,0.28039284,0.28123923,0.2744586,0.34307325,1.2935026500000002,1.0105135799999998,0.42002817,0.34298766,0.24702224999999997,0.20572983,0.19348094999999998,0.1912461,0.19038069,0.18146030999999999,0.17757072,0.17889261,0.19319565,0.26643216000000003,0.31564641000000004,0.30713495999999996,0.30970265999999996,0.30281742,0.29180484,0.29352615,0.29238495,0.28851437999999996,0.27529548,0.31394412,0.36014369999999996,0.32587917,0.30024020999999995,0.24580497,0.20922,0.18177413999999997,0.22069856999999998,0.21069405000000002,0.2096004,0.20051834999999998,0.19310055,0.19351899,0.21018051,0.23356559999999998,0.26140136999999997,0.28705935,0.27770151,0.23741715,0.288,0.287,0.293,0.302,0.303,0.306,0.309,0.305,0.298,0.302,0.294,0.29,0.297,0.294,0.293,0.29,0.289,0.288,0.295,0.303,0.293,0.292,0.287,0.287,0.288,0.286,0.286,0.29,0.294,0.284,0.282,0.281,0.271,0.271,0.264,0.245,0.224,0.228,0.221,0.213,0.207,0.206,0.219,0.241,0.251,0.242,0.235,0.229,"[[1], [2, 3, 4]]"
0.27957498000000003,0.28039284,0.28123923,0.2744586,0.34307325,1.2935026500000002,1.0105135799999998,0.42002817,0.34298766,0.24702224999999997,0.20572983,0.19348094999999998,0.1912461,0.19038069,0.18146030999999999,0.17757072,0.17889261,0.19319565,0.26643216000000003,0.31564641000000004,0.30713495999999996,0.30970265999999996,0.30281742,0.29180484,0.29352615,0.29238495,0.28851437999999996,0.27529548,0.31394412,0.36014369999999996,0.32587917,0.30024020999999995,0.24580497,0.20922,0.18177413999999997,0.22069856999999998,0.21069405000000002,0.2096004,0.20051834999999998,0.19310055,0.19351899,0.21018051,0.23356559999999998,0.26140136999999997,0.28705935,0.27770151,0.23741715,0.22131672,0.287,0.293,0.302,0.303,0.306,0.309,0.305,0.298,0.302,0.294,0.29,0.297,0.294,0.293,0.29,0.289,0.288,0.295,0.303,0.293,0.292,0.287,0.287,0.288,0.286,0.286,0.29,0.294,0.284,0.282,0.281,0.271,0.271,0.264,0.245,0.224,0.228,0.221,0.213,0.207,0.206,0.219,0.241,0.251,0.242,0.235,0.229,0.21,"[[1], [2, 3, 4]]"
0.28039284,0.28123923,0.2744586,0.34307325,1.2935026500000002,1.0105135799999998,0.42002817,0.34298766,0.24702224999999997,0.20572983,0.19348094999999998,0.1912461,0.19038069,0.18146030999999999,0.17757072,0.17889261,0.19319565,0.26643216000000003,0.31564641000000004,0.30713495999999996,0.30970265999999996,0.30281742,0.29180484,0.29352615,0.29238495,0.28851437999999996,0.27529548,0.31394412,0.36014369999999996,0.32587917,0.30024020999999995,0.24580497,0.20922,0.18177413999999997,0.22069856999999998,0.21069405000000002,0.2096004,0.20051834999999998,0.19310055,0.19351899,0.21018051,0.23356559999999998,0.26140136999999997,0.28705935,0.27770151,0.23741715,0.22131672,0.21270065999999999,0.293,0.302,0.303,0.306,0.309,0.305,0.298,0.302,0.294,0.29,0.297,0.294,0.293,0.29,0.289,0.288,0.295,0.303,0.293,0.292,0.287,0.287,0.288,0.286,0.286,0.29,0.294,0.284,0.282,0.281,0.271,0.271,0.264,0.245,0.224,0.228,0.221,0.213,0.207,0.206,0.219,0.241,0.251,0.242,0.235,0.229,0.21,0.2,"[[1], [2, 3, 4]]"
0.28123923,0.2744586,0.34307325,1.2935026500000002,1.0105135799999998,0.42002817,0.34298766,0.24702224999999997,0.20572983,0.19348094999999998,0.1912461,0.19038069,0.18146030999999999,0.17757072,0.17889261,0.19319565,0.26643216000000003,0.31564641000000004,0.30713495999999996,0.30970265999999996,0.30281742,0.29180484,0.29352615,0.29238495,0.28851437999999996,0.27529548,0.31394412,0.36014369999999996,0.32587917,0.30024020999999995,0.24580497,0.20922,0.18177413999999997,0.22069856999999998,0.21069405000000002,0.2096004,0.20051834999999998,0.19310055,0.19351899,0.21018051,0.23356559999999998,0.26140136999999997,0.28705935,0.27770151,0.23741715,0.22131672,0.21270065999999999,0.20013794999999998,0.302,0.303,0.306,0.309,0.305,0.298,0.302,0.294,0.29,0.297,0.294,0.293,0.29,0.289,0.288,0.295,0.303,0.293,0.292,0.287,0.287,0.288,0.286,0.286,0.29,0.294,0.284,0.282,0.281,0.271,0.271,0.264,0.245,0.224,0.228,0.221,0.213,0.207,0.206,0.219,0.241,0.251,0.242,0.235,0.229,0.21,0.2,0.194,"[[1], [2, 3, 4]]"
0.2744586,0.34307325,1.2935026500000002,1.0105135799999998,0.42002817,0.34298766,0.24702224999999997,0.20572983,0.19348094999999998,0.1912461,0.19038069,0.18146030999999999,0.17757072,0.17889261,0.19319565,0.26643216000000003,0.31564641000000004,0.30713495999999996,0.30970265999999996,0.30281742,0.29180484,0.29352615,0.29238495,0.28851437999999996,0.27529548,0.31394412,0.36014369999999996,0.32587917,0.30024020999999995,0.24580497,0.20922,0.18177413999999997,0.22069856999999998,0.21069405000000002,0.2096004,0.20051834999999998,0.19310055,0.19351899,0.21018051,0.23356559999999998,0.26140136999999997,0.28705935,0.27770151,0.23741715,0.22131672,0.21270065999999999,0.20013794999999998,0.21167358,0.303,0.306,0.309,0.305,0.298,0.302,0.294,0.29,0.297,0.294,0.293,0.29,0.289,0.288,0.295,0.303,0.293,0.292,0.287,0.287,0.288,0.286,0.286,0.29,0.294,0.284,0.282,0.281,0.271,0.271,0.264,0.245,0.224,0.228,0.221,0.213,0.207,0.206,0.219,0.241,0.251,0.242,0.235,0.229,0.21,0.2,0.194,0.199,"[[1], [2, 3, 4]]"
0.34307325,1.2935026500000002,1.0105135799999998,0.42002817,0.34298766,0.24702224999999997,0.20572983,0.19348094999999998,0.1912461,0.19038069,0.18146030999999999,0.17757072,0.17889261,0.19319565,0.26643216000000003,0.31564641000000004,0.30713495999999996,0.30970265999999996,0.30281742,0.29180484,0.29352615,0.29238495,0.28851437999999996,0.27529548,0.31394412,0.36014369999999996,0.32587917,0.30024020999999995,0.24580497,0.20922,0.18177413999999997,0.22069856999999998,0.21069405000000002,0.2096004,0.20051834999999998,0.19310055,0.19351899,0.21018051,0.23356559999999998,0.26140136999999997,0.28705935,0.27770151,0.23741715,0.22131672,0.21270065999999999,0.20013794999999998,0.21167358,0.21287184,0.306,0.309,0.305,0.298,0.302,0.294,0.29,0.297,0.294,0.293,0.29,0.289,0.288,0.295,0.303,0.293,0.292,0.287,0.287,0.288,0.286,0.286,0.29,0.294,0.284,0.282,0.281,0.271,0.271,0.264,0.245,0.224,0.228,0.221,0.213,0.207,0.206,0.219,0.241,0.251,0.242,0.235,0.229,0.21,0.2,0.194,0.199,0.202,"[[1], [2, 3, 4]]"
1.2935026500000002,1.0105135799999998,0.42002817,0.34298766,0.24702224999999997,0.20572983,0.19348094999999998,0.1912461,0.19038069,0.18146030999999999,0.17757072,0.17889261,0.19319565,0.26643216000000003,0.31564641000000004,0.30713495999999996,0.30970265999999996,0.30281742,0.29180484,0.29352615,0.29238495,0.28851437999999996,0.27529548,0.31394412,0.36014369999999996,0.32587917,0.30024020999999995,0.24580497,0.20922,0.18177413999999997,0.22069856999999998,0.21069405000000002,0.2096004,0.20051834999999998,0.19310055,0.19351899,0.21018051,0.23356559999999998,0.26140136999999997,0.28705935,0.27770151,0.23741715,0.22131672,0.21270065999999999,0.20013794999999998,0.21167358,0.21287184,0.25158705,0.309,0.305,0.298,0.302,0.294,0.29,0.297,0.294,0.293,0.29,0.289,0.288,0.295,0.303,0.293,0.292,0.287,0.287,0.288,0.286,0.286,0.29,0.294,0.284,0.282,0.281,0.271,0.271,0.264,0.245,0.224,0.228,0.221,0.213,0.207,0.206,0.219,0.241,0.251,0.242,0.235,0.229,0.21,0.2,0.194,0.199,0.202,0.203,"[[1], [2, 3, 4]]"
1.0105135799999998,0.42002817,0.34298766,0.24702224999999997,0.20572983,0.19348094999999998,0.1912461,0.19038069,0.18146030999999999,0.17757072,0.17889261,0.19319565,0.26643216000000003,0.31564641000000004,0.30713495999999996,0.30970265999999996,0.30281742,0.29180484,0.29352615,0.29238495,0.28851437999999996,0.27529548,0.31394412,0.36014369999999996,0.32587917,0.30024020999999995,0.24580497,0.20922,0.18177413999999997,0.22069856999999998,0.21069405000000002,0.2096004,0.20051834999999998,0.19310055,0.19351899,0.21018051,0.23356559999999998,0.26140136999999997,0.28705935,0.27770151,0.23741715,0.22131672,0.21270065999999999,0.20013794999999998,0.21167358,0.21287184,0.25158705,0.25283286000000005,0.305,0.298,0.302,0.294,0.29,0.297,0.294,0.293,0.29,0.289,0.288,0.295,0.303,0.293,0.292,0.287,0.287,0.288,0.286,0.286,0.29,0.294,0.284,0.282,0.281,0.271,0.271,0.264,0.245,0.224,0.228,0.221,0.213,0.207,0.206,0.219,0.241,0.251,0.242,0.235,0.229,0.21,0.2,0.194,0.199,0.202,0.203,0.198,"[[1, 4], [2, 3]]"
0.42002817,0.34298766,0.24702224999999997,0.20572983,0.19348094999999998,0.1912461,0.19038069,0.18146030999999999,0.17757072,0.17889261,0.19319565,0.26643216000000003,0.31564641000000004,0.30713495999999996,0.30970265999999996,0.30281742,0.29180484,0.29352615,0.29238495,0.28851437999999996,0.27529548,0.31394412,0.36014369999999996,0.32587917,0.30024020999999995,0.24580497,0.20922,0.18177413999999997,0.22069856999999998,0.21069405000000002,0.2096004,0.20051834999999998,0.19310055,0.19351899,0.21018051,0.23356559999999998,0.26140136999999997,0.28705935,0.27770151,0.23741715,0.22131672,0.21270065999999999,0.20013794999999998,0.21167358,0.21287184,0.25158705,0.25283286000000005,0.21858734999999999,0.298,0.302,0.294,0.29,0.297,0.294,0.293,0.29,0.289,0.288,0.295,0.303,0.293,0.292,0.287,0.287,0.288,0.286,0.286,0.29,0.294,0.284,0.282,0.281,0.271,0.271,0.264,0.245,0.224,0.228,0.221,0.213,0.207,0.206,0.219,0.241,0.251,0.242,0.235,0.229,0.21,0.2,0.194,0.199,0.202,0.203,0.198,0.195,"[[1, 4], [2, 3]]"
0.34298766,0.24702224999999997,0.20572983,0.19348094999999998,0.1912461,0.19038069,0.18146030999999999,0.17757072,0.17889261,0.19319565,0.26643216000000003,0.31564641000000004,0.30713495999999996,0.30970265999999996,0.30281742,0.29180484,0.29352615,0.29238495,0.28851437999999996,0.27529548,0.31394412,0.36014369999999996,0.32587917,0.30024020999999995,0.24580497,0.20922,0.18177413999999997,0.22069856999999998,0.21069405000000002,0.2096004,0.20051834999999998,0.19310055,0.19351899,0.21018051,0.23356559999999998,0.26140136999999997,0.28705935,0.27770151,0.23741715,0.22131672,0.21270065999999999,0.20013794999999998,0.21167358,0.21287184,0.25158705,0.25283286000000005,0.21858734999999999,0.22554866999999998,0.302,0.294,0.29,0.297,0.294,0.293,0.29,0.289,0.288,0.295,0.303,0.293,0.292,0.287,0.287,0.288,0.286,0.286,0.29,0.294,0.284,0.282,0.281,0.271,0.271,0.264,0.245,0.224,0.228,0.221,0.213,0.207,0.206,0.219,0.241,0.251,0.242,0.235,0.229,0.21,0.2,0.194,0.199,0.202,0.203,0.198,0.195,0.181,"[[1, 4], [2, 3]]"
0.24702224999999997,0.20572983,0.19348094999999998,0.1912461,0.19038069,0.18146030999999999,0.17757072,0.17889261,0.19319565,0.26643216000000003,0.31564641000000004,0.30713495999999996,0.30970265999999996,0.30281742,0.29180484,0.29352615,0.29238495,0.28851437999999996,0.27529548,0.31394412,0.36014369999999996,0.32587917,0.30024020999999995,0.24580497,0.20922,0.18177413999999997,0.22069856999999998,0.21069405000000002,0.2096004,0.20051834999999998,0.19310055,0.19351899,0.21018051,0.23356559999999998,0.26140136999999997,0.28705935,0.27770151,0.23741715,0.22131672,0.21270065999999999,0.20013794999999998,0.21167358,0.21287184,0.25158705,0.25283286000000005,0.21858734999999999,0.22554866999999998,0.20266761,0.294,0.29,0.297,0.294,0.293,0.29,0.289,0.288,0.295,0.303,0.293,0.292,0.287,0.287,0.288,0.286,0.286,0.29,0.294,0.284,0.282,0.281,0.271,0.271,0.264,0.245,0.224,0.228,0.221,0.213,0.207,0.206,0.219,0.241,0.251,0.242,0.235,0.229,0.21,0.2,0.194,0.199,0.202,0.203,0.198,0.195,0.181,0.164,"[[2, 3], [1, 4]]"
0.20572983,0.19348094999999998,0.1912461,0.19038069,0.18146030999999999,0.17757072,0.17889261,0.19319565,0.26643216000000003,0.31564641000000004,0.30713495999999996,0.30970265999999996,0.30281742,0.29180484,0.29352615,0.29238495,0.28851437999999996,0.27529548,0.31394412,0.36014369999999996,0.32587917,0.30024020999999995,0.24580497,0.20922,0.18177413999999997,0.22069856999999998,0.21069405000000002,0.2096004,0.20051834999999998,0.19310055,0.19351899,0.21018051,0.23356559999999998,0.26140136999999997,0.28705935,0.27770151,0.23741715,0.22131672,0.21270065999999999,0.20013794999999998,0.21167358,0.21287184,0.25158705,0.25283286000000005,0.21858734999999999,0.22554866999999998,0.20266761,0.19718985,0.29,0.297,0.294,0.293,0.29,0.289,0.288,0.295,0.303,0.293,0.292,0.287,0.287,0.288,0.286,0.286,0.29,0.294,0.284,0.282,0.281,0.271,0.271,0.264,0.245,0.224,0.228,0.221,0.213,0.207,0.206,0.219,0.241,0.251,0.242,0.235,0.229,0.21,0.2,0.194,0.199,0.202,0.203,0.198,0.195,0.181,0.164,0.142,"[[2, 3], [1, 4]]"
0.19348094999999998,0.1912461,0.19038069,0.18146030999999999,0.17757072,0.17889261,0.19319565,0.26643216000000003,0.31564641000000004,0.30713495999999996,0.30970265999999996,0.30281742,0.29180484,0.29352615,0.29238495,0.28851437999999996,0.27529548,0.31394412,0.36014369999999996,0.32587917,0.30024020999999995,0.24580497,0.20922,0.18177413999999997,0.22069856999999998,0.21069405000000002,0.2096004,0.20051834999999998,0.19310055,0.19351899,0.21018051,0.23356559999999998,0.26140136999999997,0.28705935,0.27770151,0.23741715,0.22131672,0.21270065999999999,0.20013794999999998,0.21167358,0.21287184,0.25158705,0.25283286000000005,0.21858734999999999,0.22554866999999998,0.20266761,0.19718985,0.14812775999999997,0.297,0.294,0.293,0.29,0.289,0.288,0.295,0.303,0.293,0.292,0.287,0.287,0.288,0.286,0.286,0.29,0.294,0.284,0.282,0.281,0.271,0.271,0.264,0.245,0.224,0.228,0.221,0.213,0.207,0.206,0.219,0.241,0.251,0.242,0.235,0.229,0.21,0.2,0.194,0.199,0.202,0.203,0.198,0.195,0.181,0.164,0.142,0.119,"[[1, 4], [2, 3]]"
0.1912461,0.19038069,0.18146030999999999,0.17757072,0.17889261,0.19319565,0.26643216000000003,0.31564641000000004,0.30713495999999996,0.30970265999999996,0.30281742,0.29180484,0.29352615,0.29238495,0.28851437999999996,0.27529548,0.31394412,0.36014369999999996,0.32587917,0.30024020999999995,0.24580497,0.20922,0.18177413999999997,0.22069856999999998,0.21069405000000002,0.2096004,0.20051834999999998,0.19310055,0.19351899,0.21018051,0.23356559999999998,0.26140136999999997,0.28705935,0.27770151,0.23741715,0.22131672,0.21270065999999999,0.20013794999999998,0.21167358,0.21287184,0.25158705,0.25283286000000005,0.21858734999999999,0.22554866999999998,0.20266761,0.19718985,0.14812775999999997,0.18425625,0.294,0.293,0.29,0.289,0.288,0.295,0.303,0.293,0.292,0.287,0.287,0.288,0.286,0.286,0.29,0.294,0.284,0.282,0.281,0.271,0.271,0.264,0.245,0.224,0.228,0.221,0.213,0.207,0.206,0.219,0.241,0.251,0.242,0.235,0.229,0.21,0.2,0.194,0.199,0.202,0.203,0.198,0.195,0.181,0.164,0.142,0.119,0.096,"[[2], [1, 3, 4]]"
0.19038069,0.18146030999999999,0.17757072,0.17889261,0.19319565,0.26643216000000003,0.31564641000000004,0.30713495999999996,0.30970265999999996,0.30281742,0.29180484,0.29352615,0.29238495,0.28851437999999996,0.27529548,0.31394412,0.36014369999999996,0.32587917,0.30024020999999995,0.24580497,0.20922,0.18177413999999997,0.22069856999999998,0.21069405000000002,0.2096004,0.20051834999999998,0.19310055,0.19351899,0.21018051,0.23356559999999998,0.26140136999999997,0.28705935,0.27770151,0.23741715,0.22131672,0.21270065999999999,0.20013794999999998,0.21167358,0.21287184,0.25158705,0.25283286000000005,0.21858734999999999,0.22554866999999998,0.20266761,0.19718985,0.14812775999999997,0.18425625,0.17925399,0.293,0.29,0.289,0.288,0.295,0.303,0.293,0.292,0.287,0.287,0.288,0.286,0.286,0.29,0.294,0.284,0.282,0.281,0.271,0.271,0.264,0.245,0.224,0.228,0.221,0.213,0.207,0.206,0.219,0.241,0.251,0.242,0.235,0.229,0.21,0.2,0.194,0.199,0.202,0.203,0.198,0.195,0.181,0.164,0.142,0.119,0.096,0.106,"[[2], [1, 3, 4]]"
0.18146030999999999,0.17757072,0.17889261,0.19319565,0.26643216000000003,0.31564641000000004,0.30713495999999996,0.30970265999999996,0.30281742,0.29180484,0.29352615,0.29238495,0.28851437999999996,0.27529548,0.31394412,0.36014369999999996,0.32587917,0.30024020999999995,0.24580497,0.20922,0.18177413999999997,0.22069856999999998,0.21069405000000002,0.2096004,0.20051834999999998,0.19310055,0.19351899,0.21018051,0.23356559999999998,0.26140136999999997,0.28705935,0.27770151,0.23741715,0.22131672,0.21270065999999999,0.20013794999999998,0.21167358,0.21287184,0.25158705,0.25283286000000005,0.21858734999999999,0.22554866999999998,0.20266761,0.19718985,0.14812775999999997,0.18425625,0.17925399,0.19272966,0.29,0.289,0.288,0.295,0.303,0.293,0.292,0.287,0.287,0.288,0.286,0.286,0.29,0.294,0.284,0.282,0.281,0.271,0.271,0.264,0.245,0.224,0.228,0.221,0.213,0.207,0.206,0.219,0.241,0.251,0.242,0.235,0.229,0.21,0.2,0.194,0.199,0.202,0.203,0.198,0.195,0.181,0.164,0.142,0.119,0.096,0.106,0.098,"[[2], [1, 3, 4]]"
0.17757072,0.17889261,0.19319565,0.26643216000000003,0.31564641000000004,0.30713495999999996,0.30970265999999996,0.30281742,0.29180484,0.29352615,0.29238495,0.28851437999999996,0.27529548,0.31394412,0.36014369999999996,0.32587917,0.30024020999999995,0.24580497,0.20922,0.18177413999999997,0.22069856999999998,0.21069405000000002,0.2096004,0.20051834999999998,0.19310055,0.19351899,0.21018051,0.23356559999999998,0.26140136999999997,0.28705935,0.27770151,0.23741715,0.22131672,0.21270065999999999,0.20013794999999998,0.21167358,0.21287184,0.25158705,0.25283286000000005,0.21858734999999999,0.22554866999999998,0.20266761,0.19718985,0.14812775999999997,0.18425625,0.17925399,0.19272966,0.15928298999999999,0.289,0.288,0.295,0.303,0.293,0.292,0.287,0.287,0.288,0.286,0.286,0.29,0.294,0.284,0.282,0.281,0.271,0.271,0.264,0.245,0.224,0.228,0.221,0.213,0.207,0.206,0.219,0.241,0.251,0.242,0.235,0.229,0.21,0.2,0.194,0.199,0.202,0.203,0.198,0.195,0.181,0.164,0.142,0.119,0.096,0.106,0.098,0.095,"[[2], [1, 3, 4]]"
0.17889261,0.19319565,0.26643216000000003,0.31564641000000004,0.30713495999999996,0.30970265999999996,0.30281742,0.29180484,0.29352615,0.29238495,0.28851437999999996,0.27529548,0.31394412,0.36014369999999996,0.32587917,0.30024020999999995,0.24580497,0.20922,0.18177413999999997,0.22069856999999998,0.21069405000000002,0.2096004,0.20051834999999998,0.19310055,0.19351899,0.21018051,0.23356559999999998,0.26140136999999997,0.28705935,0.27770151,0.23741715,0.22131672,0.21270065999999999,0.20013794999999998,0.21167358,0.21287184,0.25158705,0.25283286000000005,0.21858734999999999,0.22554866999999998,0.20266761,0.19718985,0.14812775999999997,0.18425625,0.17925399,0.19272966,0.15928298999999999,0.15383375999999999,0.288,0.295,0.303,0.293,0.292,0.287,0.287,0.288,0.286,0.286,0.29,0.294,0.284,0.282,0.281,0.271,0.271,0.264,0.245,0.224,0.228,0.221,0.213,0.207,0.206,0.219,0.241,0.251,0.242,0.235,0.229,0.21,0.2,0.194,0.199,0.202,0.203,0.198,0.195,0.181,0.164,0.142,0.119,0.096,0.106,0.098,0.095,0.089,"[[2], [1, 3, 4]]"
0.19319565,0.26643216000000003,0.31564641000000004,0.30713495999999996,0.30970265999999996,0.30281742,0.29180484,0.29352615,0.29238495,0.28851437999999996,0.27529548,0.31394412,0.36014369999999996,0.32587917,0.30024020999999995,0.24580497,0.20922,0.18177413999999997,0.22069856999999998,0.21069405000000002,0.2096004,0.20051834999999998,0.19310055,0.19351899,0.21018051,0.23356559999999998,0.26140136999999997,0.28705935,0.27770151,0.23741715,0.22131672,0.21270065999999999,0.20013794999999998,0.21167358,0.21287184,0.25158705,0.25283286000000005,0.21858734999999999,0.22554866999999998,0.20266761,0.19718985,0.14812775999999997,0.18425625,0.17925399,0.19272966,0.15928298999999999,0.15383375999999999,0.15537437999999998,0.295,0.303,0.293,0.292,0.287,0.287,0.288,0.286,0.286,0.29,0.294,0.284,0.282,0.281,0.271,0.271,0.264,0.245,0.224,0.228,0.221,0.213,0.207,0.206,0.219,0.241,0.251,0.242,0.235,0.229,0.21,0.2,0.194,0.199,0.202,0.203,0.198,0.195,0.181,0.164,0.142,0.119,0.096,0.106,0.098,0.095,0.089,0.086,"[[2], [1, 3, 4]]"
0.26643216000000003,0.31564641000000004,0.30713495999999996,0.30970265999999996,0.30281742,0.29180484,0.29352615,0.29238495,0.28851437999999996,0.27529548,0.31394412,0.36014369999999996,0.32587917,0.30024020999999995,0.24580497,0.20922,0.18177413999999997,0.22069856999999998,0.21069405000000002,0.2096004,0.20051834999999998,0.19310055,0.19351899,0.21018051,0.23356559999999998,0.26140136999999997,0.28705935,0.27770151,0.23741715,0.22131672,0.21270065999999999,0.20013794999999998,0.21167358,0.21287184,0.25158705,0.25283286000000005,0.21858734999999999,0.22554866999999998,0.20266761,0.19718985,0.14812775999999997,0.18425625,0.17925399,0.19272966,0.15928298999999999,0.15383375999999999,0.15537437999999998,0.19483136999999998,0.303,0.293,0.292,0.287,0.287,0.288,0.286,0.286,0.29,0.294,0.284,0.282,0.281,0.271,0.271,0.264,0.245,0.224,0.228,0.221,0.213,0.207,0.206,0.219,0.241,0.251,0.242,0.235,0.229,0.21,0.2,0.194,0.199,0.202,0.203,0.198,0.195,0.181,0.164,0.142,0.119,0.096,0.106,0.098,0.095,0.089,0.086,0.092,"[[2], [1, 3, 4]]"
0.31564641000000004,0.30713495999999996,0.30970265999999996,0.30281742,0.29180484,0.29352615,0.29238495,0.28851437999999996,0.27529548,0.31394412,0.36014369999999996,0.32587917,0.30024020999999995,0.24580497,0.20922,0.18177413999999997,0.22069856999999998,0.21069405000000002,0.2096004,0.20051834999999998,0.19310055,0.19351899,0.21018051,0.23356559999999998,0.26140136999999997,0.28705935,0.27770151,0.23741715,0.22131672,0.21270065999999999,0.20013794999999998,0.21167358,0.21287184,0.25158705,0.25283286000000005,0.21858734999999999,0.22554866999999998,0.20266761,0.19718985,0.14812775999999997,0.18425625,0.17925399,0.19272966,0.15928298999999999,0.15383375999999999,0.15537437999999998,0.19483136999999998,0.21610523999999998,0.293,0.292,0.287,0.287,0.288,0.286,0.286,0.29,0.294,0.284,0.282,0.281,0.271,0.271,0.264,0.245,0.224,0.228,0.221,0.213,0.207,0.206,0.219,0.241,0.251,0.242,0.235,0.229,0.21,0.2,0.194,0.199,0.202,0.203,0.198,0.195,0.181,0.164,0.142,0.119,0.096,0.106,0.098,0.095,0.089,0.086,0.092,0.137,"[[2], [1, 3, 4]]"
0.30713495999999996,0.30970265999999996,0.30281742,0.29180484,0.29352615,0.29238495,0.28851437999999996,0.27529548,0.31394412,0.36014369999999996,0.32587917,0.30024020999999995,0.24580497,0.20922,0.18177413999999997,0.22069856999999998,0.21069405000000002,0.2096004,0.20051834999999998,0.19310055,0.19351899,0.21018051,0.23356559999999998,0.26140136999999997,0.28705935,0.27770151,0.23741715,0.22131672,0.21270065999999999,0.20013794999999998,0.21167358,0.21287184,0.25158705,0.25283286000000005,0.21858734999999999,0.22554866999999998,0.20266761,0.19718985,0.14812775999999997,0.18425625,0.17925399,0.19272966,0.15928298999999999,0.15383375999999999,0.15537437999999998,0.19483136999999998,0.21610523999999998,0.21049434,0.292,0.287,0.287,0.288,0.286,0.286,0.29,0.294,0.284,0.282,0.281,0.271,0.271,0.264,0.245,0.224,0.228,0.221,0.213,0.207,0.206,0.219,0.241,0.251,0.242,0.235,0.229,0.21,0.2,0.194,0.199,0.202,0.203,0.198,0.195,0.181,0.164,0.142,0.119,0.096,0.106,0.098,0.095,0.089,0.086,0.092,0.137,0.172,"[[2], [1, 3, 4]]"
0.30970265999999996,0.30281742,0.29180484,0.29352615,0.29238495,0.28851437999999996,0.27529548,0.31394412,0.36014369999999996,0.32587917,0.30024020999999995,0.24580497,0.20922,0.18177413999999997,0.22069856999999998,0.21069405000000002,0.2096004,0.20051834999999998,0.19310055,0.19351899,0.21018051,0.23356559999999998,0.26140136999999997,0.28705935,0.27770151,0.23741715,0.22131672,0.21270065999999999,0.20013794999999998,0.21167358,0.21287184,0.25158705,0.25283286000000005,0.21858734999999999,0.22554866999999998,0.20266761,0.19718985,0.14812775999999997,0.18425625,0.17925399,0.19272966,0.15928298999999999,0.15383375999999999,0.15537437999999998,0.19483136999999998,0.21610523999999998,0.21049434,0.21053238,0.287,0.287,0.288,0.286,0.286,0.29,0.294,0.284,0.282,0.281,0.271,0.271,0.264,0.245,0.224,0.228,0.221,0.213,0.207,0.206,0.219,0.241,0.251,0.242,0.235,0.229,0.21,0.2,0.194,0.199,0.202,0.203,0.198,0.195,0.181,0.164,0.142,0.119,0.096,0.106,0.098,0.095,0.089,0.086,0.092,0.137,0.172,0.183,"[[2], [1, 3, 4]]"
0.30281742,0.29180484,0.29352615,0.29238495,0.28851437999999996,0.27529548,0.31394412,0.36014369999999996,0.32587917,0.30024020999999995,0.24580497,0.20922,0.18177413999999997,0.22069856999999998,0.21069405000000002,0.2096004,0.20051834999999998,0.19310055,0.19351899,0.21018051,0.23356559999999998,0.26140136999999997,0.28705935,0.27770151,0.23741715,0.22131672,0.21270065999999999,0.20013794999999998,0.21167358,0.21287184,0.25158705,0.25283286000000005,0.21858734999999999,0.22554866999999998,0.20266761,0.19718985,0.14812775999999997,0.18425625,0.17925399,0.19272966,0.15928298999999999,0.15383375999999999,0.15537437999999998,0.19483136999999998,0.21610523999999998,0.21049434,0.21053238,0.24207705,0.287,0.288,0.286,0.286,0.29,0.294,0.284,0.282,0.281,0.271,0.271,0.264,0.245,0.224,0.228,0.221,0.213,0.207,0.206,0.219,0.241,0.251,0.242,0.235,0.229,0.21,0.2,0.194,0.199,0.202,0.203,0.198,0.195,0.181,0.164,0.142,0.119,0.096,0.106,0.098,0.095,0.089,0.086,0.092,0.137,0.172,0.183,0.184,"[[2], [1, 3, 4]]"
0.29180484,0.29352615,0.29238495,0.28851437999999996,0.27529548,0.31394412,0.36014369999999996,0.32587917,0.30024020999999995,0.24580497,0.20922,0.18177413999999997,0.22069856999999998,0.21069405000000002,0.2096004,0.20051834999999998,0.19310055,0.19351899,0.21018051,0.23356559999999998,0.26140136999999997,0.28705935,0.27770151,0.23741715,0.22131672,0.21270065999999999,0.20013794999999998,0.21167358,0.21287184,0.25158705,0.25283286000000005,0.21858734999999999,0.22554866999999998,0.20266761,0.19718985,0.14812775999999997,0.18425625,0.17925399,0.19272966,0.15928298999999999,0.15383375999999999,0.15537437999999998,0.19483136999999998,0.21610523999999998,0.21049434,0.21053238,0.24207705,0.25136832,0.288,0.286,0.286,0.29,0.294,0.284,0.282,0.281,0.271,0.271,0.264,0.245,0.224,0.228,0.221,0.213,0.207,0.206,0.219,0.241,0.251,0.242,0.235,0.229,0.21,0.2,0.194,0.199,0.202,0.203,0.198,0.195,0.181,0.164,0.142,0.119,0.096,0.106,0.098,0.095,0.089,0.086,0.092,0.137,0.172,0.183,0.184,0.186,"[[2], [1, 3, 4]]"
0.29352615,0.29238495,0.28851437999999996,0.27529548,0.31394412,0.36014369999999996,0.32587917,0.30024020999999995,0.24580497,0.20922,0.18177413999999997,0.22069856999999998,0.21069405000000002,0.2096004,0.20051834999999998,0.19310055,0.19351899,0.21018051,0.23356559999999998,0.26140136999999997,0.28705935,0.27770151,0.23741715,0.22131672,0.21270065999999999,0.20013794999999998,0.21167358,0.21287184,0.25158705,0.25283286000000005,0.21858734999999999,0.22554866999999998,0.20266761,0.19718985,0.14812775999999997,0.18425625,0.17925399,0.19272966,0.15928298999999999,0.15383375999999999,0.15537437999999998,0.19483136999999998,0.21610523999999998,0.21049434,0.21053238,0.24207705,0.25136832,0.22976159999999998,0.286,0.286,0.29,0.294,0.284,0.282,0.281,0.271,0.271,0.264,0.245,0.224,0.228,0.221,0.213,0.207,0.206,0.219,0.241,0.251,0.242,0.235,0.229,0.21,0.2,0.194,0.199,0.202,0.203,0.198,0.195,0.181,0.164,0.142,0.119,0.096,0.106,0.098,0.095,0.089,0.086,0.092,0.137,0.172,0.183,0.184,0.186,0.179,"[[2], [1, 3, 4]]"
0.29238495,0.28851437999999996,0.27529548,0.31394412,0.36014369999999996,0.32587917,0.30024020999999995,0.24580497,0.20922,0.18177413999999997,0.22069856999999998,0.21069405000000002,0.2096004,0.20051834999999998,0.19310055,0.19351899,0.21018051,0.23356559999999998,0.26140136999999997,0.28705935,0.27770151,0.23741715,0.22131672,0.21270065999999999,0.20013794999999998,0.21167358,0.21287184,0.25158705,0.25283286000000005,0.21858734999999999,0.22554866999999998,0.20266761,0.19718985,0.14812775999999997,0.18425625,0.17925399,0.19272966,0.15928298999999999,0.15383375999999999,0.15537437999999998,0.19483136999999998,0.21610523999999998,0.21049434,0.21053238,0.24207705,0.25136832,0.22976159999999998,0.21161652,0.286,0.29,0.294,0.284,0.282,0.281,0.271,0.271,0.264,0.245,0.224,0.228,0.221,0.213,0.207,0.206,0.219,0.241,0.251,0.242,0.235,0.229,0.21,0.2,0.194,0.199,0.202,0.203,0.198,0.195,0.181,0.164,0.142,0.119,0.096,0.106,0.098,0.095,0.089,0.086,0.092,0.137,0.172,0.183,0.184,0.186,0.179,0.172,"[[2], [1, 3, 4]]"
0.28851437999999996,0.27529548,0.31394412,0.36014369999999996,0.32587917,0.30024020999999995,0.24580497,0.20922,0.18177413999999997,0.22069856999999998,0.21069405000000002,0.2096004,0.20051834999999998,0.19310055,0.19351899,0.21018051,0.23356559999999998,0.26140136999999997,0.28705935,0.27770151,0.23741715,0.22131672,0.21270065999999999,0.20013794999999998,0.21167358,0.21287184,0.25158705,0.25283286000000005,0.21858734999999999,0.22554866999999998,0.20266761,0.19718985,0.14812775999999997,0.18425625,0.17925399,0.19272966,0.15928298999999999,0.15383375999999999,0.15537437999999998,0.19483136999999998,0.21610523999999998,0.21049434,0.21053238,0.24207705,0.25136832,0.22976159999999998,0.21161652,0.19689504,0.29,0.294,0.284,0.282,0.281,0.271,0.271,0.264,0.245,0.224,0.228,0.221,0.213,0.207,0.206,0.219,0.241,0.251,0.242,0.235,0.229,0.21,0.2,0.194,0.199,0.202,0.203,0.198,0.195,0.181,0.164,0.142,0.119,0.096,0.106,0.098,0.095,0.089,0.086,0.092,0.137,0.172,0.183,0.184,0.186,0.179,0.172,0.166,"[[2], [1, 3, 4]]"
0.27529548,0.31394412,0.36014369999999996,0.32587917,0.30024020999999995,0.24580497,0.20922,0.18177413999999997,0.22069856999999998,0.21069405000000002,0.2096004,0.20051834999999998,0.19310055,0.19351899,0.21018051,0.23356559999999998,0.26140136999999997,0.28705935,0.27770151,0.23741715,0.22131672,0.21270065999999999,0.20013794999999998,0.21167358,0.21287184,0.25158705,0.25283286000000005,0.21858734999999999,0.22554866999999998,0.20266761,0.19718985,0.14812775999999997,0.18425625,0.17925399,0.19272966,0.15928298999999999,0.15383375999999999,0.15537437999999998,0.19483136999999998,0.21610523999999998,0.21049434,0.21053238,0.24207705,0.25136832,0.22976159999999998,0.21161652,0.19689504,0.18436086,0.294,0.284,0.282,0.281,0.271,0.271,0.264,0.245,0.224,0.228,0.221,0.213,0.207,0.206,0.219,0.241,0.251,0.242,0.235,0.229,0.21,0.2,0.194,0.199,0.202,0.203,0.198,0.195,0.181,0.164,0.142,0.119,0.096,0.106,0.098,0.095,0.089,0.086,0.092,0.137,0.172,0.183,0.184,0.186,0.179,0.172,0.166,0.184,"[[2], [1, 3, 4]]"
0.31394412,0.36014369999999996,0.32587917,0.30024020999999995,0.24580497,0.20922,0.18177413999999997,0.22069856999999998,0.21069405000000002,0.2096004,0.20051834999999998,0.19310055,0.19351899,0.21018051,0.23356559999999998,0.26140136999999997,0.28705935,0.27770151,0.23741715,0.22131672,0.21270065999999999,0.20013794999999998,0.21167358,0.21287184,0.25158705,0.25283286000000005,0.21858734999999999,0.22554866999999998,0.20266761,0.19718985,0.14812775999999997,0.18425625,0.17925399,0.19272966,0.15928298999999999,0.15383375999999999,0.15537437999999998,0.19483136999999998,0.21610523999999998,0.21049434,0.21053238,0.24207705,0.25136832,0.22976159999999998,0.21161652,0.19689504,0.18436086,0.18431331,0.284,0.282,0.281,0.271,0.271,0.264,0.245,0.224,0.228,0.221,0.213,0.207,0.206,0.219,0.241,0.251,0.242,0.235,0.229,0.21,0.2,0.194,0.199,0.202,0.203,0.198,0.195,0.181,0.164,0.142,0.119,0.096,0.106,0.098,0.095,0.089,0.086,0.092,0.137,0.172,0.183,0.184,0.186,0.179,0.172,0.166,0.184,0.211,"[[2], [1, 3, 4]]"
0.36014369999999996,0.32587917,0.30024020999999995,0.24580497,0.20922,0.18177413999999997,0.22069856999999998,0.21069405000000002,0.2096004,0.20051834999999998,0.19310055,0.19351899,0.21018051,0.23356559999999998,0.26140136999999997,0.28705935,0.27770151,0.23741715,0.22131672,0.21270065999999999,0.20013794999999998,0.21167358,0.21287184,0.25158705,0.25283286000000005,0.21858734999999999,0.22554866999999998,0.20266761,0.19718985,0.14812775999999997,0.18425625,0.17925399,0.19272966,0.15928298999999999,0.15383375999999999,0.15537437999999998,0.19483136999999998,0.21610523999999998,0.21049434,0.21053238,0.24207705,0.25136832,0.22976159999999998,0.21161652,0.19689504,0.18436086,0.18431331,0.21127416,0.282,0.281,0.271,0.271,0.264,0.245,0.224,0.228,0.221,0.213,0.207,0.206,0.219,0.241,0.251,0.242,0.235,0.229,0.21,0.2,0.194,0.199,0.202,0.203,0.198,0.195,0.181,0.164,0.142,0.119,0.096,0.106,0.098,0.095,0.089,0.086,0.092,0.137,0.172,0.183,0.184,0.186,0.179,0.172,0.166,0.184,0.211,0.228,"[[2], [1, 3, 4]]"
0.32587917,0.30024020999999995,0.24580497,0.20922,0.18177413999999997,0.22069856999999998,0.21069405000000002,0.2096004,0.20051834999999998,0.19310055,0.19351899,0.21018051,0.23356559999999998,0.26140136999999997,0.28705935,0.27770151,0.23741715,0.22131672,0.21270065999999999,0.20013794999999998,0.21167358,0.21287184,0.25158705,0.25283286000000005,0.21858734999999999,0.22554866999999998,0.20266761,0.19718985,0.14812775999999997,0.18425625,0.17925399,0.19272966,0.15928298999999999,0.15383375999999999,0.15537437999999998,0.19483136999999998,0.21610523999999998,0.21049434,0.21053238,0.24207705,0.25136832,0.22976159999999998,0.21161652,0.19689504,0.18436086,0.18431331,0.21127416,0.27297504,0.281,0.271,0.271,0.264,0.245,0.224,0.228,0.221,0.213,0.207,0.206,0.219,0.241,0.251,0.242,0.235,0.229,0.21,0.2,0.194,0.199,0.202,0.203,0.198,0.195,0.181,0.164,0.142,0.119,0.096,0.106,0.098,0.095,0.089,0.086,0.092,0.137,0.172,0.183,0.184,0.186,0.179,0.172,0.166,0.184,0.211,0.228,0.231,"[[2], [1, 3, 4]]"
0.30024020999999995,0.24580497,0.20922,0.18177413999999997,0.22069856999999998,0.21069405000000002,0.2096004,0.20051834999999998,0.19310055,0.19351899,0.21018051,0.23356559999999998,0.26140136999999997,0.28705935,0.27770151,0.23741715,0.22131672,0.21270065999999999,0.20013794999999998,0.21167358,0.21287184,0.25158705,0.25283286000000005,0.21858734999999999,0.22554866999999998,0.20266761,0.19718985,0.14812775999999997,0.18425625,0.17925399,0.19272966,0.15928298999999999,0.15383375999999999,0.15537437999999998,0.19483136999999998,0.21610523999999998,0.21049434,0.21053238,0.24207705,0.25136832,0.22976159999999998,0.21161652,0.19689504,0.18436086,0.18431331,0.21127416,0.27297504,0.27383093999999997,0.271,0.271,0.264,0.245,0.224,0.228,0.221,0.213,0.207,0.206,0.219,0.241,0.251,0.242,0.235,0.229,0.21,0.2,0.194,0.199,0.202,0.203,0.198,0.195,0.181,0.164,0.142,0.119,0.096,0.106,0.098,0.095,0.089,0.086,0.092,0.137,0.172,0.183,0.184,0.186,0.179,0.172,0.166,0.184,0.211,0.228,0.231,0.242,"[[2], [1, 3, 4]]"
0.24580497,0.20922,0.18177413999999997,0.22069856999999998,0.21069405000000002,0.2096004,0.20051834999999998,0.19310055,0.19351899,0.21018051,0.23356559999999998,0.26140136999999997,0.28705935,0.27770151,0.23741715,0.22131672,0.21270065999999999,0.20013794999999998,0.21167358,0.21287184,0.25158705,0.25283286000000005,0.21858734999999999,0.22554866999999998,0.20266761,0.19718985,0.14812775999999997,0.18425625,0.17925399,0.19272966,0.15928298999999999,0.15383375999999999,0.15537437999999998,0.19483136999999998,0.21610523999999998,0.21049434,0.21053238,0.24207705,0.25136832,0.22976159999999998,0.21161652,0.19689504,0.18436086,0.18431331,0.21127416,0.27297504,0.27383093999999997,0.27289895999999997,0.271,0.264,0.245,0.224,0.228,0.221,0.213,0.207,0.206,0.219,0.241,0.251,0.242,0.235,0.229,0.21,0.2,0.194,0.199,0.202,0.203,0.198,0.195,0.181,0.164,0.142,0.119,0.096,0.106,0.098,0.095,0.089,0.086,0.092,0.137,0.172,0.183,0.184,0.186,0.179,0.172,0.166,0.184,0.211,0.228,0.231,0.242,0.256,"[[2], [1, 3, 4]]"
0.20922,0.18177413999999997,0.22069856999999998,0.21069405000000002,0.2096004,0.20051834999999998,0.19310055,0.19351899,0.21018051,0.23356559999999998,0.26140136999999997,0.28705935,0.27770151,0.23741715,0.22131672,0.21270065999999999,0.20013794999999998,0.21167358,0.21287184,0.25158705,0.25283286000000005,0.21858734999999999,0.22554866999999998,0.20266761,0.19718985,0.14812775999999997,0.18425625,0.17925399,0.19272966,0.15928298999999999,0.15383375999999999,0.15537437999999998,0.19483136999999998,0.21610523999999998,0.21049434,0.21053238,0.24207705,0.25136832,0.22976159999999998,0.21161652,0.19689504,0.18436086,0.18431331,0.21127416,0.27297504,0.27383093999999997,0.27289895999999997,0.23153046,0.264,0.245,0.224,0.228,0.221,0.213,0.207,0.206,0.219,0.241,0.251,0.242,0.235,0.229,0.21,0.2,0.194,0.199,0.202,0.203,0.198,0.195,0.181,0.164,0.142,0.119,0.096,0.106,0.098,0.095,0.089,0.086,0.092,0.137,0.172,0.183,0.184,0.186,0.179,0.172,0.166,0.184,0.211,0.228,0.231,0.242,0.256,0.259,"[[2], [1, 3, 4]]"
0.18177413999999997,0.22069856999999998,0.21069405000000002,0.2096004,0.20051834999999998,0.19310055,0.19351899,0.21018051,0.23356559999999998,0.26140136999999997,0.28705935,0.27770151,0.23741715,0.22131672,0.21270065999999999,0.20013794999999998,0.21167358,0.21287184,0.25158705,0.25283286000000005,0.21858734999999999,0.22554866999999998,0.20266761,0.19718985,0.14812775999999997,0.18425625,0.17925399,0.19272966,0.15928298999999999,0.15383375999999999,0.15537437999999998,0.19483136999999998,0.21610523999999998,0.21049434,0.21053238,0.24207705,0.25136832,0.22976159999999998,0.21161652,0.19689504,0.18436086,0.18431331,0.21127416,0.27297504,0.27383093999999997,0.27289895999999997,0.23153046,0.22199192999999998,0.245,0.224,0.228,0.221,0.213,0.207,0.206,0.219,0.241,0.251,0.242,0.235,0.229,0.21,0.2,0.194,0.199,0.202,0.203,0.198,0.195,0.181,0.164,0.142,0.119,0.096,0.106,0.098,0.095,0.089,0.086,0.092,0.137,0.172,0.183,0.184,0.186,0.179,0.172,0.166,0.184,0.211,0.228,0.231,0.242,0.256,0.259,0.253,"[[2], [1, 3, 4]]"
0.22069856999999998,0.21069405000000002,0.2096004,0.20051834999999998,0.19310055,0.19351899,0.21018051,0.23356559999999998,0.26140136999999997,0.28705935,0.27770151,0.23741715,0.22131672,0.21270065999999999,0.20013794999999998,0.21167358,0.21287184,0.25158705,0.25283286000000005,0.21858734999999999,0.22554866999999998,0.20266761,0.19718985,0.14812775999999997,0.18425625,0.17925399,0.19272966,0.15928298999999999,0.15383375999999999,0.15537437999999998,0.19483136999999998,0.21610523999999998,0.21049434,0.21053238,0.24207705,0.25136832,0.22976159999999998,0.21161652,0.19689504,0.18436086,0.18431331,0.21127416,0.27297504,0.27383093999999997,0.27289895999999997,0.23153046,0.22199192999999998,0.22173516,0.224,0.228,0.221,0.213,0.207,0.206,0.219,0.241,0.251,0.242,0.235,0.229,0.21,0.2,0.194,0.199,0.202,0.203,0.198,0.195,0.181,0.164,0.142,0.119,0.096,0.106,0.098,0.095,0.089,0.086,0.092,0.137,0.172,0.183,0.184,0.186,0.179,0.172,0.166,0.184,0.211,0.228,0.231,0.242,0.256,0.259,0.253,0.241,"[[2], [1, 3, 4]]"
0.21069405000000002,0.2096004,0.20051834999999998,0.19310055,0.19351899,0.21018051,0.23356559999999998,0.26140136999999997,0.28705935,0.27770151,0.23741715,0.22131672,0.21270065999999999,0.20013794999999998,0.21167358,0.21287184,0.25158705,0.25283286000000005,0.21858734999999999,0.22554866999999998,0.20266761,0.19718985,0.14812775999999997,0.18425625,0.17925399,0.19272966,0.15928298999999999,0.15383375999999999,0.15537437999999998,0.19483136999999998,0.21610523999999998,0.21049434,0.21053238,0.24207705,0.25136832,0.22976159999999998,0.21161652,0.19689504,0.18436086,0.18431331,0.21127416,0.27297504,0.27383093999999997,0.27289895999999997,0.23153046,0.22199192999999998,0.22173516,0.19944372,0.228,0.221,0.213,0.207,0.206,0.219,0.241,0.251,0.242,0.235,0.229,0.21,0.2,0.194,0.199,0.202,0.203,0.198,0.195,0.181,0.164,0.142,0.119,0.096,0.106,0.098,0.095,0.089,0.086,0.092,0.137,0.172,0.183,0.184,0.186,0.179,0.172,0.166,0.184,0.211,0.228,0.231,0.242,0.256,0.259,0.253,0.241,0.241,"[[2], [1, 3, 4]]"
0.2096004,0.20051834999999998,0.19310055,0.19351899,0.21018051,0.23356559999999998,0.26140136999999997,0.28705935,0.27770151,0.23741715,0.22131672,0.21270065999999999,0.20013794999999998,0.21167358,0.21287184,0.25158705,0.25283286000000005,0.21858734999999999,0.22554866999999998,0.20266761,0.19718985,0.14812775999999997,0.18425625,0.17925399,0.19272966,0.15928298999999999,0.15383375999999999,0.15537437999999998,0.19483136999999998,0.21610523999999998,0.21049434,0.21053238,0.24207705,0.25136832,0.22976159999999998,0.21161652,0.19689504,0.18436086,0.18431331,0.21127416,0.27297504,0.27383093999999997,0.27289895999999997,0.23153046,0.22199192999999998,0.22173516,0.19944372,0.20552061000000002,0.221,0.213,0.207,0.206,0.219,0.241,0.251,0.242,0.235,0.229,0.21,0.2,0.194,0.199,0.202,0.203,0.198,0.195,0.181,0.164,0.142,0.119,0.096,0.106,0.098,0.095,0.089,0.086,0.092,0.137,0.172,0.183,0.184,0.186,0.179,0.172,0.166,0.184,0.211,0.228,0.231,0.242,0.256,0.259,0.253,0.241,0.241,0.248,"[[2], [1, 3, 4]]"
0.20051834999999998,0.19310055,0.19351899,0.21018051,0.23356559999999998,0.26140136999999997,0.28705935,0.27770151,0.23741715,0.22131672,0.21270065999999999,0.20013794999999998,0.21167358,0.21287184,0.25158705,0.25283286000000005,0.21858734999999999,0.22554866999999998,0.20266761,0.19718985,0.14812775999999997,0.18425625,0.17925399,0.19272966,0.15928298999999999,0.15383375999999999,0.15537437999999998,0.19483136999999998,0.21610523999999998,0.21049434,0.21053238,0.24207705,0.25136832,0.22976159999999998,0.21161652,0.19689504,0.18436086,0.18431331,0.21127416,0.27297504,0.27383093999999997,0.27289895999999997,0.23153046,0.22199192999999998,0.22173516,0.19944372,0.20552061000000002,0.21686603999999998,0.213,0.207,0.206,0.219,0.241,0.251,0.242,0.235,0.229,0.21,0.2,0.194,0.199,0.202,0.203,0.198,0.195,0.181,0.164,0.142,0.119,0.096,0.106,0.098,0.095,0.089,0.086,0.092,0.137,0.172,0.183,0.184,0.186,0.179,0.172,0.166,0.184,0.211,0.228,0.231,0.242,0.256,0.259,0.253,0.241,0.241,0.248,0.246,"[[2], [1, 3, 4]]"
0.19310055,0.19351899,0.21018051,0.23356559999999998,0.26140136999999997,0.28705935,0.27770151,0.23741715,0.22131672,0.21270065999999999,0.20013794999999998,0.21167358,0.21287184,0.25158705,0.25283286000000005,0.21858734999999999,0.22554866999999998,0.20266761,0.19718985,0.14812775999999997,0.18425625,0.17925399,0.19272966,0.15928298999999999,0.15383375999999999,0.15537437999999998,0.19483136999999998,0.21610523999999998,0.21049434,0.21053238,0.24207705,0.25136832,0.22976159999999998,0.21161652,0.19689504,0.18436086,0.18431331,0.21127416,0.27297504,0.27383093999999997,0.27289895999999997,0.23153046,0.22199192999999998,0.22173516,0.19944372,0.20552061000000002,0.21686603999999998,0.19668581999999998,0.207,0.206,0.219,0.241,0.251,0.242,0.235,0.229,0.21,0.2,0.194,0.199,0.202,0.203,0.198,0.195,0.181,0.164,0.142,0.119,0.096,0.106,0.098,0.095,0.089,0.086,0.092,0.137,0.172,0.183,0.184,0.186,0.179,0.172,0.166,0.184,0.211,0.228,0.231,0.242,0.256,0.259,0.253,0.241,0.241,0.248,0.246,0.247,"[[2], [1, 3, 4]]"
0.19351899,0.21018051,0.23356559999999998,0.26140136999999997,0.28705935,0.27770151,0.23741715,0.22131672,0.21270065999999999,0.20013794999999998,0.21167358,0.21287184,0.25158705,0.25283286000000005,0.21858734999999999,0.22554866999999998,0.20266761,0.19718985,0.14812775999999997,0.18425625,0.17925399,0.19272966,0.15928298999999999,0.15383375999999999,0.15537437999999998,0.19483136999999998,0.21610523999999998,0.21049434,0.21053238,0.24207705,0.25136832,0.22976159999999998,0.21161652,0.19689504,0.18436086,0.18431331,0.21127416,0.27297504,0.27383093999999997,0.27289895999999997,0.23153046,0.22199192999999998,0.22173516,0.19944372,0.20552061000000002,0.21686603999999998,0.19668581999999998,0.19660023,0.206,0.219,0.241,0.251,0.242,0.235,0.229,0.21,0.2,0.194,0.199,0.202,0.203,0.198,0.195,0.181,0.164,0.142,0.119,0.096,0.106,0.098,0.095,0.089,0.086,0.092,0.137,0.172,0.183,0.184,0.186,0.179,0.172,0.166,0.184,0.211,0.228,0.231,0.242,0.256,0.259,0.253,0.241,0.241,0.248,0.246,0.247,0.252,"[[2], [1, 3, 4]]"
0.21018051,0.23356559999999998,0.26140136999999997,0.28705935,0.27770151,0.23741715,0.22131672,0.21270065999999999,0.20013794999999998,0.21167358,0.21287184,0.25158705,0.25283286000000005,0.21858734999999999,0.22554866999999998,0.20266761,0.19718985,0.14812775999999997,0.18425625,0.17925399,0.19272966,0.15928298999999999,0.15383375999999999,0.15537437999999998,0.19483136999999998,0.21610523999999998,0.21049434,0.21053238,0.24207705,0.25136832,0.22976159999999998,0.21161652,0.19689504,0.18436086,0.18431331,0.21127416,0.27297504,0.27383093999999997,0.27289895999999997,0.23153046,0.22199192999999998,0.22173516,0.19944372,0.20552061000000002,0.21686603999999998,0.19668581999999998,0.19660023,0.19933911,0.219,0.241,0.251,0.242,0.235,0.229,0.21,0.2,0.194,0.199,0.202,0.203,0.198,0.195,0.181,0.164,0.142,0.119,0.096,0.106,0.098,0.095,0.089,0.086,0.092,0.137,0.172,0.183,0.184,0.186,0.179,0.172,0.166,0.184,0.211,0.228,0.231,0.242,0.256,0.259,0.253,0.241,0.241,0.248,0.246,0.247,0.252,0.255,"[[2], [1, 3, 4]]"
0.23356559999999998,0.26140136999999997,0.28705935,0.27770151,0.23741715,0.22131672,0.21270065999999999,0.20013794999999998,0.21167358,0.21287184,0.25158705,0.25283286000000005,0.21858734999999999,0.22554866999999998,0.20266761,0.19718985,0.14812775999999997,0.18425625,0.17925399,0.19272966,0.15928298999999999,0.15383375999999999,0.15537437999999998,0.19483136999999998,0.21610523999999998,0.21049434,0.21053238,0.24207705,0.25136832,0.22976159999999998,0.21161652,0.19689504,0.18436086,0.18431331,0.21127416,0.27297504,0.27383093999999997,0.27289895999999997,0.23153046,0.22199192999999998,0.22173516,0.19944372,0.20552061000000002,0.21686603999999998,0.19668581999999998,0.19660023,0.19933911,0.19842615,0.241,0.251,0.242,0.235,0.229,0.21,0.2,0.194,0.199,0.202,0.203,0.198,0.195,0.181,0.164,0.142,0.119,0.096,0.106,0.098,0.095,0.089,0.086,0.092,0.137,0.172,0.183,0.184,0.186,0.179,0.172,0.166,0.184,0.211,0.228,0.231,0.242,0.256,0.259,0.253,0.241,0.241,0.248,0.246,0.247,0.252,0.255,0.259,"[[2], [1, 3, 4]]"
0.26140136999999997,0.28705935,0.27770151,0.23741715,0.22131672,0.21270065999999999,0.20013794999999998,0.21167358,0.21287184,0.25158705,0.25283286000000005,0.21858734999999999,0.22554866999999998,0.20266761,0.19718985,0.14812775999999997,0.18425625,0.17925399,0.19272966,0.15928298999999999,0.15383375999999999,0.15537437999999998,0.19483136999999998,0.21610523999999998,0.21049434,0.21053238,0.24207705,0.25136832,0.22976159999999998,0.21161652,0.19689504,0.18436086,0.18431331,0.21127416,0.27297504,0.27383093999999997,0.27289895999999997,0.23153046,0.22199192999999998,0.22173516,0.19944372,0.20552061000000002,0.21686603999999998,0.19668581999999998,0.19660023,0.19933911,0.19842615,0.22921002000000001,0.251,0.242,0.235,0.229,0.21,0.2,0.194,0.199,0.202,0.203,0.198,0.195,0.181,0.164,0.142,0.119,0.096,0.106,0.098,0.095,0.089,0.086,0.092,0.137,0.172,0.183,0.184,0.186,0.179,0.172,0.166,0.184,0.211,0.228,0.231,0.242,0.256,0.259,0.253,0.241,0.241,0.248,0.246,0.247,0.252,0.255,0.259,0.263,"[[2], [1, 3, 4]]"
0.28705935,0.27770151,0.23741715,0.22131672,0.21270065999999999,0.20013794999999998,0.21167358,0.21287184,0.25158705,0.25283286000000005,0.21858734999999999,0.22554866999999998,0.20266761,0.19718985,0.14812775999999997,0.18425625,0.17925399,0.19272966,0.15928298999999999,0.15383375999999999,0.15537437999999998,0.19483136999999998,0.21610523999999998,0.21049434,0.21053238,0.24207705,0.25136832,0.22976159999999998,0.21161652,0.19689504,0.18436086,0.18431331,0.21127416,0.27297504,0.27383093999999997,0.27289895999999997,0.23153046,0.22199192999999998,0.22173516,0.19944372,0.20552061000000002,0.21686603999999998,0.19668581999999998,0.19660023,0.19933911,0.19842615,0.22921002000000001,0.29741574,0.242,0.235,0.229,0.21,0.2,0.194,0.199,0.202,0.203,0.198,0.195,0.181,0.164,0.142,0.119,0.096,0.106,0.098,0.095,0.089,0.086,0.092,0.137,0.172,0.183,0.184,0.186,0.179,0.172,0.166,0.184,0.211,0.228,0.231,0.242,0.256,0.259,0.253,0.241,0.241,0.248,0.246,0.247,0.252,0.255,0.259,0.263,0.255,"[[2], [1, 3, 4]]"
0.27770151,0.23741715,0.22131672,0.21270065999999999,0.20013794999999998,0.21167358,0.21287184,0.25158705,0.25283286000000005,0.21858734999999999,0.22554866999999998,0.20266761,0.19718985,0.14812775999999997,0.18425625,0.17925399,0.19272966,0.15928298999999999,0.15383375999999999,0.15537437999999998,0.19483136999999998,0.21610523999999998,0.21049434,0.21053238,0.24207705,0.25136832,0.22976159999999998,0.21161652,0.19689504,0.18436086,0.18431331,0.21127416,0.27297504,0.27383093999999997,0.27289895999999997,0.23153046,0.22199192999999998,0.22173516,0.19944372,0.20552061000000002,0.21686603999999998,0.19668581999999998,0.19660023,0.19933911,0.19842615,0.22921002000000001,0.29741574,0.29451519,0.235,0.229,0.21,0.2,0.194,0.199,0.202,0.203,0.198,0.195,0.181,0.164,0.142,0.119,0.096,0.106,0.098,0.095,0.089,0.086,0.092,0.137,0.172,0.183,0.184,0.186,0.179,0.172,0.166,0.184,0.211,0.228,0.231,0.242,0.256,0.259,0.253,0.241,0.241,0.248,0.246,0.247,0.252,0.255,0.259,0.263,0.255,0.24,"[[2], [1, 3, 4]]"
0.23741715,0.22131672,0.21270065999999999,0.20013794999999998,0.21167358,0.21287184,0.25158705,0.25283286000000005,0.21858734999999999,0.22554866999999998,0.20266761,0.19718985,0.14812775999999997,0.18425625,0.17925399,0.19272966,0.15928298999999999,0.15383375999999999,0.15537437999999998,0.19483136999999998,0.21610523999999998,0.21049434,0.21053238,0.24207705,0.25136832,0.22976159999999998,0.21161652,0.19689504,0.18436086,0.18431331,0.21127416,0.27297504,0.27383093999999997,0.27289895999999997,0.23153046,0.22199192999999998,0.22173516,0.19944372,0.20552061000000002,0.21686603999999998,0.19668581999999998,0.19660023,0.19933911,0.19842615,0.22921002000000001,0.29741574,0.29451519,0.27163413,0.229,0.21,0.2,0.194,0.199,0.202,0.203,0.198,0.195,0.181,0.164,0.142,0.119,0.096,0.106,0.098,0.095,0.089,0.086,0.092,0.137,0.172,0.183,0.184,0.186,0.179,0.172,0.166,0.184,0.211,0.228,0.231,0.242,0.256,0.259,0.253,0.241,0.241,0.248,0.246,0.247,0.252,0.255,0.259,0.263,0.255,0.24,0.233,"[[2], [1, 3, 4]]"
0.22131672,0.21270065999999999,0.20013794999999998,0.21167358,0.21287184,0.25158705,0.25283286000000005,0.21858734999999999,0.22554866999999998,0.20266761,0.19718985,0.14812775999999997,0.18425625,0.17925399,0.19272966,0.15928298999999999,0.15383375999999999,0.15537437999999998,0.19483136999999998,0.21610523999999998,0.21049434,0.21053238,0.24207705,0.25136832,0.22976159999999998,0.21161652,0.19689504,0.18436086,0.18431331,0.21127416,0.27297504,0.27383093999999997,0.27289895999999997,0.23153046,0.22199192999999998,0.22173516,0.19944372,0.20552061000000002,0.21686603999999998,0.19668581999999998,0.19660023,0.19933911,0.19842615,0.22921002000000001,0.29741574,0.29451519,0.27163413,0.22495905,0.21,0.2,0.194,0.199,0.202,0.203,0.198,0.195,0.181,0.164,0.142,0.119,0.096,0.106,0.098,0.095,0.089,0.086,0.092,0.137,0.172,0.183,0.184,0.186,0.179,0.172,0.166,0.184,0.211,0.228,0.231,0.242,0.256,0.259,0.253,0.241,0.241,0.248,0.246,0.247,0.252,0.255,0.259,0.263,0.255,0.24,0.233,0.224,"[[2], [1, 3, 4]]"
0.21270065999999999,0.20013794999999998,0.21167358,0.21287184,0.25158705,0.25283286000000005,0.21858734999999999,0.22554866999999998,0.20266761,0.19718985,0.14812775999999997,0.18425625,0.17925399,0.19272966,0.15928298999999999,0.15383375999999999,0.15537437999999998,0.19483136999999998,0.21610523999999998,0.21049434,0.21053238,0.24207705,0.25136832,0.22976159999999998,0.21161652,0.19689504,0.18436086,0.18431331,0.21127416,0.27297504,0.27383093999999997,0.27289895999999997,0.23153046,0.22199192999999998,0.22173516,0.19944372,0.20552061000000002,0.21686603999999998,0.19668581999999998,0.19660023,0.19933911,0.19842615,0.22921002000000001,0.29741574,0.29451519,0.27163413,0.22495905,0.22443599999999997,0.2,0.194,0.199,0.202,0.203,0.198,0.195,0.181,0.164,0.142,0.119,0.096,0.106,0.098,0.095,0.089,0.086,0.092,0.137,0.172,0.183,0.184,0.186,0.179,0.172,0.166,0.184,0.211,0.228,0.231,0.242,0.256,0.259,0.253,0.241,0.241,0.248,0.246,0.247,0.252,0.255,0.259,0.263,0.255,0.24,0.233,0.224,0.207,"[[2], [1, 3, 4]]"
0.20013794999999998,0.21167358,0.21287184,0.25158705,0.25283286000000005,0.21858734999999999,0.22554866999999998,0.20266761,0.19718985,0.14812775999999997,0.18425625,0.17925399,0.19272966,0.15928298999999999,0.15383375999999999,0.15537437999999998,0.19483136999999998,0.21610523999999998,0.21049434,0.21053238,0.24207705,0.25136832,0.22976159999999998,0.21161652,0.19689504,0.18436086,0.18431331,0.21127416,0.27297504,0.27383093999999997,0.27289895999999997,0.23153046,0.22199192999999998,0.22173516,0.19944372,0.20552061000000002,0.21686603999999998,0.19668581999999998,0.19660023,0.19933911,0.19842615,0.22921002000000001,0.29741574,0.29451519,0.27163413,0.22495905,0.22443599999999997,0.20552061000000002,0.194,0.199,0.202,0.203,0.198,0.195,0.181,0.164,0.142,0.119,0.096,0.106,0.098,0.095,0.089,0.086,0.092,0.137,0.172,0.183,0.184,0.186,0.179,0.172,0.166,0.184,0.211,0.228,0.231,0.242,0.256,0.259,0.253,0.241,0.241,0.248,0.246,0.247,0.252,0.255,0.259,0.263,0.255,0.24,0.233,0.224,0.207,0.198,"[[2], [1, 3, 4]]"
0.21167358,0.21287184,0.25158705,0.25283286000000005,0.21858734999999999,0.22554866999999998,0.20266761,0.19718985,0.14812775999999997,0.18425625,0.17925399,0.19272966,0.15928298999999999,0.15383375999999999,0.15537437999999998,0.19483136999999998,0.21610523999999998,0.21049434,0.21053238,0.24207705,0.25136832,0.22976159999999998,0.21161652,0.19689504,0.18436086,0.18431331,0.21127416,0.27297504,0.27383093999999997,0.27289895999999997,0.23153046,0.22199192999999998,0.22173516,0.19944372,0.20552061000000002,0.21686603999999998,0.19668581999999998,0.19660023,0.19933911,0.19842615,0.22921002000000001,0.29741574,0.29451519,0.27163413,0.22495905,0.22443599999999997,0.20552061000000002,0.20412264,0.199,0.202,0.203,0.198,0.195,0.181,0.164,0.142,0.119,0.096,0.106,0.098,0.095,0.089,0.086,0.092,0.137,0.172,0.183,0.184,0.186,0.179,0.172,0.166,0.184,0.211,0.228,0.231,0.242,0.256,0.259,0.253,0.241,0.241,0.248,0.246,0.247,0.252,0.255,0.259,0.263,0.255,0.24,0.233,0.224,0.207,0.198,0.184,"[[2], [1, 3, 4]]"
0.21287184,0.25158705,0.25283286000000005,0.21858734999999999,0.22554866999999998,0.20266761,0.19718985,0.14812775999999997,0.18425625,0.17925399,0.19272966,0.15928298999999999,0.15383375999999999,0.15537437999999998,0.19483136999999998,0.21610523999999998,0.21049434,0.21053238,0.24207705,0.25136832,0.22976159999999998,0.21161652,0.19689504,0.18436086,0.18431331,0.21127416,0.27297504,0.27383093999999997,0.27289895999999997,0.23153046,0.22199192999999998,0.22173516,0.19944372,0.20552061000000002,0.21686603999999998,0.19668581999999998,0.19660023,0.19933911,0.19842615,0.22921002000000001,0.29741574,0.29451519,0.27163413,0.22495905,0.22443599999999997,0.20552061000000002,0.20412264,0.21974756999999998,0.202,0.203,0.198,0.195,0.181,0.164,0.142,0.119,0.096,0.106,0.098,0.095,0.089,0.086,0.092,0.137,0.172,0.183,0.184,0.186,0.179,0.172,0.166,0.184,0.211,0.228,0.231,0.242,0.256,0.259,0.253,0.241,0.241,0.248,0.246,0.247,0.252,0.255,0.259,0.263,0.255,0.24,0.233,0.224,0.207,0.198,0.184,0.181,"[[2], [1, 3, 4]]"
0.25158705,0.25283286000000005,0.21858734999999999,0.22554866999999998,0.20266761,0.19718985,0.14812775999999997,0.18425625,0.17925399,0.19272966,0.15928298999999999,0.15383375999999999,0.15537437999999998,0.19483136999999998,0.21610523999999998,0.21049434,0.21053238,0.24207705,0.25136832,0.22976159999999998,0.21161652,0.19689504,0.18436086,0.18431331,0.21127416,0.27297504,0.27383093999999997,0.27289895999999997,0.23153046,0.22199192999999998,0.22173516,0.19944372,0.20552061000000002,0.21686603999999998,0.19668581999999998,0.19660023,0.19933911,0.19842615,0.22921002000000001,0.29741574,0.29451519,0.27163413,0.22495905,0.22443599999999997,0.20552061000000002,0.20412264,0.21974756999999998,0.20765084999999997,0.203,0.198,0.195,0.181,0.164,0.142,0.119,0.096,0.106,0.098,0.095,0.089,0.086,0.092,0.137,0.172,0.183,0.184,0.186,0.179,0.172,0.166,0.184,0.211,0.228,0.231,0.242,0.256,0.259,0.253,0.241,0.241,0.248,0.246,0.247,0.252,0.255,0.259,0.263,0.255,0.24,0.233,0.224,0.207,0.198,0.184,0.181,0.178,"[[2], [1, 3, 4]]"
0.25283286000000005,0.21858734999999999,0.22554866999999998,0.20266761,0.19718985,0.14812775999999997,0.18425625,0.17925399,0.19272966,0.15928298999999999,0.15383375999999999,0.15537437999999998,0.19483136999999998,0.21610523999999998,0.21049434,0.21053238,0.24207705,0.25136832,0.22976159999999998,0.21161652,0.19689504,0.18436086,0.18431331,0.21127416,0.27297504,0.27383093999999997,0.27289895999999997,0.23153046,0.22199192999999998,0.22173516,0.19944372,0.20552061000000002,0.21686603999999998,0.19668581999999998,0.19660023,0.19933911,0.19842615,0.22921002000000001,0.29741574,0.29451519,0.27163413,0.22495905,0.22443599999999997,0.20552061000000002,0.20412264,0.21974756999999998,0.20765084999999997,0.23012297999999998,0.198,0.195,0.181,0.164,0.142,0.119,0.096,0.106,0.098,0.095,0.089,0.086,0.092,0.137,0.172,0.183,0.184,0.186,0.179,0.172,0.166,0.184,0.211,0.228,0.231,0.242,0.256,0.259,0.253,0.241,0.241,0.248,0.246,0.247,0.252,0.255,0.259,0.263,0.255,0.24,0.233,0.224,0.207,0.198,0.184,0.181,0.178,0.175,"[[2], [1, 3, 4]]"
0.21858734999999999,0.22554866999999998,0.20266761,0.19718985,0.14812775999999997,0.18425625,0.17925399,0.19272966,0.15928298999999999,0.15383375999999999,0.15537437999999998,0.19483136999999998,0.21610523999999998,0.21049434,0.21053238,0.24207705,0.25136832,0.22976159999999998,0.21161652,0.19689504,0.18436086,0.18431331,0.21127416,0.27297504,0.27383093999999997,0.27289895999999997,0.23153046,0.22199192999999998,0.22173516,0.19944372,0.20552061000000002,0.21686603999999998,0.19668581999999998,0.19660023,0.19933911,0.19842615,0.22921002000000001,0.29741574,0.29451519,0.27163413,0.22495905,0.22443599999999997,0.20552061000000002,0.20412264,0.21974756999999998,0.20765084999999997,0.23012297999999998,0.24496808999999997,0.195,0.181,0.164,0.142,0.119,0.096,0.106,0.098,0.095,0.089,0.086,0.092,0.137,0.172,0.183,0.184,0.186,0.179,0.172,0.166,0.184,0.211,0.228,0.231,0.242,0.256,0.259,0.253,0.241,0.241,0.248,0.246,0.247,0.252,0.255,0.259,0.263,0.255,0.24,0.233,0.224,0.207,0.198,0.184,0.181,0.178,0.175,0.171,"[[2], [1, 3, 4]]"
0.22554866999999998,0.20266761,0.19718985,0.14812775999999997,0.18425625,0.17925399,0.19272966,0.15928298999999999,0.15383375999999999,0.15537437999999998,0.19483136999999998,0.21610523999999998,0.21049434,0.21053238,0.24207705,0.25136832,0.22976159999999998,0.21161652,0.19689504,0.18436086,0.18431331,0.21127416,0.27297504,0.27383093999999997,0.27289895999999997,0.23153046,0.22199192999999998,0.22173516,0.19944372,0.20552061000000002,0.21686603999999998,0.19668581999999998,0.19660023,0.19933911,0.19842615,0.22921002000000001,0.29741574,0.29451519,0.27163413,0.22495905,0.22443599999999997,0.20552061000000002,0.20412264,0.21974756999999998,0.20765084999999997,0.23012297999999998,0.24496808999999997,0.20552061000000002,0.181,0.164,0.142,0.119,0.096,0.106,0.098,0.095,0.089,0.086,0.092,0.137,0.172,0.183,0.184,0.186,0.179,0.172,0.166,0.184,0.211,0.228,0.231,0.242,0.256,0.259,0.253,0.241,0.241,0.248,0.246,0.247,0.252,0.255,0.259,0.263,0.255,0.24,0.233,0.224,0.207,0.198,0.184,0.181,0.178,0.175,0.171,0.172,"[[2], [1, 3, 4]]"
0.20266761,0.19718985,0.14812775999999997,0.18425625,0.17925399,0.19272966,0.15928298999999999,0.15383375999999999,0.15537437999999998,0.19483136999999998,0.21610523999999998,0.21049434,0.21053238,0.24207705,0.25136832,0.22976159999999998,0.21161652,0.19689504,0.18436086,0.18431331,0.21127416,0.27297504,0.27383093999999997,0.27289895999999997,0.23153046,0.22199192999999998,0.22173516,0.19944372,0.20552061000000002,0.21686603999999998,0.19668581999999998,0.19660023,0.19933911,0.19842615,0.22921002000000001,0.29741574,0.29451519,0.27163413,0.22495905,0.22443599999999997,0.20552061000000002,0.20412264,0.21974756999999998,0.20765084999999997,0.23012297999999998,0.24496808999999997,0.20552061000000002,0.22387491,0.164,0.142,0.119,0.096,0.106,0.098,0.095,0.089,0.086,0.092,0.137,0.172,0.183,0.184,0.186,0.179,0.172,0.166,0.184,0.211,0.228,0.231,0.242,0.256,0.259,0.253,0.241,0.241,0.248,0.246,0.247,0.252,0.255,0.259,0.263,0.255,0.24,0.233,0.224,0.207,0.198,0.184,0.181,0.178,0.175,0.171,0.172,0.161,"[[2], [1, 3, 4]]"
0.19718985,0.14812775999999997,0.18425625,0.17925399,0.19272966,0.15928298999999999,0.15383375999999999,0.15537437999999998,0.19483136999999998,0.21610523999999998,0.21049434,0.21053238,0.24207705,0.25136832,0.22976159999999998,0.21161652,0.19689504,0.18436086,0.18431331,0.21127416,0.27297504,0.27383093999999997,0.27289895999999997,0.23153046,0.22199192999999998,0.22173516,0.19944372,0.20552061000000002,0.21686603999999998,0.19668581999999998,0.19660023,0.19933911,0.19842615,0.22921002000000001,0.29741574,0.29451519,0.27163413,0.22495905,0.22443599999999997,0.20552061000000002,0.20412264,0.21974756999999998,0.20765084999999997,0.23012297999999998,0.24496808999999997,0.20552061000000002,0.22387491,0.20878254,0.142,0.119,0.096,0.106,0.098,0.095,0.089,0.086,0.092,0.137,0.172,0.183,0.184,0.186,0.179,0.172,0.166,0.184,0.211,0.228,0.231,0.242,0.256,0.259,0.253,0.241,0.241,0.248,0.246,0.247,0.252,0.255,0.259,0.263,0.255,0.24,0.233,0.224,0.207,0.198,0.184,0.181,0.178,0.175,0.171,0.172,0.161,0.143,"[[2], [1, 3, 4]]"
0.14812775999999997,0.18425625,0.17925399,0.19272966,0.15928298999999999,0.15383375999999999,0.15537437999999998,0.19483136999999998,0.21610523999999998,0.21049434,0.21053238,0.24207705,0.25136832,0.22976159999999998,0.21161652,0.19689504,0.18436086,0.18431331,0.21127416,0.27297504,0.27383093999999997,0.27289895999999997,0.23153046,0.22199192999999998,0.22173516,0.19944372,0.20552061000000002,0.21686603999999998,0.19668581999999998,0.19660023,0.19933911,0.19842615,0.22921002000000001,0.29741574,0.29451519,0.27163413,0.22495905,0.22443599999999997,0.20552061000000002,0.20412264,0.21974756999999998,0.20765084999999997,0.23012297999999998,0.24496808999999997,0.20552061000000002,0.22387491,0.20878254,0.20835459,0.119,0.096,0.106,0.098,0.095,0.089,0.086,0.092,0.137,0.172,0.183,0.184,0.186,0.179,0.172,0.166,0.184,0.211,0.228,0.231,0.242,0.256,0.259,0.253,0.241,0.241,0.248,0.246,0.247,0.252,0.255,0.259,0.263,0.255,0.24,0.233,0.224,0.207,0.198,0.184,0.181,0.178,0.175,0.171,0.172,0.161,0.143,0.109,"[[2], [1, 3, 4]]"
0.18425625,0.17925399,0.19272966,0.15928298999999999,0.15383375999999999,0.15537437999999998,0.19483136999999998,0.21610523999999998,0.21049434,0.21053238,0.24207705,0.25136832,0.22976159999999998,0.21161652,0.19689504,0.18436086,0.18431331,0.21127416,0.27297504,0.27383093999999997,0.27289895999999997,0.23153046,0.22199192999999998,0.22173516,0.19944372,0.20552061000000002,0.21686603999999998,0.19668581999999998,0.19660023,0.19933911,0.19842615,0.22921002000000001,0.29741574,0.29451519,0.27163413,0.22495905,0.22443599999999997,0.20552061000000002,0.20412264,0.21974756999999998,0.20765084999999997,0.23012297999999998,0.24496808999999997,0.20552061000000002,0.22387491,0.20878254,0.20835459,0.17109440999999997,0.096,0.106,0.098,0.095,0.089,0.086,0.092,0.137,0.172,0.183,0.184,0.186,0.179,0.172,0.166,0.184,0.211,0.228,0.231,0.242,0.256,0.259,0.253,0.241,0.241,0.248,0.246,0.247,0.252,0.255,0.259,0.263,0.255,0.24,0.233,0.224,0.207,0.198,0.184,0.181,0.178,0.175,0.171,0.172,0.161,0.143,0.109,0.079,"[[2], [1, 3, 4]]"
0.17925399,0.19272966,0.15928298999999999,0.15383375999999999,0.15537437999999998,0.19483136999999998,0.21610523999999998,0.21049434,0.21053238,0.24207705,0.25136832,0.22976159999999998,0.21161652,0.19689504,0.18436086,0.18431331,0.21127416,0.27297504,0.27383093999999997,0.27289895999999997,0.23153046,0.22199192999999998,0.22173516,0.19944372,0.20552061000000002,0.21686603999999998,0.19668581999999998,0.19660023,0.19933911,0.19842615,0.22921002000000001,0.29741574,0.29451519,0.27163413,0.22495905,0.22443599999999997,0.20552061000000002,0.20412264,0.21974756999999998,0.20765084999999997,0.23012297999999998,0.24496808999999997,0.20552061000000002,0.22387491,0.20878254,0.20835459,0.17109440999999997,0.14852718,0.106,0.098,0.095,0.089,0.086,0.092,0.137,0.172,0.183,0.184,0.186,0.179,0.172,0.166,0.184,0.211,0.228,0.231,0.242,0.256,0.259,0.253,0.241,0.241,0.248,0.246,0.247,0.252,0.255,0.259,0.263,0.255,0.24,0.233,0.224,0.207,0.198,0.184,0.181,0.178,0.175,0.171,0.172,0.161,0.143,0.109,0.079,0.059,"[[2], [1, 3, 4]]"
0.19272966,0.15928298999999999,0.15383375999999999,0.15537437999999998,0.19483136999999998,0.21610523999999998,0.21049434,0.21053238,0.24207705,0.25136832,0.22976159999999998,0.21161652,0.19689504,0.18436086,0.18431331,0.21127416,0.27297504,0.27383093999999997,0.27289895999999997,0.23153046,0.22199192999999998,0.22173516,0.19944372,0.20552061000000002,0.21686603999999998,0.19668581999999998,0.19660023,0.19933911,0.19842615,0.22921002000000001,0.29741574,0.29451519,0.27163413,0.22495905,0.22443599999999997,0.20552061000000002,0.20412264,0.21974756999999998,0.20765084999999997,0.23012297999999998,0.24496808999999997,0.20552061000000002,0.22387491,0.20878254,0.20835459,0.17109440999999997,0.14852718,0.14622575999999998,0.098,0.095,0.089,0.086,0.092,0.137,0.172,0.183,0.184,0.186,0.179,0.172,0.166,0.184,0.211,0.228,0.231,0.242,0.256,0.259,0.253,0.241,0.241,0.248,0.246,0.247,0.252,0.255,0.259,0.263,0.255,0.24,0.233,0.224,0.207,0.198,0.184,0.181,0.178,0.175,0.171,0.172,0.161,0.143,0.109,0.079,0.059,0.066,"[[2], [1, 3, 4]]"
0.15928298999999999,0.15383375999999999,0.15537437999999998,0.19483136999999998,0.21610523999999998,0.21049434,0.21053238,0.24207705,0.25136832,0.22976159999999998,0.21161652,0.19689504,0.18436086,0.18431331,0.21127416,0.27297504,0.27383093999999997,0.27289895999999997,0.23153046,0.22199192999999998,0.22173516,0.19944372,0.20552061000000002,0.21686603999999998,0.19668581999999998,0.19660023,0.19933911,0.19842615,0.22921002000000001,0.29741574,0.29451519,0.27163413,0.22495905,0.22443599999999997,0.20552061000000002,0.20412264,0.21974756999999998,0.20765084999999997,0.23012297999999998,0.24496808999999997,0.20552061000000002,0.22387491,0.20878254,0.20835459,0.17109440999999997,0.14852718,0.14622575999999998,0.11724879,0.095,0.089,0.086,0.092,0.137,0.172,0.183,0.184,0.186,0.179,0.172,0.166,0.184,0.211,0.228,0.231,0.242,0.256,0.259,0.253,0.241,0.241,0.248,0.246,0.247,0.252,0.255,0.259,0.263,0.255,0.24,0.233,0.224,0.207,0.198,0.184,0.181,0.178,0.175,0.171,0.172,0.161,0.143,0.109,0.079,0.059,0.066,0.061,"[[2], [1, 3, 4]]"
0.15383375999999999,0.15537437999999998,0.19483136999999998,0.21610523999999998,0.21049434,0.21053238,0.24207705,0.25136832,0.22976159999999998,0.21161652,0.19689504,0.18436086,0.18431331,0.21127416,0.27297504,0.27383093999999997,0.27289895999999997,0.23153046,0.22199192999999998,0.22173516,0.19944372,0.20552061000000002,0.21686603999999998,0.19668581999999998,0.19660023,0.19933911,0.19842615,0.22921002000000001,0.29741574,0.29451519,0.27163413,0.22495905,0.22443599999999997,0.20552061000000002,0.20412264,0.21974756999999998,0.20765084999999997,0.23012297999999998,0.24496808999999997,0.20552061000000002,0.22387491,0.20878254,0.20835459,0.17109440999999997,0.14852718,0.14622575999999998,0.11724879,0.09133403999999999,0.089,0.086,0.092,0.137,0.172,0.183,0.184,0.186,0.179,0.172,0.166,0.184,0.211,0.228,0.231,0.242,0.256,0.259,0.253,0.241,0.241,0.248,0.246,0.247,0.252,0.255,0.259,0.263,0.255,0.24,0.233,0.224,0.207,0.198,0.184,0.181,0.178,0.175,0.171,0.172,0.161,0.143,0.109,0.079,0.059,0.066,0.061,0.061,"[[2], [1, 3, 4]]"
0.15537437999999998,0.19483136999999998,0.21610523999999998,0.21049434,0.21053238,0.24207705,0.25136832,0.22976159999999998,0.21161652,0.19689504,0.18436086,0.18431331,0.21127416,0.27297504,0.27383093999999997,0.27289895999999997,0.23153046,0.22199192999999998,0.22173516,0.19944372,0.20552061000000002,0.21686603999999998,0.19668581999999998,0.19660023,0.19933911,0.19842615,0.22921002000000001,0.29741574,0.29451519,0.27163413,0.22495905,0.22443599999999997,0.20552061000000002,0.20412264,0.21974756999999998,0.20765084999999997,0.23012297999999998,0.24496808999999997,0.20552061000000002,0.22387491,0.20878254,0.20835459,0.17109440999999997,0.14852718,0.14622575999999998,0.11724879,0.09133403999999999,0.06927084,0.086,0.092,0.137,0.172,0.183,0.184,0.186,0.179,0.172,0.166,0.184,0.211,0.228,0.231,0.242,0.256,0.259,0.253,0.241,0.241,0.248,0.246,0.247,0.252,0.255,0.259,0.263,0.255,0.24,0.233,0.224,0.207,0.198,0.184,0.181,0.178,0.175,0.171,0.172,0.161,0.143,0.109,0.079,0.059,0.066,0.061,0.061,0.059,"[[2], [1, 3, 4]]"
0.19483136999999998,0.21610523999999998,0.21049434,0.21053238,0.24207705,0.25136832,0.22976159999999998,0.21161652,0.19689504,0.18436086,0.18431331,0.21127416,0.27297504,0.27383093999999997,0.27289895999999997,0.23153046,0.22199192999999998,0.22173516,0.19944372,0.20552061000000002,0.21686603999999998,0.19668581999999998,0.19660023,0.19933911,0.19842615,0.22921002000000001,0.29741574,0.29451519,0.27163413,0.22495905,0.22443599999999997,0.20552061000000002,0.20412264,0.21974756999999998,0.20765084999999997,0.23012297999999998,0.24496808999999997,0.20552061000000002,0.22387491,0.20878254,0.20835459,0.17109440999999997,0.14852718,0.14622575999999998,0.11724879,0.09133403999999999,0.06927084,0.05647989,0.092,0.137,0.172,0.183,0.184,0.186,0.179,0.172,0.166,0.184,0.211,0.228,0.231,0.242,0.256,0.259,0.253,0.241,0.241,0.248,0.246,0.247,0.252,0.255,0.259,0.263,0.255,0.24,0.233,0.224,0.207,0.198,0.184,0.181,0.178,0.175,0.171,0.172,0.161,0.143,0.109,0.079,0.059,0.066,0.061,0.061,0.059,0.058,"[[2], [1, 3, 4]]"
0.21610523999999998,0.21049434,0.21053238,0.24207705,0.25136832,0.22976159999999998,0.21161652,0.19689504,0.18436086,0.18431331,0.21127416,0.27297504,0.27383093999999997,0.27289895999999997,0.23153046,0.22199192999999998,0.22173516,0.19944372,0.20552061000000002,0.21686603999999998,0.19668581999999998,0.19660023,0.19933911,0.19842615,0.22921002000000001,0.29741574,0.29451519,0.27163413,0.22495905,0.22443599999999997,0.20552061000000002,0.20412264,0.21974756999999998,0.20765084999999997,0.23012297999999998,0.24496808999999997,0.20552061000000002,0.22387491,0.20878254,0.20835459,0.17109440999999997,0.14852718,0.14622575999999998,0.11724879,0.09133403999999999,0.06927084,0.05647989,0.037193609999999995,0.137,0.172,0.183,0.184,0.186,0.179,0.172,0.166,0.184,0.211,0.228,0.231,0.242,0.256,0.259,0.253,0.241,0.241,0.248,0.246,0.247,0.252,0.255,0.259,0.263,0.255,0.24,0.233,0.224,0.207,0.198,0.184,0.181,0.178,0.175,0.171,0.172,0.161,0.143,0.109,0.079,0.059,0.066,0.061,0.061,0.059,0.058,0.053,"[[2], [1, 3, 4]]"
0.21049434,0.21053238,0.24207705,0.25136832,0.22976159999999998,0.21161652,0.19689504,0.18436086,0.18431331,0.21127416,0.27297504,0.27383093999999997,0.27289895999999997,0.23153046,0.22199192999999998,0.22173516,0.19944372,0.20552061000000002,0.21686603999999998,0.19668581999999998,0.19660023,0.19933911,0.19842615,0.22921002000000001,0.29741574,0.29451519,0.27163413,0.22495905,0.22443599999999997,0.20552061000000002,0.20412264,0.21974756999999998,0.20765084999999997,0.23012297999999998,0.24496808999999997,0.20552061000000002,0.22387491,0.20878254,0.20835459,0.17109440999999997,0.14852718,0.14622575999999998,0.11724879,0.09133403999999999,0.06927084,0.05647989,0.037193609999999995,0.13442384999999998,0.172,0.183,0.184,0.186,0.179,0.172,0.166,0.184,0.211,0.228,0.231,0.242,0.256,0.259,0.253,0.241,0.241,0.248,0.246,0.247,0.252,0.255,0.259,0.263,0.255,0.24,0.233,0.224,0.207,0.198,0.184,0.181,0.178,0.175,0.171,0.172,0.161,0.143,0.109,0.079,0.059,0.066,0.061,0.061,0.059,0.058,0.053,0.063,"[[2], [1, 3, 4]]"
0.21053238,0.24207705,0.25136832,0.22976159999999998,0.21161652,0.19689504,0.18436086,0.18431331,0.21127416,0.27297504,0.27383093999999997,0.27289895999999997,0.23153046,0.22199192999999998,0.22173516,0.19944372,0.20552061000000002,0.21686603999999998,0.19668581999999998,0.19660023,0.19933911,0.19842615,0.22921002000000001,0.29741574,0.29451519,0.27163413,0.22495905,0.22443599999999997,0.20552061000000002,0.20412264,0.21974756999999998,0.20765084999999997,0.23012297999999998,0.24496808999999997,0.20552061000000002,0.22387491,0.20878254,0.20835459,0.17109440999999997,0.14852718,0.14622575999999998,0.11724879,0.09133403999999999,0.06927084,0.05647989,0.037193609999999995,0.13442384999999998,0.14092869,0.183,0.184,0.186,0.179,0.172,0.166,0.184,0.211,0.228,0.231,0.242,0.256,0.259,0.253,0.241,0.241,0.248,0.246,0.247,0.252,0.255,0.259,0.263,0.255,0.24,0.233,0.224,0.207,0.198,0.184,0.181,0.178,0.175,0.171,0.172,0.161,0.143,0.109,0.079,0.059,0.066,0.061,0.061,0.059,0.058,0.053,0.063,0.079,"[[2], [1, 3, 4]]"
0.24207705,0.25136832,0.22976159999999998,0.21161652,0.19689504,0.18436086,0.18431331,0.21127416,0.27297504,0.27383093999999997,0.27289895999999997,0.23153046,0.22199192999999998,0.22173516,0.19944372,0.20552061000000002,0.21686603999999998,0.19668581999999998,0.19660023,0.19933911,0.19842615,0.22921002000000001,0.29741574,0.29451519,0.27163413,0.22495905,0.22443599999999997,0.20552061000000002,0.20412264,0.21974756999999998,0.20765084999999997,0.23012297999999998,0.24496808999999997,0.20552061000000002,0.22387491,0.20878254,0.20835459,0.17109440999999997,0.14852718,0.14622575999999998,0.11724879,0.09133403999999999,0.06927084,0.05647989,0.037193609999999995,0.13442384999999998,0.14092869,0.20993325,0.184,0.186,0.179,0.172,0.166,0.184,0.211,0.228,0.231,0.242,0.256,0.259,0.253,0.241,0.241,0.248,0.246,0.247,0.252,0.255,0.259,0.263,0.255,0.24,0.233,0.224,0.207,0.198,0.184,0.181,0.178,0.175,0.171,0.172,0.161,0.143,0.109,0.079,0.059,0.066,0.061,0.061,0.059,0.058,0.053,0.063,0.079,0.089,"[[2], [1, 3, 4]]"
0.25136832,0.22976159999999998,0.21161652,0.19689504,0.18436086,0.18431331,0.21127416,0.27297504,0.27383093999999997,0.27289895999999997,0.23153046,0.22199192999999998,0.22173516,0.19944372,0.20552061000000002,0.21686603999999998,0.19668581999999998,0.19660023,0.19933911,0.19842615,0.22921002000000001,0.29741574,0.29451519,0.27163413,0.22495905,0.22443599999999997,0.20552061000000002,0.20412264,0.21974756999999998,0.20765084999999997,0.23012297999999998,0.24496808999999997,0.20552061000000002,0.22387491,0.20878254,0.20835459,0.17109440999999997,0.14852718,0.14622575999999998,0.11724879,0.09133403999999999,0.06927084,0.05647989,0.037193609999999995,0.13442384999999998,0.14092869,0.20993325,0.23293793999999998,0.186,0.179,0.172,0.166,0.184,0.211,0.228,0.231,0.242,0.256,0.259,0.253,0.241,0.241,0.248,0.246,0.247,0.252,0.255,0.259,0.263,0.255,0.24,0.233,0.224,0.207,0.198,0.184,0.181,0.178,0.175,0.171,0.172,0.161,0.143,0.109,0.079,0.059,0.066,0.061,0.061,0.059,0.058,0.053,0.063,0.079,0.089,0.091,"[[2], [1, 3, 4]]"
0.22976159999999998,0.21161652,0.19689504,0.18436086,0.18431331,0.21127416,0.27297504,0.27383093999999997,0.27289895999999997,0.23153046,0.22199192999999998,0.22173516,0.19944372,0.20552061000000002,0.21686603999999998,0.19668581999999998,0.19660023,0.19933911,0.19842615,0.22921002000000001,0.29741574,0.29451519,0.27163413,0.22495905,0.22443599999999997,0.20552061000000002,0.20412264,0.21974756999999998,0.20765084999999997,0.23012297999999998,0.24496808999999997,0.20552061000000002,0.22387491,0.20878254,0.20835459,0.17109440999999997,0.14852718,0.14622575999999998,0.11724879,0.09133403999999999,0.06927084,0.05647989,0.037193609999999995,0.13442384999999998,0.14092869,0.20993325,0.23293793999999998,0.21596259,0.179,0.172,0.166,0.184,0.211,0.228,0.231,0.242,0.256,0.259,0.253,0.241,0.241,0.248,0.246,0.247,0.252,0.255,0.259,0.263,0.255,0.24,0.233,0.224,0.207,0.198,0.184,0.181,0.178,0.175,0.171,0.172,0.161,0.143,0.109,0.079,0.059,0.066,0.061,0.061,0.059,0.058,0.053,0.063,0.079,0.089,0.091,0.082,"[[2], [1, 3, 4]]"
0.21161652,0.19689504,0.18436086,0.18431331,0.21127416,0.27297504,0.27383093999999997,0.27289895999999997,0.23153046,0.22199192999999998,0.22173516,0.19944372,0.20552061000000002,0.21686603999999998,0.19668581999999998,0.19660023,0.19933911,0.19842615,0.22921002000000001,0.29741574,0.29451519,0.27163413,0.22495905,0.22443599999999997,0.20552061000000002,0.20412264,0.21974756999999998,0.20765084999999997,0.23012297999999998,0.24496808999999997,0.20552061000000002,0.22387491,0.20878254,0.20835459,0.17109440999999997,0.14852718,0.14622575999999998,0.11724879,0.09133403999999999,0.06927084,0.05647989,0.037193609999999995,0.13442384999999998,0.14092869,0.20993325,0.23293793999999998,0.21596259,0.21260556,0.172,0.166,0.184,0.211,0.228,0.231,0.242,0.256,0.259,0.253,0.241,0.241,0.248,0.246,0.247,0.252,0.255,0.259,0.263,0.255,0.24,0.233,0.224,0.207,0.198,0.184,0.181,0.178,0.175,0.171,0.172,0.161,0.143,0.109,0.079,0.059,0.066,0.061,0.061,0.059,0.058,0.053,0.063,0.079,0.089,0.091,0.082,0.073,"[[2], [1, 3, 4]]"
0.19689504,0.18436086,0.18431331,0.21127416,0.27297504,0.27383093999999997,0.27289895999999997,0.23153046,0.22199192999999998,0.22173516,0.19944372,0.20552061000000002,0.21686603999999998,0.19668581999999998,0.19660023,0.19933911,0.19842615,0.22921002000000001,0.29741574,0.29451519,0.27163413,0.22495905,0.22443599999999997,0.20552061000000002,0.20412264,0.21974756999999998,0.20765084999999997,0.23012297999999998,0.24496808999999997,0.20552061000000002,0.22387491,0.20878254,0.20835459,0.17109440999999997,0.14852718,0.14622575999999998,0.11724879,0.09133403999999999,0.06927084,0.05647989,0.037193609999999995,0.13442384999999998,0.14092869,0.20993325,0.23293793999999998,0.21596259,0.21260556,0.21206349000000002,0.166,0.184,0.211,0.228,0.231,0.242,0.256,0.259,0.253,0.241,0.241,0.248,0.246,0.247,0.252,0.255,0.259,0.263,0.255,0.24,0.233,0.224,0.207,0.198,0.184,0.181,0.178,0.175,0.171,0.172,0.161,0.143,0.109,0.079,0.059,0.066,0.061,0.061,0.059,0.058,0.053,0.063,0.079,0.089,0.091,0.082,0.073,0.07,"[[2], [1, 3, 4]]"
0.18436086,0.18431331,0.21127416,0.27297504,0.27383093999999997,0.27289895999999997,0.23153046,0.22199192999999998,0.22173516,0.19944372,0.20552061000000002,0.21686603999999998,0.19668581999999998,0.19660023,0.19933911,0.19842615,0.22921002000000001,0.29741574,0.29451519,0.27163413,0.22495905,0.22443599999999997,0.20552061000000002,0.20412264,0.21974756999999998,0.20765084999999997,0.23012297999999998,0.24496808999999997,0.20552061000000002,0.22387491,0.20878254,0.20835459,0.17109440999999997,0.14852718,0.14622575999999998,0.11724879,0.09133403999999999,0.06927084,0.05647989,0.037193609999999995,0.13442384999999998,0.14092869,0.20993325,0.23293793999999998,0.21596259,0.21260556,0.21206349000000002,0.18138422999999998,0.184,0.211,0.228,0.231,0.242,0.256,0.259,0.253,0.241,0.241,0.248,0.246,0.247,0.252,0.255,0.259,0.263,0.255,0.24,0.233,0.224,0.207,0.198,0.184,0.181,0.178,0.175,0.171,0.172,0.161,0.143,0.109,0.079,0.059,0.066,0.061,0.061,0.059,0.058,0.053,0.063,0.079,0.089,0.091,0.082,0.073,0.07,0.066,"[[2], [1, 3, 4]]"
0.18431331,0.21127416,0.27297504,0.27383093999999997,0.27289895999999997,0.23153046,0.22199192999999998,0.22173516,0.19944372,0.20552061000000002,0.21686603999999998,0.19668581999999998,0.19660023,0.19933911,0.19842615,0.22921002000000001,0.29741574,0.29451519,0.27163413,0.22495905,0.22443599999999997,0.20552061000000002,0.20412264,0.21974756999999998,0.20765084999999997,0.23012297999999998,0.24496808999999997,0.20552061000000002,0.22387491,0.20878254,0.20835459,0.17109440999999997,0.14852718,0.14622575999999998,0.11724879,0.09133403999999999,0.06927084,0.05647989,0.037193609999999995,0.13442384999999998,0.14092869,0.20993325,0.23293793999999998,0.21596259,0.21260556,0.21206349000000002,0.18138422999999998,0.17331975,0.211,0.228,0.231,0.242,0.256,0.259,0.253,0.241,0.241,0.248,0.246,0.247,0.252,0.255,0.259,0.263,0.255,0.24,0.233,0.224,0.207,0.198,0.184,0.181,0.178,0.175,0.171,0.172,0.161,0.143,0.109,0.079,0.059,0.066,0.061,0.061,0.059,0.058,0.053,0.063,0.079,0.089,0.091,0.082,0.073,0.07,0.066,0.068,"[[2], [1, 3, 4]]"
0.21127416,0.27297504,0.27383093999999997,0.27289895999999997,0.23153046,0.22199192999999998,0.22173516,0.19944372,0.20552061000000002,0.21686603999999998,0.19668581999999998,0.19660023,0.19933911,0.19842615,0.22921002000000001,0.29741574,0.29451519,0.27163413,0.22495905,0.22443599999999997,0.20552061000000002,0.20412264,0.21974756999999998,0.20765084999999997,0.23012297999999998,0.24496808999999997,0.20552061000000002,0.22387491,0.20878254,0.20835459,0.17109440999999997,0.14852718,0.14622575999999998,0.11724879,0.09133403999999999,0.06927084,0.05647989,0.037193609999999995,0.13442384999999998,0.14092869,0.20993325,0.23293793999999998,0.21596259,0.21260556,0.21206349000000002,0.18138422999999998,0.17331975,0.18366663,0.228,0.231,0.242,0.256,0.259,0.253,0.241,0.241,0.248,0.246,0.247,0.252,0.255,0.259,0.263,0.255,0.24,0.233,0.224,0.207,0.198,0.184,0.181,0.178,0.175,0.171,0.172,0.161,0.143,0.109,0.079,0.059,0.066,0.061,0.061,0.059,0.058,0.053,0.063,0.079,0.089,0.091,0.082,0.073,0.07,0.066,0.068,0.085,"[[2], [1, 3, 4]]"
0.27297504,0.27383093999999997,0.27289895999999997,0.23153046,0.22199192999999998,0.22173516,0.19944372,0.20552061000000002,0.21686603999999998,0.19668581999999998,0.19660023,0.19933911,0.19842615,0.22921002000000001,0.29741574,0.29451519,0.27163413,0.22495905,0.22443599999999997,0.20552061000000002,0.20412264,0.21974756999999998,0.20765084999999997,0.23012297999999998,0.24496808999999997,0.20552061000000002,0.22387491,0.20878254,0.20835459,0.17109440999999997,0.14852718,0.14622575999999998,0.11724879,0.09133403999999999,0.06927084,0.05647989,0.037193609999999995,0.13442384999999998,0.14092869,0.20993325,0.23293793999999998,0.21596259,0.21260556,0.21206349000000002,0.18138422999999998,0.17331975,0.18366663,0.19377576,0.231,0.242,0.256,0.259,0.253,0.241,0.241,0.248,0.246,0.247,0.252,0.255,0.259,0.263,0.255,0.24,0.233,0.224,0.207,0.198,0.184,0.181,0.178,0.175,0.171,0.172,0.161,0.143,0.109,0.079,0.059,0.066,0.061,0.061,0.059,0.058,0.053,0.063,0.079,0.089,0.091,0.082,0.073,0.07,0.066,0.068,0.085,0.118,"[[2], [1, 3, 4]]"
0.27383093999999997,0.27289895999999997,0.23153046,0.22199192999999998,0.22173516,0.19944372,0.20552061000000002,0.21686603999999998,0.19668581999999998,0.19660023,0.19933911,0.19842615,0.22921002000000001,0.29741574,0.29451519,0.27163413,0.22495905,0.22443599999999997,0.20552061000000002,0.20412264,0.21974756999999998,0.20765084999999997,0.23012297999999998,0.24496808999999997,0.20552061000000002,0.22387491,0.20878254,0.20835459,0.17109440999999997,0.14852718,0.14622575999999998,0.11724879,0.09133403999999999,0.06927084,0.05647989,0.037193609999999995,0.13442384999999998,0.14092869,0.20993325,0.23293793999999998,0.21596259,0.21260556,0.21206349000000002,0.18138422999999998,0.17331975,0.18366663,0.19377576,0.25124469,0.242,0.256,0.259,0.253,0.241,0.241,0.248,0.246,0.247,0.252,0.255,0.259,0.263,0.255,0.24,0.233,0.224,0.207,0.198,0.184,0.181,0.178,0.175,0.171,0.172,0.161,0.143,0.109,0.079,0.059,0.066,0.061,0.061,0.059,0.058,0.053,0.063,0.079,0.089,0.091,0.082,0.073,0.07,0.066,0.068,0.085,0.118,0.133,"[[2], [1, 3, 4]]"
0.27289895999999997,0.23153046,0.22199192999999998,0.22173516,0.19944372,0.20552061000000002,0.21686603999999998,0.19668581999999998,0.19660023,0.19933911,0.19842615,0.22921002000000001,0.29741574,0.29451519,0.27163413,0.22495905,0.22443599999999997,0.20552061000000002,0.20412264,0.21974756999999998,0.20765084999999997,0.23012297999999998,0.24496808999999997,0.20552061000000002,0.22387491,0.20878254,0.20835459,0.17109440999999997,0.14852718,0.14622575999999998,0.11724879,0.09133403999999999,0.06927084,0.05647989,0.037193609999999995,0.13442384999999998,0.14092869,0.20993325,0.23293793999999998,0.21596259,0.21260556,0.21206349000000002,0.18138422999999998,0.17331975,0.18366663,0.19377576,0.25124469,0.26256159,0.256,0.259,0.253,0.241,0.241,0.248,0.246,0.247,0.252,0.255,0.259,0.263,0.255,0.24,0.233,0.224,0.207,0.198,0.184,0.181,0.178,0.175,0.171,0.172,0.161,0.143,0.109,0.079,0.059,0.066,0.061,0.061,0.059,0.058,0.053,0.063,0.079,0.089,0.091,0.082,0.073,0.07,0.066,0.068,0.085,0.118,0.133,0.135,"[[2], [1, 3, 4]]"
0.23153046,0.22199192999999998,0.22173516,0.19944372,0.20552061000000002,0.21686603999999998,0.19668581999999998,0.19660023,0.19933911,0.19842615,0.22921002000000001,0.29741574,0.29451519,0.27163413,0.22495905,0.22443599999999997,0.20552061000000002,0.20412264,0.21974756999999998,0.20765084999999997,0.23012297999999998,0.24496808999999997,0.20552061000000002,0.22387491,0.20878254,0.20835459,0.17109440999999997,0.14852718,0.14622575999999998,0.11724879,0.09133403999999999,0.06927084,0.05647989,0.037193609999999995,0.13442384999999998,0.14092869,0.20993325,0.23293793999999998,0.21596259,0.21260556,0.21206349000000002,0.18138422999999998,0.17331975,0.18366663,0.19377576,0.25124469,0.26256159,0.23417424,0.259,0.253,0.241,0.241,0.248,0.246,0.247,0.252,0.255,0.259,0.263,0.255,0.24,0.233,0.224,0.207,0.198,0.184,0.181,0.178,0.175,0.171,0.172,0.161,0.143,0.109,0.079,0.059,0.066,0.061,0.061,0.059,0.058,0.053,0.063,0.079,0.089,0.091,0.082,0.073,0.07,0.066,0.068,0.085,0.118,0.133,0.135,0.131,"[[2], [1, 3, 4]]"
0.22199192999999998,0.22173516,0.19944372,0.20552061000000002,0.21686603999999998,0.19668581999999998,0.19660023,0.19933911,0.19842615,0.22921002000000001,0.29741574,0.29451519,0.27163413,0.22495905,0.22443599999999997,0.20552061000000002,0.20412264,0.21974756999999998,0.20765084999999997,0.23012297999999998,0.24496808999999997,0.20552061000000002,0.22387491,0.20878254,0.20835459,0.17109440999999997,0.14852718,0.14622575999999998,0.11724879,0.09133403999999999,0.06927084,0.05647989,0.037193609999999995,0.13442384999999998,0.14092869,0.20993325,0.23293793999999998,0.21596259,0.21260556,0.21206349000000002,0.18138422999999998,0.17331975,0.18366663,0.19377576,0.25124469,0.26256159,0.23417424,0.21175916999999997,0.253,0.241,0.241,0.248,0.246,0.247,0.252,0.255,0.259,0.263,0.255,0.24,0.233,0.224,0.207,0.198,0.184,0.181,0.178,0.175,0.171,0.172,0.161,0.143,0.109,0.079,0.059,0.066,0.061,0.061,0.059,0.058,0.053,0.063,0.079,0.089,0.091,0.082,0.073,0.07,0.066,0.068,0.085,0.118,0.133,0.135,0.131,0.138,"[[2], [1, 3, 4]]"
0.22173516,0.19944372,0.20552061000000002,0.21686603999999998,0.19668581999999998,0.19660023,0.19933911,0.19842615,0.22921002000000001,0.29741574,0.29451519,0.27163413,0.22495905,0.22443599999999997,0.20552061000000002,0.20412264,0.21974756999999998,0.20765084999999997,0.23012297999999998,0.24496808999999997,0.20552061000000002,0.22387491,0.20878254,0.20835459,0.17109440999999997,0.14852718,0.14622575999999998,0.11724879,0.09133403999999999,0.06927084,0.05647989,0.037193609999999995,0.13442384999999998,0.14092869,0.20993325,0.23293793999999998,0.21596259,0.21260556,0.21206349000000002,0.18138422999999998,0.17331975,0.18366663,0.19377576,0.25124469,0.26256159,0.23417424,0.21175916999999997,0.20525433,0.241,0.241,0.248,0.246,0.247,0.252,0.255,0.259,0.263,0.255,0.24,0.233,0.224,0.207,0.198,0.184,0.181,0.178,0.175,0.171,0.172,0.161,0.143,0.109,0.079,0.059,0.066,0.061,0.061,0.059,0.058,0.053,0.063,0.079,0.089,0.091,0.082,0.073,0.07,0.066,0.068,0.085,0.118,0.133,0.135,0.131,0.138,0.136,"[[2], [1, 3, 4]]"
0.19944372,0.20552061000000002,0.21686603999999998,0.19668581999999998,0.19660023,0.19933911,0.19842615,0.22921002000000001,0.29741574,0.29451519,0.27163413,0.22495905,0.22443599999999997,0.20552061000000002,0.20412264,0.21974756999999998,0.20765084999999997,0.23012297999999998,0.24496808999999997,0.20552061000000002,0.22387491,0.20878254,0.20835459,0.17109440999999997,0.14852718,0.14622575999999998,0.11724879,0.09133403999999999,0.06927084,0.05647989,0.037193609999999995,0.13442384999999998,0.14092869,0.20993325,0.23293793999999998,0.21596259,0.21260556,0.21206349000000002,0.18138422999999998,0.17331975,0.18366663,0.19377576,0.25124469,0.26256159,0.23417424,0.21175916999999997,0.20525433,0.20694711000000002,0.241,0.248,0.246,0.247,0.252,0.255,0.259,0.263,0.255,0.24,0.233,0.224,0.207,0.198,0.184,0.181,0.178,0.175,0.171,0.172,0.161,0.143,0.109,0.079,0.059,0.066,0.061,0.061,0.059,0.058,0.053,0.063,0.079,0.089,0.091,0.082,0.073,0.07,0.066,0.068,0.085,0.118,0.133,0.135,0.131,0.138,0.136,0.139,"[[2], [1, 3, 4]]"
0.20552061000000002,0.21686603999999998,0.19668581999999998,0.19660023,0.19933911,0.19842615,0.22921002000000001,0.29741574,0.29451519,0.27163413,0.22495905,0.22443599999999997,0.20552061000000002,0.20412264,0.21974756999999998,0.20765084999999997,0.23012297999999998,0.24496808999999997,0.20552061000000002,0.22387491,0.20878254,0.20835459,0.17109440999999997,0.14852718,0.14622575999999998,0.11724879,0.09133403999999999,0.06927084,0.05647989,0.037193609999999995,0.13442384999999998,0.14092869,0.20993325,0.23293793999999998,0.21596259,0.21260556,0.21206349000000002,0.18138422999999998,0.17331975,0.18366663,0.19377576,0.25124469,0.26256159,0.23417424,0.21175916999999997,0.20525433,0.20694711000000002,0.19322418,0.248,0.246,0.247,0.252,0.255,0.259,0.263,0.255,0.24,0.233,0.224,0.207,0.198,0.184,0.181,0.178,0.175,0.171,0.172,0.161,0.143,0.109,0.079,0.059,0.066,0.061,0.061,0.059,0.058,0.053,0.063,0.079,0.089,0.091,0.082,0.073,0.07,0.066,0.068,0.085,0.118,0.133,0.135,0.131,0.138,0.136,0.139,0.133,"[[2], [1, 3, 4]]"
0.21686603999999998,0.19668581999999998,0.19660023,0.19933911,0.19842615,0.22921002000000001,0.29741574,0.29451519,0.27163413,0.22495905,0.22443599999999997,0.20552061000000002,0.20412264,0.21974756999999998,0.20765084999999997,0.23012297999999998,0.24496808999999997,0.20552061000000002,0.22387491,0.20878254,0.20835459,0.17109440999999997,0.14852718,0.14622575999999998,0.11724879,0.09133403999999999,0.06927084,0.05647989,0.037193609999999995,0.13442384999999998,0.14092869,0.20993325,0.23293793999999998,0.21596259,0.21260556,0.21206349000000002,0.18138422999999998,0.17331975,0.18366663,0.19377576,0.25124469,0.26256159,0.23417424,0.21175916999999997,0.20525433,0.20694711000000002,0.19322418,0.19489794,0.246,0.247,0.252,0.255,0.259,0.263,0.255,0.24,0.233,0.224,0.207,0.198,0.184,0.181,0.178,0.175,0.171,0.172,0.161,0.143,0.109,0.079,0.059,0.066,0.061,0.061,0.059,0.058,0.053,0.063,0.079,0.089,0.091,0.082,0.073,0.07,0.066,0.068,0.085,0.118,0.133,0.135,0.131,0.138,0.136,0.139,0.133,0.139,"[[2], [1, 3, 4]]"
0.19668581999999998,0.19660023,0.19933911,0.19842615,0.22921002000000001,0.29741574,0.29451519,0.27163413,0.22495905,0.22443599999999997,0.20552061000000002,0.20412264,0.21974756999999998,0.20765084999999997,0.23012297999999998,0.24496808999999997,0.20552061000000002,0.22387491,0.20878254,0.20835459,0.17109440999999997,0.14852718,0.14622575999999998,0.11724879,0.09133403999999999,0.06927084,0.05647989,0.037193609999999995,0.13442384999999998,0.14092869,0.20993325,0.23293793999999998,0.21596259,0.21260556,0.21206349000000002,0.18138422999999998,0.17331975,0.18366663,0.19377576,0.25124469,0.26256159,0.23417424,0.21175916999999997,0.20525433,0.20694711000000002,0.19322418,0.19489794,0.21134072999999998,0.247,0.252,0.255,0.259,0.263,0.255,0.24,0.233,0.224,0.207,0.198,0.184,0.181,0.178,0.175,0.171,0.172,0.161,0.143,0.109,0.079,0.059,0.066,0.061,0.061,0.059,0.058,0.053,0.063,0.079,0.089,0.091,0.082,0.073,0.07,0.066,0.068,0.085,0.118,0.133,0.135,0.131,0.138,0.136,0.139,0.133,0.139,0.147,"[[2], [1, 3, 4]]"
0.19660023,0.19933911,0.19842615,0.22921002000000001,0.29741574,0.29451519,0.27163413,0.22495905,0.22443599999999997,0.20552061000000002,0.20412264,0.21974756999999998,0.20765084999999997,0.23012297999999998,0.24496808999999997,0.20552061000000002,0.22387491,0.20878254,0.20835459,0.17109440999999997,0.14852718,0.14622575999999998,0.11724879,0.09133403999999999,0.06927084,0.05647989,0.037193609999999995,0.13442384999999998,0.14092869,0.20993325,0.23293793999999998,0.21596259,0.21260556,0.21206349000000002,0.18138422999999998,0.17331975,0.18366663,0.19377576,0.25124469,0.26256159,0.23417424,0.21175916999999997,0.20525433,0.20694711000000002,0.19322418,0.19489794,0.21134072999999998,0.19998579,0.252,0.255,0.259,0.263,0.255,0.24,0.233,0.224,0.207,0.198,0.184,0.181,0.178,0.175,0.171,0.172,0.161,0.143,0.109,0.079,0.059,0.066,0.061,0.061,0.059,0.058,0.053,0.063,0.079,0.089,0.091,0.082,0.073,0.07,0.066,0.068,0.085,0.118,0.133,0.135,0.131,0.138,0.136,0.139,0.133,0.139,0.147,0.161,"[[2], [1, 3, 4]]"
0.19933911,0.19842615,0.22921002000000001,0.29741574,0.29451519,0.27163413,0.22495905,0.22443599999999997,0.20552061000000002,0.20412264,0.21974756999999998,0.20765084999999997,0.23012297999999998,0.24496808999999997,0.20552061000000002,0.22387491,0.20878254,0.20835459,0.17109440999999997,0.14852718,0.14622575999999998,0.11724879,0.09133403999999999,0.06927084,0.05647989,0.037193609999999995,0.13442384999999998,0.14092869,0.20993325,0.23293793999999998,0.21596259,0.21260556,0.21206349000000002,0.18138422999999998,0.17331975,0.18366663,0.19377576,0.25124469,0.26256159,0.23417424,0.21175916999999997,0.20525433,0.20694711000000002,0.19322418,0.19489794,0.21134072999999998,0.19998579,0.2057964,0.255,0.259,0.263,0.255,0.24,0.233,0.224,0.207,0.198,0.184,0.181,0.178,0.175,0.171,0.172,0.161,0.143,0.109,0.079,0.059,0.066,0.061,0.061,0.059,0.058,0.053,0.063,0.079,0.089,0.091,0.082,0.073,0.07,0.066,0.068,0.085,0.118,0.133,0.135,0.131,0.138,0.136,0.139,0.133,0.139,0.147,0.161,0.178,"[[2], [1, 3, 4]]"
0.19842615,0.22921002000000001,0.29741574,0.29451519,0.27163413,0.22495905,0.22443599999999997,0.20552061000000002,0.20412264,0.21974756999999998,0.20765084999999997,0.23012297999999998,0.24496808999999997,0.20552061000000002,0.22387491,0.20878254,0.20835459,0.17109440999999997,0.14852718,0.14622575999999998,0.11724879,0.09133403999999999,0.06927084,0.05647989,0.037193609999999995,0.13442384999999998,0.14092869,0.20993325,0.23293793999999998,0.21596259,0.21260556,0.21206349000000002,0.18138422999999998,0.17331975,0.18366663,0.19377576,0.25124469,0.26256159,0.23417424,0.21175916999999997,0.20525433,0.20694711000000002,0.19322418,0.19489794,0.21134072999999998,0.19998579,0.2057964,0.21989973,0.259,0.263,0.255,0.24,0.233,0.224,0.207,0.198,0.184,0.181,0.178,0.175,0.171,0.172,0.161,0.143,0.109,0.079,0.059,0.066,0.061,0.061,0.059,0.058,0.053,0.063,0.079,0.089,0.091,0.082,0.073,0.07,0.066,0.068,0.085,0.118,0.133,0.135,0.131,0.138,0.136,0.139,0.133,0.139,0.147,0.161,0.178,0.188,"[[2], [1, 3, 4]]"
0.22921002000000001,0.29741574,0.29451519,0.27163413,0.22495905,0.22443599999999997,0.20552061000000002,0.20412264,0.21974756999999998,0.20765084999999997,0.23012297999999998,0.24496808999999997,0.20552061000000002,0.22387491,0.20878254,0.20835459,0.17109440999999997,0.14852718,0.14622575999999998,0.11724879,0.09133403999999999,0.06927084,0.05647989,0.037193609999999995,0.13442384999999998,0.14092869,0.20993325,0.23293793999999998,0.21596259,0.21260556,0.21206349000000002,0.18138422999999998,0.17331975,0.18366663,0.19377576,0.25124469,0.26256159,0.23417424,0.21175916999999997,0.20525433,0.20694711000000002,0.19322418,0.19489794,0.21134072999999998,0.19998579,0.2057964,0.21989973,0.21539198999999998,0.263,0.255,0.24,0.233,0.224,0.207,0.198,0.184,0.181,0.178,0.175,0.171,0.172,0.161,0.143,0.109,0.079,0.059,0.066,0.061,0.061,0.059,0.058,0.053,0.063,0.079,0.089,0.091,0.082,0.073,0.07,0.066,0.068,0.085,0.118,0.133,0.135,0.131,0.138,0.136,0.139,0.133,0.139,0.147,0.161,0.178,0.188,0.205,"[[2], [1, 3, 4]]"
0.29741574,0.29451519,0.27163413,0.22495905,0.22443599999999997,0.20552061000000002,0.20412264,0.21974756999999998,0.20765084999999997,0.23012297999999998,0.24496808999999997,0.20552061000000002,0.22387491,0.20878254,0.20835459,0.17109440999999997,0.14852718,0.14622575999999998,0.11724879,0.09133403999999999,0.06927084,0.05647989,0.037193609999999995,0.13442384999999998,0.14092869,0.20993325,0.23293793999999998,0.21596259,0.21260556,0.21206349000000002,0.18138422999999998,0.17331975,0.18366663,0.19377576,0.25124469,0.26256159,0.23417424,0.21175916999999997,0.20525433,0.20694711000000002,0.19322418,0.19489794,0.21134072999999998,0.19998579,0.2057964,0.21989973,0.21539198999999998,0.22272419999999998,0.255,0.24,0.233,0.224,0.207,0.198,0.184,0.181,0.178,0.175,0.171,0.172,0.161,0.143,0.109,0.079,0.059,0.066,0.061,0.061,0.059,0.058,0.053,0.063,0.079,0.089,0.091,0.082,0.073,0.07,0.066,0.068,0.085,0.118,0.133,0.135,0.131,0.138,0.136,0.139,0.133,0.139,0.147,0.161,0.178,0.188,0.205,0.232,"[[2], [1, 3, 4]]"
0.29451519,0.27163413,0.22495905,0.22443599999999997,0.20552061000000002,0.20412264,0.21974756999999998,0.20765084999999997,0.23012297999999998,0.24496808999999997,0.20552061000000002,0.22387491,0.20878254,0.20835459,0.17109440999999997,0.14852718,0.14622575999999998,0.11724879,0.09133403999999999,0.06927084,0.05647989,0.037193609999999995,0.13442384999999998,0.14092869,0.20993325,0.23293793999999998,0.21596259,0.21260556,0.21206349000000002,0.18138422999999998,0.17331975,0.18366663,0.19377576,0.25124469,0.26256159,0.23417424,0.21175916999999997,0.20525433,0.20694711000000002,0.19322418,0.19489794,0.21134072999999998,0.19998579,0.2057964,0.21989973,0.21539198999999998,0.22272419999999998,0.21414618000000002,0.24,0.233,0.224,0.207,0.198,0.184,0.181,0.178,0.175,0.171,0.172,0.161,0.143,0.109,0.079,0.059,0.066,0.061,0.061,0.059,0.058,0.053,0.063,0.079,0.089,0.091,0.082,0.073,0.07,0.066,0.068,0.085,0.118,0.133,0.135,0.131,0.138,0.136,0.139,0.133,0.139,0.147,0.161,0.178,0.188,0.205,0.232,0.25,"[[2], [1, 3, 4]]"
0.27163413,0.22495905,0.22443599999999997,0.20552061000000002,0.20412264,0.21974756999999998,0.20765084999999997,0.23012297999999998,0.24496808999999997,0.20552061000000002,0.22387491,0.20878254,0.20835459,0.17109440999999997,0.14852718,0.14622575999999998,0.11724879,0.09133403999999999,0.06927084,0.05647989,0.037193609999999995,0.13442384999999998,0.14092869,0.20993325,0.23293793999999998,0.21596259,0.21260556,0.21206349000000002,0.18138422999999998,0.17331975,0.18366663,0.19377576,0.25124469,0.26256159,0.23417424,0.21175916999999997,0.20525433,0.20694711000000002,0.19322418,0.19489794,0.21134072999999998,0.19998579,0.2057964,0.21989973,0.21539198999999998,0.22272419999999998,0.21414618000000002,0.23373677999999998,0.233,0.224,0.207,0.198,0.184,0.181,0.178,0.175,0.171,0.172,0.161,0.143,0.109,0.079,0.059,0.066,0.061,0.061,0.059,0.058,0.053,0.063,0.079,0.089,0.091,0.082,0.073,0.07,0.066,0.068,0.085,0.118,0.133,0.135,0.131,0.138,0.136,0.139,0.133,0.139,0.147,0.161,0.178,0.188,0.205,0.232,0.25,0.247,"[[2], [1, 3, 4]]"
0.22495905,0.22443599999999997,0.20552061000000002,0.20412264,0.21974756999999998,0.20765084999999997,0.23012297999999998,0.24496808999999997,0.20552061000000002,0.22387491,0.20878254,0.20835459,0.17109440999999997,0.14852718,0.14622575999999998,0.11724879,0.09133403999999999,0.06927084,0.05647989,0.037193609999999995,0.13442384999999998,0.14092869,0.20993325,0.23293793999999998,0.21596259,0.21260556,0.21206349000000002,0.18138422999999998,0.17331975,0.18366663,0.19377576,0.25124469,0.26256159,0.23417424,0.21175916999999997,0.20525433,0.20694711000000002,0.19322418,0.19489794,0.21134072999999998,0.19998579,0.2057964,0.21989973,0.21539198999999998,0.22272419999999998,0.21414618000000002,0.23373677999999998,0.2890089,0.224,0.207,0.198,0.184,0.181,0.178,0.175,0.171,0.172,0.161,0.143,0.109,0.079,0.059,0.066,0.061,0.061,0.059,0.058,0.053,0.063,0.079,0.089,0.091,0.082,0.073,0.07,0.066,0.068,0.085,0.118,0.133,0.135,0.131,0.138,0.136,0.139,0.133,0.139,0.147,0.161,0.178,0.188,0.205,0.232,0.25,0.247,0.229,"[[2], [1, 3, 4]]"
0.22443599999999997,0.20552061000000002,0.20412264,0.21974756999999998,0.20765084999999997,0.23012297999999998,0.24496808999999997,0.20552061000000002,0.22387491,0.20878254,0.20835459,0.17109440999999997,0.14852718,0.14622575999999998,0.11724879,0.09133403999999999,0.06927084,0.05647989,0.037193609999999995,0.13442384999999998,0.14092869,0.20993325,0.23293793999999998,0.21596259,0.21260556,0.21206349000000002,0.18138422999999998,0.17331975,0.18366663,0.19377576,0.25124469,0.26256159,0.23417424,0.21175916999999997,0.20525433,0.20694711000000002,0.19322418,0.19489794,0.21134072999999998,0.19998579,0.2057964,0.21989973,0.21539198999999998,0.22272419999999998,0.21414618000000002,0.23373677999999998,0.2890089,0.29471489999999995,0.207,0.198,0.184,0.181,0.178,0.175,0.171,0.172,0.161,0.143,0.109,0.079,0.059,0.066,0.061,0.061,0.059,0.058,0.053,0.063,0.079,0.089,0.091,0.082,0.073,0.07,0.066,0.068,0.085,0.118,0.133,0.135,0.131,0.138,0.136,0.139,0.133,0.139,0.147,0.161,0.178,0.188,0.205,0.232,0.25,0.247,0.229,0.221,"[[2], [1, 3, 4]]"
0.20552061000000002,0.20412264,0.21974756999999998,0.20765084999999997,0.23012297999999998,0.24496808999999997,0.20552061000000002,0.22387491,0.20878254,0.20835459,0.17109440999999997,0.14852718,0.14622575999999998,0.11724879,0.09133403999999999,0.06927084,0.05647989,0.037193609999999995,0.13442384999999998,0.14092869,0.20993325,0.23293793999999998,0.21596259,0.21260556,0.21206349000000002,0.18138422999999998,0.17331975,0.18366663,0.19377576,0.25124469,0.26256159,0.23417424,0.21175916999999997,0.20525433,0.20694711000000002,0.19322418,0.19489794,0.21134072999999998,0.19998579,0.2057964,0.21989973,0.21539198999999998,0.22272419999999998,0.21414618000000002,0.23373677999999998,0.2890089,0.29471489999999995,0.2787381,0.198,0.184,0.181,0.178,0.175,0.171,0.172,0.161,0.143,0.109,0.079,0.059,0.066,0.061,0.061,0.059,0.058,0.053,0.063,0.079,0.089,0.091,0.082,0.073,0.07,0.066,0.068,0.085,0.118,0.133,0.135,0.131,0.138,0.136,0.139,0.133,0.139,0.147,0.161,0.178,0.188,0.205,0.232,0.25,0.247,0.229,0.221,0.203,"[[2], [1, 3, 4]]"
0.20412264,0.21974756999999998,0.20765084999999997,0.23012297999999998,0.24496808999999997,0.20552061000000002,0.22387491,0.20878254,0.20835459,0.17109440999999997,0.14852718,0.14622575999999998,0.11724879,0.09133403999999999,0.06927084,0.05647989,0.037193609999999995,0.13442384999999998,0.14092869,0.20993325,0.23293793999999998,0.21596259,0.21260556,0.21206349000000002,0.18138422999999998,0.17331975,0.18366663,0.19377576,0.25124469,0.26256159,0.23417424,0.21175916999999997,0.20525433,0.20694711000000002,0.19322418,0.19489794,0.21134072999999998,0.19998579,0.2057964,0.21989973,0.21539198999999998,0.22272419999999998,0.21414618000000002,0.23373677999999998,0.2890089,0.29471489999999995,0.2787381,0.2276694,0.184,0.181,0.178,0.175,0.171,0.172,0.161,0.143,0.109,0.079,0.059,0.066,0.061,0.061,0.059,0.058,0.053,0.063,0.079,0.089,0.091,0.082,0.073,0.07,0.066,0.068,0.085,0.118,0.133,0.135,0.131,0.138,0.136,0.139,0.133,0.139,0.147,0.161,0.178,0.188,0.205,0.232,0.25,0.247,0.229,0.221,0.203,0.181,"[[2], [1, 3, 4]]"
0.21974756999999998,0.20765084999999997,0.23012297999999998,0.24496808999999997,0.20552061000000002,0.22387491,0.20878254,0.20835459,0.17109440999999997,0.14852718,0.14622575999999998,0.11724879,0.09133403999999999,0.06927084,0.05647989,0.037193609999999995,0.13442384999999998,0.14092869,0.20993325,0.23293793999999998,0.21596259,0.21260556,0.21206349000000002,0.18138422999999998,0.17331975,0.18366663,0.19377576,0.25124469,0.26256159,0.23417424,0.21175916999999997,0.20525433,0.20694711000000002,0.19322418,0.19489794,0.21134072999999998,0.19998579,0.2057964,0.21989973,0.21539198999999998,0.22272419999999998,0.21414618000000002,0.23373677999999998,0.2890089,0.29471489999999995,0.2787381,0.2276694,0.21831156000000002,0.181,0.178,0.175,0.171,0.172,0.161,0.143,0.109,0.079,0.059,0.066,0.061,0.061,0.059,0.058,0.053,0.063,0.079,0.089,0.091,0.082,0.073,0.07,0.066,0.068,0.085,0.118,0.133,0.135,0.131,0.138,0.136,0.139,0.133,0.139,0.147,0.161,0.178,0.188,0.205,0.232,0.25,0.247,0.229,0.221,0.203,0.181,0.171,"[[2], [1, 3, 4]]"
0.20765084999999997,0.23012297999999998,0.24496808999999997,0.20552061000000002,0.22387491,0.20878254,0.20835459,0.17109440999999997,0.14852718,0.14622575999999998,0.11724879,0.09133403999999999,0.06927084,0.05647989,0.037193609999999995,0.13442384999999998,0.14092869,0.20993325,0.23293793999999998,0.21596259,0.21260556,0.21206349000000002,0.18138422999999998,0.17331975,0.18366663,0.19377576,0.25124469,0.26256159,0.23417424,0.21175916999999997,0.20525433,0.20694711000000002,0.19322418,0.19489794,0.21134072999999998,0.19998579,0.2057964,0.21989973,0.21539198999999998,0.22272419999999998,0.21414618000000002,0.23373677999999998,0.2890089,0.29471489999999995,0.2787381,0.2276694,0.21831156000000002,0.19637199,0.178,0.175,0.171,0.172,0.161,0.143,0.109,0.079,0.059,0.066,0.061,0.061,0.059,0.058,0.053,0.063,0.079,0.089,0.091,0.082,0.073,0.07,0.066,0.068,0.085,0.118,0.133,0.135,0.131,0.138,0.136,0.139,0.133,0.139,0.147,0.161,0.178,0.188,0.205,0.232,0.25,0.247,0.229,0.221,0.203,0.181,0.171,0.161,"[[2], [1, 3, 4]]"
0.23012297999999998,0.24496808999999997,0.20552061000000002,0.22387491,0.20878254,0.20835459,0.17109440999999997,0.14852718,0.14622575999999998,0.11724879,0.09133403999999999,0.06927084,0.05647989,0.037193609999999995,0.13442384999999998,0.14092869,0.20993325,0.23293793999999998,0.21596259,0.21260556,0.21206349000000002,0.18138422999999998,0.17331975,0.18366663,0.19377576,0.25124469,0.26256159,0.23417424,0.21175916999999997,0.20525433,0.20694711000000002,0.19322418,0.19489794,0.21134072999999998,0.19998579,0.2057964,0.21989973,0.21539198999999998,0.22272419999999998,0.21414618000000002,0.23373677999999998,0.2890089,0.29471489999999995,0.2787381,0.2276694,0.21831156000000002,0.19637199,0.19722789,0.175,0.171,0.172,0.161,0.143,0.109,0.079,0.059,0.066,0.061,0.061,0.059,0.058,0.053,0.063,0.079,0.089,0.091,0.082,0.073,0.07,0.066,0.068,0.085,0.118,0.133,0.135,0.131,0.138,0.136,0.139,0.133,0.139,0.147,0.161,0.178,0.188,0.205,0.232,0.25,0.247,0.229,0.221,0.203,0.181,0.171,0.161,0.172,"[[2], [1, 3, 4]]"
0.24496808999999997,0.20552061000000002,0.22387491,0.20878254,0.20835459,0.17109440999999997,0.14852718,0.14622575999999998,0.11724879,0.09133403999999999,0.06927084,0.05647989,0.037193609999999995,0.13442384999999998,0.14092869,0.20993325,0.23293793999999998,0.21596259,0.21260556,0.21206349000000002,0.18138422999999998,0.17331975,0.18366663,0.19377576,0.25124469,0.26256159,0.23417424,0.21175916999999997,0.20525433,0.20694711000000002,0.19322418,0.19489794,0.21134072999999998,0.19998579,0.2057964,0.21989973,0.21539198999999998,0.22272419999999998,0.21414618000000002,0.23373677999999998,0.2890089,0.29471489999999995,0.2787381,0.2276694,0.21831156000000002,0.19637199,0.19722789,0.21829253999999998,0.171,0.172,0.161,0.143,0.109,0.079,0.059,0.066,0.061,0.061,0.059,0.058,0.053,0.063,0.079,0.089,0.091,0.082,0.073,0.07,0.066,0.068,0.085,0.118,0.133,0.135,0.131,0.138,0.136,0.139,0.133,0.139,0.147,0.161,0.178,0.188,0.205,0.232,0.25,0.247,0.229,0.221,0.203,0.181,0.171,0.161,0.172,0.169,"[[2], [1, 3, 4]]"
0.20552061000000002,0.22387491,0.20878254,0.20835459,0.17109440999999997,0.14852718,0.14622575999999998,0.11724879,0.09133403999999999,0.06927084,0.05647989,0.037193609999999995,0.13442384999999998,0.14092869,0.20993325,0.23293793999999998,0.21596259,0.21260556,0.21206349000000002,0.18138422999999998,0.17331975,0.18366663,0.19377576,0.25124469,0.26256159,0.23417424,0.21175916999999997,0.20525433,0.20694711000000002,0.19322418,0.19489794,0.21134072999999998,0.19998579,0.2057964,0.21989973,0.21539198999999998,0.22272419999999998,0.21414618000000002,0.23373677999999998,0.2890089,0.29471489999999995,0.2787381,0.2276694,0.21831156000000002,0.19637199,0.19722789,0.21829253999999998,0.25823454,0.172,0.161,0.143,0.109,0.079,0.059,0.066,0.061,0.061,0.059,0.058,0.053,0.063,0.079,0.089,0.091,0.082,0.073,0.07,0.066,0.068,0.085,0.118,0.133,0.135,0.131,0.138,0.136,0.139,0.133,0.139,0.147,0.161,0.178,0.188,0.205,0.232,0.25,0.247,0.229,0.221,0.203,0.181,0.171,0.161,0.172,0.169,0.169,"[[2], [1, 3, 4]]"
0.22387491,0.20878254,0.20835459,0.17109440999999997,0.14852718,0.14622575999999998,0.11724879,0.09133403999999999,0.06927084,0.05647989,0.037193609999999995,0.13442384999999998,0.14092869,0.20993325,0.23293793999999998,0.21596259,0.21260556,0.21206349000000002,0.18138422999999998,0.17331975,0.18366663,0.19377576,0.25124469,0.26256159,0.23417424,0.21175916999999997,0.20525433,0.20694711000000002,0.19322418,0.19489794,0.21134072999999998,0.19998579,0.2057964,0.21989973,0.21539198999999998,0.22272419999999998,0.21414618000000002,0.23373677999999998,0.2890089,0.29471489999999995,0.2787381,0.2276694,0.21831156000000002,0.19637199,0.19722789,0.21829253999999998,0.25823454,0.22630946999999998,0.161,0.143,0.109,0.079,0.059,0.066,0.061,0.061,0.059,0.058,0.053,0.063,0.079,0.089,0.091,0.082,0.073,0.07,0.066,0.068,0.085,0.118,0.133,0.135,0.131,0.138,0.136,0.139,0.133,0.139,0.147,0.161,0.178,0.188,0.205,0.232,0.25,0.247,0.229,0.221,0.203,0.181,0.171,0.161,0.172,0.169,0.169,0.165,"[[2], [1, 3, 4]]"
0.20878254,0.20835459,0.17109440999999997,0.14852718,0.14622575999999998,0.11724879,0.09133403999999999,0.06927084,0.05647989,0.037193609999999995,0.13442384999999998,0.14092869,0.20993325,0.23293793999999998,0.21596259,0.21260556,0.21206349000000002,0.18138422999999998,0.17331975,0.18366663,0.19377576,0.25124469,0.26256159,0.23417424,0.21175916999999997,0.20525433,0.20694711000000002,0.19322418,0.19489794,0.21134072999999998,0.19998579,0.2057964,0.21989973,0.21539198999999998,0.22272419999999998,0.21414618000000002,0.23373677999999998,0.2890089,0.29471489999999995,0.2787381,0.2276694,0.21831156000000002,0.19637199,0.19722789,0.21829253999999998,0.25823454,0.22630946999999998,0.21591503999999997,0.143,0.109,0.079,0.059,0.066,0.061,0.061,0.059,0.058,0.053,0.063,0.079,0.089,0.091,0.082,0.073,0.07,0.066,0.068,0.085,0.118,0.133,0.135,0.131,0.138,0.136,0.139,0.133,0.139,0.147,0.161,0.178,0.188,0.205,0.232,0.25,0.247,0.229,0.221,0.203,0.181,0.171,0.161,0.172,0.169,0.169,0.165,0.141,"[[2], [1, 3, 4]]"
0.20835459,0.17109440999999997,0.14852718,0.14622575999999998,0.11724879,0.09133403999999999,0.06927084,0.05647989,0.037193609999999995,0.13442384999999998,0.14092869,0.20993325,0.23293793999999998,0.21596259,0.21260556,0.21206349000000002,0.18138422999999998,0.17331975,0.18366663,0.19377576,0.25124469,0.26256159,0.23417424,0.21175916999999997,0.20525433,0.20694711000000002,0.19322418,0.19489794,0.21134072999999998,0.19998579,0.2057964,0.21989973,0.21539198999999998,0.22272419999999998,0.21414618000000002,0.23373677999999998,0.2890089,0.29471489999999995,0.2787381,0.2276694,0.21831156000000002,0.19637199,0.19722789,0.21829253999999998,0.25823454,0.22630946999999998,0.21591503999999997,0.20574884999999998,0.109,0.079,0.059,0.066,0.061,0.061,0.059,0.058,0.053,0.063,0.079,0.089,0.091,0.082,0.073,0.07,0.066,0.068,0.085,0.118,0.133,0.135,0.131,0.138,0.136,0.139,0.133,0.139,0.147,0.161,0.178,0.188,0.205,0.232,0.25,0.247,0.229,0.221,0.203,0.181,0.171,0.161,0.172,0.169,0.169,0.165,0.141,0.101,"[[2], [1, 3, 4]]"
0.17109440999999997,0.14852718,0.14622575999999998,0.11724879,0.09133403999999999,0.06927084,0.05647989,0.037193609999999995,0.13442384999999998,0.14092869,0.20993325,0.23293793999999998,0.21596259,0.21260556,0.21206349000000002,0.18138422999999998,0.17331975,0.18366663,0.19377576,0.25124469,0.26256159,0.23417424,0.21175916999999997,0.20525433,0.20694711000000002,0.19322418,0.19489794,0.21134072999999998,0.19998579,0.2057964,0.21989973,0.21539198999999998,0.22272419999999998,0.21414618000000002,0.23373677999999998,0.2890089,0.29471489999999995,0.2787381,0.2276694,0.21831156000000002,0.19637199,0.19722789,0.21829253999999998,0.25823454,0.22630946999999998,0.21591503999999997,0.20574884999999998,0.19985265,0.079,0.059,0.066,0.061,0.061,0.059,0.058,0.053,0.063,0.079,0.089,0.091,0.082,0.073,0.07,0.066,0.068,0.085,0.118,0.133,0.135,0.131,0.138,0.136,0.139,0.133,0.139,0.147,0.161,0.178,0.188,0.205,0.232,0.25,0.247,0.229,0.221,0.203,0.181,0.171,0.161,0.172,0.169,0.169,0.165,0.141,0.101,0.076,"[[2], [1, 3, 4]]"
