chlor_strength,ammonia_strength
0.9581823683648207,0.9674539686214552
0.9582190444234531,0.9674901018560733
0.9582386722674023,0.9675141464357104
0.9582277441040477,0.9675069330796784
0.9582209502133677,0.9675025032681036
0.9582289805753942,0.9674889338574405
0.958071212899819,0.9674653814412164
0.9579536268539939,0.9674595663083774
0.9579503569480188,0.9674687260890983
0.9580461483652527,0.9674697539470594
0.9580994404079897,0.9678384272776464
0.9580591052013903,0.9675237282496386
0.9580593642099837,0.9668713961803963
0.9580595620914643,0.966828861531503
0.9580622782102362,0.9668082022535973
0.9581135786572422,0.9656548979827557
0.9582292303387686,0.9656564818039625
0.9581725524212392,0.9653832477673122
0.958251894835829,0.9657481778731121
0.9588029313589801,0.9657698112163058
0.9592337447107399,0.9658700721825102
0.95927864106344,0.9660260334128414
0.9602656716623261,0.9661570901939696
0.964446215918148,0.9662442193480556
0.9681545982443565,0.9662642137019788
0.971352722829039,0.9663143079892802
0.973907483293912,0.9664791591916194
0.9760279373521057,0.9667705911246602
0.9780758145992903,0.9673043582695176
0.9792990159461082,0.9677898406545816
0.9789384603831581,0.9680816341323645
0.978479506464507,0.9682921023617573
0.9784560377369048,0.9684032795718052
0.9783737624322331,0.9683984275265718
0.9800765345254866,0.9686041294605134
0.9805321069500155,0.9686040666750022
0.9807069673248587,0.9688591254166268
0.9809670391140014,0.9691284379984426
0.9812234515824143,0.9695807318760729
0.9815220427501274,0.9702586980415554
0.9818296212428204,0.9702473188523181
0.9821813155683217,0.9702885037329243
0.9825879239276436,0.970099708748189
0.9829387877988524,0.9699130737803205
0.9829282758366837,0.9697665055264806
0.9830522652374681,0.9696651199401005
0.9832841900766187,0.9696303043550001
0.9832360471902473,0.9696341428822679
0.9832524381085618,0.9696466963975707
0.9833857882153139,0.9696426001500213
0.9836798212978406,0.969757770066549
0.983983642222882,0.9699705638233127
0.9845645860377477,0.9702457849042803
0.9848876606299202,0.9704698733091761
0.9855728285679743,0.9706677603443206
0.9861577845226346,0.9707311767586071
0.9863108775215256,0.9637272172477429
0.9863566943436408,0.9588838745352438
0.9863604846393332,0.95907738936963
0.9863224388089313,0.9605241095155952
0.9863223932672948,0.9655993953557911
0.9863601035016483,0.9705399174315724
0.9863932471335433,0.9754745741683919
0.9863524357815903,0.9804068766655354
0.986393888642502,0.9814734027622071
0.9863800479387317,0.9813676188594675
0.9863540956141954,0.9739021926464919
0.9863407065006795,0.9692972510886331
0.9859500048661433,0.9656145720684893
0.9855489206191634,0.9635366345767871
0.9817583555912256,0.9635100240362166
0.976610310657146,0.9631464013855613
0.9726033505622496,0.9632548599985942
0.9688100949058935,0.9633606043486649
0.9653327737922482,0.9636127070169946
0.9618750605297732,0.9638868964719727
0.9583164201819654,0.9640146973996437
0.9544551367531351,0.9640784443720926
0.951357468808333,0.9641837829077972
0.9513156883836928,0.9645704491862233
0.9510434905980092,0.9608538296609894
0.9508831377488977,0.954096891639693
0.9512140054056997,0.9470464992075909
0.9512735947437649,0.9493082339959564
0.9512940370565195,0.951147004816908
0.9510465351299885,0.9527571486550981
0.9510564670982299,0.9546100845355835
0.9510818988954187,0.9561537010201562
0.9511038703757428,0.9579223686059793
0.9511200525823054,0.9587096105521062
0.9511413840994369,0.955603074767464
0.9511945289010647,0.9531616107750311
0.9512036087767977,0.9519943222493149
0.9512547626417349,0.9521762675578822
0.951280669751755,0.95321074769861
0.9512804918125599,0.9533819296662198
0.951233514794322,0.9540062829609912
0.9511325741749865,0.9545713675956549
0.951063883868756,0.9549949501041991
0.9511675280409395,0.9554854873362316
0.9511316105412125,0.9559710317560115
0.9512849236963017,0.956619942109745
0.951335761234394,0.9571275344555371
0.9512985590356755,0.9572596914212101
0.9512744280871863,0.9571672839096226
0.9512964766424361,0.9569076129260258
0.951321010866846,0.9573788911500682
0.9513098114481219,0.9566207474217872
0.9512917445315038,0.9559355038833633
0.951281295836657,0.9549328986857792
0.9512823664422879,0.9537955451054076
0.9511899266709783,0.9528222652282041
0.951139343750572,0.9520344599552613
0.9510988061108052,0.9517183047623133
0.9511033915639105,0.950553272295958
0.9513129360360488,0.9494374728750663
0.9520445347019979,0.9495165625566742
0.9523599314059541,0.9494791863681804
0.9561056701550973,0.9495844645463645
0.9613785696248193,0.9494520221069229
0.96607015991345,0.950023850650457
0.9700442658098158,0.9498706463224407
0.9737652445874401,0.9498426428115252
0.9775572846739724,0.9499102309305856
0.9816705293543614,0.9502458075765574
0.9862227187381531,0.9504239444051197
0.9899853292939693,0.9506648141286779
0.9902984273890945,0.9505736677458773
0.9907470503946492,0.9505224340481979
0.990923988230987,0.9523850257295753
0.9908676676347161,0.9560963381728489
0.9904780486696932,0.9544867031347427
0.9901259184599112,0.9525862658973797
0.9900302474802509,0.9512997733051505
0.9896002636090504,0.9497363250110975
0.9893135146500958,0.9481116538096739
0.9890938606840184,0.9466655026278057
0.9889122348574018,0.945774228789936
0.9888757777007999,0.9493587416093007
0.9888712822459378,0.9538074159117995
0.9888500866366066,0.9578567717134944
0.9888469637292188,0.960315903015852
0.9888323938618998,0.9604016735625458
0.9887827024615681,0.9603567362037098
0.9888214918957782,0.9601247299264746
0.9888294286306518,0.9600384330221865
0.988761937479586,0.960018376331937
0.988529814021921,0.9599657159665811
0.9883492879814584,0.9599221880401922
0.9882824879906043,0.9597664795077618
0.9882528289740307,0.9595014954409411
0.9882189185704386,0.9593121747625981
0.9881181127580662,0.9589184761800309
0.9879671138004651,0.9583908180520855
0.9877781552018752,0.957911059537025
0.9877334715910322,0.9579773582375325
0.9877315011975538,0.9574746063355102
0.9877571249630059,0.9574612145097888
0.9877114918076789,0.9574718491058988
0.9791768061018412,0.9572689914585297
0.9700321679679098,0.9569674441125199
0.9653483674779026,0.9562974461087077
0.9604881885072989,0.9636174088581777
0.9606912553823932,0.9723875070516745
0.9614927585036728,0.9767739940215168
0.9631415128018612,0.9775964383773019
0.9644170066910941,0.9801607091803979
0.9657712923671298,0.9858666510148215
0.9668802420542999,0.9861233194065561
0.9681659785326813,0.9861005580425382
0.969373435939825,0.9860505289241541
0.9702986821025859,0.9861037118421268
0.9707968392828068,0.9864767755260082
0.9713780119734046,0.9865349319710929
0.9719951541548408,0.9866283497548294
0.9729151126979119,0.986831578942955
0.9739368030355313,0.9868819433014926
0.9741922673845376,0.9866400202970884
0.9662507066283945,0.9866240756058695
0.9621217494593466,0.9860437129616957
0.9598088504910689,0.9860258010899474
0.9581073152049434,0.985068718574613
0.9557604932254201,0.9843873520781272
0.9547925986336211,0.9843622216034398
0.9548992555224294,0.9839337252590858
0.954907037993614,0.9839172192818958
0.9558779579531305,0.9843748618599195
0.9568616834819406,0.9846175190060229
0.9572979249675465,0.9846454965732827
0.9580130423722748,0.9846782305880986
0.9587835679795271,0.9846815535860376
0.9591689179251326,0.9846257763685861
0.9594218570701549,0.9846301716908805
0.9596100669076356,0.9846862361974058
0.9597166320956722,0.9848064379841273
0.9598120177592593,0.9849585654447472
0.959894967372261,0.9851702758404559
0.9600798421504991,0.9853663846866426
0.9603230641817134,0.985356137526416
0.9606908848970674,0.985384322336277
0.9612271449228971,0.9849679777347212
0.9617686723462318,0.9763341968633213
0.9626616600554191,0.9364334510870205
0.962958144959353,0.9271403939929441
0.9637956820854022,0.9288349199561169
0.9644798810300863,0.9309206338870168
0.9643786149273902,0.9331280846897918
0.963043171714443,0.9352128923689658
0.960817430806799,0.9368320589424141
0.9569244454560543,0.9343738519786078
0.9482988624065697,0.9308288688398072
0.9452780697952334,0.9284284664310419
0.9466469810748162,0.9291370888270095
0.9478368861760136,0.9297895215883039
0.9488125244297612,0.9305157863902191
0.9495334432621025,0.9300965699163635
0.9499020174828281,0.9299400586918656
0.9497993253292936,0.929716259274342
0.9495726506143901,0.9295826598235486
0.9496099013327073,0.9291413276284801
0.9498069440766954,0.9286975854252044
0.9499211978498208,0.928512090437298
0.9499641563633868,0.9281905821080287
0.9502840175149716,0.9281063317635028
0.9507686427296063,0.9281453520912285
0.9513310422131411,0.9283536125358388
0.9510824412858006,0.9293018331917041
0.9498829727419538,0.9311021605930423
0.947402225435373,0.9328843639768769
0.946313293365942,0.9349985111268009
0.9454121442459384,0.9370219998606955
0.9447988977975923,0.9384906508468467
0.9444144947347664,0.9399844905786898
0.9442759898146031,0.9404972014290233
0.9448214174980256,0.9412476639797884
0.9449838616153978,0.9417657319308061
0.9452839557330976,0.9422933011129275
0.9441165101996234,0.9428842411304612
0.9438560520133182,0.9429051699183785
0.944231518753184,0.9428708055384033
0.9441707988756552,0.9431463700823294
0.9442008784845262,0.9428500452129974
0.9442149913305553,0.9428671953758031
0.9442481977241459,0.9431518742906981
0.9443467502713129,0.9433239497366002
0.944540805215903,0.9439288062410027
0.9447069687722878,0.9445413478660558
0.9448222656458533,0.9449004014174531
0.9450306466903335,0.9451483135415455
0.9456370334976376,0.9455664919036642
0.9459462607188128,0.9594109483780204
0.9465150108190149,0.965861319576661
0.946464723043994,0.9655931011348917
0.9459177338918261,0.9649556595564364
0.9443838021642199,0.9642867543906035
0.9437364670770483,0.9639340493845354
0.9436332151832958,0.9637736341029772
0.9444401045036286,0.9681652861085515
0.9494983521758902,0.9692600232149908
0.9532562529378177,0.969369517160716
0.9520798488365865,0.9688169369133949
0.9500582125040802,0.9685311947086882
0.9485262091663544,0.9682298090902637
0.9469331530020284,0.9685405701394458
0.9453304232903696,0.9690942496471959
0.9443884905504134,0.9696410184013632
0.9435416519563494,0.9701311277845214
0.9423604388313127,0.970698972047727
0.941243505823196,0.9712184388092435
0.940249653517141,0.971576864505543
0.9393030740799138,0.9720827316385146
0.9382638777039888,0.9722391715133674
0.9379106316788277,0.9724571756621355
0.9371397625478821,0.9724089495742028
0.9384536063979745,0.9724301082794113
0.9388200875829317,0.9724297376951123
0.9408909343147038,0.9722035688583468
0.941607634649737,0.9722273498781173
0.9430984518329228,0.972067809197287
0.9450799132038302,0.9718656100077208
0.9469400587622598,0.9719975676235653
0.9483703803035013,0.9722581419913379
0.9489646932234327,0.9671628545674933
0.9488370275685705,0.9625329967326434
0.9490554226807544,0.9611069911200666
0.9488842655998759,0.9608124811818541
0.949060948537101,0.9613379840475372
0.9493414990176572,0.9618194691796925
0.9495939731397565,0.9623807306459808
0.9494811342391941,0.9633875588010805
0.9495841391126079,0.9640448675564417
0.9495348550641955,0.9646878856750962
0.9495485680202238,0.965414230132008
0.9494892027200275,0.9658095212144666
0.9496688568172517,0.9661741983167753
0.9499774372443963,0.9666572093426267
0.9499843497794889,0.9664338863846039
0.9494044037179852,0.9664594294598265
0.948840266761204,0.9665175279037755
0.9483345086025416,0.9661033706822952
0.9478479116543868,0.9657606556760223
0.9480796129989968,0.9647549483510075
0.9480535234231666,0.9636335339069622
0.9475471047647868,0.9623260335235002
0.9472551896107326,0.9616412474919532
0.9467496709991181,0.9606230808594614
0.9464523388344591,0.9639419270415253
0.9453527834729503,0.9678213957730115
0.9453974087265073,0.9685330480540333
0.9454204016458663,0.9686488989769277
0.9449655549695415,0.9687473025509261
0.9443948708463894,0.968791008333173
0.9445673707088902,0.9688436962358462
0.9447913739137119,0.9686724595753665
0.944715620823287,0.9686559467063597
0.945001722889289,0.9687808253647789
0.9453554295731983,0.96887976561236
0.9454199665978549,0.9690170867582389
0.9453160950728857,0.9691801092972958
0.9452241402558329,0.9691202394913213
0.9447880650420232,0.9688420553293708
0.944204308684994,0.9688742641875564
0.9449760870179145,0.967846614796287
0.949626075126297,0.96681730600933
0.9564550861806029,0.9651072409770076
0.9632293269897763,0.9638890600375764
0.9698426260003498,0.9626836848534591
0.9736643977377379,0.9617950963673729
0.9777767401087045,0.9605177946631336
0.9784864212425377,0.9597022358233992
0.9787138597268563,0.9655004685626174
0.9810966260038486,0.9730109049647551
0.9812955341423875,0.9768460509564432
0.987645606011694,0.9788469286139125
0.9877313316539673,0.9793971686143691
0.9877216662347145,0.9806512133571403
0.9876680456828413,0.9805054396617189
0.9876639946088122,0.980169060411384
0.9877264197707192,0.9799116026848218
0.9877844978666908,0.9798237122701405
0.9878817093369907,0.9799110969974187
0.9879613822663316,0.9800165169085715
0.9882692357419127,0.9801000366885814
0.9884940496341246,0.9803931819759857
0.9885016352751428,0.9802815742586197
0.9885081058427476,0.9806295743396471
0.9884576057220802,0.9810639120586775
0.9883035151063776,0.9810772364973959
0.9881757054847569,0.9811262958127875
0.9879985237335241,0.9816716539027317
0.9878374813939365,0.9822479775201716
0.9878027138840104,0.9828500725835128
0.9879492032647723,0.9828620365145291
0.9879923902889578,0.9830544324092636
0.9879805426639854,0.9689007272519636
0.9878223749734062,0.9590817909320233
0.9876780611392878,0.95247589657299
0.9877208288275057,0.9512844094852918
0.9876816308072616,0.9512759455005196
0.9875745791119555,0.9513167219436787
0.9872989504901291,0.951317474565777
0.9869510285801582,0.9517555598638654
0.986886473596593,0.9519308176139034
0.9864643685974517,0.9518965286975781
0.986137118865689,0.9518351735764645
0.9858856927495055,0.9515309147111508
0.985757546323099,0.9513607631301098
0.9856181106800865,0.9516320114694832
0.985599210986657,0.9511455361011218
0.9854538907987407,0.9506436435504824
0.9855036496783454,0.9510632483038111
0.986100225608755,0.952530191239442
0.9867919567821327,0.9547748962425833
0.9874441245011282,0.9551389638084027
0.9881161009524051,0.9558692561483837
0.9883616601079779,0.9558849469327595
0.9887234349351539,0.9571435133092114
0.9887525831801642,0.9580089988580083
0.9887992355982242,0.9478555458100546
0.9889170438013482,0.936917437407188
0.9890221346740735,0.9346918061773001
0.9884935942085062,0.9355982672272811
0.988625227482087,0.9367411139008579
0.9885691201161257,0.9376647258677745
0.988535732461439,0.9387256558232051
0.9885251311934977,0.9397118362340064
0.9885991739328881,0.9405626758538026
0.9887544689463439,0.9413117056372022
0.9887787942906376,0.9418796664055658
0.988836260403642,0.9424561286925273
0.9890745836611086,0.9429667886509803
0.9891019484627495,0.9437173188884582
0.9890728069078613,0.9441295964178245
0.9890630727858761,0.9446922890888287
0.9890459561927167,0.9452599697836018
0.9890413336289867,0.9453145322107556
0.9890365400938503,0.9454459301153593
0.989099300179634,0.9454830521180146
0.9891891864429236,0.945714312775456
0.9890792415511864,0.9459288950743105
0.9883912052178568,0.9466374670431963
0.9877965966785993,0.9473551986354825
0.9878105801522148,0.942235940866712
0.9878857596994607,0.9373519788592648
0.987551670969383,0.9374075330319283
0.9867557762707112,0.9374241184710997
0.9864183216506064,0.9379811889287133
0.9865238214127848,0.938538716510115
0.9863997863929891,0.939065033046538
0.985674461648931,0.9390707335579564
0.983161301847751,0.9394458294415937
0.9827597726390596,0.9401038447886083
0.9824598837989956,0.9407951108499899
0.9823854724297781,0.9417642758152296
0.9821012809306314,0.942528022493601
0.9817707869766259,0.942944428076341
0.9813198643863107,0.9426815455582624
0.9814204256554437,0.9426241590760753
0.981211938736114,0.9427344684819634
0.981094442639785,0.9423264637228508
0.9802326653327633,0.9421404950390424
0.9799147872981264,0.942891840546658
0.9793079934256028,0.9434893839426168
0.9790899627055287,0.945045143785642
0.9789348679005274,0.9454809925113452
0.9789282560710619,0.9455051597018247
0.9789256619860018,0.943413282061554
0.9788704319543147,0.9429591157124468
0.9788601414311056,0.9428715271195054
0.9792324623078441,0.9428656447141242
0.9792366338113402,0.942863306916323
0.9791800678357014,0.943248705199093
0.9792010800565091,0.9432995889745076
0.9792362074113625,0.943669447970616
0.9792700843205742,0.9440552996598981
0.9793041515138075,0.9443637944308249
0.9793643441371236,0.9446119705933965
0.9793853792362048,0.9450622751435704
0.9793765738055469,0.9454947604114528
0.9793072682333066,0.9457686961258824
0.9791049730827285,0.9455515679895277
0.9788117821405203,0.9453340057069006
0.9787306995512106,0.9423733369081535
0.9784144711100142,0.942750683955758
0.9781610581611349,0.9434789945526489
0.9780320198643122,0.9437210623406715
0.977944384550188,0.9444158528609186
0.9776893606603733,0.9446177654780294
0.976085210137382,0.9447007344743541
0.9664916721470714,0.9450927184170258
0.9244916165903801,0.945031727886719
0.9003712154947103,0.9449646691072005
0.8885860351193118,0.9421283828806597
0.8887474055159128,0.9420802891999066
0.8909404928084883,0.9420217878540024
0.8946632624501947,0.9422294095025355
0.8977178145100273,0.9423760168856056
0.9004749031071166,0.9426290774770869
0.9042069632886507,0.9429118464112402
0.9064525079043817,0.9428763829032313
0.9085411327940242,0.9427423760457593
0.910464174804593,0.9425541702776403
0.9125080522340735,0.9423589859540649
0.9146165884996955,0.941816224135378
0.9174034990842403,0.940297649356271
0.9191091911919173,0.9401228487735227
0.9197203267317025,0.9388809306401935
0.9207424781943769,0.9382527946336683
0.9214050624933856,0.9375000249673164
0.9225664670471285,0.9367111697865946
0.9237593058946856,0.9357367189517829
0.925211299863191,0.9345406700648373
0.9259233564548066,0.9336339861110354
0.92683133963325,0.9322333307980057
0.927457717470954,0.9342697423275563
0.9281054993351582,0.9368853932401612
0.9283711148369598,0.9369793258374735
0.9282301146440473,0.9362216715435112
0.9280245562826115,0.9354847009162658
0.9279687631959403,0.9345746006226916
0.9276095597728046,0.9343323565653148
0.92750406449965,0.9342154666967515
0.9277755609788461,0.9339296822739606
0.9277492697102037,0.9336485837459202
0.9279609721985587,0.9333554978901917
0.9281390023123539,0.9329136962267034
0.9282972520690012,0.9323289738267078
0.9283929078197628,0.9315102626165801
0.928451170215552,0.9307507368406345
0.9287393481316593,0.9297334477653361
0.9283328139625564,0.9350787250745769
0.9283113413330211,0.9345441365281895
0.9283027785783189,0.9339176133313617
0.9284595086295265,0.9339180602587018
0.9280204255906056,0.9327333668936686
0.9277122359341377,0.9319646392843848
0.9271822306611492,0.9312955300561792
0.925922095031616,0.9297842914772445
0.9302523853169953,0.9390223740206498
0.9369153410327578,0.9527727020103125
0.9448345293478314,0.9725467731627313
0.9477779563623555,0.9795288789939987
0.9499043472666724,0.9828012921661419
0.9490260669188771,0.9863570859061246
0.9482137284839985,0.9866151780141376
0.9474441537468992,0.9866576130132817
0.9469201764829898,0.986518547071285
0.9466203279227998,0.9864568927579503
0.9464971574688454,0.986347411018323
0.9463171355797332,0.9861509481906925
0.946110746615301,0.98609388176942
0.9456345853674113,0.9861085043674722
0.9452822933539322,0.9857663649662214
0.9479729246828862,0.9885083857604953
0.9541573589857687,0.9885615328861445
0.9611844559462941,0.9885798093560434
0.9666514819389603,0.9885912850820191
0.9751793980698766,0.9891883948008924
0.9766105944496539,0.9899495012462747
0.9780310070152294,0.9902921743465909
0.9781287667305454,0.9903054630834195
0.978206772799721,0.990389710738734
0.9782093220841532,0.9825169814556303
0.9781324057189186,0.9740696937822377
0.9780200657252356,0.9715377657456323
0.9780685680993104,0.9709466546880614
0.97855618387343,0.970801873415174
0.9789063416445222,0.9706249190245035
0.9792997041102494,0.9706402163884649
0.979206456441291,0.9705110345676484
0.9790190516373636,0.9702959934963712
0.979025765672744,0.9703036543316041
0.978941452754457,0.9702547524580365
0.9789165901147139,0.9702496964471581
0.9787774538040122,0.9702937852359805
0.9787076447877698,0.9703377147833696
0.9791357309793447,0.9641759031546764
0.97949564131873,0.9639199361520612
0.9802352909722398,0.9639717384619089
0.9808304334711346,0.9639798372560604
0.9815731196374158,0.9637137195803704
0.9817889549609705,0.9632772833775463
0.9820777630222401,0.9636812830165508
0.9821790587764758,0.9640317502820449
0.9811972715984992,0.9641561759860768
0.9797902927141022,0.9647070066925488
0.9727112108245187,0.9607110486621038
0.9718080916774534,0.9473718863134338
0.9720147616774153,0.9440620071561928
0.9723420465881483,0.942599181357659
0.9723826944571835,0.9430655654983184
0.9721492683805479,0.9432695622094851
0.9721471360787111,0.9437021777483203
0.9722486098638865,0.9439746062714163
0.9724199921599828,0.9443888796903013
0.9724486620513515,0.9448693245390469
0.9724531873185025,0.9453215158700932
0.9725683121490556,0.9461209872773362
0.9726883471015004,0.9467202541970021
0.9729198275522781,0.9469185459027186
0.972929919247115,0.9471085771022539
0.9732373489397593,0.9472203985378399
0.970132947733314,0.9474745170713068
0.9648605256467939,0.9469779608768105
0.9601130132445589,0.9469551288837642
0.9558759047097619,0.9467392131854555
0.9522891226270225,0.9467037334639168
0.9519959279035678,0.9467007128548794
0.9521305329608415,0.947407769525787
0.9523246900521154,0.9473467652669285
0.9528356120139776,0.9482852321534847
0.9537063110834955,0.9500701981631559
0.9541304335182414,0.95029405520491
0.95468126700585,0.950179682330241
0.9548132345464349,0.9499973446133394
0.9552732193459204,0.9495704400576239
0.955434438745939,0.9493155879559587
0.9559983295556764,0.948782785189961
0.9564230590074033,0.9487342157002756
0.9566557116239706,0.9483886062753741
0.957113750935954,0.9483552160170559
0.9576493988027954,0.9481271227301487
0.9584431300012817,0.9476531479195772
0.9591887426955468,0.9469786172100683
0.9597154872445224,0.94972692545537
0.959969243964546,0.9498903576401252
0.9603454979045674,0.9495321850465743
0.9606637019532818,0.9489355862611513
0.9610431631289834,0.9489499167985582
0.9610663520186531,0.9487850501454588
0.9610221665939045,0.9483772733006517
0.9611586495269879,0.9481008470802227
0.9611368844290586,0.9478007401474005
0.9611174724066979,0.9474446439460698
0.9632707355704258,0.9508421503013096
0.96310840394243,0.9682545000772893
0.9625243689742252,0.977187804237457
0.9619524035820473,0.9845933516409511
0.961382156692212,0.9850326127467217
0.9612715952836912,0.985057838488455
0.9610698644222035,0.9850360026762045
0.9609885748055009,0.9849260326080664
0.9609654463752435,0.9849839430980001
0.9608269442292446,0.9850647704833333
0.9607438809086242,0.9851204820912518
0.9603635518679587,0.9851152030314001
0.9600264279219489,0.9851024432637145
0.9598508280497853,0.9850747221634772
0.9598280631171626,0.9854160438917499
0.959651538739289,0.9855833240209946
0.9582614402054894,0.9854851058938816
0.9575372224045896,0.985789795788633
0.9557746734385406,0.9858967300429131
0.9550390517181986,0.9860165554358417
0.9549357269010184,0.9860538937846375
0.9540688812686595,0.9860631629244769
0.9536420315524989,0.9855961463109884
0.953432747483358,0.9855312423160085
0.9534384146381256,0.9856191333020334
0.9534035853024749,0.985695001514707
0.9532390597769917,0.9858781934014895
0.9535432606295464,0.9861259239061688
0.9538847000713828,0.9862373225273988
0.9542549381998243,0.9862386451775853
0.9543152899770367,0.9862420295197539
0.9546481810505378,0.9864082741004072
0.9550550457561962,0.9864225175319428
0.955377259692765,0.9864272914856542
0.955616526519851,0.9863699835106479
0.9558333652307025,0.9863214358759939
0.9559861657085345,0.986264905576623
0.9563372732482796,0.9862047950780859
0.9566254837121124,0.9865491131371388
0.9571652567440263,0.9866850528071685
0.957639522262415,0.9864754095565818
0.95805947104393,0.986383281035162
0.9582968554350559,0.9852735279041873
0.959201508629592,0.984550626869762
0.9598132709803877,0.983661289296864
0.9593212539384623,0.9827425149255837
0.9590207577278953,0.9823887139803927
0.9589555129207769,0.9819786075276999
0.9589493642288052,0.9823336889439829
0.9592068091453897,0.9840333521390693
0.9595116269186836,0.9844704163331114
0.9595828509978939,0.9847914753532143
0.959423078325706,0.9848122542228874
0.9590434437756306,0.9848121463363013
0.9587179795672216,0.9846774726785952
0.9580167244356317,0.9846106881904668
0.957242341957343,0.9845441652969321
0.9566500902844209,0.9844704738680141
0.9560730483967514,0.9844278229054173
0.9556443322421185,0.9844164633641446
0.9554338624283096,0.9843612574410994
0.9551358384113441,0.9842742761092176
0.9540272525994844,0.9851773752745492
0.9528785916526714,0.9857330016994046
0.9543933624185776,0.9863221064292682
0.9583309520557187,0.9859435540715482
0.9652304142263866,0.9851624927457324
0.9714017874014427,0.9842870613555014
0.9778868844953559,0.9832145226560256
0.9813525126703199,0.9825157718879
0.9835432744873802,0.9823374295087453
0.9851499294275455,0.9822213764305945
0.9852798569536827,0.9838143727919986
0.9856231208563352,0.9858254787170815
0.9856536440206466,0.9866086009004937
0.9862812796970994,0.9872412060195469
0.9862561355628905,0.9873915645946857
0.9861303156489638,0.98779723692507
0.985969819967083,0.9880235882017403
0.9857545198148032,0.9879122803604936
0.9856638044996829,0.9878562138598834
0.9856718557090423,0.9878390717584435
0.9857954384142649,0.9878501634421244
0.9858706550437668,0.9878286558284027
0.9859748583660786,0.9878622391121779
0.9860623306378208,0.9878885577641447
0.9860802510969164,0.9878894800303822
0.9859903976693689,0.9878816221469814
0.9859253208871959,0.9878797190715833
0.9858954363896838,0.9877779926958951
0.9858627688555508,0.9877152024788243
0.9853012758784521,0.9876042931783963
0.9848043722295636,0.9875835167338025
0.9847157702877681,0.9875693162384334
0.9846541356396504,0.987211411014183
0.9846521961303172,0.9872802102463408
0.9849264548770456,0.9853808968346497
0.9846717849919984,0.9837561470715698
0.9840536994455866,0.9835178424337294
0.9829967255453942,0.9827258865892707
0.981632216795452,0.9827241264626343
0.9800077431654257,0.982663576944657
0.9791373921817073,0.9826926059191379
0.978790496397274,0.9826861241145446
0.9786768392281608,0.9826945586028772
0.9784588171406567,0.9826934658568081
0.9782461988078739,0.9826893745435397
0.9780693485679892,0.9827055427729611
0.9773664263485966,0.9827211852170229
0.9767408133325708,0.9827146824926818
0.9767324063830602,0.9825323453999661
0.9766603545376854,0.982601904814683
0.9766308785733562,0.9812430154410876
0.9771788208658705,0.9816082935394854
0.9781150131687752,0.9822429814394501
0.9788652336171935,0.9831407473744094
0.9797302589393093,0.984051043541359
0.9809578154493308,0.9846670773714974
0.9821102832738501,0.9848856735924807
0.9833813103134136,0.9849871971179517
0.9838065171156414,0.9834509049327762
0.9842045796796779,0.9821559110681051
0.9840151740622329,0.9813162253363195
0.9852948182235878,0.9804729456635434
0.9852691317245361,0.9804712346902766
0.9851544581099303,0.9804987770988932
0.98490779731653,0.9805122728625433
0.9847645813859902,0.9807245079425368
0.9846807876698728,0.9809113106768823
0.9846893113440338,0.9810789700156122
0.9848197221847557,0.9812437806089952
0.9853203428408093,0.9814314635325967
0.9857606004811218,0.9814760140781029
0.9861212378745576,0.981520261759139
0.9863197619236124,0.9813023629473472
0.9862189984773984,0.981344279347591
0.9861551546070259,0.9814661846178792
0.9862156456467752,0.9815327705072154
0.9862211141462702,0.9825035263921346
0.9862407079224333,0.9827857750805098
0.9862259953048782,0.9834832525450177
0.9856171783484435,0.9843871019267076
0.9840107413281984,0.9850142379769895
0.984915696018575,0.9850236358954931
0.9829695775569423,0.9852128584154415
0.9824727810998872,0.9851043579443179
0.9825931473144692,0.9846191617772864
0.9831877850148225,0.9842037736474487
0.9844555040807133,0.9840905700988325
0.9861048572459182,0.9840675105778403
0.9870572140860606,0.9840091600111491
0.9877048584765054,0.9840233677228012
0.9881248145693491,0.9839611508665782
0.9885185095108415,0.9838928142757688
0.9888807375579665,0.983848846181754
0.9892079216597678,0.9838357947372176
0.9897808021336874,0.9838316291209435
0.9902355833032161,0.9838457193270247
0.9902534380855519,0.9828341508629682
0.9904500260950618,0.9827822655330265
0.9851988838628511,0.9834307719382329
0.9675560386373776,0.983303992002466
0.954330955222527,0.983461224193879
0.946410583273551,0.9834869290777795
0.9389223734964589,0.9835548411714838
0.9356217796068858,0.9836665742238693
0.9359386092905928,0.9836645100775177
0.9364793461821659,0.9837463270698545
0.9371852485337824,0.9839063742789217
0.9378554970969711,0.984260524624802
0.9385086620571271,0.9847633551398429
0.9392001005938081,0.9854378691880604
0.940174354957916,0.9854484771108747
0.941096114009547,0.9854253238470485
0.9415247868734529,0.9854412729909066
0.9425588019140287,0.9854861907978647
0.9432274138144299,0.9855207195447052
0.9438370780390397,0.9855437161753522
0.9443900748947454,0.9855425084385423
0.9448158923238168,0.9855429147966633
0.945244455348158,0.9855434678516051
0.9454236260234681,0.9855490250309278
0.9457268285619821,0.9857714372688657
0.9456422183672106,0.9857413247820412
0.9456702805898265,0.985659779749116
0.9456662470274847,0.985662080343784
0.9457122405112712,0.9857324122400188
0.9462441486388868,0.9859976882857695
0.9470347946317978,0.9859865350290251
0.9474769641973114,0.9859965028985005
0.9464875320123248,0.986021055177594
0.9469461212609284,0.9860426812181333
0.9463924175301188,0.986048505876476
0.9469274297710994,0.9859896734298912
0.9473024802001211,0.9867205277763997
0.9481147006855227,0.987560407500575
0.9493381681566133,0.9878383362383472
0.9502676544548077,0.9877361121138832
0.950631977537002,0.9877914424209255
0.9501381438587067,0.9878537947472601
0.9495802623254872,0.9879423804909242
0.9493781007741788,0.9879131410969273
0.9491265589693498,0.9876894640101996
0.9484473014618003,0.9875463433015483
0.9481648348271386,0.9875828719097717
0.9485222733406652,0.987561939097875
0.9489389421517145,0.9887878804350634
0.949710627696993,0.988716604636859
0.9464707801748633,0.9887066594927237
0.9434158674834893,0.9884759764804366
0.9373677803324125,0.9883385492594632
0.9321659946102645,0.9883943493546152
0.9300797051490199,0.9882953093564462
0.9292553121678485,0.9881214959178919
0.929272162329656,0.9880016153066418
0.9293558377142619,0.9879001973584909
0.9298060138140969,0.9886826210711057
0.930790826989346,0.9889043080107136
0.9318980097147282,0.9884861941332687
0.932301493176916,0.9881982352332905
0.9328924980734256,0.9881249713052562
0.9334880478313224,0.9880305558500817
0.9343155993600044,0.9880829722168387
0.9342623411808091,0.9880435338623696
0.9344996798533509,0.9880211469594247
0.9347677561327592,0.9880158487827223
0.9350040175865219,0.9880098036418019
0.9353226354640816,0.9880071978506471
0.9357411044007504,0.9879685426546594
0.9362482064284452,0.9878900347362674
0.9370844253402175,0.987878757829574
0.9381001841369495,0.9877076855301983
0.9392542261991212,0.9874075148956747
0.9402323411747056,0.9874241532982158
0.9409007182023141,0.9872939889795659
0.9416102353641294,0.9875671034672959
0.9424697493392,0.9876129082657737
0.9426520739114562,0.9872762018577159
0.9427614861962048,0.9872969626474375
0.9429210035656619,0.9871662269450983
0.9427505022182558,0.9877199437223046
0.9428490270525458,0.9887450883430409
0.9429494232423461,0.988680522021297
0.9420516099963108,0.9885115592600875
0.9416020140526746,0.988402735454996
0.9408378655992202,0.988427424505719
0.9405195269584556,0.9884156538425329
0.9410888688297733,0.9884080130056403
0.941747002451625,0.9882772732637455
0.9421395804424648,0.9883617810768854
0.9424226330800942,0.9886716251507701
0.9432385295056624,0.988911277330637
0.9440589713856311,0.9889286115801226
0.9442783268075959,0.9886365488417417
0.9442494715475729,0.9875931189142946
0.9443040570030727,0.9870804343934841
0.9426868358150842,0.9868349197928294
0.9403771211541043,0.9870158786720515
0.9404906251577896,0.9870062567883842
0.9400215873964897,0.9869038326359053
0.9378976793172443,0.9870204063087653
0.9384638327190038,0.9870897379427177
0.9384506253346927,0.9870826422223014
0.9385193584110836,0.9871598566093798
0.9386135430142721,0.9867004508710369
0.9388095788263996,0.9865246880981686
0.9388559743687521,0.9864062811243319
0.9391952534795536,0.9860141685882189
0.939419431354836,0.9858773829339517
0.9394530235946785,0.9857632980149977
0.9395965599450455,0.985827278051774
0.9395053474601813,0.9859540968197855
0.9394384654703556,0.9860083568594795
0.939409064246159,0.9860108519884765
0.9397083682264507,0.9860352073057179
0.939997966267965,0.985950645997689
0.940303728841253,0.9860673266208522
0.9406062128324071,0.9857708519923687
0.940763618752432,0.9853233995197666
0.9412695611987334,0.9854018782597735
0.9415278779085539,0.9855585237088631
0.9417911004266388,0.9861437379091823
0.9417026355571001,0.9867728335034505
0.9417399697739772,0.9872123482489956
0.9411338123194737,0.98778759734812
0.9410445720172282,0.988395869750694
0.9407674193651814,0.9885558939186263
0.9408086671723623,0.9889532101641927
0.9408959905335339,0.9888841909247317
0.9409542125598171,0.9886373088461184
0.9414234437405526,0.9883194726361076
0.9418078989088662,0.9880433248817782
0.9418615082672028,0.9880516576489706
0.9425150382806056,0.9879785906266204
0.9427699351615071,0.9881759204487395
0.9430357630426991,0.9881397004196155
0.9435083433538556,0.9884143214939884
0.9437262829200788,0.9885274057260837
0.9442097968001129,0.9886274983272758
0.9447335823674183,0.9887295025589631
0.9450798230086113,0.9888228122801643
0.9452383647692825,0.9887905124362149
0.9456347744808058,0.9889544021996871
0.9456392475546294,0.9891434270294522
0.9439369446320562,0.9891796618032509
0.9439199681940886,0.9890141682008303
0.9439789255476526,0.989006531438515
0.9439786322291938,0.9886930524296793
0.9440603110152768,0.9885225884939274
0.9436264035698314,0.9885193688176004
0.9436300377148197,0.9885063917218895
0.943562753528262,0.9884906489139809
0.9437483400966296,0.9884695353528427
0.9437936927752261,0.9884605141616978
0.9437461776320006,0.9884219693686549
0.9439641419309768,0.9883725330701962
0.9436830833930159,0.9881202083189276
0.9436784712580473,0.9879959109876977
0.9438866889119306,0.9879264399177392
0.944230392603595,0.9879494173968708
0.9441048143325012,0.9878063868668655
0.9443179507972799,0.9879267487032295
0.944152458448589,0.9879684422983921
0.9440419234344932,0.988002472138422
0.9439396084470784,0.987968848355121
0.9438235340565767,0.988169063962739
0.9437764447004079,0.9880208899065306
0.944045622472373,0.9821545596651522
0.9444400078903915,0.9614020241837338
0.9448561561901093,0.9614434491407835
0.9454166243116751,0.9620410117648543
0.9458463375331356,0.9629924856314265
0.9465410286489502,0.9639295177229257
0.9465290861096793,0.9648523347631921
0.9465144664328464,0.9658915736105871
0.9464274192845603,0.9653613723004494
0.9460987757031629,0.9520639102193588
0.9436977031254136,0.944008922216909
0.9447403500601623,0.9415010531388813
0.944775464970198,0.9416571610508759
0.9447921535198605,0.9420955154271144
0.9449361038902173,0.9416164448362813
0.9454154595677124,0.9417339010090282
0.9453588596696411,0.9423557657579962
0.9453477750859609,0.9426149343139445
0.9456852101272957,0.9428641315397808
0.9456205218431233,0.9433679203190526
0.9453232117809822,0.9439437625970217
0.9451061043563311,0.9440650173864885
0.9451325221535292,0.9437120619298571
0.9448519196763104,0.9435025207688328
0.9453559439988731,0.9433539050968518
0.945340827339514,0.9432186423725508
0.9452885011715059,0.9429407894971897
0.9452729796750934,0.9426040698531404
0.9452358706730146,0.9419473546443494
0.9452070841005409,0.9409724606076082
0.9431436483650769,0.9397890219088585
0.9416545165951403,0.9394185592755404
0.9420078494889965,0.9382609435803535
0.9427749391892914,0.9382434571287317
0.9425392597171024,0.9382653639520839
0.9421751017716429,0.9382977523599905
0.9421817742174814,0.9382983438438826
0.9421544121593002,0.9380925461445054
0.9423137757700728,0.9378179999108311
0.9424508314528574,0.9383640283586214
0.9424745775696848,0.9382870208560405
0.9428757736361939,0.9389231296787188
0.9429520983397504,0.9391654205996303
0.9431149267055874,0.9390530890575015
0.9432217833051839,0.9391734589520171
0.9433077113787757,0.9393760079802855
0.9431741241600484,0.9390872874096242
0.9428792560889827,0.938485153145556
0.9420334910144452,0.9381392790817877
0.9410580115968663,0.9457859611976647
0.9400609267772889,0.9439942294792314
0.9389262002485084,0.9417969104148178
0.9374895027414123,0.9392696667592129
0.9348954600977124,0.9364811785308995
0.9323783781094472,0.9337744432705566
0.9301663044983444,0.931531937756443
0.929784531668979,0.9300119326763643
0.9284763333173821,0.9447217905099468
0.9290346828205729,0.9621590602327748
0.9270625726313064,0.9740526375724113
0.9263172594031484,0.9773187534125422
0.9254831171384431,0.9776915686776884
0.9247300527234994,0.9776597798573508
0.924022169341193,0.9776449415510355
0.9234519112633454,0.9774896948989323
0.9228848796827149,0.9773841131203006
0.9216757158852245,0.9774692494960733
0.9203597956366436,0.9781806351122038
0.9195119874872077,0.9788789346413145
0.9184950276539254,0.9787047702272662
0.9175155225464264,0.9784938436677904
0.9166283716158007,0.9787489927539612
0.9144235985001378,0.9788188149184466
0.9156813399219843,0.978790458851006
0.9184592113577915,0.979337401851426
0.9228105088772927,0.9798656479264847
0.9286050848188799,0.9812564109802269
0.9371162649412641,0.982579201334383
0.9496582156395719,0.9839217594624885
0.9660881245480586,0.9846566706035859
0.9718515089205273,0.9851413665131186
0.9790503825507484,0.9854311750073782
0.982043907662088,0.9858513396069933
0.9818576351074363,0.9863266850443282
0.9853261215576723,0.9867209148224514
0.9853689699729072,0.986974999658635
0.9855078688211321,0.9871092179953649
0.9857537828726122,0.9871899733470684
0.985824026809444,0.9870967744101624
0.9860099106526885,0.9870849118626333
0.9863956219062039,0.9871676837711997
0.9867610864715082,0.9873188838802905
0.9870385878787775,0.9874676652017518
0.9873011435241761,0.987561316020886
0.9873610721768473,0.98749905323866
0.9874216481723728,0.9859810401064688
0.9874268315692024,0.9848837782026194
0.9874297077148111,0.9846224825992436
0.9874564062488287,0.9850358832322739
0.9873837495944462,0.9854134710423041
0.9875201747477147,0.9857254768232091
0.9873955639133523,0.9860494808517785
0.9873475165301846,0.9862076208069552
0.9871186108671468,0.9861972013814571
0.9902610017453559,0.9866272027223544
0.9903534610630831,0.9833453012994477
0.990349557240485,0.980336190073629
0.9901232495015047,0.9797541530043479
0.990118161443257,0.9791505811142595
0.9903301183295985,0.9789599456263318
0.9904623191965239,0.9788821753091386
0.9905456789772337,0.978659931464696
0.9908931865611852,0.9788844927827274
0.9910522000329225,0.9790230181198736
0.9913319934194407,0.9790603728775855
0.9916625633355888,0.9790587962066041
0.9918314171969185,0.9790627013144828
0.9920272870898106,0.9793684332739023
0.9922127248495856,0.9797409478844175
0.9922538248433215,0.9781609391762072
0.9923020353781422,0.9758114040595783
0.99229276966122,0.9742310628568893
0.992435672465152,0.9745762605949317
0.9925761963261381,0.9752295279072909
0.9924837160956625,0.974980997952225
0.992082873761359,0.9751541825876775
0.9918432302244177,0.9752523851967232
0.9915367578348917,0.9750333375560959
0.9915302464835944,0.9752125249657739
0.9916887874831418,0.9745495950389901
0.9917157303796066,0.97328845535833
0.9916944557236291,0.9732000969837029
0.9917610705170014,0.9732053501732632
0.9917058880093211,0.973304364310914
0.9915808101458935,0.9735364454834035
0.9909878014385369,0.9741968254716182
0.9912360653226122,0.9747563221134645
0.9912517170176591,0.9752566084034654
0.9913440812534775,0.975721754072283
0.9915426396696898,0.9760729476759968
0.9917130537900551,0.9762808247289789
0.9918480592688634,0.976413826670222
0.9917358598159236,0.9764816731795836
0.9913260623918461,0.9766978100369718
0.9904600288673677,0.9767792921671201
0.9896955221331631,0.9767771430428747
0.9892056016222258,0.9763024072770694
0.9891530293364202,0.9763818875687746
0.9891704989471886,0.9773512020950725
0.9889108102177009,0.9784006455507901
0.988442237491758,0.9796821354234815
0.9873384555457736,0.9804549871455956
0.9868421352665777,0.9807931531273182
0.9860186488632713,0.9817075159013579
0.9860424396280327,0.9752265489411364
0.9861890064347523,0.974944481805567
0.9861774213759413,0.9749728413982907
0.9862125250930303,0.974959559239092
0.9859143407059738,0.9749692704858486
0.9857728594233831,0.974984531043944
0.9855868641572085,0.9750532337459705
0.9854802169416703,0.9751704520982556
0.9855759786321789,0.975222987206865
0.9857234030008946,0.9752729150400435
0.9858446237633852,0.9753262691429185
0.9858438764401778,0.9753807093654494
0.9858007345997557,0.9754082885079641
0.9857605397639488,0.9759761691323482
0.9858716852370457,0.9771994073126724
0.9845244527044823,0.9783420526329665
0.9758685466097773,0.9782984857749295
0.9668370151257912,0.9779017826261143
0.9597435326924896,0.9778868711550435
0.9539432126331944,0.9775524977729586
0.9525404754563844,0.9773298987092083
0.9524869939464496,0.9770605599059323
0.9523817082356527,0.9771714922409587
0.9526361319580767,0.9766687516128052
0.9529436459239427,0.9600531053763566
0.9534785108323655,0.9551405211979955
0.9538528164688655,0.955033698560221
0.9542377667929833,0.9551415049439204
0.954843821002811,0.9553642390433379
0.9559762898808501,0.9555084882708649
0.9560652172987196,0.9555129164895922
0.9561626828156109,0.9555029836375092
0.9564908922947268,0.9555743347092329
0.9568569336099451,0.9556328089001402
0.9575253737159068,0.9557109542434463
0.9582508516497188,0.9558759708079927
0.9588979252146115,0.9558775485087543
0.9594378009477162,0.9558664963499806
0.9606878212059513,0.9558870613837325
0.9618190894715981,0.9559088412581012
0.9630631175580344,0.9563982644767743
0.9637865369289349,0.9564065086095087
0.9643621561563634,0.9561407928172703
0.9610880563181958,0.9557879984645059
0.9584182360959533,0.9554053948654264
0.9558591360077006,0.9550772029954797
0.9559683347351925,0.9544363989471876
0.9550274824389591,0.9542434849800209
0.9556880374559009,0.9587241648518844
0.9560762852214715,0.9587290401859414
0.9560572949090078,0.958684976520548
0.9559294383595572,0.9586467993517245
0.9562504521183028,0.958621033178708
0.9565019115736654,0.9585752672211659
0.9566294321429747,0.9585241198212611
0.9567054248218101,0.9585483419361602
0.9568091583359142,0.9585317159115672
0.9568535443833444,0.9585253019060416
0.9569518553921174,0.9586405210023695
0.9571624797907894,0.9584861975354131
0.9574146778495503,0.9580665224456391
0.957868399746461,0.957781504475222
0.9579293087206773,0.9574434533425742
0.9568991820890034,0.9572471158718101
0.9560224341532902,0.9571325457664235
0.9546409155718039,0.957110965488835
0.947218033439097,0.957656499161748
0.9461837211339202,0.9581565238084415
0.9442992153499048,0.9586428718239001
0.9437587508990668,0.959101739360584
0.9433160827420739,0.9585864451961659
0.9436630059313462,0.9588461265493895
0.9436950311214354,0.9783502954972396
0.9435230929590277,0.9889057830592893
0.9428951052029999,0.9910404272994415
0.9426099771738763,0.9911865941518292
0.9424106986517813,0.9912274423642184
0.9419712120339688,0.9913043237329724
0.9420794652648786,0.9912229951636825
0.9421682387874575,0.9911159433654628
0.942159089070567,0.9911550854504385
0.9422089272532697,0.9915628794088067
0.9417903158396552,0.991977088023151
0.9414670320556939,0.9919076660992581
0.941181740410623,0.9919028589645204
0.9411441548041766,0.9922306753283882
0.9412159555254762,0.9920237189375907
0.9412645344837485,0.9915895235864054
0.940911081836972,0.9900128845971239
0.9406728170279597,0.9884861769237028
0.9402289544200171,0.987416594409256
0.9406452564850811,0.9862776900312819
0.9410980515346887,0.985101140437745
0.9417601688318497,0.9840376843785577
0.9413507274033517,0.9836793490905635
0.9415044059267277,0.9839400232498832
0.9408953172915231,0.9841679975197904
0.9404980326850418,0.9843703283180123
0.9399654288585602,0.9845272164411474
0.9396502689888339,0.984874889453137
0.9394263110505726,0.98538751417435
0.9392748276914371,0.986092973642985
0.9390337069692918,0.9861126530972744
0.9387281969128588,0.9861831626363076
0.9385377819463854,0.9863140715403387
0.9384897075264607,0.9864764493741269
0.9383749539735903,0.9868611402210394
0.9382324675779914,0.9868749810011979
0.9385871020185329,0.9868248872686931
0.93855621786038,0.9865736132975482
0.9384373589802605,0.9864574247931894
0.9386618788687047,0.9865447349041594
0.9402914673461715,0.9865895475546825
0.9436234252853286,0.9863567577489745
0.9573101288061185,0.9856993083869072
0.9635207984168275,0.9850577916406902
0.97117151327118,0.9844117489806005
0.9772316695266745,0.9840587577666213
0.9848015968360566,0.9840368404899313
0.9857851520105755,0.9830062320686436
0.9860732571556059,0.9649830834587796
0.986038392461234,0.9618116972943491
0.9859956419777527,0.9614140587440256
0.9859346204259165,0.9613317401638541
0.9858665481212999,0.9614217096633442
0.9857877501267349,0.9615016674786723
0.9854058152786507,0.9616057273258085
0.9852493677414709,0.9617593652170342
0.9852402578256343,0.9618122312731905
0.9852557795534103,0.9618595701884438
0.9852552232301133,0.9619107020769597
0.9852900126346938,0.9621004908606299
0.9853980195461933,0.9624095265592678
0.9855664457858311,0.9625196189523275
0.9851697100236438,0.9632696184989025
0.9848116415097204,0.9643826323035964
0.9844252779216898,0.9659930604557495
0.9839925120775307,0.9676886719983545
0.9835537598741911,0.9680520266520453
0.984263816292582,0.9692244161928276
0.9847144044714817,0.9704834182475441
0.9848770891288539,0.9717239150389687
0.98512796491436,0.9724828344785943
0.9855897222945253,0.9726088228526193
0.9857074787056841,0.9631156685738651
0.9852639147609015,0.9618820139054876
0.9850713990091022,0.9619315777205719
0.9852063440943428,0.9621020906623232
0.9852524854324787,0.9622447147698745
0.9853309893810213,0.9626264685142158
0.9852853162419191,0.9630735125651816
0.9853709675208158,0.9634647668642977
0.9851989444015331,0.963742309392466
0.9850947419703293,0.9639056769452151
0.9850408873073461,0.9641006469678735
0.9850236280479533,0.9642161959198198
0.9848579619031976,0.9642761420331283
0.9846440924339889,0.9642549341766785
0.9845592000342545,0.9642458420792069
0.984487022048504,0.9642449691383157
0.9848744109362051,0.964460878152924
0.9842655740676657,0.9647937685790009
0.9837228052878435,0.9653695367490953
0.9836783913902041,0.9660250650739994
0.9838047612761036,0.9667456685962167
0.9837648870186322,0.9672712072332557
0.9839587554859289,0.9676878318387521
0.9840199116963171,0.9676618014788169
0.9841255302769631,0.9739633442868741
0.9841019255375819,0.9744153859572676
0.9840812602333495,0.97442168142386
0.9840604180257926,0.9744148857150057
0.9840584794000005,0.9744280316413012
0.9840352947232298,0.9744533902433477
0.9842444890312916,0.9745269140482414
0.9844177020059515,0.9745910931215267
0.9844545188986695,0.9746709174951147
0.984474676073913,0.9747082539116765
0.984533340097456,0.9748096186438208
0.9845497060313729,0.9749575125545489
0.9845201916856483,0.9749307137597104
0.9845415885898241,0.9749037427073302
0.984898468541916,0.974903517034537
0.985272296146058,0.9749174973679899
0.9855359941504249,0.9747698483855265
0.9857587630063142,0.9745736466135194
0.9858603832402815,0.9750712752194766
0.9859199937553474,0.9749178280435467
0.9859127987730139,0.9745222422418329
0.9860948959590334,0.9742631690536181
0.9861073871776974,0.9739951350361185
0.9856228800702013,0.9739837550085481
0.9854322651081404,0.9799200873436762
0.9858829068522252,0.9799744968650554
0.9864443324145764,0.9800165803911578
0.9866852316728769,0.9800207177947466
0.9868117772935583,0.979764514524575
0.9868553012573076,0.9797163174394052
0.9871833919137101,0.9798009884382335
0.9876531453274909,0.9797638408248113
0.987889194288972,0.9797608664618738
0.9880614889522343,0.979786866005438
0.988208887173564,0.9797769234987393
0.9882696706930779,0.9798037575998466
0.9883116625386175,0.979805431303757
0.9884548217859646,0.979783079856865
0.9885028322643946,0.9797829886609725
0.9879533437337056,0.9793737831445242
0.9877646078218996,0.9786723949477953
0.9883008600872116,0.9771814008114263
0.988914078822446,0.9758643791690161
0.9889667967234363,0.9744767502312353
0.9890666564999967,0.9731515093853841
0.9890813205734204,0.9721353839431293
0.9891796222024999,0.9714272382368991
0.9891723363025774,0.9713759767985721
0.9890967564552667,0.9732091032037173
0.9889855279450429,0.9745267099700479
0.9889851058248964,0.9747064258056328
0.9889642273828843,0.9747170603510471
0.9889976833797776,0.9747015806653654
0.989193399449072,0.9745465418750996
0.9892291155814692,0.9743990848363364
0.9892098562864845,0.9742553964760887
0.989165221976845,0.9739533408075818
0.9891333702971947,0.9737163287172215
0.9891186251047137,0.9736043648204502
0.9891381567460447,0.9735434808726269
0.989124361574254,0.9735014097698246
0.989116922377844,0.9734957284993424
0.9886312477039981,0.9733192482830728
0.988017901018752,0.9725700509336281
0.987475812017732,0.9712434373421384
0.9868606230663778,0.9686096699151292
0.9865256917451986,0.9645618088598016
0.9860404644232525,0.960417942295734
0.9859604715214954,0.9562707416532519
0.9859706463530953,0.9547215813460808
0.9859389153523783,0.9538354487559626
0.9862024551420796,0.9535160215606131
0.9862465072606659,0.9573639686605109
0.9856964342090027,0.9601672180630444
0.9850880589716211,0.960569032714787
0.9842329689881502,0.9606625541897386
0.9830058271768098,0.9614950349260548
0.9823367675851158,0.9617778497281613
0.9819033755313638,0.9619431961513472
0.981510654881304,0.9618945084067771
0.981063154064378,0.961810584062885
0.9806545626481837,0.9618903229562217
0.9801760014576834,0.9618409347979824
0.9795377378268677,0.9618493758698092
0.9793239916137679,0.9621267306743194
0.9791434856774113,0.9622713416204427
0.9786547989690009,0.961794280518853
0.9799933315076426,0.9598516131692378
0.9812575966034909,0.9580742935495001
0.9828109036569097,0.9540844837262696
0.984698212637521,0.950239178792566
0.9858426913778571,0.9463801157687506
0.986443447100145,0.9423477466962195
0.9868628803090234,0.937767250290019
0.9874842190185675,0.9361089161804341
0.9882477431772948,0.9359417505097374
0.9883213035736752,0.9359697624096062
0.9882965295761437,0.9359297726287241
0.9886035192028344,0.9359038730451961
0.9885955774963855,0.9358583280635793
0.9887060435713415,0.9359848461740494
0.9887106327710573,0.9364272785450698
0.9887681198451,0.93683290528434
0.9889380338376078,0.9371876748076557
0.9892245075625135,0.9380294991832178
0.9894432912619142,0.9388598736655174
0.9895783960167523,0.9393091397915424
0.9897001397486798,0.9396111919838033
0.989745937849772,0.9398975782927879
0.9897087404196034,0.940140669642417
0.9895567586720289,0.9401650789881115
0.9894033251216359,0.9400857766257413
0.9892671012652079,0.9400475855654911
0.9890729511007114,0.9414567503063103
0.9889781058832197,0.9424770028249061
0.9888815762025676,0.9459281727174581
0.9888617793372975,0.949938513854937
0.988863202502958,0.9511506236134455
0.9887560592015063,0.951283566786574
0.988595617571289,0.9510927321928571
0.9884047776967626,0.9509959158843493
0.9881294461201671,0.9509131194381093
0.9879093298457673,0.9509065351317043
0.9877594125347768,0.9507786489310479
0.9880016055727978,0.9508108207218077
0.9878702560486147,0.9509477476241883
0.9876757884077152,0.9510968723451902
0.9876245026747742,0.9511402715661099
0.9874341461382949,0.9513482805324535
0.9873776193553765,0.9513221983395452
0.9873554438633951,0.9510711206110514
0.9874465581562546,0.9505550623087067
0.9874441297121908,0.9499932629914692
0.9874416659403253,0.9485884933942075
0.9874951309314804,0.948886700685581
0.9875117742459765,0.9508248747347159
0.9874115168750497,0.9532177384190805
0.9875056587441382,0.9586003490042764
0.9877071590116726,0.9638475185832915
0.9882574769379281,0.9691736525142947
0.9885840056140585,0.9744259283739771
0.9886411704616808,0.9795975592726425
0.9883760599990168,0.9813646141195205
0.9883544536742319,0.981415252241181
0.9883342392096192,0.9813930404478792
0.9883068397060171,0.9814009201249113
0.9883307836841931,0.9814087287200375
0.9883546649202919,0.9814214780258839
0.9883468843212063,0.981354456145368
0.9883791977628662,0.981485867542272
0.9884121625939764,0.9816626754530589
0.9885404864629128,0.9817940551252757
0.9887006551449988,0.9819048273895723
0.9889232153544012,0.9819816776349938
0.9890099662743754,0.9820920964630966
0.9890698605970591,0.9820610596119825
0.9890471856846594,0.9819670273306075
0.9889265676590142,0.981929284621577
0.9887110467624556,0.9820692617480125
0.9886722615804835,0.9826383213016295
0.9887252743498409,0.9835938468535683
0.988862050921665,0.9842931155248873
0.9889268975370813,0.9868560357942914
0.9889825434212973,0.9874431391057148
0.9889447685610853,0.9877394152341807
0.9888953209737864,0.9877694763952922
0.9889440547435051,0.9883836648566788
0.989049369387339,0.988260918717825
0.9891983841291669,0.9863358842866714
0.9893715803899601,0.985804945898854
0.9893935172618858,0.9854474954702717
0.9889950729680264,0.9854166359210236
0.9885844873484801,0.9854221328968805
0.9884684940328821,0.9854786133972624
0.9883171255300767,0.9854757369840828
0.988156332457865,0.9854726421551585
0.9881360188244532,0.9854678922106503
0.9879193491901375,0.9854297473018321
0.9877753946410311,0.9854123222684393
0.9876492248049616,0.985367246838446
0.9873825974906419,0.9853873050279016
0.9873636554848821,0.9858838119630159
0.9874010136404588,0.985899838883938
0.9873320550154507,0.9856109356107037
0.9850523493144585,0.9846081528136872
0.9826088345219225,0.9829759263384494
0.9805959708493868,0.9814277953214914
0.9788556273375788,0.9796544502304472
0.9783934600117443,0.9778431143941752
0.9783691635789058,0.9760567883943105
0.977735883416532,0.9753362342438866
0.9776895223355546,0.9753764568949459
0.9776888891407085,0.9747893054746826
0.9776561871921996,0.9743384520125076
0.9776590630329327,0.9741984533776197
0.9776983354270421,0.9741757040366099
0.9777754236927851,0.97411811956999
0.9778061114359488,0.9740259730860572
0.9778939016972545,0.9740654350125585
0.9779038706111173,0.9740728918194499
0.9778620488040026,0.9740066531032023
0.977840977458126,0.9737180458808385
0.9779017683646831,0.9735170584376862
0.9780370760668307,0.9733368376128135
0.9782566904813658,0.9732388865829193
0.9786050806279083,0.9728521245382523
0.9791514934537042,0.9727839048683508
0.979443768935131,0.9729271252213826
0.9795857784215498,0.973530522111028
0.9797802059560455,0.9745225004148048
0.979922542239656,0.9756921710919003
0.9799941880104592,0.976944435974216
0.9799998030446997,0.9780963364811501
0.9799264195843637,0.9787731070868819
0.9799666637654165,0.9788510860416211
0.9799381200433022,0.9788835321309495
0.9788999677565837,0.9801306298732373
0.9793593868357393,0.9805065618260762
0.9800065516096981,0.9804959574453453
0.9811654838253809,0.9804797989194027
0.9824336687526891,0.9797936581372315
0.9833632015798697,0.9795127022273473
0.9842262904085624,0.9781318155965717
0.9849894643358144,0.9768752277068191
0.9855468795521907,0.9758404616276684
0.9860937323743215,0.9743938706246476
0.9867268781602865,0.973085132774865
0.9873726038553027,0.9715095419419338
0.9880788646029699,0.9707873791477186
0.9883588514288701,0.970421193456687
0.9884520448201312,0.9705059050717129
0.9877978442971496,0.9699859602312586
0.9873193389633181,0.9698480002402584
0.9869683406259264,0.9699300914625031
0.9866968136443033,0.9695273577804555
0.9867549683286001,0.9692552534664162
0.9862163784879293,0.969338156357411
0.9861272121040024,0.9693858879658688
0.9856386985720311,0.9693596807502411
0.9855455557003452,0.9693813295250255
0.9855433954790758,0.968922877927165
0.9856002564001833,0.9688508471025568
0.9856180407518191,0.9687108292722968
0.9856241600527281,0.9687046816414211
0.9855422985923026,0.9679708082943039
0.9855105826433789,0.9676510218523275
0.9855932853099783,0.9672553980175582
0.9856415385906453,0.966796182257211
0.9856319554123182,0.9656803636400424
0.9856472979404838,0.9640636074621745
0.9856467981062346,0.9626542781169087
0.9856528485861915,0.9618861252808282
0.9856627435637748,0.9618087161430433
0.9856206331805435,0.9616622515166864
0.9855308008816115,0.9617491725212252
0.9855309568652428,0.9594641332463405
0.9855616135526952,0.9576929568032957
0.9853494215642976,0.9557972519243535
0.985366817500566,0.9542722596062168
0.9852618160497147,0.9525564129586923
0.9852309436093796,0.9503502093539111
0.9850190676209101,0.9485059201290849
0.9850059756708542,0.9470493942766793
0.9847953255731869,0.9471312134712921
0.9852326930060014,0.9460778349692964
0.9847990629383082,0.9457750317697108
0.9841021032093107,0.9454342131919085
0.9837928113537955,0.9453873555471417
0.9835804477960813,0.9451038385896225
0.9833273716407877,0.9452070319138781
0.9824575501248725,0.9455643749292362
0.9817311584031576,0.9459508752186838
0.9814390728658604,0.9461395762264468
0.98126908019187,0.9460927877682943
0.9811875207677744,0.946236480651943
0.9810544140852966,0.9464463690236573
0.9808673273584496,0.9466012476197758
0.9805987114327586,0.9464289497722975
0.980516533323901,0.9464767922170749
0.9812064583508737,0.9482200304034567
0.9820098297106257,0.9503908028023769
0.9826097192810002,0.9519006355156563
0.9827998674851804,0.9534458280879557
0.9826835004116685,0.9550761811572342
0.9828277830046748,0.956934959335931
0.9824343986293087,0.959266560111548
0.9825828594615178,0.9610319842682638
0.9820955096124435,0.9607800479711037
0.9820737892846498,0.9596701487813291
0.9821740666508694,0.9596732426634131
0.9821026525889176,0.9593254480283933
0.9820349479625244,0.9593830086830217
0.9820350637088404,0.9591851816677373
0.9820134999989134,0.9591447175217923
0.9819489182682385,0.9591323058598775
0.9819646548215437,0.9592055464782887
0.9819826643197197,0.9592934397294148
0.9819731350465024,0.9595937269435566
0.9819694826969424,0.9598764692588064
0.9819492221845263,0.9598252715777509
0.9819012146292396,0.9551688316716935
0.9817649285763312,0.9525468812886289
0.9817525789501219,0.9529767769125466
0.9816844959566752,0.9558224834799417
0.9816731918032273,0.9570473737248307
0.9817283781774597,0.9582939263383548
0.9817794193834748,0.9585639238804531
0.9818346343605926,0.9589021606735146
0.9810172794362781,0.9595099751446836
0.9805464866242073,0.9598644953526353
0.9805318114145669,0.9611595951185219
0.980186726436398,0.9615792005807908
0.9801707465886227,0.9559664774887815
0.9802751062656958,0.9544480774287221
0.9806421033841775,0.9541927835784605
0.9808162106179086,0.9540935943322715
0.9810115724391838,0.9541126583809099
0.9812012221987223,0.9542134453022315
0.9818632388476287,0.9542811866651509
0.9824659528805583,0.9543314472763349
0.982613918718988,0.9543105461878476
0.9827399461282753,0.954289524657727
0.9828229524233689,0.9542703354652868
0.9829574457621165,0.9542440837793704
0.9830749597653625,0.9542790170078344
0.983423452042159,0.9542627734432361
0.9835764467708593,0.9539211456933033
0.9835094059725862,0.9527918055914026
0.983252721227774,0.9506472442320116
0.9834822694406639,0.9492298407654627
0.9837953314845325,0.948181968287242
0.9840024810440253,0.9469244106997103
0.9844448646536605,0.9451260124283324
0.9847852834061606,0.9428320592719299
0.9852542207931103,0.9410602180892079
0.9856294702490451,0.9405971625563752
0.9856424244313575,0.9407159990655207
0.9856209627348154,0.9407892521686227
0.9855656953393033,0.9407833549780944
0.9855766848195873,0.9407245126140659
0.9856263263973442,0.940678145403695
0.9857414057115929,0.9405870060486746
0.9857718413984587,0.940425566467314
0.9858311657337,0.9403016041476775
0.9859093200936149,0.9401630725821561
0.9859996816081383,0.9400244209876589
0.9861302875820892,0.9398954198901195
0.9862738873945056,0.9398097456918209
0.9864012891475351,0.9424113203482707
0.9866012167100208,0.9446379077682799
0.986691488821505,0.9445999182488579
0.986712098591564,0.9445969408006705
0.9867177682540671,0.9444949372226299
0.986670512937194,0.9435444336787249
0.9866022168791874,0.9431166915319456
0.9863375411877131,0.9428599652383202
0.9871141569458859,0.9427848397129315
0.9881426389048316,0.9427507695153874
0.9881583179478057,0.9419041557797194
0.9888655673918416,0.9415430639248865
0.9887370709382479,0.9477976725420891
0.9885121699879719,0.9504679867676469
0.9882266900967589,0.9513327843973034
0.9881322471325955,0.9520412813141197
0.9880919347570465,0.951956238524261
0.9880566334057819,0.9520144168163177
0.987838550880092,0.9520680114161666
0.987594646190334,0.9522305606614601
0.9875399799642604,0.9525341277871007
0.9875160975897689,0.9528659203334586
0.9875070994268091,0.9530236507245388
0.9875086699624539,0.9529443668065498
0.9875011999198464,0.9529518169435056
0.9874004941737966,0.953000857050412
0.987344035749403,0.9529293457905874
0.988174971630909,0.9534082789579559
0.9886566927580782,0.9537511291168186
0.9882344833804357,0.9545973319765562
0.9875838412118874,0.9546148502860408
0.9875233237664682,0.9547361382375394
0.9877598024323498,0.954871537888409
0.9877682919499842,0.9557092270797916
0.9877794972372669,0.9567597789027631
0.9877781589824901,0.9567545574425039
0.9877746412532721,0.9571929789121117
0.9877641458069677,0.9575991711167129
0.9876121724281599,0.9577859860045761
0.9876774842321028,0.9577741468246075
0.9877556205440098,0.9579575931261135
0.9878282338255109,0.9580990405307818
0.9872197476445047,0.9580429712685685
0.9871173816097432,0.9578993267260429
0.9867138704643663,0.957121118502072
0.9862229985930813,0.9560464093229377
0.9854640537419506,0.9557807041631535
0.9846469437711882,0.9547994031137644
0.9840464317396791,0.9548672819036789
0.9839250056891828,0.9547897464708179
0.9842573430612485,0.9531523598744389
0.9846400693073332,0.9498180400638849
0.9849478125075749,0.9454391848809784
0.9853976284214105,0.9424173500568059
0.9853572122628402,0.9398043683766333
0.9853233076500642,0.9370024241223378
0.9854537283593663,0.9343306084138067
0.9854888010416076,0.9319271153134914
0.9854673175302902,0.9303712698313604
0.9856245681769061,0.9295693169869015
0.9859521809763344,0.9294787319263437
0.986241249887577,0.9294800193125179
0.9862990814809033,0.9294249968553322
0.9862729582347111,0.9295094691001466
0.9863882611673991,0.928890261501806
0.9865158749488279,0.9289076242906624
0.9869175532337809,0.9286971905965622
0.9873691956031275,0.9285442132931732
0.9874963605302379,0.9285504301568723
0.9874785589031911,0.9286311703389293
0.9874961756312943,0.9287002521502946
0.9874930858056766,0.9291003030132666
0.9875745783164769,0.9292865744181831
0.9875774192539342,0.9290822089935801
0.9875269094759231,0.9271659802337955
0.9875468536402812,0.9240811109073745
0.9879019044783817,0.9238981874895382
0.9884709309302853,0.9228259668644185
0.9891774625594069,0.9227311985875639
0.9894230817868532,0.9225094382517725
0.9889047853314982,0.9220320644862667
0.988837055190094,0.920754346014404
0.9887616588689021,0.9190744209822108
0.988886096886176,0.9184488010900955
0.9890556968581596,0.9183157330766643
0.989142336647193,0.9184312475625895
0.9890911256937205,0.9184901265897276
0.989152979771572,0.9184651448154584
0.9890682275188455,0.9187854102881936
0.9889166831066025,0.9188551136234183
0.9890716076668968,0.9183601332762334
0.9890383276284438,0.9183603585936697
0.9891550829356263,0.9204373079391558
0.9894325649234705,0.9239110630895386
0.989966880495563,0.9258781932797291
0.9905681976722382,0.9292101479652284
0.9910360890374552,0.9295848286076089
0.9909324155121768,0.9297191132546687
0.9903659323435747,0.9310007983952107
0.9897572426774428,0.9338654462524123
0.989146977949742,0.9398352003555032
0.9885331370268453,0.9447733722203921
0.988266649188412,0.9491433302593455
0.9884255937582062,0.9537646682232395
0.9884113815523142,0.9580322108438579
0.9884282906418649,0.9627732975262756
0.988340909758989,0.964988621085765
0.9877851279078954,0.9641270917560003
0.9872767313563375,0.9629792257654319
0.9868967980072996,0.9625919851871638
0.9869520324383085,0.9628604982454152
0.9867261021910194,0.9633255427387295
0.9864740464543937,0.9658231121217014
0.9859534701719346,0.9655902699254382
0.9856314653669018,0.9651897671692606
0.9854074343538193,0.9652403301311052
0.9852950506789391,0.965328266911373
0.9852881330113236,0.9646730181293673
0.9852596527736495,0.9643038246626133
0.9852190756827339,0.9645199662220765
0.9852212155912525,0.9645108355433798
0.9852130895026199,0.9645999815559978
0.9850955653407263,0.9657390148720844
0.9849961797129756,0.9669458821647356
0.9852686062068897,0.9658263309111901
0.9860925830376638,0.9644687228071862
0.9865832156347605,0.9613466790821343
0.9872922899259757,0.9589662554343057
0.9882302137361909,0.9568549972687158
0.9887586246973841,0.956867804572289
0.9890913471225715,0.9571261131910174
0.9890597858805068,0.9571722831251083
0.9890330621801084,0.9572423522089546
0.98884229002633,0.9573034316031149
0.9889988229515214,0.9575186953661561
0.9890177348585891,0.9574989225606302
0.9890139902100776,0.9577173156844239
0.9890118630490884,0.9572858148995581
0.9888495213021979,0.9573724110626385
0.9887641082923233,0.9574590045967943
0.9887583941144368,0.9577403867100724
0.9887782677378447,0.9576619478796031
0.9887374648865211,0.9576529411163115
0.9887120915907143,0.9578193616865098
0.9887769648121773,0.9577601831194832
0.9888908378935448,0.9577837851002539
0.9891157914316893,0.9557632836298162
0.9892320113729693,0.9530452762423682
0.9895309766512151,0.9480290177898594
0.9899985556273578,0.9430424825134851
0.9902565683287263,0.9385728554479784
0.9898515693083016,0.9337796821038842
0.9887143234083988,0.9293056719911524
0.9876949883178179,0.9241317988248705
0.9871676698426819,0.921701174060787
0.9870131223872931,0.9229268663124626
0.9874955560008459,0.9247861964833122
0.9882292735597729,0.9268149759024801
0.9884601585123179,0.9289698742296988
0.988529551308091,0.9290498153462157
0.9887229801643598,0.9298943657252248
0.9892851922242041,0.9296268211540992
0.9896138322287327,0.929521601681293
0.9899768981912997,0.9292819218332025
0.9901223881269936,0.9298003217321098
0.9902203460275241,0.9317136070831327
0.9903317009953607,0.9340551295332244
0.9903106985245985,0.9351350353487332
0.9902042269297643,0.93538390362296
0.9904690604692836,0.935517785314405
0.9908467884822478,0.9350090900333541
0.9907935415601915,0.9348397527193677
0.990301119271596,0.9349498136748775
0.9896399567516585,0.9366825212826485
0.9892598904141464,0.9388451857364126
0.9888705969392818,0.9417257837732171
0.98848370213439,0.944650229650864
0.988258694479094,0.9450602587267125
0.9879677198183292,0.9456822753497753
0.9879120390893092,0.9456897917278833
0.9878980943895528,0.9455426888843583
0.9878993952479098,0.945534729716348
0.9879172879717838,0.945577024511794
0.9879022241022819,0.9455949820947022
0.988049843095786,0.9449923946497929
0.9881757211868911,0.9451544438017216
0.9882256234463975,0.9454964843443718
0.9882884220245158,0.9458202627469163
0.9882583782668375,0.9461606590070734
0.9881426178033876,0.9465922010967998
0.9880885175045763,0.9465696217435966
0.9880723085686092,0.9471087039572554
0.9881553259650755,0.9463084098845871
0.98837450394678,0.9453980600833168
0.9888894355795612,0.9332346612066371
0.9896061910558289,0.9144804709621865
0.9900678130446122,0.9082006277550265
0.9903433298805016,0.9077587249602193
0.9903318095000009,0.9115353941720671
0.9889401873182755,0.9152584060020132
0.9890646647165356,0.9188297699137606
0.9889257925132802,0.9226329458079179
0.9890549584849907,0.9234969962258783
0.9890308810768496,0.9233796763274595
0.9887918331441151,0.9221488189404062
0.9888327148740785,0.9225285465386598
0.9894723856107761,0.9232601106422995
0.9901608788724492,0.924871243300292
0.9905810985627537,0.9262213973380863
0.9907781824967988,0.9273105170291793
0.9909906318041828,0.9287489219233834
0.9910287416386268,0.9299370431022138
0.9910713892270115,0.9307048455879008
0.9911484307528612,0.9312123200217877
0.9912932481850664,0.9317982531186609
0.9915066718121411,0.9325206823688424
0.9917809512678633,0.9330187367276794
0.9917966666635072,0.9337755142313471
0.9917993194778452,0.9354616398560354
0.9917981280265298,0.9369282740373363
0.9919493469023704,0.9379292880958616
0.992171107723963,0.9389430005671413
0.9921962802955007,0.940945856816319
0.9922075253377458,0.9419978006570642
0.9922290171930841,0.9431581327739564
0.992190212346443,0.9440818858074608
0.9921624109307738,0.9446964972196583
0.9921581925886552,0.9453653632812213
0.9921227274533724,0.9458519126470393
0.9921204741984391,0.9464634299861898
0.9920806719440896,0.9475556748308775
0.9921338601716321,0.9482079044246036
0.9921695392514958,0.9485565023027538
0.9922275046765416,0.9502920609782901
0.9921660132687602,0.9511547267082543
0.9921545406634779,0.9519917182977784
0.9923172770087716,0.953264464680246
0.9926355439022557,0.9538459947762337
0.9929118746364332,0.9541750548309492
0.993097980372132,0.9546492153811186
0.9931863382662305,0.954161388712324
0.9930543529028459,0.9535415864109872
0.9927269391879148,0.9516285064484638
0.9921213103214273,0.9508481069240124
0.9918590266186782,0.949539136170334
0.991410586053715,0.9475919049984136
0.9913813122592448,0.9441190828101058
0.992641398521575,0.9415496439972731
0.9926766206673118,0.9394722902500652
0.992816272744742,0.9377697492328378
0.9928829918842698,0.940310181979205
0.9931417582515432,0.9432681639531842
0.9934202568449852,0.9497553502432274
0.9931268624275266,0.9538686748349099
0.992220509018053,0.9587323674002962
0.9916099514484814,0.9606498945028326
0.9911597465030721,0.9617586657343258
0.9910146532229176,0.9616910429058911
0.9905387601873894,0.9619684055834811
0.9901896414785141,0.9622225307221962
0.9900156641199369,0.962490915766111
0.989939086696214,0.9625775596146702
0.9898822467126931,0.9627732479766278
0.9898344592115123,0.96297811433324
0.9897453315764135,0.9629274326252658
0.989570650354713,0.9630594622114336
0.9895864552074388,0.9630386095616048
0.9895741474786661,0.9621798547872823
0.9892694745856463,0.9609929390558412
0.9890486228070574,0.9589204429609605
0.9890184138621712,0.954535138197218
0.988872868655331,0.9500531245149417
0.9888411145967094,0.9482570141712422
0.9887561512433632,0.9478831768940595
0.9887865672537491,0.9476737240736566
0.9885068247507616,0.9477006409331173
0.9882927062727507,0.9469787410626742
0.9882865051414419,0.9462744966880546
0.9883177181530471,0.9458738240997633
0.9882728986277984,0.9456988575533383
0.988143829329868,0.9462334332871223
0.9878572493613277,0.9471241830488428
0.9879705867545683,0.9474873434039375
0.987828992935294,0.9478248945307515
0.987527076278131,0.9482853166915947
0.9874896767488586,0.9488288204376523
0.9875371610762538,0.9493080757898072
0.9875901453799173,0.9497099353474057
0.9876617625007955,0.9493453474705309
0.9876408694247067,0.9434365909026553
0.9877882677659224,0.932349895706134
0.9883053671253426,0.9267623003187941
0.9884622597790023,0.9237115133054699
0.9887709902029209,0.9225371421600277
0.9887709835370116,0.9227570510615896
0.9888099479795575,0.9233832441511178
0.9885847688558554,0.9246273203045018
0.9873769237688725,0.9262424557744804
0.9804548997793731,0.9265324086235717
0.9573095137718461,0.9263929523563872
0.9421740435530265,0.9257077195600498
0.9428482029435528,0.9253220411785786
0.9447750480596029,0.9252303911153397
0.9465711211520635,0.9257104611748954
0.947784756732647,0.9254602269409232
0.9486707974516326,0.9251230381283237
0.9497419583377242,0.925605473535195
0.9507086276781802,0.9267443058848004
0.9514691285352492,0.9276869501930924
0.9519852219121178,0.9283646182900096
0.9525528884820555,0.9290170861063907
0.9532147891653285,0.9299556022733406
0.9540166458628334,0.9307048679415945
0.9549837541487896,0.9318038487645843
0.9553675170780561,0.9327046388434138
0.9491895950223987,0.9350571952328419
0.9426486038986055,0.9383051918904299
0.9377758591226253,0.9420434684537856
0.9352713252560161,0.9468301973321773
0.9353817940375064,0.95236854709443
0.9356303884370905,0.9557213147735861
0.9364172726215471,0.9585206054293032
0.9373151372292834,0.9604717523242268
0.9378934328557911,0.9618263814202231
0.937949348079832,0.9623111530150681
0.9380790327337116,0.9628662489175914
0.9373665640401458,0.9634721388718755
0.9370250677833281,0.9644438080516198
0.9376299436453022,0.9651277557423397
0.9387488591918967,0.966275226482985
0.9391149865016333,0.9669409626697101
0.9399402812800906,0.9678346580211141
0.9410603497799255,0.9689268882128543
0.9419924243102564,0.9699565711409921
0.94266208038534,0.9710014825590703
0.9435871154991455,0.9718537528110973
0.9442095290002535,0.9721656667309391
0.9451195454283272,0.9714057484391572
0.9459542127607539,0.9705291978051076
0.9463098038975133,0.9673110455063594
0.9462426147982963,0.9632609711742111
0.9459987037685924,0.9591638357180325
0.9452985224409522,0.9546871361766232
0.9445827337931926,0.9505204947426303
0.9439002896220281,0.9465367427087106
0.9426384508594168,0.9425221303044922
0.9408922329509855,0.9394106706689593
0.9426291190477232,0.9376947419941528
0.9451620759999697,0.9375385753550374
0.9421397987040415,0.9376334335904088
0.9391754013211331,0.9379474955955106
0.9368448484615741,0.9382655748419781
0.9349495274223076,0.9399346157576832
0.9332616706084524,0.9421843129887852
0.9316825082746332,0.9436464844350134
0.9301958136252674,0.9432821446167838
0.9285296084346635,0.9431390769999093
0.9268212103727722,0.9429979521744936
0.9248885172961878,0.9428419483407464
0.9229283414407417,0.9428369212487082
0.921149267179189,0.9443646952164935
0.9191857651386312,0.9458889876907626
0.9165182726059754,0.9453301758192485
0.919970181696596,0.9439024866044858
0.9278068900147389,0.9403409807824581
0.9390497199416963,0.9366119387253515
0.9516200479839436,0.9309888436886117
0.9590010664006345,0.9259128127472742
0.9687328489455432,0.9220899101983646
0.9765386014679991,0.9181761027753021
0.9791485600782802,0.9197664238398631
0.9801345885886076,0.9223337877007429
0.9803371990442462,0.9272781715528715
0.9803000640560222,0.9332999403709468
0.9803650074927301,0.9417089907798499
0.9808449576392124,0.9433031094071784
0.9807238465835391,0.9441245112778733
0.9807303362754574,0.944971153374149
0.9808447952257578,0.9450330761741916
0.9809309041257297,0.9450820191494913
0.9810512799957145,0.9453985369535829
0.9811425013300089,0.9457892855157586
0.9812629775170101,0.9463501507170804
0.9815913159012066,0.94710073443825
0.9819995735952973,0.9477303828923387
0.9822315718469605,0.9480232609589339
0.9823452578412648,0.9478656883983669
0.9821698761559163,0.9491563684720393
0.9822047393173978,0.951826420356979
0.9822645270995591,0.9545815574942291
0.9823633182577712,0.9580663102333331
0.9823668915780487,0.961057984142004
0.9823117226079449,0.9638017368554672
0.9823107133713149,0.9666823939861005
0.9822565869646309,0.9682236162359151
0.9821655684874186,0.9684691270073582
0.9817759146460432,0.9686220156125398
0.9820417640386891,0.9688939778780417
0.9824645755957637,0.9690727610311358
0.9823609147854034,0.9688695950690851
0.9821711410037283,0.969309013614226
0.9815814244451747,0.9688587759681158
0.9811812022349545,0.9686092125038771
0.9807491792605342,0.9681467809077653
0.9805039597175189,0.9685702549220762
0.980387883159177,0.9694132084923691
0.9805002552865762,0.9701072443574988
0.9805302710200842,0.9712420274710416
0.9804439243509513,0.9720351600224643
0.9804663081265308,0.9716816996334381
0.9803766910016256,0.968290770145655
0.9801962716666346,0.9627418302582231
0.9805989345527184,0.9592756776935132
0.9811488366163204,0.9559777508334242
0.9816436906709414,0.9555952950115363
0.982176614092221,0.9537426446256955
0.9828058837017148,0.9504547714701981
0.9834022745243095,0.9470996798162377
0.9840328303426568,0.9426061558105294
0.9847040419303053,0.9413545428915523
0.9849676862001497,0.9419690855413172
0.9850317444534136,0.9419270276818485
0.9851911705659742,0.9427245615901142
0.9852095641273211,0.942987250868806
0.9857204489961904,0.9446515008879125
0.9858861570525037,0.945231256451327
0.9859449590644077,0.9450630606666284
0.9860189185018516,0.944922165540699
0.9861452644143286,0.9449241830335007
0.9863564973549311,0.9451082289972252
0.9865161149852436,0.9452688935431592
0.986608120538522,0.9454808291656189
0.9866811635642649,0.945642544132182
0.9868071971141787,0.9458901690444328
0.9868390538432836,0.9457218708339561
0.9867393909134937,0.9451740539781406
0.9862018573295065,0.9436038836628504
0.9856767267157266,0.9426585091708874
0.9851936181986982,0.9404567382245231
0.985154990980136,0.9394962627562682
0.9851646940817955,0.9394668200731136
0.9852563803298611,0.9397084350788942
0.9853045781755281,0.9401419095839924
0.9853402827484448,0.9404157939070025
0.9854091415013891,0.938386033438328
0.985669105078508,0.9372449798793407
0.9860149281273547,0.9355952391922986
0.9866679638830848,0.9353359764924658
0.9871233380388647,0.934663624492081
0.9880710334055938,0.9344435831844107
0.9890791032936832,0.9344443815506677
0.9899996226413703,0.9344262719005201
0.9907214002697917,0.9342866623831926
0.9912317171243383,0.9340060934419236
0.9916458027202306,0.9336909855461066
0.9920573545882525,0.9335166245913666
0.992262263098441,0.9334291120846495
0.9925105319844783,0.934560864593404
0.9930000595962054,0.9379509979811047
0.9926633361200368,0.9436851643532528
0.9924017370496936,0.949355842623807
0.9922194566320258,0.954478229390572
0.9921493323245547,0.958026359824141
0.9920455690949953,0.9624463181312553
0.9919753604791106,0.9671387746493589
0.9918464905832103,0.9719024893013877
0.9916699354682625,0.9758821271710016
0.9913942128074515,0.9766282462118949
0.9913982537214502,0.9756111802386006
0.9913411499428327,0.974854946624315
0.9913355982664156,0.9741980146190469
0.9910933537938684,0.974082423707316
0.9910068894560365,0.9739695573343438
0.9910764751652354,0.9742415435388168
0.9911485768189474,0.974723806654144
0.9912399252169486,0.975219161810613
0.9913058027163584,0.9754890636259881
0.9913503708737006,0.9754123046271248
0.9913657349662708,0.9754424697182162
0.9914023392384461,0.975481765105373
0.9913735216694914,0.9754562355221909
0.9912841771068792,0.9754301563135657
0.9912307641233635,0.9749288632011146
0.9912823295551125,0.9746555473384451
0.9916264674546029,0.9746302805088842
0.9921751945855624,0.9740534155430107
0.9929155857560944,0.9740763135197387
0.9926949825078096,0.9737855673761378
0.9917957416860494,0.9731306755186052
0.9880393799294256,0.9726470724380731
0.9875346788685535,0.9721453894943962
0.9846638103404239,0.9720857192102861
0.9848342959439731,0.9729563470212564
0.9850572374977177,0.9736209711516783
0.9850906848998361,0.9743349910455021
0.9852974562558384,0.974345888186399
0.9851561466204026,0.9742860450049753
0.98499502717644,0.9742933841495538
0.9841407432063133,0.9742121585689915
0.9833249579567976,0.974128655248762
0.9824832316286561,0.9741114163752276
0.9816688087349982,0.9742380049711292
0.9804807488048026,0.9744169406314508
0.9796467090659203,0.9747265466638899
0.9786726800256692,0.9750677791620881
0.9780129857698849,0.9753102074403253
0.9779351500160378,0.975381085997026
0.9778750599856779,0.9753458525239705
0.9753336538096905,0.9753670441086342
0.9728628436081125,0.9758727953637436
0.9706645508448905,0.9778814550378587
0.9688247584454963,0.9790248017088719
0.9685408583693871,0.9798716881536569
0.9684922749484903,0.9805585704305886
0.9682393493549022,0.9805758866423819
0.9682240657197593,0.9805816931060768
0.9683803976248297,0.9813932286153583
0.968747003343795,0.9821454294267107
0.9691382246942319,0.9829354618029598
0.9697742592595812,0.9822523565896556
0.9704077415843047,0.982483570910214
0.9708055672465412,0.9827222839164864
0.9710670533437495,0.9820122273418039
0.9711911595657959,0.9818154562273698
0.971329398858326,0.9818864966211196
0.9714943002884953,0.9820618430014441
0.971759823198419,0.9821460609097582
0.9720019300023742,0.9823192186589839
0.9722801978128954,0.9820930105695915
0.9725963988438201,0.9819231849751624
0.9729018198955732,0.9826530204120691
0.9730553615429705,0.9829169625968313
0.9734278471077736,0.9799504086044251
0.9737928006592407,0.9765506180548437
0.9739389789289773,0.9737757059669374
0.9739372168238435,0.9703378192609143
0.9734543359423815,0.966449828934715
0.9733538900864238,0.9623374538464697
0.9720080478717592,0.9618896193031137
0.9717858132453978,0.9619131090795728
0.9706875198899427,0.9609714997112051
0.9710427436783686,0.9609059789429509
0.9715625941065548,0.9608822276402653
0.9719434020651667,0.9608150969051407
0.9725899268673628,0.9606093060840202
0.9731141789090629,0.9603712802455138
0.9740284231730785,0.9602181518412141
0.9749702841469968,0.9599956151386918
0.9760859030125153,0.9597959383292067
0.977281117371858,0.9594671008517511
0.9788498381450976,0.9588966822253295
0.9800986132516509,0.9582554329372405
0.9814147318179616,0.9580038124230439
0.9823273171984257,0.9578677312205444
0.9828802092644457,0.9563715387718866
0.9828749107693653,0.950541240660208
0.983362320337397,0.9446138798426629
0.9833585350869603,0.9386222614563164
0.9834673418189745,0.9326593171282728
0.9842439862699575,0.9266304916607688
0.9843004783714833,0.9205083165198744
0.9842702149297705,0.9143248886959614
0.984239753956061,0.911278271883848
0.9841108009382917,0.911348642665819
0.9839941531558207,0.9114304181714512
0.9836217893139239,0.9115251444902275
0.9834563121666602,0.9114781818240345
0.9835852563869298,0.9118225993528817
0.9834520663083013,0.9113720462789087
0.9835257778386197,0.9108570618745013
0.9837306907972017,0.9115242238746986
0.9840607209064047,0.911647987919649
0.9843361506554296,0.9114180288870313
0.9844463926902907,0.9116741226704399
0.9845128824102913,0.9118971610533556
0.9846287829530869,0.9121057999628767
0.9847270647242381,0.9123297495601868
0.9848752510900007,0.9111026134226237
0.9851674995008469,0.9092114795904647
0.9856974394186233,0.9072257831838924
0.9856557042637286,0.907677080554457
0.9857756608044923,0.9109398325973078
0.9859450351533166,0.9119046267397971
0.9859471988231213,0.9128770660625691
0.9861841787098624,0.9138466363357154
0.9871230057173818,0.9143694345325296
0.9883891276542737,0.9116614142376918
0.9898555697908982,0.9111515025134651
0.9914605494447715,0.9120358347242216
0.9911916559597048,0.9121005367455188
0.9901078950517345,0.9120951486923989
0.9889649584611087,0.9121733653726796
0.9884210292655956,0.9126968488355396
0.9878070815133069,0.9132414271712009
0.9873073598732737,0.9134668020276832
0.9868227368433713,0.9141397471620343
0.9863122280094161,0.9148785218669749
0.9858986370033556,0.9156780797522042
0.9855815285637115,0.9170492474763485
0.9854840393040304,0.9183002255740975
0.9851234623306486,0.9167807829205624
0.9853241066238579,0.9152373951483721
0.9853492568466925,0.9165858215251443
0.9851321395575623,0.9225340264190076
0.9856836896135901,0.9280938362072526
0.9764839914194396,0.9332818642252363
0.9687586520349762,0.9372819900473306
0.9676916330448321,0.9415614513234354
0.9674382539546933,0.9470396986789429
0.9674666071770646,0.9522347188947244
0.9674784300491182,0.954648349236514
0.9675291437538797,0.9519331956507238
0.967600612794961,0.9478251987196133
0.9679195656120052,0.9457493027262527
0.9680565341202083,0.9438593611087591
0.9682366195821979,0.942012336248828
0.9682822333193662,0.9404851204802567
0.9683553231768662,0.9406840015737564
0.9683839285079512,0.9407073199749014
0.9684053230224969,0.9407972367123001
0.9684424821648879,0.9409229109337941
0.968441257490749,0.9408663098515544
0.9684301953920911,0.9408933718088935
0.9683781245832115,0.9407572017931343
0.9683408174220558,0.938803451867083
0.968152047472834,0.9402283197382704
0.9678882872317931,0.9415914277100041
0.9675949887116276,0.942565189445054
0.9677272808718792,0.9450920899650019
0.9677463198922175,0.945600439636342
0.96768944813865,0.9453178527610273
0.9676830687380706,0.9477169607478442
0.9677273403444036,0.9501021840325801
0.9678124547221758,0.9504602404086899
0.967873306246231,0.9523414247987552
0.9680057021474618,0.9529060158009424
0.9680656138539967,0.9523294180664669
0.9683232975906838,0.95237351448896
0.9694267548925772,0.9524484289078012
0.9702553980744407,0.9525027020625367
0.9708804904963833,0.9522650602338469
0.9715375280169234,0.9519575973012013
0.9720325690345182,0.9518519366470438
0.9723859163397063,0.9518632234483201
0.972822531205856,0.9519895797208386
0.9731702603640608,0.9517692018277657
0.9733773178421267,0.9518241701417526
0.9732249804102113,0.9516011246370627
0.9733416023860268,0.9518184302856526
0.9734939302033689,0.9516389484814703
0.9735265083879386,0.9496025193625548
0.9735553324478621,0.9449162356792189
0.9731469756072868,0.9398549329214477
0.9625495879701798,0.9351379645139035
0.9536039640254053,0.931563373633526
0.9430523142293659,0.9276595775846317
0.9406788619868691,0.9222559680353364
0.9412614149579,0.9171356583441814
0.9419943148696395,0.9150239254496477
0.9423998583945835,0.915780138793497
0.9424570673327572,0.9179706178105993
0.9424568041354286,0.9193481468862926
0.9423834848788222,0.921186015538124
0.9426470817377675,0.9235442439379236
0.9425815072832606,0.9260840155367275
0.9425753400587,0.9259253729129858
0.9425758800555961,0.9257758595734312
0.9426762701649909,0.9256495590961054
0.9427217084277626,0.9253363600294953
0.9426756915454322,0.9251025715676047
0.9427710850898103,0.924724288589124
0.9430884210664663,0.9243596444459677
0.9435389377153014,0.9277205000626462
0.9439751249274879,0.9278263091596415
0.94458724827794,0.9278009432837058
0.9454219236132202,0.9289071253744736
0.9456101530858025,0.9288923855903178
0.9461158361373814,0.928986476640925
0.9462324181327523,0.9283342667302471
0.9460728385939193,0.928258328355369
0.9456655655672669,0.9283573286929113
0.9452779913577634,0.9313860716818325
0.9447374543185996,0.9321994698992511
0.9442747630177071,0.9322006256549784
0.944096328927363,0.9330318983951158
0.9440452336728162,0.9330293426147223
0.943092587410528,0.9329720209846424
0.942212342881094,0.9328362481976156
0.941481287939127,0.9327930089954243
0.9409165668164428,0.932746475759361
0.9406492501640241,0.9331576746422433
0.9402833075032717,0.9332370491990747
0.9400758579325719,0.9329255152985552
0.9399827276913191,0.9321559790669602
0.9399117282335299,0.931690022021175
0.9398776289478362,0.931163325053594
0.9398810073807429,0.9310424759924399
0.9387265182509403,0.9312691213785818
0.9379131342001665,0.9314897795418111
0.9372939702500165,0.9343272962980473
0.9365185273649561,0.9349261309571034
0.9455296739036294,0.9358055401781051
0.9584759410868804,0.9357757374843964
0.9778014164936129,0.9357474103229498
0.9882533489586698,0.9377155754579716
0.9906348651770445,0.9410792542585362
0.9927637134098621,0.9422834357743122
0.9930746718385546,0.9422852999110594
0.9931394927917858,0.9420538841268287
0.9931222641067534,0.9420179671912279
0.9930805847425339,0.9419364259271109
0.9930850197298715,0.9417177998517177
0.9925156703548151,0.940283435944886
0.9922557274422631,0.9391678765835076
0.9920906520774604,0.9387465959588823
0.9919859756652738,0.9380686716490746
0.9918771285145753,0.9376087410866376
0.9917537525863234,0.9372584452154432
0.9916958196136505,0.9371549909529779
0.9919165978094417,0.9373308136623331
0.9920736917159895,0.9372063828282385
0.992106778206197,0.9326009573588743
0.9921086356863487,0.9278339459475348
0.9918724462509535,0.9223970478816228
0.9914981830200951,0.9185767798997521
0.9909678919808609,0.914757889140986
0.9904498006137421,0.9148208096403003
0.9901696184396072,0.9111726166516612
0.9901368315401512,0.9073162289574689
0.9901553226061972,0.9032952365870375
0.9902478477779642,0.8976558518423842
0.9903299143751463,0.8953135178576903
0.9904757626656394,0.8955948653524705
0.9905298890232181,0.8956838782611318
0.99080313860834,0.8957169428954055
0.9914427251061417,0.8952650699980653
0.9918611485792602,0.8952896870980092
0.9920219774312028,0.894673077634992
0.9922859012192162,0.893686095893492
0.9926073001279996,0.8930695667631717
0.9928482278212822,0.8927517593691356
0.9929836669659797,0.8931037524733951
0.9932513644803115,0.8931645206919556
0.9935707549498474,0.8934973818903725
0.9939051860529168,0.8934365946332457
0.9945250905703626,0.8914616891593652
0.9945905264808574,0.8868910811943707
0.9945518849065844,0.8823171745245892
0.9945764740401631,0.8816044049142676
0.9946177094851189,0.8805313674600691
0.9946710660024577,0.88057216573081
0.9947357549961885,0.8805998891028554
0.994792014822932,0.8782060052128402
0.9947910756156165,0.8740686838850862
0.9948007334488531,0.8678626888065291
0.9947091675424065,0.8668671057200756
0.9945860090710928,0.8664215804420344
0.9940035816448345,0.8663492561784218
0.9936304780761316,0.8663565045641387
0.9934330244858987,0.8662573181666516
0.9943298639665537,0.8683935257413511
0.994536035313144,0.8704476856058014
0.9946879372692923,0.8712306270304637
0.9948400354677387,0.8732653141409349
0.9949561102681741,0.8749578593823224
0.995132812096312,0.8767697540579464
0.9952401415166447,0.8777816219639099
0.9952927055752347,0.8786965391045054
0.9953000719898695,0.8793550528732472
0.9952535713624493,0.8844228761034401
0.9949731588560565,0.889396298176641
0.9945996715949741,0.895183219322292
0.9940459342863979,0.8979203546933712
0.9934683015163939,0.90233332810754
0.9928524245138473,0.902335884330838
0.9921649514777084,0.9064171840636668
0.9917493497550542,0.9091209051752915
0.9908711229257372,0.9134998956996779
0.9899248529162474,0.9198026652465808
0.989098830061921,0.9209518267770873
0.9876848179328892,0.9198140262099619
0.9860844863459068,0.9195333031333593
0.9836194291545157,0.9192814685012558
0.9818957997279243,0.9191531290680339
0.9810030319651226,0.9192229240243603
0.9806485879048619,0.9195666207699479
0.9806173853791751,0.9199701040765405
0.9806871317813265,0.9205847876252558
0.9807421189291262,0.9211801555364676
0.9807870834450734,0.9216147046502057
0.9806106866513973,0.9223667796786106
0.980241465472746,0.9229726111161942
0.9796419313026017,0.9231556217833683
0.9795979799391834,0.9237060090198184
0.9794296672861267,0.9275459218800653
0.9795719771593407,0.927536458849966
0.9799457009098245,0.9275186031560942
0.9802208229245619,0.9274918251577053
0.9803096452932416,0.9274820855731398
0.9803341766246952,0.9274981157606346
0.9804255550929535,0.9274885863754528
0.9804676374922969,0.9285110505813912
0.9804877781171737,0.9334744768334002
0.980413037245124,0.933600673639049
0.9803858224229172,0.9335207443583646
0.9802875988328226,0.9335172600014872
0.9801561727429355,0.9335283162777201
0.9801628490950464,0.9331979565704325
0.9802460878433585,0.9322306956562807
0.9802319983652956,0.932547896315882
0.9804363821053225,0.9327113976999033
0.9804906829288953,0.9327537444346943
0.9804429251197586,0.9328944185103695
0.9804203483750309,0.9331409863741518
0.980445688971516,0.933284162560247
0.9804337890273987,0.9333929943650272
0.9804031122919439,0.9333973483412357
0.9804936714168407,0.9335681517784447
0.9805399406374944,0.9345645977386977
0.9805869355979213,0.9355025016839196
0.9808269318869931,0.9389506409379789
0.9810837542544988,0.9409692929883291
0.9814639917645254,0.9457802008377367
0.9814572053148691,0.947988473740323
0.9812254814584399,0.9514405641004211
0.9812201312078277,0.9533852383369864
0.9814394490369405,0.9535196552751136
0.9817515376369609,0.9534104631208657
0.9825870891919406,0.9537801850648846
0.983768166675422,0.9535260746498783
0.9857994827641365,0.9537297928459976
0.9872475329846193,0.9538010546675506
0.9882849264208904,0.9538848700451326
0.9889363045896178,0.9541011584786048
0.9890997348281632,0.9544054783108118
0.9892061374047263,0.9546605200707327
0.9893804433560631,0.9549208704156602
0.9894761553024047,0.9551657227863586
0.989542180935747,0.9553784326413091
0.9899442061899321,0.9555685651923145
0.9904176092785408,0.9557618059167554
0.9906219634365719,0.9564692451083563
0.9909473020617593,0.9579364073338552
0.9910842084576731,0.9630886765577731
0.9901861181508257,0.9683259165394953
0.9849646395277227,0.9723474784453479
0.968809417856678,0.9775886776617859
0.9659543714869863,0.9827531549744798
0.9639769102067982,0.9878370950607622
0.9639869251944388,0.9921120114638524
0.9640357358530904,0.9922460573907489
0.964150736773917,0.9906824124955214
0.9643718626536544,0.9890728588645878
0.964496466704293,0.9879537262045335
0.9646138336862082,0.987695512903851
0.9648300800840783,0.9876556572502506
0.9649962815355331,0.987868606907962
0.9650105706175824,0.987765939262386
0.965267372795515,0.9878451286124517
0.9654848284701993,0.9881155048041563
0.9656405889675928,0.9882245635363458
0.965811193792798,0.9882786313200785
0.9659622224198757,0.9883525431711377
0.9660241141011893,0.9884459789891951
0.9661215112994446,0.9885918913862106
0.9662035681582701,0.9886846566540776
0.9663453686377277,0.9887688547389277
0.9664751605275035,0.9888520186828132
0.966549136232564,0.9892591116252044
0.9668280141827659,0.9894217926540896
0.9672190682581141,0.990867764130184
0.9673081293534973,0.9912389698887518
0.9673856574419415,0.9914564125731125
0.9674341991705887,0.9918332031207013
0.9675056919002124,0.9918951020565527
0.9674782468983909,0.9915729425981561
0.9675096696247334,0.9907738033351999
0.9669974995804368,0.9899401749746104
0.9670390643718152,0.989170824985489
0.9671042522426997,0.9884018974614053
0.967196437402719,0.9874450435459767
0.9672968385287014,0.9878316833390847
0.967103728133728,0.9880826499506076
0.9670040731088732,0.9877620416963953
0.967302326087505,0.9880734927987533
0.9678146578264483,0.9883784298024203
0.9685547273782653,0.988767010949871
0.9691323714506483,0.9889727933725541
0.9698116704927854,0.9891556561637991
0.9703771405446086,0.9886378116918813
0.9708218916954457,0.9871087080034542
0.970876996740822,0.9822375584444072
0.9709214946968454,0.9767614233348247
0.9706841217442657,0.9713368383433661
0.9706975037747988,0.9658242128790959
0.9704982436090497,0.960292465593206
0.970428642119866,0.954695956150881
0.9703775521250914,0.9490689764817171
0.970415926144464,0.9463033514396528
0.970414076724611,0.9459861958109457
0.9703909056494993,0.9466187011931484
0.9704154466043198,0.9471203363297152
0.9704220647949254,0.9471460084192782
0.9705577071174307,0.9470548595931292
0.9701807809102606,0.9467780844481599
0.9700139436625919,0.9467541519343506
0.969132967291465,0.9469052659177117
0.9688255515635202,0.9467666781792601
0.9687867871684892,0.9465556699476116
0.9688142616949882,0.9462185795045036
0.9689100902152772,0.946012846744635
0.9690821518706187,0.9457394723307111
0.9693483679104149,0.9438929939736289
0.9697395131560254,0.9391629963772439
0.9701625305781764,0.9337127026590961
0.970568217223607,0.9273767372449649
0.9706785724287346,0.9208810773513494
0.9707272877437553,0.9143812466846355
0.9703185311993807,0.9078673714780865
0.970072017415218,0.9012057075963993
0.9698167644776339,0.8944518836498802
0.9696261177205421,0.8876049048536472
0.9695803216015408,0.8806477618638193
0.9694761442093325,0.8774961920641682
0.9694651508296146,0.8785112254416532
0.9697174647201761,0.8799378493965331
0.9700256438626825,0.8818369567268378
0.970494297027477,0.883959197131654
0.9709369784742703,0.886872221808414
0.9714056767441959,0.8868129165836689
0.9725571972514311,0.8865620304843005
0.9736632602106124,0.8868831197544349
0.9740930078179533,0.8865278266115919
0.9741545613388101,0.8868097712293443
0.974157200141272,0.8873648048735834
0.9740494525385548,0.8884224079234007
0.9737461624075998,0.8890054517190835
0.9735411852792817,0.8893365830380662
0.9733812903934711,0.8906954406767896
0.9732813323625767,0.8967492787297942
0.97321068973988,0.9029585338983477
0.973504549689757,0.9093775923840968
0.9808250250230239,0.9139882782288724
0.9813906988419465,0.920279895392287
0.981992601932639,0.9264584201296802
0.9818925183171888,0.932567394574361
0.9819740045859375,0.934883842606362
0.9819534047543553,0.9351460905643048
0.9819378404394122,0.9349823469851606
0.9819343479878943,0.934939895293573
0.9818622638286414,0.935009154306585
0.9819334323824728,0.9352620120019901
0.9820701423007816,0.9357558536094712
0.9823128358864637,0.9364205473355522
0.9830346166802054,0.9366180966271693
0.9835449922617991,0.9370067289178954
0.9836879566424327,0.937272088115277
0.9838477816113059,0.9375084093143261
0.9841556507264262,0.9379256251772029
0.9842862722618763,0.9378585201080525
0.9844769407425242,0.938939598323653
0.9845673085135197,0.9429563666993737
0.9845699489747097,0.9472725887342224
0.9846636637144961,0.9511443272098115
0.9850238031280096,0.9510908603621592
0.9853819326097296,0.9510305706585342
0.985704478376757,0.9509872284686444
0.985848622271273,0.9509388163127666
0.9859669381954136,0.9518856199907592
0.986051790880212,0.9557701209605056
0.9861084993693578,0.9612267650348287
0.9861427408062218,0.9633464229364435
0.9862198023270609,0.963323796516834
0.9861553132315306,0.9633054304195185
0.9856317386479705,0.9632579117418951
0.9851990146590098,0.963224409130583
0.9847093998158071,0.9632285211890963
0.9843280294063532,0.9631081467832101
0.9836353132045224,0.9631844742210899
0.9826991697933651,0.9632041319875808
0.9822441636274484,0.9633301383841866
0.9819410841872466,0.9629883057975596
0.9816318242156972,0.9626507259419246
0.9812863608398552,0.9623048783097912
0.9811061236703361,0.9621025368791596
0.980791059632866,0.9624413724492269
0.9806814760208625,0.9614401560719874
0.9807525310286782,0.9594862348139421
0.9807746894180311,0.9547380936015297
0.9811656415325388,0.9491629057336777
0.979945191260233,0.9451325871876568
0.9792223385882328,0.9415326816809151
0.9786901218675204,0.9396258789989178
0.9787399655207842,0.9377227093409262
0.9787951251497418,0.9371225903489042
0.9788344244636776,0.9371295912603268
0.9788541501973047,0.9371329191611408
0.9788697317940123,0.9370488117913811
0.9787781885061018,0.9369500036872762
0.9787719931401039,0.9366622750906606
0.9785506739310189,0.9362031573059992
0.9783829466591325,0.9358101233924143
0.9782709127201279,0.935738154011378
0.9782180466665147,0.9357184007021615
0.9782094943770304,0.9358053932937237
0.9782706864499078,0.9359269731494746
0.9782431886090348,0.9360429552547592
0.978207306841813,0.936236011600184
0.9781608109077857,0.9363888316686847
0.9779525460701932,0.9368603192500522
0.9777521960969919,0.9374879523673055
0.9775627341090125,0.9393515148765366
0.9772860175515078,0.9451070201659035
0.9771459769783508,0.9509658190536512
0.9770997625889778,0.9562449702119837
0.9770901710258209,0.9619284234400989
0.977037149041623,0.9666015254966595
0.9769876107685812,0.9684577814865545
0.9769573924346284,0.9685317403409881
0.9768886381609889,0.9676369553294614
0.9762448890479585,0.9667513147389379
0.9754314588830761,0.9660397685225304
0.975200636227761,0.9659561111629407
0.9748777368004914,0.9659027559765719
0.9742468190679092,0.9656987434947415
0.9737019651205743,0.9656943895189416
0.973350019612246,0.965618339444817
0.9732819192481257,0.9655532684718593
0.9727867058235624,0.9655860634728042
0.9723629003835668,0.9657312869785972
0.9719741800588186,0.9658441982663999
0.9714018622205376,0.965929178822895
0.9709687574370903,0.9659562782837419
0.9708056773285059,0.9659557468896063
0.9702261201039137,0.9667302857378046
0.9700155070198911,0.9669522313860772
0.9698960453658882,0.9700875549711989
0.9713171167367671,0.9733638339499586
0.9749013351537851,0.9733931102148474
0.9786360002380963,0.9744714957664273
0.9817307509171186,0.9718550834430282
0.9820857247747287,0.9716553163638733
0.9824969234863139,0.9719726587855675
0.9826924540409638,0.9719682532246707
0.9827553126454828,0.9720310570405046
0.9827834972813279,0.9720477486428483
0.9834947333627786,0.9720001314901452
0.9835988792934947,0.972014214473802
0.9836727979862145,0.9719559193423817
0.983762281813874,0.9718758638828244
0.9837650534616552,0.9717876040842988
0.9838251782767966,0.9716791052793481
0.983688663803362,0.9715433960120692
0.9836108642270596,0.9715129969682603
0.9832524563298943,0.9714191803208443
0.9829899946135722,0.9713821557868972
0.9829218963126362,0.9713214027757158
0.9828575249634848,0.97142513354987
0.9828330828749836,0.97122281473576
0.9828729287451192,0.9707223247742638
0.9828518629581544,0.9694852388446131
0.9827233809067712,0.9672891740724163
0.9827099417614976,0.9622481651509072
0.9827036927818393,0.9573882380853017
0.9827231987316933,0.9548245665659756
0.9826976934174454,0.9532522555721237
0.9825949046583817,0.9518939042935388
0.9819645123281647,0.9528523463222651
0.9815116830971351,0.9540115692545061
0.9811371309878056,0.9550995244933498
0.9798318261961303,0.955259032646109
0.9787877992021146,0.955252100474492
0.9773506694294786,0.9555571872850899
0.9742527843842084,0.9556102844136185
0.9713823666043586,0.9555462695451125
0.9684651884344178,0.9555304379349094
0.9653116809883959,0.9555511923414537
0.962157644948963,0.9554014392225156
0.9585354772217369,0.9554111459349977
0.9559078489847556,0.9556180762809416
0.9549541430342192,0.9558297331297501
0.9539420264530649,0.9554913785499678
0.953598755492975,0.9542622319341643
0.9530222648238523,0.9540702289414263
0.952747491654886,0.9535948385326741
0.9527729868827012,0.9539209034970773
0.9528193042261996,0.9584852006194637
0.9528866893825915,0.9595811051827485
0.9529176410972124,0.9630015115482712
0.9529577354681653,0.9636008031277659
0.9530556702763274,0.963721474671742
0.9530521290362055,0.9637145625191068
0.9530599106197222,0.9637123552358303
0.9529773253414726,0.9637516594353471
0.9529567588762473,0.9638649032457269
0.9532359461654083,0.9639537052701688
0.9540812358935364,0.9642572200618721
0.9548466539293166,0.9647409846082655
0.9557525779285967,0.9647567193927804
0.9562810371122672,0.9649492961279656
0.9566577800440685,0.9651232597745996
0.9569841378079824,0.9649467085620868
0.957560989137167,0.9649570205309099
0.9580770425670956,0.964654362072846
0.9583346746351522,0.9645357149134547
0.958326329016383,0.9642399214246173
0.9581931193830862,0.963132113908624
0.9580586116338838,0.9622276520126087
0.9579219055563907,0.9611734057315229
0.9573851238278341,0.9613660701195613
0.9573136988367399,0.9627382359647667
0.9574797654846132,0.9658269146009477
0.9573815634317253,0.9667670788809493
0.9569538159227464,0.967763550609427
0.956448455970859,0.9687728388739916
0.9549518337801597,0.9684482196756949
0.9529083515424795,0.9674297661430942
0.9508746462527317,0.9668076412089514
0.9498155480454913,0.9666289844247495
0.9483130981648801,0.9663429163027517
0.9458309692940255,0.966112680311767
0.9455290285662591,0.965851697306183
0.9452250663102719,0.9655137145147633
0.9450078361565786,0.9652875792961557
0.9447282287234664,0.9652934510352836
0.9441684107991504,0.9653411959568725
0.9439026586310304,0.9654483963273787
0.9422284545593287,0.9654814796179036
0.9382547264382655,0.965553030400524
0.9374014210373568,0.966008896014429
0.9360728773796497,0.9677827788374429
0.9352855460982242,0.9697213351350219
0.9352835583676293,0.9721566651419102
0.9351000299539843,0.9741282034661651
0.9349407021758567,0.9755668292055831
0.9347926782792448,0.9769533291970227
0.9347119674041793,0.9783766341334524
0.9345327644660044,0.9798846123953766
0.9343738933058106,0.9798669501392712
0.9342651391101258,0.9797960138342335
0.9341178355419075,0.9793700636538388
0.9339123464090239,0.9790155147563308
0.9338042456511046,0.9789414148556944
0.9338878007652415,0.9789329182503061
0.9343518108955047,0.9790633250384488
0.9348284737789108,0.9789610429765151
0.9354910841664106,0.9788484306596008
0.9359534741919225,0.9789402486964374
0.9364530623898655,0.9790205560361435
0.9368562325983253,0.979115502289035
0.9373883324416048,0.9791803492682487
0.937736254766242,0.9793185469238079
0.9379377201579892,0.9793722830578684
0.9379512135865257,0.9799160790497767
0.9377692448603608,0.9815488007887456
0.9373737797740846,0.9832809481236191
0.9373758833913917,0.9857537787331689
0.9376586860441444,0.9874126336298543
0.9374861264170034,0.990003019262952
0.9369564093374374,0.9915293221621551
0.9368706203836684,0.9929917995917382
0.9370560563855526,0.993502548137851
0.9375189232198587,0.9935029781491869
0.9390428023551591,0.9934185193230863
0.9409457970708968,0.9933596628814603
0.9426137639773959,0.9931881390495134
0.9435195233533802,0.9931856834329834
0.9451008888186907,0.9932629599881269
0.9484383816669955,0.9933343850538332
0.9515397528733379,0.993287109571042
0.9525376200358617,0.9933529281759711
0.9532144431780796,0.9934028132553274
0.9563658494684351,0.9932950912281056
0.9599837478201354,0.9931560229532834
0.963914313808222,0.9930563693322995
0.9682754629009984,0.9929604939969853
0.9730909367450172,0.992959934233115
0.9747057779997726,0.992827981847265
0.9760874585432774,0.9917786053655693
0.9769560358897715,0.989932301731894
0.9766522540257934,0.9878985976604125
0.9765306741175632,0.9859658930751327
0.976453226490289,0.9811102378771747
0.9763782086049275,0.9791745666796428
0.976299909223597,0.977368984774994
0.9763574137695732,0.9754767719357025
0.9764535922060187,0.9756138611228313
0.9763669854894141,0.9757483527938843
0.9762837821990352,0.9761348116889248
0.9763333965665661,0.9763695299627884
0.9763549503588536,0.976111690173407
0.9762054029937038,0.9759459249124929
0.9758341152562999,0.9752954671544879
0.9756726200398819,0.9749417064453314
0.9752335761128017,0.9749979196589662
0.9749058710961704,0.97489443144906
0.9748148884896901,0.9748337863196677
0.9748647725434251,0.9748360964267595
0.9749748875766453,0.9748351411833485
0.9751800717437225,0.9749082355562888
0.9753748851419004,0.9747644212886541
0.975674293286692,0.9737529371071683
0.976121233973444,0.9730651470272411
0.9767947460196478,0.972708397873143
0.9768842768211252,0.9723602927326296
0.976933681594979,0.9726695275293619
0.9767365871920197,0.974100208656576
0.9756952792740401,0.9743066663732
0.9747495016692191,0.9742036316519331
0.974275213419332,0.9742032231367406
0.9743455125022855,0.9741920484167326
0.9747445646546311,0.9743372510408108
0.9755020835462049,0.9742882647090367
0.9769753731665344,0.9741482670211228
0.9792511701022102,0.9736198813566141
0.9810142645259234,0.9727692461916846
0.98252770383365,0.9724532892693367
0.983864686153106,0.9722182970782137
0.9870275489983016,0.972167812425503
0.9904807826138329,0.9720743856545956
0.9912548539001143,0.9719547569222168
0.9913629695637397,0.9719239238223755
0.9918593826291318,0.9717828613916705
0.9924275976733401,0.9717429141032701
0.9928856427903299,0.9716174638060262
0.9933287532160245,0.9677911931096178
0.9941295817879617,0.9639307983225214
0.9947539519290913,0.9600970405815954
0.9948269840974124,0.9564390131408826
0.9948249112476124,0.9526688165577272
0.9948195305444781,0.9520997771178431
0.9948373892670321,0.9484171731523734
0.994842468615872,0.9446315209132778
0.9948447357242789,0.9410002543900706
0.9948476385987313,0.9363215723076517
0.9948484993834534,0.9362523273941632
0.9948281953865215,0.9362858091293913
0.9949634404135781,0.9361170626820428
0.9953231326351069,0.9360602517858864
0.9954222008115932,0.935778771319515
0.9954446363580609,0.935604406064481
0.9955615667313564,0.9357540944681554
0.9955449867593802,0.9357264261814854
0.9954737490143293,0.9356726155341482
0.995473348986105,0.9355945193156185
0.9955679058727851,0.9353759871936709
0.9957265128571722,0.9350649167223988
0.9958326630679628,0.9347022006879016
0.9959458930915333,0.934769688318694
0.9961102211820756,0.9354729153509119
0.9960947329763856,0.9354018117348352
0.9959340327700554,0.9345541164620204
0.9957881673394071,0.9331760143263281
0.9957774610103954,0.9310931235476154
0.9957681104868803,0.9292596812591849
0.9960549933210207,0.927920087704156
0.9964232880728672,0.9271827316773764
0.996550327271378,0.9267032581787475
0.996498404652588,0.9263122547727395
0.9963521334792569,0.9263409735177417
0.9959514426062487,0.9267895743648824
0.9947477716451245,0.9273724468030221
0.9931718835388537,0.92788776258711
0.9923081604235988,0.9284215374231518
0.9914873789248855,0.9286604578650649
0.9908188761191923,0.928958163056915
0.9903358731711868,0.9288054630176099
0.9899629826285653,0.9288718683394122
0.9899357840133038,0.9291995839674142
0.9900181443295225,0.929610533809722
0.9899776758238876,0.9301309670297586
0.9899860146948938,0.9305303418746395
0.9898154625682987,0.930683717697641
0.9899046111476579,0.9332255749511689
0.9900281190453352,0.9341196468805786
0.9900583252507791,0.9341594489072094
0.9899208202749976,0.9341519858158001
0.9891441504852229,0.934148905819993
0.9864214651827129,0.93415537704436
0.9844893106836204,0.9341758750798583
0.9838761869840568,0.9341807124145504
0.983508129696671,0.9341416468988042
0.9832044349489856,0.9389666396924261
0.9829311604096083,0.9389804069956434
0.9829283555813209,0.9388399600434109
0.982985016737739,0.939097838544303
0.983042375739699,0.9392847646079472
0.9830192980726757,0.9398206278282719
0.9829231445718356,0.9405176211635873
0.9828250351400223,0.9400284089472652
0.9826684070112295,0.9398299994225441
0.9825230528192469,0.9395529002519358
0.9823741412527265,0.9392631459148295
0.9822259496065127,0.9389642878876275
0.9821166001414674,0.9386189944725107
0.9819617480004524,0.937775710518195
0.9818003665652811,0.9374858515387299
0.9817375012592926,0.933959845030076
0.9817484196121808,0.9295768490433234
0.9819160899728308,0.9242493970944374
0.9820660363851581,0.9194052955907004
0.98207057805901,0.9146741075093788
0.98205892226601,0.9096913360981445
0.9820369040134503,0.9042210638433887
0.9820397533701282,0.8982049692843528
0.9820551152365798,0.8917939948774638
0.9819842356709236,0.8851775376416868
0.9820245844023805,0.8844254330172114
0.981714947530065,0.8845110963493887
0.9815367616743759,0.884445306636559
0.9815064224806305,0.884436437797394
0.9814140382654144,0.884474423950656
0.9816811574301043,0.8835509248789805
0.9822157763694397,0.8829690779732662
0.982677161193892,0.8820946619718152
0.9829015362313063,0.8814539065999547
0.98330816681134,0.8808590576085116
0.9837309008421158,0.8803244542992651
0.984146654646163,0.8797590129058872
0.9843689141052787,0.8791201636706102
0.9843002496468312,0.878688658210913
0.9842447050126606,0.8793966105338471
0.9833626406670797,0.87848879021668
0.982719613376219,0.8784825060762435
0.9825989194297922,0.8785093791517913
0.982911149416149,0.8785200390850949
0.984329423895356,0.8785263308804658
0.9853736068862375,0.8785215495067367
0.9855529638270117,0.8785114791242372
0.98588400068489,0.8785152707566043
0.9861218782942862,0.8768567769881119
0.9865103168977178,0.8762390867449148
0.986522027459023,0.8763967832721749
0.9864980263163631,0.8764646769402621
0.9864565574088514,0.8765741332902641
0.9863312921182962,0.8763595300856629
0.9856859863057561,0.8763790841513166
0.9854922529042941,0.8766795885821308
0.9852846459286391,0.8762354269188253
0.9851502733584451,0.8760191761120143
0.9850461534034699,0.8758553099216126
0.984985735054648,0.8757433775972727
0.9848623372853893,0.8759337822679668
0.9845209677815663,0.8765143028406535
0.9843842644732831,0.8768085103473848
0.9844083650984095,0.8784007888294874
0.9844423892088835,0.8784648194309357
0.9844869835802885,0.8784496641585106
0.9844893261633527,0.878444111144672
0.9845016348129767,0.8784396141467721
0.9845133794093102,0.8784130287482887
0.9841903859747201,0.8783910346217243
0.9840793032099586,0.8796007063224887
0.9841068113698863,0.884609373406674
0.9842327158541839,0.8908138842600679
0.984340895642821,0.8912883870572874
0.984884440452698,0.8913130986805928
0.9856217980565172,0.8914978486317231
0.9865210420705272,0.8916454497458313
0.9871852151790019,0.8920818295625974
0.9877261139683051,0.893168976068252
0.987974388825752,0.8938322195516168
0.9880800736605295,0.895114927306755
0.98841241586029,0.8958836291880293
0.9886128522676472,0.8966613476919723
0.9889001769288482,0.897281550224261
0.9892995303673845,0.8978415220225944
0.98977365588173,0.8986316974331959
0.9903884831194109,0.899006531519471
0.990901249568651,0.8995509510597259
0.9918824007047629,0.9039380614021899
0.9925964123933324,0.9095414948232696
0.9927521284294243,0.9144159455885459
0.9926567612249206,0.9170669920343879
0.992680709950199,0.9170863383388733
0.9927847111173719,0.9197115171591802
0.9929250013238975,0.9245107879327616
0.9929411683917209,0.9298091470735474
0.9927714209792387,0.9309318902337503
0.9927706921548718,0.931051751809685
0.9927497336622321,0.930906730477139
0.9928645346230559,0.931464656048459
0.9926190301963166,0.9313100492716888
0.9925875582349999,0.931802259701243
0.9927017672342613,0.931595243332209
0.9925344430444748,0.9317752499951908
0.9906973327384985,0.9322518361021264
0.9895106054385814,0.9326809099849751
0.9883112812744451,0.9331407359928363
0.9874225450938796,0.9338453630114327
0.9868374479211252,0.9342179920514129
0.9865213533079981,0.9350354482666299
0.9860201092713534,0.9351742755521062
0.9857612039471594,0.9373294886190708
0.9856280676158132,0.9422654438748217
0.9858375752124813,0.9481116386223285
0.9858774676681104,0.9533707908745859
0.9858823255549486,0.9582127459270393
0.9861119635057078,0.9607151728860237
0.9860560183945852,0.9616835388654262
0.9860266597923691,0.9651782712734647
0.9860829336968522,0.9658994683300383
0.9860863220663743,0.9663495345244628
0.9858766865655968,0.9663550269620087
0.9844179540821953,0.966288629584032
0.9833186394400071,0.9662707476166861
0.9819431148335356,0.9661187160743663
0.9803470782874744,0.9660981849604433
0.9791809083296432,0.9659507033266542
0.9784593960501342,0.9659858108428669
0.9774385088970685,0.9659789638405951
0.9750629806568814,0.966011035013965
0.9741682635938735,0.9660274985119576
0.9733014466715906,0.965655930207751
0.9724880830124232,0.9655250833768015
0.9716129019034485,0.9655082567874405
0.9706979869150862,0.9642105827567304
0.9690737173913786,0.9601696510330202
0.9677610622119845,0.9560537478073299
0.9675976858731248,0.9509895790222368
0.9673688076023661,0.9464882285668683
0.9673991688335741,0.9440037933664047
0.9670508660212659,0.9440014318910168
0.9666926042722972,0.9415583059780945
0.9666632320353912,0.9370395590691608
0.9668629690429659,0.9319531488018775
0.9669103119652884,0.9257912541094333
0.9670982703048489,0.9229889648938647
0.9672697029720457,0.9232977225354233
0.9674982422311158,0.9232955654918432
0.967163480610314,0.9236989862910363
0.9670781028590253,0.9241733449172993
0.9671419647630839,0.9248888403444531
0.9674068534702327,0.9253734114158976
0.9684177595324739,0.9264694830226851
0.9691115999378688,0.926770786523557
0.9698078023784187,0.9270761261537963
0.96998560554519,0.9273721121041882
0.969930611211711,0.9276550675764275
0.9694948749809222,0.9277171281734291
0.9690310874207662,0.9280208123288379
0.9686960728100482,0.9281732830192747
0.968366680976655,0.9282079135292853
0.9683529026294111,0.928376116351007
0.9683836471898062,0.9290135448560517
0.9684702409020711,0.9299075765322671
0.968421722003113,0.9323959152769958
0.968374158903254,0.9373277456696527
0.9679033926968577,0.9384588460728809
0.9675196001181054,0.9390880986059296
0.9676417409992084,0.9389160799674614
0.9661899953769867,0.9381561105711951
0.9648435728803849,0.9376365392431707
0.9638990836797299,0.936743161946026
0.9632485919380855,0.9360851202225617
0.9631899556669957,0.9353492055594166
0.9628460009504751,0.9348354741840774
0.9624409229599036,0.9346470527863366
0.9624335336172606,0.9343960831425101
0.9637173445569995,0.9342660742239145
0.9635120924894225,0.9341474826892355
0.9634598676336789,0.9340475555727168
0.962712466628967,0.9339505456969464
0.9622958515717819,0.9338389774034881
0.9618568441114079,0.9353086002352822
0.9616444075160846,0.9395336962451347
0.961506570601514,0.9439958509775239
0.9614564851190897,0.9496255389441466
0.9618546580930469,0.9546365157031258
0.961445195538706,0.9595754378424486
0.9605627131107932,0.9630051001281734
0.9599535524917255,0.9678687715798584
0.9595791024470086,0.9733038910584801
0.9593000681598766,0.9787192259552195
0.9590087931452524,0.9833553776087586
0.9588530700204687,0.9852149400240886
0.9587601815682941,0.9825788133982505
0.9588481319228217,0.9811080111106623
0.9587097022346756,0.9806814644542359
0.9584499430140523,0.9798961028954489
0.9580632602126,0.9793053549765627
0.9578173390272378,0.9787538502193085
0.9572978236295386,0.9788121700803663
0.9569461810440304,0.9795180450599057
0.9566740991705522,0.980175569692016
0.9563542701822241,0.9805039899456381
0.9561570155559946,0.9805411840606679
0.9560137275350779,0.9804838583016099
0.9559556465185052,0.9805884105138114
0.955778038961355,0.9805953854372911
0.955675750123268,0.9806722226110742
0.9556939656842782,0.9807024331616292
0.9556659257440431,0.9811517900547619
0.9556060598373767,0.9817905213283831
0.9559085992356158,0.9828544059543486
0.956056802955688,0.9825731245407602
0.9568294652402096,0.9825706230715758
0.9577258950590415,0.9826842599189033
0.9580504694973097,0.9826730621948168
0.9605357191025832,0.9826403130749335
0.9641979387121218,0.9826034793975441
0.967672936598388,0.9825936526584489
0.9709708229710242,0.9824277038826317
0.9733917950008133,0.9819032996528473
0.9749480640147152,0.9812512605420423
0.9761604516452396,0.9807293546069531
0.9770525474917737,0.9807500768702827
0.9779892442379876,0.980630487456488
0.978978990636407,0.9806521765851861
0.9801944332789332,0.9807164713927594
0.9818772366726684,0.9807563369179927
0.9834425660733536,0.9807747603876202
0.9854287691721013,0.9807861163200563
0.9880413463571804,0.9813194234680289
0.990221405108352,0.9824061486616209
0.9914110854640172,0.9829910490352587
0.9913568133010697,0.9841536708454268
0.9904636484036264,0.9853776822092682
0.9898625052344036,0.9878222415946006
0.9895420383080396,0.9890591719710815
0.9895239162972611,0.989430781089869
0.9895301748637872,0.9896043385677702
0.9893011522662023,0.9890114821840885
0.9892548715825928,0.9890033025235792
0.989216040811209,0.9897967454984659
0.989231025702956,0.990178005662498
0.9891247166388089,0.9901367133746188
0.9890919719932558,0.9900924642288973
0.9890685019910185,0.9902633345154062
0.9891118564516355,0.9905260810919749
0.9891184094564842,0.9905301980216549
0.9891713086177182,0.990506092463265
0.9892391228522354,0.9904761748069655
0.9892367723468412,0.9904985386583186
0.989234750275753,0.9905440390776952
0.98929696508477,0.9905556453412392
0.9893330738084765,0.9905991797789981
0.9893450220433178,0.9907142994347867
0.9893212882277747,0.990870561213887
0.9893893786053697,0.9910448169114814
0.989444610395754,0.9912854863885211
0.9889760856884098,0.9915340768456908
0.9862747532711994,0.9922161706221746
0.9802954122320118,0.9929240969326264
0.9788388378278626,0.9931837119714997
0.9781462941415562,0.993316489989568
0.978146949547012,0.9932854705876426
0.9781203373380071,0.9932600314956301
0.9776404788261319,0.9932510811340489
0.9765403517156828,0.9932428388788187
0.9748912240924137,0.9933028311391605
0.9737513233209213,0.9935291858950861
0.9729534297177582,0.9940058885907795
0.9721724995434051,0.9944067416164928
0.9710323937642902,0.9943678600750898
0.9699906733110442,0.9942694063141908
0.9689656975162682,0.9942610032900435
0.9676922705466093,0.9942690618580314
0.9664696356198004,0.9942671923391226
0.9655990565749959,0.9943167086056564
0.9640309166326884,0.9943790705064129
0.9624528427016689,0.9941072889985727
0.9618028448482846,0.9938215031833633
0.9617232321647554,0.9922857915476122
0.9616862486496718,0.9889264956596043
0.9573514306731337,0.9837944476758139
0.9536078104856465,0.9787037117946011
0.9503689367204391,0.9733552671307018
0.9500527483386851,0.9679541993237203
0.9503886139480804,0.9642752275430047
0.9504488468801067,0.9639807404341834
0.9507233111524147,0.9637778585457202
0.9510302569338029,0.9638742048607803
0.9511601397501334,0.9640208102745496
0.9511265040372587,0.9642585530680721
0.9511258268113459,0.9647116078253293
0.9510729453623481,0.9651497503327092
0.9511671116521367,0.9653924893157491
0.9508559091202256,0.9652464748584302
0.9506011449549955,0.9647621824126684
0.9504573600728512,0.9644987469149013
0.9501400934034441,0.9642999088216475
0.9500109209603627,0.9641676465088367
0.9498457952555348,0.9640109862809993
0.9497461967759823,0.9619547944882091
0.9496714143996597,0.9575350543032939
0.9495933019363443,0.9524734669436108
0.949445121718529,0.9468790322805928
0.9492828355814673,0.9409240763707449
0.9488551618506178,0.9349455852240154
0.9489790251706207,0.9287685092793474
0.9514525002238654,0.9226576641115087
0.951836740478397,0.9165075559520292
0.9519168486511982,0.9126264255813633
0.9513089844277217,0.9108011668699545
0.9497823919666193,0.9106954546215575
0.9487782241991568,0.9111767289473767
0.9475027046522109,0.9116838759365853
0.9466467035605668,0.911988309848903
0.9458737231036167,0.9131347996052466
0.944722392653158,0.9137644202526514
0.9436868672814591,0.9142508906425287
0.9432324936072876,0.914482238537222
0.942580065178577,0.9146141048557386
0.9420055760935453,0.9146258437104708
0.9414663448635744,0.9150352067500127
0.9409352144822174,0.9157117242708696
0.9400325319271808,0.9163367928920485
0.9395939322857383,0.9166105307153315
0.9391094731412313,0.9167503517123256
0.9381884872489163,0.9168002236346695
0.9370156282612054,0.9177202374602776
0.9363629452742197,0.9213247075644055
0.9402888149251647,0.9272982163286179
0.9451887019984131,0.9326048569488155
0.9513462272470624,0.9384393350245026
0.9537947611799307,0.944200457122123
0.9542610093345846,0.9476761951797043
0.9551677130144248,0.9480489146555082
0.955704931909289,0.9478336033395869
0.95633112656548,0.9478036733840487
0.9563335643531516,0.9477202619364389
0.9561717473544145,0.9476244062741015
0.9561732253032498,0.9474147941155212
0.9563120124210607,0.9473270042848727
0.9568039498711927,0.9474361367623634
0.9574235227930032,0.9477219581277092
0.9577550127332024,0.9480264297154548
0.958545895116385,0.9481838875237858
0.9593542747805892,0.9484880500411605
0.9599263289009037,0.9487108165975153
0.9606046872635157,0.9489569815877775
0.961096025066342,0.950771066740719
0.961392648040277,0.9548149729917261
0.9614972854470594,0.9593744244092768
0.9614871794812141,0.9639883492746602
0.9614930996695863,0.9681403807133082
0.9615038530638242,0.9723412114371366
0.9615217477066743,0.9762806016585657
0.9616209489751211,0.9804336872517363
0.9615968534102817,0.9852087456170662
0.9616442092618172,0.9878802220611882
0.9618108301290564,0.989449338043171
0.9627355008959171,0.9897709460100974
0.963407670749677,0.9896012131275926
0.964617241877866,0.9896045061342362
0.9651643943762076,0.9894749461572065
0.9657980194419378,0.989196799140807
0.9667413313454863,0.988994590579436
0.9677567314257747,0.9887771722366934
0.9685956561446711,0.9885413067005034
0.9696110640554261,0.9884429819381038
0.9703718306623657,0.9885218328927234
0.9711287134914233,0.9883728383346428
0.9717220850452818,0.9882666894584181
0.9721576976589685,0.9882001327262162
0.9724456910168862,0.9881879504470936
0.9728074309169995,0.9870493260778668
0.972843505344357,0.9852330922790258
0.9726541051035578,0.9818507744547218
0.9726523899618091,0.9784404748303057
0.9727709427467532,0.9729420575459584
0.9731369353995631,0.9680934778429693
0.9735135632667815,0.9625172311710106
0.9738765810189645,0.9603236897405723
0.9739463825519039,0.9580457666201314
0.9740344346771816,0.9580916060111572
0.9740430993492796,0.9582070637617457
0.9740240455613327,0.9582678535865501
0.9740945350500161,0.9583909919276832
0.9741130878260271,0.9584035605218717
0.973971739206418,0.9578901454991304
0.9736986853236937,0.9570527198284694
0.973313188550921,0.9566182220618951
0.9732035275455982,0.9562815365684525
0.9730476907612079,0.9560067522521858
0.9730179692079988,0.9557736747091279
0.973131523991865,0.9556115347361194
0.9733613562357218,0.9554817900515757
0.9735090810391367,0.955386408127848
0.9736768366363587,0.955367612718047
0.973849488119367,0.953062723363039
0.9740029054103542,0.95006995707442
0.9741209760355636,0.9501975356018586
0.9741276661646108,0.9508319584883458
0.974083466946315,0.9508360684621588
0.9740621762908939,0.9487505821686424
0.9740272608287085,0.9485173432872966
0.9740663577802731,0.9479425037825333
0.9740741146539825,0.9479834130948621
0.9739721616119591,0.9479853191056502
0.973846435865023,0.9479567365013077
0.9737769310330018,0.9479185108683035
0.9737041502408816,0.947881512903979
0.9735572147138187,0.9479044107897018
0.973341188156857,0.9478889472748926
0.97386063503314,0.9476814262130935
0.9738356970804427,0.9477929787591962
0.973939750547911,0.9479038121116368
0.9739519147350411,0.9480471756928779
0.9739669460167643,0.9481907367262867
0.9739148174726617,0.9482732974167172
0.9737342961678024,0.9483886983359534
0.9741670876695683,0.9485153092116685
0.9747008718666403,0.9485179267567287
0.9749868466834597,0.9494622483659168
0.9758066922076075,0.9510030642940459
0.9762614739087678,0.9540515762550894
0.9762614850557547,0.9569143775245903
0.9762891796073443,0.9615082207471962
0.9762660483306889,0.9650710664510512
0.9764263693938794,0.9696102045841386
0.9765510473269303,0.9711889072588957
0.9766470791898486,0.9731314821041834
0.976917234726934,0.9731476568215507
0.9770676615319516,0.9732050774351044
0.9772441176597336,0.9732568118631832
0.9771889446826604,0.9732505052445269
0.9775970845759493,0.9734798992470637
0.9782644051872278,0.9739275120094733
0.9791531483615075,0.9746143946833918
0.9798994379243094,0.9749542224311244
0.9801025549488591,0.9752388806334307
0.9801614846193063,0.9755088910688705
0.9801556348628879,0.9757413855777102
0.9788426380049713,0.975863368862855
0.9779560471827693,0.9759642051781316
0.9765966514278765,0.9760099365601058
0.9755038308538343,0.9759895880943992
0.9751162438138562,0.9779889719529102
0.975009792331413,0.9799396376092664
0.9749797075320843,0.9798937654935626
0.9748147955328674,0.979821018085083
0.9747810735019469,0.9798134278643055
0.9743514801306097,0.9818736034177633
0.9735853734638429,0.9819814739001385
0.9728493758555754,0.9818324224447572
0.9718532385703176,0.9811796827526691
0.9696687411333319,0.9811896848321591
0.9663437251828264,0.9812145346890233
0.9625907395088258,0.9814849176059042
0.9582092478999361,0.9815971840816824
0.9535936212278162,0.9815446947321611
0.9497528869402747,0.9819026199509941
0.9462026881970047,0.9824669397526262
0.9432499696556809,0.982655531887612
0.9404619933724481,0.9828464137056282
0.9378335439224563,0.982995890754988
0.9352284041565507,0.9830895971743675
0.9330427787850926,0.9831412294165622
0.9312388845674479,0.9829988701004109
0.9292015087866983,0.9828282636623061
0.9269710792277854,0.9827230096009208
0.9255106844645473,0.982076007966568
0.9230899299014105,0.9812550942997319
0.9209862706441347,0.9763229209053899
0.9200977709482248,0.9713672567144475
0.9199634829962258,0.9667555285373736
0.9199497195620134,0.9630972387898861
0.9200381040653941,0.9584252767203765
0.9199709236417972,0.9532078798315542
0.9199091035240845,0.9476746630676826
0.9196091562474248,0.9424724052941171
0.9195757044238677,0.9416678841703787
0.9196046233948185,0.9419464968516291
0.9192941662305056,0.9423716783488403
0.9184809389265549,0.9425315792903752
0.9182382611229918,0.9429595333744062
0.9181447409193846,0.9434611748053402
0.917786096886548,0.9435121249224314
0.917547688550606,0.9435975680249429
0.9172493251102803,0.9437206326776914
0.9169923181887149,0.9437498330339232
0.9179006301509545,0.9438700937709843
0.9187915721081676,0.9437872843931112
0.9204678662757362,0.9438099792378636
0.922048376959208,0.9438457338228381
0.9227533010699984,0.9439770959582772
0.9229970487579598,0.9446019850783574
0.9232884618675751,0.9440960630594595
0.9241800731455962,0.9429638558100006
0.9247073984921745,0.9436134114403751
0.9244511342874193,0.939974815655755
0.9245034672286483,0.9376256709673673
0.9242638219765639,0.9365189538736922
0.9235966740360564,0.9372970811444727
0.9233592127217789,0.937314351024264
0.9239516515347316,0.9373459690996949
0.9243601075337688,0.9371935621046976
0.9273160520905526,0.937162485709509
0.9324368671482337,0.9370908779090447
0.9360790448386015,0.9364482511775793
0.9394426979031226,0.935497362645227
0.9426976065932771,0.9350542711421442
0.945922392867183,0.9347184599934997
0.9489077808333874,0.9344790490283902
0.9518172714882893,0.9343086576689871
0.954286693956178,0.9341766835021379
0.9561234047828078,0.9342132855930656
0.9573931023924975,0.9343592677801711
0.9588493802083853,0.934535264515818
0.9590005941867028,0.9353589349290969
0.9597620086427033,0.9348368075985397
0.9609885588682094,0.9394342779421772
0.9610197184075839,0.9417963146212769
0.960920590577792,0.9441471082635287
0.9609043687592957,0.9441534790967452
0.9613908711789094,0.9457437494316728
0.9623700465007319,0.9480825208389139
0.9621015325121011,0.9527637396521921
0.9635670205913491,0.9578154124185748
0.9638459399890302,0.9583592806765313
0.9644703920087856,0.958240563994916
0.9644710099482582,0.9579653049497536
0.9675237405901396,0.9576205070683879
0.9690990671238757,0.9572189920548769
0.9691910760348034,0.9566072521151243
0.9689773661388141,0.9564156553610575
0.9687713096447893,0.9563039854415258
0.9685112957712698,0.9561388817196633
0.9682654507791957,0.9560088373742375
0.9679939770190358,0.9558907860504127
0.9679003871507138,0.955882841624127
0.9678854608249872,0.9558577146463564
0.9680089735093285,0.9558413501341271
0.9685858671527493,0.9516609142147177
0.969162417915978,0.9486964823290338
0.9690285671796777,0.9483177768936333
0.9690345558165495,0.9490396026346173
0.9697775081130222,0.9489305996864121
0.9697839887333725,0.95253744761344
0.9698166599269239,0.9556188630390466
0.9697252333585944,0.9571752803512941
0.970250856509028,0.9564085225234569
0.9717745794211032,0.9564567844299842
0.9737385976606456,0.9563366179525721
0.9764054382102154,0.9562707487444038
0.9778533583152078,0.9562828879477029
0.9789561700156955,0.9563577546264113
0.9802809038662932,0.9566503244072501
0.9811297622579973,0.957206741820426
0.9817665817850738,0.9573975256626814
0.9822930349589104,0.9575861340607761
0.9827257894490993,0.9576995842947527
0.9834947178633615,0.9578309953423276
0.9843286409648513,0.9581062465770268
0.9853916778166649,0.9583682594399454
0.9869109361512243,0.958574806535671
0.9886877180960614,0.9586186181981662
0.9904415486207259,0.9586759483724618
0.9913910616645222,0.960419331398908
0.9908878274410453,0.9615868787063974
0.9896320741466738,0.9648335635376691
0.9881371900821534,0.9681649814413873
0.9868805847126554,0.9734020388618172
0.985660056818372,0.977383734765948
0.9845748341010568,0.9806947529702525
0.9847346597751614,0.9816747766302041
0.9840504892177926,0.9814668441887784
0.9840373827038362,0.9813719952770243
0.9839789794591509,0.9811596125775554
0.9839884360697384,0.9810076423361129
0.983868048548157,0.9809309837315672
0.9838980268890379,0.9809325798401239
0.9835683065027679,0.9812043206560705
0.9832208772479996,0.9813684443330726
0.9828986250740528,0.981458627009806
0.9831130611240393,0.9816057082581393
0.9834357142213421,0.9817175236495397
0.9838681580773441,0.9817802456539462
0.9844405962206233,0.9818034684426216
0.9847929053245645,0.981729094165907
0.9844651922308396,0.9816301413713275
0.9831083465562458,0.9854778890737104
0.982967520918203,0.988518285777964
0.9829050168319109,0.9899661490573746
0.9827726500160014,0.9910566389716795
0.9825481261401534,0.991687532841387
0.9825711969295801,0.9916926763292594
0.9825823424940208,0.992120791586339
0.9821438881121238,0.9928587548493912
0.981758499179836,0.9940478930041392
0.9815771969830681,0.9940638953222698
0.9813981613827163,0.9940041359736915
0.9798474428161031,0.9939388628186718
0.9781535395061423,0.9938638871846791
0.9755071529395405,0.99376719590207
0.9738461094159936,0.9936023988339427
0.9721229321117851,0.9935192898766954
0.9700292130933779,0.9934707925066248
0.9674850933147809,0.9934017439069811
0.965125109296582,0.993326646661427
0.9627933347095202,0.9932781686989801
0.9610100588740307,0.9932110626407936
0.9584994907360798,0.993153992018512
0.9570517214612014,0.9931214820195574
0.9552063353050979,0.9929905607270846
0.9532134773831458,0.9900760570832778
0.9518783601378614,0.9888755846744371
0.9517291230439546,0.9874139432398541
0.9522686146018885,0.9836949761197389
0.9534409939856552,0.9788103953660185
0.9547652804586704,0.9738077447496669
0.9562739164626168,0.9693489126695969
0.9579360409372699,0.9675182419166409
0.9581163941430517,0.965629059318057
0.9597171834542828,0.9651438489737941
0.9597339438225698,0.9649279409908981
0.9596741491005065,0.9651204950072543
0.9597060070371661,0.9652833316055984
0.9602966638227202,0.9655305676439598
0.959972046466277,0.9656609173570874
0.9597556142643173,0.9654761391609809
0.9597651497162802,0.9650349980454063
0.9597818147127746,0.9646381003790154
0.9594011367658022,0.9642612772605468
0.9590321373704428,0.9639475561812856
0.9586556239355164,0.9636367610060133
0.9583862238267888,0.9633817552367618
0.9583087284938587,0.9632797655513133
0.9593085044042837,0.9631276338430674
0.9627857538324113,0.9598766768284003
0.9642101980805703,0.9543814941917286
0.9652078967715501,0.9482425553421565
0.9653172309916962,0.9420478660248397
0.9653157317446364,0.9357040185313923
0.9653261867679034,0.9307053702578388
0.9653628960196321,0.9242985562633104
0.9653474223255867,0.9177052787612194
0.9642611481735077,0.9138929044815418
0.9618849593895249,0.9126864417212635
0.959193569297067,0.9127587714589098
0.9571159218416047,0.9130948806428266
0.9554622962356973,0.9135029059968822
0.9518138360370156,0.9140669257731958
0.948857973832121,0.9147534826502077
0.9464779162751171,0.9151959966679724
0.9450704624677628,0.9155823709574229
0.9444281924439638,0.9160417930757598
0.9437427420093717,0.9165280081932015
0.9421636493691201,0.9170080970786538
0.9394757862996516,0.9176039913007632
0.9381090836667939,0.9182189233671676
0.9338691597816888,0.9188157119771565
0.9306161442709826,0.9190505331230624
0.9299782763671736,0.9226862737590806
0.9285119670610028,0.924022741971381
0.9274944184557102,0.9255185868503599
0.9275191731402088,0.9299567303556271
0.9281178441976055,0.9355839370894734
0.928585115454536,0.9412672230265733
0.9284882970384387,0.9460414608444649
0.9288807914532113,0.9476153651476785
0.9289102558040453,0.9491725866197729
0.9289932287001608,0.9492613801642088
0.9289684372930997,0.9491414638812747
0.9290215092091104,0.9489016544674691
0.929083581342445,0.9489067187431481
0.9293042458701726,0.9490250711120316
0.9293475273901759,0.9493536894808186
0.9296229640762703,0.9500746493612637
0.9299726769323116,0.9508348126941553
0.930388684156384,0.9514741073735313
0.9308472681907043,0.9520394355941026
0.9313066596257802,0.9524547654508517
0.9317810644599962,0.9529570826833746
0.9327646248328337,0.95334602061282
0.9337065685254782,0.9536655805222694
0.9342595806958726,0.9538383739069619
0.9343697893788747,0.9567524094367279
0.9341753328365122,0.9616840388128387
0.9341463049845689,0.9670696771881204
0.9343544155432053,0.9724336424186547
0.9345958866868582,0.9776583503899368
0.9346149945057298,0.9820557899422632
0.9346288569286629,0.986903112990281
0.9346787906851302,0.9919517920636161
0.93506223468485,0.9946305484903508
0.9363504732559607,0.9951757910624486
0.9379950549163738,0.9949796734909021
0.9397355876625957,0.9947269958907713
0.9409283371299515,0.9945337439955845
0.9445468537655299,0.994244918444497
0.9475079304649463,0.9942364267203081
0.9508235575035711,0.9941877038293059
0.9539214071885656,0.9941882164054527
0.9559545051560701,0.994174647411684
0.9574615598394274,0.9941874978375961
0.9608492472334782,0.994181605432173
0.9644022285312148,0.994184224853478
0.9677914310194589,0.9941738320721305
0.9718703248865685,0.9941683215787094
0.9751193577264122,0.9941379003953956
0.9767053887202558,0.9920703025825033
0.9781671212724348,0.9910810470539577
0.9786125415204308,0.9908926182007058
0.9786403398619483,0.9887707131700244
0.9779190879082718,0.9884191143223856
0.9771482588321498,0.9856198489269966
0.9771547800858984,0.9854445086030219
0.9767797025073963,0.985417788269179
0.9766821504036394,0.985456485746321
0.9767247449096476,0.9855893972823906
0.9766296042191012,0.9856082206270773
0.9765449126918462,0.9855986609367895
0.9765974260946899,0.9856309741071938
0.9753538065785811,0.98532736364221
0.9750279532374491,0.9847800426442104
0.9751333487303305,0.9839814102350863
0.9752912777753577,0.9837401963245982
0.9751955241511915,0.9835258098016963
0.9751899152192433,0.9833984163650836
0.975223186157093,0.9833206259539949
0.9752997838727139,0.983256431621857
0.9752301411009681,0.9832438469477924
0.975195071601584,0.9832513397297101
0.9751947351495566,0.9832049246823699
0.9750840307125097,0.9830714972754359
0.9749810810014758,0.9828996869435305
0.9748614135779594,0.9824837300332377
0.974842782358103,0.9780614126705063
0.9748866210306145,0.975236888018874
0.9743291349802112,0.9728624062317639
0.9736058032664896,0.9703035248051972
0.973119786702934,0.9700827981604189
0.9710369597144143,0.9698768209362718
0.960716726146524,0.9700371148828542
0.9479757835100429,0.9702564563803673
0.9348596912219049,0.9703758178753497
0.9290397282239957,0.9703825342968679
0.9256353483052568,0.970614609062518
0.9215515073912759,0.9704582411518368
0.9189128872670971,0.9702832541094875
0.9184638941521089,0.9702495774930459
0.9196712107501372,0.9702584935653926
0.9221052776653739,0.9702442860633298
0.9228681058095121,0.9702706537834291
0.9236251903248641,0.9703443061824092
0.9208847213388288,0.9704077788635684
0.8994642996220514,0.9704893712732049
0.8926581885571818,0.9707652287705828
0.8992135484647309,0.9715526974109343
0.9213732482675657,0.9684292450400731
0.9344278317735685,0.9683276438188164
0.9373860830646465,0.9700270247347315
0.9389242613596749,0.9700903510602373
0.9403933529691231,0.9727620284343113
0.9421860311233299,0.9728938088569026
0.9441279025852549,0.9728872172135047
0.9466100334265641,0.972790623742714
0.9490951401220076,0.9727775560209484
0.9513121502473364,0.9729680610371496
0.9535381858559224,0.973230093099504
0.9559028252428141,0.9734295608888728
0.9568236523362882,0.9737287871710378
0.957343482479815,0.9742443160771771
0.9580233629502191,0.9749603514209233
0.9582277963170427,0.9749463916329202
0.9588526591604589,0.9749441124030973
0.959529725321145,0.9749214328493956
0.9602939498196454,0.9748691718786033
0.9616419378351386,0.9748034334145532
0.9631271963459908,0.9746829760070077
0.9647346368369847,0.9745750979442851
0.9657109138189635,0.9744747047071987
0.966490324109063,0.9743447313819649
0.967152154897458,0.9741690651473394
0.9674501217086979,0.9716461127297358
0.9681483510504489,0.9706394494773483
0.9685574524190566,0.9679864451070372
0.9683278844413419,0.9657379558595397
0.9679473032906566,0.9631228759689658
0.9680044892149584,0.960029448850304
0.9667511817009486,0.9569094553918565
0.9645462943219891,0.9550996046422762
0.9619133315843067,0.9547459933257825
0.9599698036569209,0.9549309157235977
0.9569555172778219,0.9547309514860337
0.9545934245913492,0.9547268816466737
0.9541080287870369,0.9546606591600875
0.9543217923932887,0.9547324735094073
0.95390979126292,0.9547463472494337
0.9533904674042538,0.9547239353320538
0.952429126871092,0.9546543150140434
0.9520394426755207,0.9545288183393481
0.9520459418255474,0.9543666063072518
0.9515133484872522,0.9542104165208103
0.9511947176793396,0.9540735346029985
0.9497483779259867,0.9538970611355209
0.952871077619224,0.9546687366494886
0.9541209273690536,0.9561362819304214
0.9561216300412689,0.9530429473895372
0.9572227698207738,0.9501085444960289
0.9610522410805467,0.9469540493605996
0.9657701056838819,0.9440000522282179
0.9687076985913616,0.9417386420737865
0.9719542688649898,0.939881543901185
0.9753959264450245,0.9390520790999566
0.9797680666512861,0.9387905373482578
0.9817571827117094,0.9387227243073002
0.9835147375814379,0.9385972992945898
0.9847383921341013,0.93851891056173
0.9853268401157027,0.9387183274824675
0.9850437530444938,0.93916092689285
0.9847209949643811,0.9399092573164585
0.9850260296493536,0.9407277412457853
0.9855547368506363,0.9415746826546056
0.9859559896082046,0.942252064730876
0.9863718636172973,0.9428442835477764
0.9867459638609364,0.9433970078704346
0.9870743384801899,0.9439365770985091
0.9873144034483119,0.9442731301862772
0.9874245127096446,0.9443403407235836
0.9874559194245474,0.9443921826397184
0.9874519363412401,0.9444557312492525
0.9874295882562426,0.9467247390847962
0.9874234261940532,0.9521171507427151
0.9874392367139453,0.9574684535666748
0.9869932627049254,0.9629886169481332
0.9865735960373369,0.968237183997928
0.9861140452883141,0.9711767752330585
0.9856625015121034,0.9740144014554339
0.9839805395455524,0.9755011606294808
0.9820847514403912,0.9756649034833352
0.9792427518370712,0.9756118099800392
0.9776743904542438,0.9760208884308283
0.9759453502361495,0.9761587088436021
0.9743028025483252,0.9764976626196717
0.9723110802705817,0.9769113975465659
0.9695540522998869,0.9771359936154018
0.9673362895243909,0.9773078586793633
0.9654128623070699,0.9775160580782956
0.9638293362088137,0.9776937756234716
0.9624552607262966,0.977840049516834
0.9610089064802916,0.9779722812117839
0.9593913772915553,0.9780428268532556
0.9582095267399566,0.978103780014421
0.956905457029146,0.9788569063345067
0.9564871058389515,0.9813961525527579
0.9561780747236002,0.9842615716060181
0.9561765415455302,0.987133837329127
0.9565770672324831,0.989983173909394
0.9566245450245066,0.9925887774802118
0.9567888760605079,0.9944211415680317
0.9568360840004762,0.9959041747369315
0.9569135840608274,0.9965914225133842
0.9570839584426685,0.9968129670998107
0.9570417314928554,0.9967702807676495
0.9570431449421555,0.9964671951463662
0.9570129011993435,0.9961990251011168
0.9573735796128976,0.9958228118260966
0.9581211154603592,0.9958199898239207
0.9587435211165292,0.9958361120560826
0.9586839236769393,0.9959696512673792
0.9585184823808734,0.9959886855377514
0.9584141969908695,0.9960430096732349
0.9584447204815312,0.9960818964066674
0.9584130208166176,0.9961094407116228
0.9585063366115112,0.9961537788105961
0.9586466229955591,0.9961561496650277
0.9587043412629985,0.9962686354551773
0.9587913633360271,0.9962819928918891
0.958935563492586,0.9961512142629583
0.9590386437237127,0.9961031824279167
0.9590708371537071,0.9959245057991952
0.959078619903456,0.9957578444073947
0.9592877767407967,0.9951906275111476
0.9595412790848628,0.994991525110342
0.9598406425729356,0.9949080522575987
0.9601740045225409,0.9948675600707926
0.9616329457764071,0.9950048105033886
0.9633678592014219,0.9951197735473698
0.9650688736276491,0.995098803798243
0.9661188291828842,0.9947209448893548
0.9664327635776049,0.9946129904449411
0.9664958946985566,0.9943723808836226
0.96637245335717,0.9941785092459038
0.965838120155564,0.9941234382304578
0.9641868521509507,0.9941629842478193
0.962522972671157,0.9941649341993944
0.9605755495482372,0.994194312975874
0.9591185483132161,0.9941833034361516
0.9593240691196704,0.9941652461998953
0.9596744331781006,0.9941333783852702
0.9606044183475783,0.994078067141108
0.9617283562561942,0.9939988597739455
0.9620151316785326,0.9939702601905895
0.9622733765959872,0.9938982447952011
0.9623279542838704,0.9937815076134509
0.9614289792798536,0.9934768233174114
0.9605205806641437,0.9930334098474656
0.9587842601479468,0.9928180783668055
0.9579820800281171,0.9925083038778397
0.9572039098501128,0.9922678771922084
0.9565213164350378,0.9922080179411624
0.9561066476308184,0.9922918656893098
0.9559332855697777,0.9927317287409299
0.9559062083971299,0.9931713993051646
0.9557574584652524,0.9936888792845091
0.9556901346343074,0.9936200939642911
0.9555633430526207,0.9934471381404435
0.9554000215751131,0.9934057269859436
0.9552411658104565,0.9933607484604234
0.9551449194301274,0.9933533757266624
0.9550729985014236,0.9933361778236801
0.9549658077470304,0.993276266871884
0.9549133494478235,0.9930985153951464
0.9549330734218726,0.9930569839889046
0.954903924935546,0.9930215096991571
0.9548747498218612,0.9929803211060987
0.9549037013000596,0.9929382572037891
0.9548452172732251,0.9929136147372613
0.9550172410996475,0.9930119808080968
0.9551675381610496,0.9931291178753665
0.9551689894510327,0.9933689484926822
0.9551384315351489,0.9934469663978116
0.9510344265417601,0.9935412130327819
0.9409275137705468,0.9935177637128397
0.9338835922928115,0.9934581679358714
0.9294097590444267,0.992954801761182
0.9277398148527765,0.9927157651592693
0.9272655483828223,0.9926465832068677
0.9278009286243429,0.9922027464338267
0.927414171096987,0.9921614340585911
0.9271998655251275,0.9921608260996453
0.9279672381205867,0.9921377347551152
0.9292908824156623,0.9920618389783932
0.9307438698738152,0.9920118437981891
0.9326930430998476,0.991983009157709
0.9239276423343812,0.9919571399639546
0.8990749898087471,0.9919357176746944
0.8991243120157175,0.9919618977881941
0.900540435943868,0.9919481915223421
0.9025894837882804,0.9919138260513873
0.9053021476013801,0.992006342166424
0.9088164858952223,0.9920651450727207
0.9136402410880382,0.9921908542380918
0.925827054905144,0.9924991759217009
0.9481433366340417,0.9929921069700891
0.9518896077224692,0.9931337746310938
0.9532793697524384,0.9929874944793011
0.9545612598557418,0.9930167070942071
0.9559751248298363,0.9928902117396002
0.9576567173772217,0.9928320435453806
0.9595606608843553,0.9928649674564234
0.9614530453621164,0.9925585376778476
0.9631751194735109,0.9920938567939646
0.9646863516300828,0.9920684811459055
0.9658887609717997,0.9921377086103588
0.9672640491934933,0.9921325021530125
0.9685312245700742,0.9921198806547609
0.9694997857447276,0.9920969785486795
0.9707498111467912,0.9920864396496258
0.9718998442612391,0.9921115137315432
0.9731629551086212,0.9922143234671331
0.9744575034067973,0.992206763586934
0.9758933741534224,0.9922384874753037
0.9771817272612981,0.9917510621787123
0.9785744978042077,0.9910725970580159
0.9800062639296703,0.9866582402925849
0.9818157033766226,0.9813276213477706
0.9840105188789109,0.9759554050842096
0.9859792831317646,0.9707729126578761
0.9878857421027588,0.9654635591303063
0.9882985789893957,0.9599652684536253
0.9881564356039994,0.9568951748866807
0.9860907910866963,0.9531952507435392
0.9842657193624231,0.9534336496736916
0.98232204001296,0.9538177226699277
0.9803784759031491,0.9544558770158238
0.9787391101967713,0.9551327305641054
0.9780987420129521,0.9554938843171432
0.9780239977554217,0.9556422556650512
0.9782975594292426,0.9556855661562549
0.9786442504154774,0.9557635306062864
0.9790470000502762,0.9558349778032809
0.9797300057901044,0.9558858537556774
0.9804000940188333,0.955948955134927
0.9804100019174867,0.9560299250789239
0.9805613628940177,0.9560723926353999
0.9804442791222545,0.9560778433942794
0.9805159557109342,0.955803457472465
0.98063690247043,0.9557092626766488
0.9807232418440639,0.9555624038034755
0.9807237899126102,0.9554326202230639
0.9807231777045466,0.9552670848028704
0.9807312629677124,0.9546279019970274
0.9807428243541298,0.9547024592824112
0.9807405277185309,0.9551115088422693
0.9807345370564504,0.9552937997502882
0.9807268893021137,0.9553109923144592
0.9807221673189687,0.9547000597174422
0.9804509734245155,0.9540588890724876
0.97960030514495,0.954063130877246
0.9792906844459833,0.9541329189319208
0.9796330355030396,0.9541862744852743
0.9805739058055358,0.9541243442041962
0.9804469377392493,0.9541956817234141
0.9803202143132277,0.9542492024446103
0.9794308823319308,0.9542848938593906
0.9786222831348734,0.9543597305572198
0.9779263825876134,0.9544306025153106
0.9774453025251724,0.9545641581415962
0.9770496419551095,0.9547569931703717
0.9766155205271158,0.954777856582453
0.9762885822050122,0.9552567464140722
0.9759518256252828,0.9561395637800527
0.9756178793036867,0.9608395803846486
0.9749053693969605,0.9663933961061544
0.9739954309439603,0.9718616314366118
0.9731602687894183,0.9771754730547615
0.9723956720271743,0.9824557760133139
0.9715576038773217,0.9877024164724508
0.9702725010543676,0.9906790530178966
0.9700163320775724,0.9935256096612988
0.9686762316510102,0.9933695363166548
0.9658148801105934,0.9930648227889793
0.9628891605046819,0.9927393654922159
0.9594910862390515,0.9927524341755761
0.956503082677439,0.9927761580132745
0.9534620518290209,0.9928293191560492
0.9503617699644547,0.992494777527599
0.9470093267524726,0.9924758152053392
0.9429965062319523,0.9924666935830526
0.9401348151011986,0.9924591025677398
0.9372939928483808,0.9924563257223586
0.9343427623465105,0.9924726744052943
0.9311565568779366,0.9924919037516222
0.9277804294446067,0.9925266209980013
0.9255484577643804,0.9929310744430897
0.9237485007326379,0.9931693272399605
0.9231409395001599,0.993374807062751
0.922674145805668,0.9936408328743798
0.9237674084508124,0.9939512088667709
0.9261229964518161,0.9948412540849905
0.929312873144803,0.9949020267763589
0.9334242473232852,0.9950166914382661
0.938607635756187,0.9950851782798991
0.9452930955842249,0.9950247555596172
0.9538118252184772,0.9952818379814579
0.9553003690522028,0.9956009333463414
0.9551877808476241,0.995546423806654
0.9557585396462142,0.9954482853529333
0.956104975853022,0.9954175520319183
0.956931212408305,0.9954455769099337
0.9573539705898951,0.9954144740040591
0.9566677130778187,0.9954046051013468
0.956491072087994,0.9954384189988612
0.956441749701108,0.99542877004099
0.9559418421265523,0.9954028389061637
0.9558356683788132,0.9953963070012481
0.955792153500421,0.9953954763071204
0.9558014229815812,0.9955930374344877
0.9558681690134183,0.995706575224331
0.9560030158204389,0.9955226241355266
0.9561001873352584,0.9954233590190633
0.9562383727457855,0.9952786677168513
0.9562629776661719,0.9951774429102032
0.9564040253912247,0.9950019425102961
0.9565167613365483,0.9949340618127607
0.9565200903445175,0.9949015580031924
0.9565867188453521,0.9948244192667158
0.9564843525605143,0.9950837000738857
0.9560835989937064,0.9950552481713314
0.9573382837209323,0.9949956165717011
0.9575493592792146,0.9948668528180911
0.957502668249653,0.9943891712620403
0.9576045459329299,0.9942312895931722
0.9579411065809423,0.9941089837986744
0.9582172840660144,0.9944769486225189
0.9572539862615833,0.9945372832956598
0.9572358624093098,0.9945725648351229
0.9567098144588876,0.994615359304732
0.9569435403275568,0.9946574111596902
0.9570765346132311,0.9946592758154009
0.9572507639663013,0.9946891089653686
0.9574067111888782,0.994684243531732
0.9583046243425186,0.9945372692388423
0.9595312958637421,0.9940829410341834
0.9597850173409261,0.9940562177423213
0.9597282818122359,0.9937872885706877
0.9596848908026513,0.9936781597428059
0.9597215975425513,0.9934279988849284
0.9598294040935113,0.9933903534742162
0.9598842390658364,0.9932274714739835
0.9598358146614867,0.993153707400486
0.9600044927027125,0.9932192011568367
0.9599231931710639,0.9931603187219755
0.9598243733623345,0.9928671018867432
0.9595156766061828,0.9928850977877752
0.9595872865449329,0.9929076910372632
0.9598506712512781,0.9929049493406552
0.9596474023894339,0.9928225186908124
0.9596695891192456,0.9927332236012902
0.9601850320309588,0.992620130842843
0.9600967133563854,0.9924834273126959
0.9600513059065955,0.9923608502556789
0.9606663422972991,0.9922422152845618
0.961091513539778,0.9921408859135585
0.9615262902830228,0.992112123829642
0.9618727836285168,0.9920718271670246
0.9621153580793005,0.9921564310477531
0.962187696801995,0.9916002550450396
0.9621960740596989,0.9914370251518413
0.9622629506765543,0.9912407193051587
0.9625358785130169,0.9910005432483391
0.9626907129976443,0.9908465717669925
0.9626936543854738,0.9907104812388525
0.9629939177210745,0.9902799502588842
0.9632010915195659,0.9895102039703145
0.9629359096647719,0.9894514623853471
0.9631194007523798,0.9897447190676301
0.9633630679632811,0.989816658241701
0.9649582233992855,0.9897956800776226
0.9673613534696002,0.9900930843605289
0.9689621465255132,0.9901005519491044
0.9701131927313777,0.9899390944230146
0.9713441206641913,0.9899194859380686
0.9746124404979242,0.9898935004840992
0.9784104754410707,0.9898763275574967
0.9806304160749362,0.9898615777703863
0.9820843411654072,0.9898602231848007
0.983700832369389,0.9898504288830445
0.9855242011085232,0.9898446299104252
0.9874898705718791,0.989815248636424
0.9887228161417436,0.987657336859656
0.9887329609483748,0.9829871720230638
0.9886485946721919,0.9775775003202594
0.9890861034696455,0.9722979663428668
0.9890852285071687,0.9668474004443456
0.9892429719516072,0.9631306476484434
0.9884890660691041,0.9576092903788067
0.9885903233974953,0.9526007299316561
0.988859765326563,0.9521202050817217
0.9646062373744535,0.9517901077484052
0.9495928355794353,0.951710246603993
0.944737541100063,0.9519547882670227
0.9451537651177339,0.9519979973464828
0.9418769782598038,0.9520193423086304
0.9443745976404718,0.9518143681337425
0.9889616408765013,0.9520231830142856
0.9898943231229584,0.9522589377740474
0.9898022259999895,0.9525519979677171
0.9899318558745058,0.952865763846833
0.9897340466767135,0.9531435619114874
0.9896337104382067,0.9534300985720603
0.9891477680788271,0.9536834732038972
0.9886089598543153,0.9538086353922697
0.9879260039561937,0.9537880182686331
0.9869721834387515,0.9537611432469804
0.9858022458774894,0.9544416586483652
0.9843744223674501,0.9546425118227362
0.98300590315757,0.9548833977915447
0.981565569669307,0.9551453762341443
0.9801963875756349,0.9554146171009796
0.9784627762054554,0.9556541586925337
0.9757881321559374,0.9560730209386945
0.9709605267582804,0.9568326240656178
0.9320268083393421,0.9564755113355674
0.9161360306686545,0.9559614277091134
0.907267188354481,0.9555889033503636
0.9002447773761186,0.9552969738715082
0.8940071920270999,0.9550413190515135
0.8912546520225076,0.9546852040426996
0.8907027658753224,0.9549494256008385
0.8945221195959294,0.955100927134173
0.9268021885787638,0.9552487806737346
0.9231273174879923,0.9553704827984499
0.9196567294049529,0.9554427871306568
0.9159864279222333,0.9554726331914394
0.9115972977896873,0.9554973887560336
0.9068528845111112,0.9554915217458961
0.9015685324154644,0.9555406411032008
0.8952601589034512,0.9578221038432732
0.8898502335618902,0.9628236886086516
0.8872619060152855,0.9683355104255149
0.8864180728972695,0.9737712493505695
0.8874412451627812,0.9791270695221059
0.8887474316497281,0.9828477924930842
0.8908717999451217,0.9880257768915426
0.892786016522251,0.9922683514328756
0.8947749338671585,0.9924894916195294
0.8959317961161738,0.9924838172926406
0.8966326744627613,0.9923832204665345
0.8969160962681716,0.9921225130391622
0.8971208836159732,0.9919568773305172
0.897942930047549,0.9919190998240386
0.8995811893099491,0.9918867159232602
0.8998391309277363,0.9919054879351488
0.9000093274712069,0.9919235272083351
0.9001237160863921,0.9919217164021994
0.900217894405355,0.9919766696265822
0.9002293760844309,0.9920128306626811
0.9000997944405327,0.9921055102610397
0.9001342963358592,0.9922346301665537
0.9002440069772326,0.9923888628265995
0.9003578006346353,0.9925134110583436
0.900466669474235,0.9926758222140899
0.9005630834207232,0.9926868973290863
0.900729103786744,0.9927710921258834
0.9009820322179719,0.992973022526386
0.9008487842164951,0.9931827046409611
0.9009811080417549,0.9934535847847115
0.9014810534629204,0.9935098871662746
0.9031991165754445,0.9934161417170816
0.9052951513133125,0.9932295798026506
0.9094129873381429,0.9930679937291651
0.916473415211067,0.9926943511644497
0.9231951409556136,0.9923979898382557
0.9287023442556264,0.9920963038278661
0.9337127269723249,0.991966505022819
0.9381737341905021,0.9919915643430504
0.9424769222303615,0.9920075766155725
0.9460808004182674,0.9920388141301554
0.9491164079292143,0.9921258359520162
0.9520529319414323,0.9922061770367023
0.9559561000506454,0.9923143093193827
0.9601037702622591,0.9924192249282818
0.9647446878311885,0.9925476242913469
0.9695811331723498,0.9926980664842386
0.9748275466842475,0.9928788702418714
0.9803297572469967,0.9930191696154782
0.98450581836746,0.9932672243592335
0.9858152173762331,0.9932682491670686
0.9857304807184362,0.9932425580105312
0.9817424663831562,0.9930577346348357
0.9778351069687772,0.993036140866792
0.9747853662621937,0.993021809609562
0.9723973952735038,0.9931404723346261
0.9705899335518908,0.9932723459548182
0.9690413919099051,0.9932857491220379
0.9686035017731924,0.9932630845319206
0.9685213812313411,0.9931214034033689
0.9684900495825487,0.9930019968357127
0.9683717597828517,0.9928475236455827
0.9679517074481491,0.9926613469187981
0.967920983093196,0.9925888082850919
0.9681827857912619,0.9927004666263651
0.9683552945938643,0.9927882983238878
0.9684307506572585,0.9928304119378573
0.9686742434049331,0.9929031201062849
0.9689919470825268,0.9929202791590552
0.9691701939687967,0.9929250274290521
0.9694534448464993,0.9929405159389975
0.9695270374469738,0.9930246324573472
0.9697687094064019,0.9931087946641923
0.9702207323881162,0.9932970828992084
0.970917318818559,0.9932985251244624
0.9717503856609286,0.9932993691672938
0.971832103325958,0.9932997485231547
0.9719960956288414,0.9933735567208071
0.9721681278454923,0.9933738026980536
0.972449784695611,0.9934476808856778
0.9734990766815399,0.9935578358718089
0.9744292053848711,0.9936224928746598
0.9754931300631391,0.9922615191212394
0.976815947041714,0.9917216817669873
0.9788373636970875,0.9879881374327164
0.9811727512586028,0.9879201692999606
0.9827235986697633,0.987683970749052
0.9836053685652457,0.9875720933905748
0.9848359780108731,0.9876852915189362
0.9858269601018878,0.9877164985152176
0.9868278436395277,0.9877907393299146
0.9874341518499716,0.9878806984828779
0.9875800200746605,0.9879760593788052
0.9877916347386457,0.9880772367231395
0.9879620547425247,0.9881777463443726
0.9883200611428953,0.9883435877062006
0.9877706972300684,0.9883166290985731
0.9877650290158727,0.9884061492590601
0.9878725714061896,0.9882249710196642
0.9879480811047865,0.9882077612703462
0.9883767252425302,0.9883849217536942
0.9885847150482068,0.9885959290541164
0.9885447514274046,0.988395826057991
0.9886486117886809,0.9881386948689634
0.9889310183283141,0.988175475446625
0.9890204379444367,0.9881557036411754
0.989022285406109,0.9873509437920208
0.9890533485169777,0.9870745903874478
0.9891492474262581,0.985457393425688
0.9891686118026362,0.9838543207701267
0.9891576033010301,0.9837216870129616
0.9890108988597099,0.9831683432181486
0.9889619800044686,0.9832371142387444
0.9888676693824723,0.9833373154619827
0.9889365524583023,0.9834208182412159
0.9888892503698068,0.9835952615402684
0.9887466772136593,0.9837736630148273
0.9887789459113396,0.9838935235792368
0.9888244071023399,0.9839835848935568
0.9889279778811032,0.9839865474989257
0.9889661609733953,0.9836395791105441
0.9889903828039945,0.9811322428800363
0.9889370991366921,0.9802297419027692
0.9888044435984377,0.9796523166380596
0.9887170003363261,0.9790832343298106
0.9886437012956331,0.9788106661631051
0.9883766777704368,0.9784390390387505
0.9880957690672141,0.9780307729908744
0.9868249996625771,0.9777654941183501
0.9851679566474436,0.9777680636578006
0.9836191441370332,0.9772704419772014
0.9821034712046891,0.9754224340846738
0.9798710519567015,0.9758531329404918
0.9776165721533547,0.9739268395798475
0.9762034191298293,0.9737345711301697
0.9750952546207845,0.9728815629540069
0.9741502950547252,0.9729778528524946
0.9732953513575573,0.9730706737538418
0.9722913439268835,0.9730571277874263
0.9714539726570381,0.9728969901070896
0.9704853823092486,0.97275788865468
0.9697836611155219,0.9725179106782538
0.9685797880904232,0.9721307371070234
0.9677967417467845,0.9717572700767709
0.9673573525027893,0.971803484654195
0.9668455919574652,0.9716359639463338
0.9668438075455228,0.9719623897708514
0.9669416847992258,0.9723937626344215
0.9673254707144597,0.9728341123967008
0.968428544077409,0.9732546507038958
0.9698037768376777,0.9724718107174615
0.970928347740172,0.9715842463574104
0.9713868651733899,0.9703604525411342
0.9723410845511458,0.9682849975096901
0.9728495652449551,0.9662325126461666
0.9731579959364809,0.9645406370613667
0.973349604206009,0.9628561437697246
0.9734403645411722,0.9613779783158685
0.9742059635452174,0.9595013990040855
0.9749156167535459,0.9582904856295581
0.9749813774707135,0.9581840958386293
0.9750797699362255,0.9582676311302321
0.9754178551444377,0.9585869872789845
0.9755184017388477,0.9587513087310426
0.9755264496687899,0.9588436108386169
0.9756670853857932,0.9590681078657267
0.9758468991543401,0.9592514134455332
0.9759011859826663,0.9594708098238063
0.9758520989489188,0.9602303358007114
0.9756556970568727,0.9630142376098368
0.9754218892595921,0.9647849241105149
0.97532107272573,0.9662818672781579
0.9753124643741979,0.9677308608379206
0.9752893943594432,0.969055146046703
0.9752668804392421,0.9702074047826122
0.9752707510753755,0.9710694987189559
0.975978337836868,0.971987244193413
0.9770011115625994,0.9665110805188984
0.9778538892113331,0.9614532577818826
0.978848664983333,0.9571626924006027
0.9808012311284149,0.9534214027528952
0.9826820408409125,0.9530773391019045
0.9837403062179164,0.9530674273494169
0.9840930705928962,0.952938221764901
0.9846803780702957,0.9534640231475183
0.985918146674043,0.954125235004373
0.9874439344131136,0.9548802800925718
0.988226315382656,0.9554906139177453
0.988632374903684,0.9561018316769223
0.9894202257103917,0.9567969918255237
0.9909586426759394,0.9576701317602914
0.9923031683171318,0.9583101808030772
0.993136285968558,0.9587434718747943
0.9938900461590385,0.9594814849820215
0.9939792795527589,0.9602956967451907
0.9939880875105982,0.9611301335210871
0.9939907572753919,0.9612786484670545
0.9939172656475695,0.9620729203809748
0.9938285452147632,0.9613945378733474
0.9938235726420088,0.9613857915480303
0.9937610196918624,0.9613791897231672
0.9936623111222961,0.9588340406182372
0.9936961621288841,0.9530590452217248
0.9931477151625987,0.9483229175476422
0.9932046830472419,0.9443109736497426
0.9930879530465272,0.9432093715932
0.9930549253021135,0.9431325983479255
0.9930035017288426,0.9431371709352683
0.9932388991604731,0.9433270029555693
0.9927787713209766,0.9435821811423847
0.9926939572859451,0.9440189313824168
0.9926139380873605,0.9441108123425695
0.9926314855469742,0.9441913752952265
0.9926901224338286,0.9444661370996643
0.9920578728569804,0.944490464944383
0.9913115200111084,0.9447824413757457
0.9903824349659823,0.9449270189856
0.9893078281209742,0.9448864809681723
0.9884226391587417,0.9448786367439702
0.9875764481281548,0.9446913325190764
0.9875018885032997,0.9448505648372542
0.9874801583725783,0.9453665175660086
0.9875817150963833,0.9446467298985041
0.9876668569737812,0.9444558665468408
0.9873959523032061,0.9445345949191879
0.9871556695580457,0.9445703809862939
0.9858125945738316,0.9445327751538143
0.9845468157577069,0.942387351677413
0.9823560933802753,0.9423752021135989
0.9767523323833192,0.941600355064669
0.9729428435167595,0.9414808138411772
0.969383952224707,0.9415127221025877
0.9657615074397972,0.9416018215614272
0.9620732948560626,0.9416288609932184
0.9580933110714307,0.9411685075673268
0.9540641210800577,0.940813245434958
0.9504904619664383,0.9403954242583434
0.9459887814577883,0.9403604777583313
0.940852942218512,0.9400746658037094
0.9352230188208432,0.9397182765144234
0.9342005484525702,0.9395835866155875
0.9334756619599065,0.9387436565414584
0.9336417171021569,0.9380330428425931
0.9336305735777874,0.9372977959083284
0.933152742137328,0.9371504867422513
0.9310919275413075,0.9371304649511981
0.9288994798040259,0.9364688560872849
0.9286473422351287,0.9363402211232272
0.9284436319483276,0.9360602601087316
0.9282401654975212,0.9361138522088275
0.9281714115773683,0.9380527756931354
0.9291563883122171,0.9400556140418745
0.9291689498171651,0.9422566949804423
0.9291963674780316,0.9433551745827544
0.928908989859401,0.9434257698450017
0.9286261530776292,0.9434073726589193
0.9285577094349342,0.9433281211534706
0.9287373144988672,0.9432809967608736
0.9286886032565093,0.9431279746707832
0.9286777180005981,0.9432426143637669
0.92868083850366,0.9435882910813896
0.9287559322663227,0.9433988413783381
0.9292660653270569,0.9435476144120076
0.9299229702049805,0.9432363297076685
0.9307233399092846,0.9428421459359887
0.9318196993534499,0.9420253240124137
0.9328514129430292,0.9400437179938477
0.9337889645998587,0.9380643756017112
0.9338990192884107,0.9352844045849471
0.9338547899596426,0.9327566166052927
0.9338198836793754,0.9307683677130599
0.9337124373605878,0.9288408607672514
0.9334716895220054,0.9272947523436068
0.9315696509248346,0.9281913957941679
0.9301503258728907,0.9297216185576177
0.9245135828646038,0.9352590285893745
0.9202565932236151,0.9379786528227156
0.9198493028617416,0.9411042600713758
0.9194631760111274,0.9424195648899939
0.9197533309793569,0.9430496796722443
0.9200764814575442,0.9429261968702177
0.9203488461572245,0.9425547772893126
0.9205892045791708,0.9423247465690285
0.9207046534279166,0.9427425606281703
0.9207417288096553,0.9428890041711018
0.9207529129257025,0.9426367850358996
0.9208439879133874,0.9424925974109732
0.9209348635982009,0.9424975966794897
0.9167845876329076,0.9424737525241831
0.914602526753644,0.942382949854953
0.9132261262663339,0.9412490470676864
0.9132403456074583,0.940075331998961
0.9131867077048038,0.9383140658219357
0.913854355227745,0.9370341688816431
0.9148979701177182,0.9366938363446666
0.9149263156060095,0.9356033392076812
0.9149376643462949,0.9345239526513165
0.9150120562863756,0.9382191883100658
0.9150345421925759,0.9446383190466963
0.915086925601303,0.9528198796349823
0.9150945957828609,0.9630341992096731
0.9152891708150845,0.9644619697585488
0.9155208921593959,0.9654907781060574
0.9159002761441707,0.9669137171275306
0.9159307584595409,0.9684516738560858
0.9164500910941947,0.9700941744199642
0.9169949736847416,0.9702839522062614
0.91750678443334,0.9700896696401253
0.9177042909363025,0.9699041578322978
0.917965176649846,0.9696584944913098
0.9180767342263306,0.9693947652685032
0.9181810140065478,0.9693710085099442
0.9183886225286528,0.9695004622032254
0.9184804445927102,0.9703205801532733
0.9185596110166003,0.9701785824351334
0.9186811744197385,0.970423902270526
0.9188699436486413,0.9708976243816982
0.9187663439773881,0.9721450370634415
0.9183166373390853,0.9727287739462499
0.9165393632153134,0.9725677372429375
0.9144680117563277,0.9716138242022241
0.9139818490821499,0.9698061243907803
0.9139012929673389,0.9689358978125326
0.9178596647208752,0.9683681785745993
0.9178800486760212,0.9678921778197371
0.9189717901178123,0.9677273789703904
0.9212014079111875,0.9679012067758859
0.923929861285141,0.968692027802702
0.9255288423856283,0.9683392836955991
0.925757660874289,0.9679728940042467
0.9272140917773678,0.9678071283285097
0.9277270182829073,0.9674247174586207
0.9280503789958194,0.967329190252306
0.9289214007535733,0.9673690848997276
0.9288938641818029,0.9674022609014852
0.9295199192618147,0.9674034360203292
0.9340003850195762,0.9680026009485067
0.9333233337260175,0.9690435476281162
0.9323275470732617,0.9702731542578034
0.9322357485061359,0.9716749170504918
0.9322542524484958,0.973079976927717
0.9323209356170964,0.9742113931354154
0.9326467894879906,0.9749017575398538
0.9328853129625518,0.9751716044699958
0.9329234528115993,0.9754160719967864
0.9329518090737567,0.9755078259126749
0.9329359553935477,0.9752735221019628
0.9330030399557683,0.9751615289128948
0.9329923722582112,0.97504066383524
0.932479075959838,0.9751189660832105
0.9320326938189245,0.9748386643550906
0.9314366407301311,0.9745445221549422
0.931494258882989,0.9742845385386243
0.9313058550287028,0.974085781573993
0.9312531923565122,0.9740982552629835
0.9313081202674975,0.9740199528855409
0.9317556489533032,0.9739752460109836
0.9321415024895918,0.9740505834109455
0.9327421526660121,0.9742342850974353
0.9325245793492818,0.9740693476151149
0.9326739387572371,0.9735799082209166
0.9330143800479228,0.9728139798187863
0.933271480374144,0.9722182045161712
0.9331379103590508,0.9716185654543195
0.9326805525204455,0.9710848602503276
0.9299757341370893,0.9695730983919905
0.9259722230737686,0.9691468329659048
0.9260569210873006,0.9692477622214949
0.9282810248175004,0.9698830892463888
0.9307187824525109,0.9713048487737843
0.9332013239076431,0.9722284116434143
0.9362385714990991,0.9729240952236352
0.9426442747438892,0.9736872817218596
0.9474087046936676,0.9745083002594348
0.9500562511784281,0.9748758925066084
0.9515016587137749,0.974820496455661
0.9533075828645958,0.9748702571879471
0.9560751517022844,0.9751917597820561
0.9577293344316798,0.9753603600919039
0.9606825950058091,0.9754331286230415
0.9641013306510187,0.9755664057131961
0.9679316469192968,0.9755761359927106
0.9727541981625063,0.9757630241343176
0.9771874758261411,0.9760266614479585
0.9790484723414994,0.9755721952278045
0.9824666874380563,0.9754618402800069
0.984122361593115,0.9757652162661674
0.9820947709961587,0.9758206750475942
0.979740529457911,0.9759672118388384
0.9762909671122263,0.97509644198757
0.9733765390031869,0.975436007984066
0.9720965602511776,0.9764184013535608
0.9710812850047903,0.977799514422219
0.9702954338539052,0.9795959281126827
0.9696734476035032,0.9803039082625715
0.9692222697536093,0.9807073556582995
0.9688315150779234,0.9809316545309138
0.9683255031935549,0.9805729501403455
0.9683885056013823,0.9805402771042688
0.9683257990373357,0.9806505681683231
0.9683174937417274,0.9808157082270152
0.968847257619669,0.9808956984918924
0.9691058229826583,0.9809545176808614
0.9694184948103364,0.9811024907813177
0.9697667710934629,0.9812847304967782
0.9701436122128841,0.9814082430747273
0.9701865754608807,0.98153280710252
0.970212417520233,0.9816268038769962
0.970703105021798,0.9819234922913108
0.9709075359097606,0.9824545490636747
0.9713885428033926,0.9826404012535074
0.9715406630949912,0.9826345779380083
0.9717022838938028,0.9827079264057126
0.9712861974664715,0.9834135923507932
0.971747651720489,0.9835037424378301
0.9715019916325063,0.983508307665981
0.970737751125248,0.9835084950815025
0.9696353010903288,0.983979567043702
0.9683831496371069,0.9844083566407688
0.9664379902765643,0.9853275939033712
0.9643320758787879,0.9864340207685061
0.9627002083395542,0.9863760600251736
0.9615598338761722,0.9873449048502589
0.960808952863026,0.9869090063569037
0.9606834537121636,0.9870358112004703
0.9587487122972066,0.9867331535751055
0.9563590513542526,0.9867550041792263
0.9561597291634112,0.9868040085506884
0.955757106178791,0.9867541958072381
0.9543660203202484,0.9867932561764542
0.9527443403706729,0.9867021311911134
0.9490925441347975,0.9866119917589053
0.9473438047500469,0.9865607794975004
0.9459919638813971,0.9859729327337947
0.9456985241472022,0.9853753835286135
0.9459310518951537,0.9848566456306032
0.9465245315771154,0.9843303373284662
0.9476702715322558,0.9840213775814408
0.9487364977964314,0.9834186722959526
0.9495705919988991,0.983098854906479
0.9505242469111008,0.9829443014383217
0.9515305469171613,0.9833917603488417
0.9526582478378556,0.9846635298706948
0.9538808509235964,0.9860486271306687
0.9552840600662044,0.9872251177930687
0.9565594886740338,0.987864172792833
0.9565475425056285,0.9878193620159159
0.9565069541236189,0.9869827339038233
0.9562193944098638,0.9869850628207129
0.9556443341436578,0.9870208190221861
0.9551348353102824,0.9870162095446902
0.9549141437055346,0.9869786075643132
0.9547209750017953,0.9869316702287537
0.9545382095298589,0.9868785749558349
0.9543880872768362,0.9867727858123483
0.9542288962698962,0.9865827740255015
0.9540816212822449,0.986229618969658
0.9541089243128074,0.9845546132665306
0.9541124680474447,0.9835084710554999
0.9537545948703204,0.9825335160139266
0.9538754099002609,0.9815343764404734
0.9561125057609051,0.9806116079862555
0.9559247659565804,0.9798066561629523
0.9552376498312132,0.9792750243053836
0.9535490796721788,0.9785774173729611
0.951897104428432,0.9795451683327028
0.9497986609243976,0.9811265640732572
0.9458284316696428,0.9815014586804871
0.9411766315911921,0.9818187212898646
0.9368139180660795,0.9821718233595131
0.9329496352065588,0.9823175453793194
0.92938873350412,0.9828909241237127
0.9258880752705163,0.9830580507819724
0.9250303588327016,0.9840105414444011
0.9247101667455886,0.9840688811745351
0.9211232107487382,0.9840282826968787
0.9174668115423805,0.9839757177318673
0.9136709359684136,0.9839194259281395
0.9096412261330776,0.9838754312073521
0.9083564164347198,0.9838091503540962
0.9079865594465361,0.9837873472120483
0.9071719028753984,0.9839092522830004
0.9063099774351788,0.9841300824478507
0.9063105761175931,0.9842212312054395
0.9074886938051508,0.9844076389879356
0.9099406207940345,0.9843336012341775
0.9134244645695577,0.9846819521397971
0.914790197503639,0.9843566877187526
0.9155317853285048,0.9824997022608921
0.9163717009957015,0.9795721767444945
0.9166398150451751,0.9772821715134424
0.9168050316663089,0.9748219848561566
0.9168791698928709,0.9725833644100024
0.9182247706641009,0.9720781019938962
0.9182631918329078,0.9721828795474969
0.9184691472251587,0.9730031820722722
0.9182041892240593,0.9729767697483125
0.9187893883943812,0.973063128044198
0.9193804092008977,0.9730095106799201
0.9197741811765241,0.9730149784256863
0.9194708867112484,0.9730087786921767
0.9193350939041,0.9729992788355578
0.9188126792687141,0.9730727714807648
0.9182063295526947,0.9733918623121377
0.9172782887953571,0.9740350550853168
0.9168977767553147,0.9757203166634616
0.9168003924237642,0.976174138684184
0.9162030718207377,0.9768471000411354
0.9156827792967726,0.9774160352073813
0.915704147874784,0.9782384458440986
0.916389276181975,0.9788161338068216
0.9170952446009909,0.9785295170221763
0.9186438329024553,0.9785228904246619
0.9203189391544412,0.9783430212413652
0.9229928525092806,0.9777097399649529
0.9282131684040669,0.9771557639550457
0.9332405681385334,0.9769907126296131
0.9375531245758679,0.9769462167356721
0.9412270901694717,0.976629485666616
0.9444747930412467,0.9762501930893149
0.9475027645883625,0.9761138894957484
0.9470744131198914,0.975860358054712
0.946791414810163,0.9757875441658047
0.9499036071754636,0.9758804572918867
0.9531493361165224,0.9760302679464392
0.956668256232359,0.9761887003292788
0.9605024820208325,0.9762861105516786
0.9646227705800952,0.9763252963543034
0.9655642328273302,0.9761814388524002
0.9670613369562913,0.9760556470493036
0.967594270894776,0.9761010778485176
0.9676035319472345,0.976561307062892
0.9666337422430967,0.9768739523205028
0.9650301637314135,0.9774287074916304
0.9622419213390219,0.9774836687705634
0.961518042878193,0.9773562852020283
0.9610709430098543,0.9774225036677563
0.9605436950244514,0.9778483591612492
0.9604462528899643,0.9781844370003425
0.9602017332392074,0.9787184980383083
0.9601483433555822,0.9795344606481913
0.9598989754519965,0.9795870876083805
0.9600809111037039,0.9795021114030793
0.960343134088512,0.9792844693676817
0.9611135219467279,0.9792527251926222
0.9610938157020293,0.979006581980887
0.9610871893686128,0.9790631475041822
0.9610735333889275,0.97904029732262
0.9610109178875732,0.9789133963814569
0.9609210082375441,0.9788316936044053
0.9608513943929753,0.9786252805984861
0.9608088316151144,0.9784767787375309
0.9609572047513417,0.9782766121867084
0.9609121539203286,0.9781118295523445
0.960944973716612,0.9782652889744268
0.9610856264510077,0.978289665848615
0.9610625802467235,0.9785303652033581
0.9610024805627821,0.9784933084960931
0.9609941349820285,0.9787623353157793
0.9605958432855101,0.9796757834802803
0.9602962523269445,0.9809458338460806
0.9589123355971443,0.9819937562317789
0.95732527421303,0.982925698810206
0.9556126259791171,0.9839195915385286
0.954720520960499,0.984361976195481
0.9515507947727477,0.9846568375486959
0.9489495313665774,0.9846670234902164
0.9466005443416516,0.9847849926775216
0.9434750980158911,0.9848073506278721
0.9435367006114128,0.9847390192006382
0.9435904315017839,0.9846705273936087
0.9404458904110027,0.9844434958717676
0.93715065466287,0.9842891380772577
0.9355538118018724,0.9842088009065293
0.9318908592995062,0.9841625909458553
0.9314154147719971,0.9842636515119438
0.9307658608777792,0.9844392482568712
0.9305368877573843,0.9845156647660981
0.9305316564255443,0.984537441902543
0.9305408818603609,0.9842226050517395
0.9304988816549866,0.9842129135786715
0.9310339858275035,0.9841787166527517
0.932465074776283,0.9841564420295313
0.9328625746453252,0.9842649875899023
0.9331269837941715,0.9847820535700946
0.9335658438363013,0.9850735751559889
0.9335911663033268,0.9856508830005309
0.933798516293743,0.9859524376230797
0.9337553762137569,0.9860116953286644
0.9334986891375627,0.9862918248537091
0.9330456136774972,0.9862854061272246
0.9323604642568571,0.9862759784477773
0.9324985836624654,0.9861745226719012
0.9326210259413421,0.9861207697672167
0.9327950193384771,0.9860360363519
0.9327443843693515,0.9859968618663093
0.9325670730342104,0.9860655805843844
0.9326137023491898,0.9861101869638016
0.9324552300623599,0.9861496531843479
0.9322796403645428,0.9859849733618075
0.9321719092561473,0.9856400898604553
0.93199557106291,0.9851045762531521
0.9317785334985274,0.9847274109782307
0.9314313048155893,0.9840439833530696
0.9315147498280127,0.9836428288186612
0.9312484537592707,0.9830810785104012
0.9289883524086542,0.982860565846865
0.9223710248030816,0.9828806637138874
0.9161554417701621,0.9823145918478604
0.9114764102513013,0.9826682123699527
0.9069951059192853,0.9834725290124775
0.9025649618628655,0.9843907533407895
0.8988133573004464,0.9850106307850492
0.8982774523992463,0.9848899277408399
0.8973478720365725,0.9848913213324384
0.8967845394128693,0.9848087301984556
0.8975261254485516,0.9847864676591584
0.8983144770009536,0.9847919505682018
0.8990960852934426,0.9848082442950983
0.9000112666223274,0.9849269930749882
0.9008341087652378,0.9849851917706214
0.8994990481700423,0.9850190966237186
0.9001612845568417,0.9850070938899942
0.8970168364030815,0.9848761149824312
0.8931010017023027,0.9838710252839744
0.8874412898466753,0.9794610550102799
0.8800458349614624,0.9740934623051276
0.8773953119176716,0.9687172175589723
0.8775414100852845,0.9630988535535843
0.877608837584627,0.95852894866154
0.8779210438500444,0.9548696922449895
0.8779119086598611,0.9554551314125231
0.8777915972911492,0.9542176514343417
0.8778019898379703,0.955351084124652
0.8777503378987415,0.9567523791076267
0.8772949611262831,0.9586819204583743
0.8770822126912673,0.959161243056919
0.8777883038032341,0.9574900044955963
0.8784378526842196,0.9566078230492512
0.8793201822602352,0.9562617590925977
0.8782904328846495,0.9561834342216207
0.8771075497705928,0.9560709924268594
0.8764011846472617,0.9559989688916894
0.876672458724439,0.9559115826767627
0.8771185715444983,0.9558991126569563
0.877286126323745,0.9558309281745948
0.8782324693252195,0.9557938102683086
0.879076836039058,0.9557745355885119
0.8793387032109186,0.9548145433084743
0.8797005730204372,0.9538130160639329
0.8801597667091587,0.9535026664353943
0.8802044400550938,0.9533437506642934
0.8802256139325799,0.9531341367920731
0.8800879375426865,0.9529374586814849
0.8790046020206334,0.9527624142276194
0.8841680964634488,0.9527327985586966
0.8841253768059913,0.9526877495420514
0.8840755134480162,0.9528319873279812
0.8840284009058038,0.9528332172398966
0.8839948782103284,0.951842270752219
0.8838848792461508,0.9507012891318976
0.8837194012246918,0.9495831521488596
0.8835722623254856,0.9496211160761704
0.8832267060280781,0.9498370383711312
0.8824465577991075,0.9499277965854009
0.8814497452774257,0.9500653347529854
0.8804191290985881,0.9501038511770805
0.8793631523994918,0.9501566528876519
0.8784606364455616,0.9502424556891335
0.87771102271448,0.9502382333400713
0.8770655696775983,0.9502060480165115
0.8766395519097956,0.9502169638517555
0.8764249550808585,0.9512381411835029
0.8765022956055855,0.9559673225021456
0.8831985972740644,0.9607334813225008
0.8844606796298813,0.9660480888533114
0.8846911167288294,0.9711139242762266
0.8848986957989837,0.9754664839181422
0.8849692965798085,0.9786373990226137
0.8851186318115778,0.9792652592125195
0.8852081419116642,0.9810302582668237
0.8853182821191348,0.9818064037143514
0.8856074044687048,0.9819775729811342
0.8855493225666236,0.9821535491699411
0.8853945582163845,0.9835181575894894
0.8851661834018001,0.9850761174397641
0.8844926442125829,0.9858477892782936
0.8841913788333456,0.9860851699125999
0.8837573277108035,0.9860436689754608
0.8839025304440424,0.9860760032227103
0.884292153315108,0.9860807835316197
0.8844616700976535,0.9860661587367769
0.8844830918231996,0.9860298475588838
0.8845514363037906,0.9860271957085507
0.8846107763083473,0.9860427264801415
0.8844809325833023,0.9860856107790853
0.88444422297403,0.9869406835455268
0.8845626265105005,0.987032607895935
0.8845401476595229,0.9874621971138773
0.884557072148594,0.9877002248519917
0.8846065061930689,0.9880092510418428
0.8846145516928123,0.9878789523300089
0.8869825584665125,0.9881151602105557
0.8889833231463624,0.9883778264898729
0.8950831529606248,0.9881135871455293
0.9011912675827949,0.9873332263883843
0.9073370514534376,0.9855155551820021
0.9136629261270153,0.981149866163501
0.9192512450758874,0.9773926288212265
0.922107602981541,0.9772587579558087
0.926499726822863,0.9770405044144603
0.9305086698088141,0.9770973822005832
0.9333162681670075,0.9772329710001071
0.933819381805989,0.9773795895096286
0.9342687574333567,0.9775793311016245
0.938310679458997,0.9776569204368745
0.9428573604724206,0.9776806333859442
0.9454455655406919,0.9776982246617731
0.9480983938333383,0.9778379545533068
0.9521856270812383,0.9779696319474862
0.9571914116321847,0.9779332103122444
0.9627121687627984,0.9774511034741993
0.9627505309364472,0.9772513244784556
0.9625698326309449,0.9769868175695495
0.9616343800640994,0.9769816161038988
0.9593453975714041,0.9767264288747834
0.9560710689784575,0.9766220867852999
0.9555467365080741,0.9766301808467273
0.9554722357126355,0.9766253094959965
0.9551118480028091,0.9763297201789469
0.9548515276926054,0.9757848352501242
0.954806091142726,0.9754155536267146
0.9549375756727702,0.9753037378864586
0.9552416729364042,0.9756377412264567
0.9560483846496346,0.9757807602558073
0.9565906063774818,0.9759559325917365
0.9571788461470728,0.9761845010483075
0.9576073154507312,0.9762713077286507
0.9575315493278793,0.9762569247074621
0.9576585004002045,0.9761788020823152
0.9578497220298645,0.9760905536285682
0.9579907074293021,0.9759309192509082
0.9581293937395489,0.9758161604994247
0.9582910299083032,0.9757466435098107
0.9584193741137008,0.9757006399514262
0.9581925185548815,0.9766627476099601
0.957900533458643,0.9767101198401423
0.9578058231453673,0.9768422038854869
0.9578265944254882,0.9768903909617059
0.9576597577792485,0.9772174615494981
0.9566121241713146,0.977289172838143
0.9556729762832177,0.9771854540335072
0.954595227053,0.9773233270683277
0.9536348680879827,0.9774685438832815
0.9493397118616513,0.9784550542757247
0.9434297571338844,0.9823672167242348
0.9381447381076875,0.9861191859463156
0.9355129621108165,0.9869317716557637
0.9314627695695656,0.9873131462271736
0.9279982147239718,0.9873456711957427
0.925958778818256,0.9873366821251405
0.9262489696304093,0.9873308440018254
0.9266156377039344,0.9873104639370112
0.9234143237026802,0.987386778667952
0.9195230831709538,0.9874527761281264
0.9173729574252264,0.9875580311776112
0.9167539215005671,0.9875547771223296
0.9138571654996424,0.9873866138541727
0.9131935746480515,0.9864546861358735
0.9122442939835358,0.9841369308154384
0.9122983780707172,0.9825294377285951
0.9123215773905236,0.9803094762153417
0.91264332588393,0.9787124171540191
0.9141435176772774,0.977556929949164
0.9172908409369205,0.975987072727763
0.9178352563647847,0.9753431495495755
0.9178453730229668,0.9742705998117005
0.9183159781945633,0.9745717280878239
0.9184761211766466,0.9759036641552846
0.9182701061488826,0.9771165153362621
0.9180416944310563,0.97731962028769
0.9174134554908042,0.9774900830014641
0.9172137590677119,0.9776474105478659
0.916880219722215,0.9777467609411219
0.9166818635273166,0.9776802115816643
0.9163329548653013,0.9776050358416593
0.9159820616918243,0.9775172310014445
0.9155363586496255,0.9774900140874576
0.9153230494717912,0.9774542184737693
0.915095689382364,0.9774121030560726
0.9148729345699906,0.9773318303733861
0.914663290655335,0.9766718247536612
0.9145841839563746,0.9724489814069974
0.9147012767637164,0.9678559921106666
0.9149207158046169,0.96244306983638
0.9149376687758048,0.9569190819974289
0.9149643455409986,0.9513416389774374
0.9151586172879786,0.9458846177470317
0.9164329029388707,0.9402971310473067
0.917897902534465,0.9365840480504943
0.9204629093350509,0.9328954775225486
0.9228108093442287,0.9336020216037288
0.9285798152336953,0.9343385873630063
0.9356564566218362,0.9358544683209037
0.9424490644866442,0.9386713405918978
0.9489541909060292,0.9386797777200142
0.9543221503337116,0.9386649542591401
0.9589704386986084,0.938674055827422
0.9633816353163651,0.9388059864479683
0.9672812360937686,0.9389905746671726
0.9711994192705471,0.9390433701242304
0.9755110085689216,0.939092664105533
0.9798152012426935,0.9391401589938775
0.9842865449461189,0.9391832306475085
0.9875025948813749,0.939198888348815
0.9917225628400884,0.9392601954255473
0.9929271569981928,0.9399396814202892
0.9939171183102553,0.9424009812969072
0.9938418722026252,0.9436926381845068
0.993776214885651,0.9454740130584908
0.9932222827442899,0.9465186197838757
0.992680237337616,0.9471290681929478
0.9910657001417749,0.9482413380411621
0.9906226812555239,0.9485412583107162
0.9906113372702372,0.9485350589827142
0.9905724107773988,0.9472541616959069
0.9905456979750453,0.9449726323264634
0.99053724646974,0.9432174209146322
0.9905631655249774,0.9416229731067058
0.9906588785354905,0.9397955953066984
0.9906305878934238,0.9382325684253938
0.990642282940327,0.9380532389278986
0.9904464428202404,0.9382512933943887
0.9906617900992783,0.9384503945705783
0.9908274761268585,0.9386102081083437
0.9910060786711965,0.9387530287121302
0.99089782024111,0.9388925426302615
0.9909126557052015,0.9390225538428814
0.9908862908942073,0.9391766112818065
0.9907619333963816,0.9400775748174266
0.9906936315366708,0.9446376990892306
0.9906172114294935,0.9492521656552546
0.9906417230932332,0.9545849927780512
0.9908388561903259,0.9599243405120224
0.9909356059802277,0.9652697451676928
0.9911789775620796,0.9704165861510095
0.9912845834087252,0.9756020283930731
0.991355379803455,0.9783032745382849
0.9914353807193181,0.9810585662398784
0.9915115659922124,0.9770940694150704
0.9901689795853352,0.973599768283123
0.9900738797806736,0.9708320928546719
0.9901120712651664,0.9686541441449221
0.9903214058857654,0.9669204207682904
0.9883438706356162,0.9665780531320591
0.9862846596827014,0.9666875302061455
0.9845129345415127,0.9669073562548871
0.9848854875764494,0.967161523195005
0.9852922681247056,0.9671946615365012
0.9850769134887631,0.9671452433741858
0.9849323520136619,0.9670998807652327
0.9847250112601735,0.9670712968636058
0.9846596044658475,0.9672051656205102
0.9848194526363548,0.9672653818797479
0.9840694948533599,0.9677597897483781
0.9836754670080905,0.968575692928602
0.9828788233747365,0.9694455552838965
0.9823745129423029,0.9701576597979176
0.9816296078998716,0.9710255433286437
0.9809164083505485,0.9719361702547109
0.9803552619375602,0.972682005503384
0.9799762004741223,0.9724123842136598
0.9800274779522636,0.9719382161086066
0.9801964108611618,0.9699939088163585
0.9804258526726604,0.9683333122006703
0.9805545232603418,0.966818317452995
0.9809193964194709,0.9654194643507392
0.9809192919043224,0.9653812434205298
0.9810496594622363,0.9654435814078474
0.9810376920321944,0.965452994506778
0.981112854290586,0.9657192306274078
0.9807899477892261,0.9657394797403471
0.9808633882549567,0.9657168431891259
0.9809355159416695,0.9656927268834639
0.9812751938497019,0.965715955702688
0.9815050630732202,0.9659398977332729
0.9817557853081198,0.9661867425224946
0.9822795056179248,0.9661509960897174
0.9829322247136896,0.9658310511256505
0.9833080157727713,0.9658627248469538
0.9837623805871288,0.9658369184667426
0.9842065968669218,0.9658769436810544
0.9848598854171442,0.9661714129852723
0.9852579292581409,0.9662884211257523
0.9857857694789793,0.9662927759107531
0.9857881546931195,0.9662902708800813
0.9857472895302879,0.9660799716259258
0.9859723920754285,0.9660256873618107
0.9859795595390534,0.9658735373825205
0.9859973886521873,0.9651330715836222
0.9861032663892431,0.9644759945909467
0.9862001587258904,0.9639436316727953
0.986549215409726,0.9638811213005412
0.9866583580437329,0.9638498177227787
0.9872202029848212,0.9639491461328173
0.9871998095064887,0.9641629400055016
0.987180349177136,0.9642487535918731
0.9871141833352315,0.9643557034527452
0.9870902888373047,0.9643709238565432
0.9870796219579285,0.9643485789158601
0.9870477721093791,0.9642882064040726
0.9870213195230753,0.9643275018862666
0.9872191757262182,0.9639727009684486
0.9873372381088106,0.963925867357283
0.9877351307387771,0.9634338171337787
0.9880595507704901,0.9632370952138035
0.9880677076281941,0.9627446800071418
0.9881461349808098,0.9623405742483119
0.9881330784168502,0.9623377146610327
0.9878955692890099,0.9624822425680281
0.9874936201880624,0.962659754880751
0.9868502409279367,0.9626222062823513
0.9863948883862135,0.9624785224180188
0.9861640293179503,0.9619852495158319
0.9862124037850623,0.9617034782417861
0.9860762682297832,0.9606415783271957
0.9864927880038152,0.9603960266910732
0.9868937339649002,0.9601464477874941
0.9878663110300525,0.9601290146669059
0.9884346291054291,0.9603220841390953
0.9885997605568735,0.9604708705866214
0.988005454758978,0.9605824119738366
0.9881442557908693,0.9607401213563901
0.988270051852773,0.9606314906044573
0.9884550146993658,0.9604886066919642
0.9882990464749455,0.9605587037765648
0.9881932647730132,0.9607129858024624
0.9882711363906633,0.9608705822224115
0.9885416622520082,0.9605963576449156
0.9885174003291975,0.960153949852816
0.9883224349947486,0.9592509596021992
0.9876211852004626,0.9587808991460842
0.9858414828684747,0.957856450576036
0.9842227546547857,0.9567833601342128
0.9814683633002251,0.955972277606408
0.9785323162537244,0.9567869550378372
0.9743300572810113,0.9580817034284206
0.9681566844521696,0.9600964894938883
0.9617803074388189,0.9618868217310063
0.9554727735313857,0.9639418378477378
0.950589449219648,0.9643113085261281
0.9468970351649602,0.9643695314311191
0.9430335891691053,0.964368724107935
0.9391519273885599,0.9642775919041473
0.9351833942602557,0.9643211965614826
0.9309105551597519,0.9643521964602129
0.9263735612648627,0.9644107158483313
0.9214640145181683,0.9644802626502259
0.9162179369481667,0.964493435293161
0.9104901367918797,0.9635763662097325
0.9041494561096896,0.9624843453610947
0.9006779336393262,0.9609225971662924
0.8974331325563807,0.9594269517697018
0.8963989892896447,0.9577470975714746
0.8968766764563141,0.955830907985536
0.8976580410168571,0.9531485656114367
0.8986817064235331,0.9509347038370277
0.8999218462834577,0.9496755121857563
0.9013090051253096,0.9487784442553995
0.9030784556879061,0.9513913413728481
0.9050253865345901,0.9548771208866111
0.907169025563842,0.959531886644377
0.9085684659497675,0.9642846127689675
0.9115533262555788,0.9686081744936021
0.9121758593919218,0.971202063701293
0.9122966074946528,0.9711519166946514
0.9124396595371702,0.9712895968555741
0.9124313037577807,0.9713835681738348
0.9127179896217391,0.971348848717686
0.9132498988992716,0.9713379458655431
0.9133874494133252,0.971284262979714
0.913570519698153,0.971256436401587
0.913748312484613,0.9712587351739604
0.9138925322245953,0.9712429191897073
0.9140033306044162,0.9712485408486904
0.9141166393947023,0.9712305849053607
0.9141277348030852,0.9715380011100556
0.9141567078263061,0.971944374029232
0.9139030778962776,0.9723842482605352
0.9112554823602226,0.9727375158964775
0.905033436797695,0.9714136964494662
0.8985119511837969,0.9680202203280726
0.8932799410578007,0.9643888604812656
0.8880263634748349,0.9600636964900995
0.8845830150152889,0.9550754166590165
0.8839339718712113,0.9517009612724544
0.883962232345019,0.9492631148945132
0.8840107704089288,0.9472933200530331
0.8838893041698782,0.9459680019854193
0.8834415593168107,0.9460075889619612
0.882915233203283,0.9462245957142893
0.8823455710635599,0.9464781398453062
0.8817836921811231,0.9464051101455124
0.8813172257928532,0.9463614482634755
0.8809496572862494,0.946327917810689
0.8805740748577844,0.9463291289490621
0.880256156909776,0.9463624998239433
0.879998441337024,0.9474124074669059
0.8798616335404905,0.9485801864722985
0.8754260153082131,0.9500545054916191
0.8701064842575711,0.9520347258476685
0.8672436156284672,0.954254617212695
0.8665619102051054,0.9565968211946799
0.8666732191867581,0.9599751487538333
0.8670066796721196,0.9616339531434437
0.8671422926440835,0.9622708672409057
0.8672530947011845,0.962570975341537
0.867240304742668,0.9609980007742412
0.8671391465665703,0.9587048672894553
0.8669450742467568,0.9565672714092854
0.8663140658589064,0.9548987502414148
0.8657642116494438,0.9545327004922781
0.865644715391843,0.9544052255573988
0.8663619555990651,0.954851419660558
0.8663570055632237,0.955165179503656
0.8666379399323778,0.9555534391512179
0.866752414330525,0.9555212804373827
0.8669823971866722,0.9554776107632266
0.8671247281957433,0.955368696721668
0.8667559841352253,0.9552909365213718
0.8668845482252078,0.9552066384799196
0.867000327164275,0.9551976267260747
0.8669107184108275,0.9552105692484376
0.8669426679306976,0.9556029832698334
0.8667682706665731,0.9566977241933925
0.8665889705936813,0.9576042761898309
0.8664433011458205,0.9584396954455825
0.869168119600478,0.9598269266966062
0.8769189186739459,0.9596653556590261
0.8839682638429791,0.9595414148934607
0.8900812763389263,0.9594829685524371
0.897121816890089,0.9563742424979187
0.9042900759250468,0.95304251508568
0.9113976520913118,0.9499288126475217
0.9181674117033776,0.9485885795154452
0.9245686239316812,0.9485971384475693
0.9300477763384727,0.948522921509809
0.9349417007947736,0.9491724557839656
0.9395821091213388,0.9495524197841017
0.9433362595856779,0.9495032366166773
0.947048743124733,0.9495066777356904
0.9512004982841042,0.9494184130264385
0.9554252892796549,0.9493059853395176
0.959868680106987,0.9492154530773462
0.9640731094093373,0.9490591472958047
0.9686904442709656,0.9488767338648982
0.9737178336011383,0.9488299844574113
0.9792810359599049,0.9490467838049084
0.9858439540779088,0.9504157808803102
0.9884753194802125,0.9517853402702879
0.9887521945255217,0.9531591147490075
0.9883670833707571,0.9545580472453452
0.9880201878810035,0.9545579784166256
0.9877489445973322,0.9545415704529345
0.9877550240744918,0.9544379369986415
0.9877482413597574,0.9544520202751787
0.9878088488207875,0.9546799748539982
0.987952558181594,0.9547758382594771
0.9885563713455496,0.9549625177375274
0.9891264202307862,0.9549430395845239
0.9894189912230817,0.9548775417703816
0.9893297132061858,0.9540638518929496
0.9894746172781717,0.9536332806941514
0.9894342031920158,0.9529228807186604
0.989426736455516,0.9529813372035788
0.9893128877416868,0.9531425146847206
0.9892819771581363,0.9533597019802778
0.9897353956882162,0.9535482685929018
0.9896401208905317,0.9537811519774424
0.9896365995674158,0.9539151838386684
0.9895753327393144,0.9540457821884628
0.9895937363947962,0.9538596880448127
0.989533411106508,0.9524856520223424
0.9895611249144822,0.9515089400639951
0.9895648121674667,0.9501016369030006
0.9895616327161001,0.9482799431864517
0.9894072836965242,0.946491290496549
0.98914871960784,0.9457347388820657
0.9889432829993862,0.9456521541283835
0.9883040233572387,0.9480946194777213
0.9865731538500355,0.9516577015617735
0.984374934376322,0.9558608326701709
0.9824298218206917,0.9584071618467489
0.9768554349481184,0.9584869275762257
0.9720175322332186,0.95835519517251
0.9679855435445075,0.958302177026904
0.9642560908006119,0.957481526868516
0.9613867143326912,0.9572291765777358
0.9586270474114036,0.9574703912795954
0.9547261848210317,0.9578315356139986
0.9506104089330765,0.9581807966916309
0.9472075604862473,0.9587012598149596
0.9459894404079734,0.9590578903089915
0.9447929585339967,0.9593155925146652
0.9436071258991717,0.9589269011681735
0.9436754927646629,0.9575543389309201
0.9437080687314392,0.9559571796561458
0.9437079434735087,0.9542784662485805
0.9437775471635874,0.9522503335182394
0.944151128464192,0.949809352978811
0.9444835127987593,0.9478045981755303
0.9446767809732688,0.9473779639625975
0.9446104126782955,0.9479949220956372
0.9445604245481585,0.9507739975565863
0.9445794551339398,0.9536808592022362
0.9445991089435983,0.958605049026873
0.9445594120747729,0.9626169773534752
0.9444250621702275,0.9658990234450573
0.9440717172234692,0.9669714933159825
0.9434833275485262,0.966850448572348
0.9434373989453431,0.9667106809844622
0.9432349051274793,0.9669264475294939
0.9429830231188583,0.9669875335815811
0.9426838731373215,0.967042308978888
0.9421986515162593,0.9671437313253708
0.9417610366535465,0.9671281267761895
0.9413460775738636,0.9670505860117331
0.9410149128108554,0.966593098497599
0.9408695207917462,0.9644006171583595
0.940768354847827,0.9609021151887546
0.9407596065708776,0.9586806680528592
0.9407368991461167,0.9568308633197663
0.9406608099844851,0.9548577488602579
0.9406855151241644,0.9542264578572759
0.9407964556312621,0.952701094425864
0.9415908582675805,0.9513674681651678
0.9418455693627683,0.9521207069365227
0.9409555457915588,0.9567814955641076
0.940803881938661,0.9627878895078348
0.9406235241110821,0.9668921768443257
0.9404579427645547,0.9714368915873143
0.9410847762780797,0.9714202444496998
0.9415663071342064,0.9704916742939078
0.9414681874417328,0.969317422826377
0.9412373372271186,0.969364036342331
0.9409635726689183,0.969407843470323
0.9405921044243495,0.9693937682669574
0.9421771581573943,0.9693732027359332
0.9449191136106103,0.9693615911695037
0.947048276503502,0.9693484124242856
0.9469774650162784,0.9693546322194349
0.9467068695018439,0.9693630272384426
0.9464309629720924,0.9697787708761434
0.9460157199344439,0.9707099544494149
0.9460282541909459,0.9709844132546861
0.9461308454804738,0.9715083309369786
0.9458799510659675,0.9726632905571462
0.9455715918704428,0.9740288536515612
0.9454066304846194,0.975438616973715
0.9451821037374777,0.9731565897665247
0.9450587478991423,0.969376617257869
0.9449506429963377,0.9636128788770342
0.9448780045590244,0.9581219607854552
0.9447872215606776,0.9539070806233328
0.9449235232791257,0.9498377410934393
0.9449475047724172,0.9470752325602511
0.9450529610527703,0.9461624167284322
0.9452694422702814,0.9464550773749246
0.9454614117396363,0.9467280719097102
0.9456352559780918,0.946940155463878
0.945773669738144,0.9468747466216806
0.9461426399408788,0.9468516961386793
0.9466233116342934,0.9467667704437961
0.9471612065212693,0.9467555043289684
0.9477143557110169,0.9468193766542492
0.9482689973110308,0.9475182011314277
0.9487064156322613,0.9495778585156844
0.9488579789614306,0.9530200810502897
0.9488886640638106,0.9553008934913539
0.9489694424193091,0.957232057986111
0.9490061740159198,0.9592694665406355
0.9490217193876014,0.960382227174003
0.949059111574261,0.9616205454269132
0.949053283318672,0.9623134899367689
0.9502093959043547,0.9625264743325095
0.9518067407792027,0.9617757566749058
0.953520254403047,0.9555196104268974
0.9556797435146002,0.9525865578893999
0.9577990603352831,0.9509228841213616
0.9634390622093232,0.9506391562932872
0.9680524170472258,0.9504409158342035
0.972341743655152,0.9503557698545004
0.976343878637209,0.9507063092548922
0.9803472168314329,0.951056008848634
0.9843243286422323,0.9513041128375781
0.9860422442060834,0.9514554982937796
0.9870113608224289,0.9515729389073848
0.987853329202224,0.9516071177952272
0.9889294636693551,0.9516280752418259
0.9903246988172595,0.9518901253277218
0.991888835951444,0.9522625937642635
0.9924457980304147,0.9526709804582814
0.991529931183776,0.9532253063078391
0.9907273408407662,0.9538431839205469
0.9899885833679715,0.9548008690346672
0.9891904463785406,0.9554067543189229
0.9884516509476762,0.9563415329559866
0.9878689485615191,0.9562600638084867
0.9873131745168606,0.9560394187839815
0.987255952107351,0.9559392595576756
0.9872591818800547,0.9554444407308358
0.987221532597302,0.9549350730454476
0.9872847457193459,0.9549865321839872
0.9872821339149369,0.9550129738504827
0.9872929358018286,0.9549602354186195
0.9873642758056298,0.9549560969934866
0.9869732223085212,0.955251538732146
0.986910152281455,0.9550110790527246
0.9869240931827283,0.9553333346188586
0.9869420595064777,0.9554940846894617
0.9869660965038619,0.9556491607651177
0.9870144206088329,0.9559744011948546
0.9870228993966836,0.9560982955115171
0.9870416832124742,0.9561804470514117
0.9872367546421499,0.9563209782377218
0.9873846172342439,0.9559618406087111
0.98763423215723,0.9553447417238176
0.9877412936488472,0.954788586296016
0.9880459424398848,0.9538576704463013
0.9883019886600297,0.952960462086804
0.9881523372762399,0.9512329841641832
0.9881829257399419,0.9499426509950766
0.9881584134902208,0.9490477284505541
0.9875399853488231,0.9496571756355975
0.9860003237058624,0.9543563118391736
0.9840351212234972,0.9571241208978847
0.9821997855988984,0.9590466604418397
0.9803667361113038,0.9600446109965152
0.9787149667583608,0.9609293347103148
0.9772342084745047,0.9606783301446314
0.9741740565120341,0.9603744332311943
0.9701633814139243,0.9602080536295245
0.966258392005848,0.9603163500253058
0.9647900160121913,0.960526822134125
0.9616814581502569,0.9607666307237339
0.9578934729120372,0.961121824139094
0.9561729501517159,0.9613846160483807
0.9543421901928597,0.9614773965658366
0.9526175843470466,0.9614160536331602
0.9523022633654159,0.9611677113185637
0.9532451848037042,0.9606900063989019
0.9542966312922492,0.9603007891909529
0.9554610906426049,0.9598190970730613
0.9567812410196108,0.9597416018385236
0.9580362433791236,0.9592695466387309
0.9593535296368245,0.9598145643173934
0.9605705903660149,0.9610444896614034
0.9604333067202329,0.9622488253629887
0.9604339230197936,0.9647131023482514
0.9603642688032421,0.9675435639868872
0.9603068861753322,0.9699608792934905
0.9602742223698894,0.9722120451994476
0.960245920543167,0.973813766597389
0.9600467395260441,0.9738322523084041
0.9603509377413395,0.9736929354757641
0.9604026107091186,0.973761208467834
0.9604306513550871,0.9737405076539845
0.9604004223972802,0.9737992874472818
0.9603586996626511,0.9738682041623283
0.9602725202129352,0.9738793766422653
0.960326281377033,0.9739415804233773
0.9603627369018064,0.9738503357771721
0.9605093390276198,0.9739506147027007
0.9604685292952719,0.9736774436075851
0.9604603787731698,0.9735431700109083
0.9604327953717704,0.9735296345014817
0.960300579432871,0.9738238971418018
0.9602759780936705,0.9741479542137284
0.9603535670217833,0.974253897422863
0.9604728720330895,0.9741527451252412
0.960416894631872,0.9738051378585282
0.9607201311700471,0.9740884860896663
0.9613185279055784,0.975642504352266
0.9625115808472385,0.9774812760937246
0.9637845756197756,0.9792780815903701
0.9644286279587333,0.980162139560776
0.9647035568349769,0.9803921988334959
0.9649669777020593,0.9803752917903652
0.9669675823300674,0.9803929012710301
0.9674747339663838,0.9803773313111737
0.9679526048877617,0.9803647200395798
0.9662689229855196,0.9803013258868675
0.9672191541227999,0.9802568049986495
0.9696227395384708,0.9802609532164912
0.9700231438452251,0.980281040027024
0.9707462650259951,0.9794165626521705
0.9716944370387914,0.9783046240002591
0.9706927735416244,0.9758044559963082
0.9706103374466988,0.9745902700743061
0.9707132156966599,0.9731330179622966
0.9707943291445886,0.9713710390253733
0.9710002230455352,0.9696013757842549
0.9713785102621693,0.9677186007906241
0.9717087777665295,0.9670818664005831
0.9721686371754898,0.966967972521103
0.9725329088093912,0.970322905626636
0.9726092357042073,0.9735572287493908
0.9727815246519351,0.9743641210288977
0.9729619319969193,0.9733953862089607
0.9732105914484256,0.972824683830534
0.9735233780023025,0.9728424395412507
0.9739409921697453,0.9728028868370155
0.973830121838624,0.9727802677255472
0.9737367082012449,0.9727564811234104
0.9735649386025274,0.9727282406971055
0.9735494003046601,0.9726317648767779
0.9736202788269215,0.9725657660614602
0.9738104747200427,0.9724657326303983
0.9737301784708785,0.9723751060667065
0.9734873639192276,0.9722363192924476
0.9732759150161314,0.9715638063758124
0.9731832261740192,0.9705124398541485
0.9732052134312665,0.9694034780630965
0.9732589889007734,0.9680446683271073
0.9732796786102751,0.9667066348756242
0.9732587378855204,0.9653727289965435
0.9731822647204396,0.9651450088514384
0.9725673149833678,0.9649336700165163
0.9714917108445129,0.96493765217473
0.9696279017240133,0.9648143301544476
0.9684260821279007,0.9647957963344249
0.9670132826666615,0.9651609180466978
0.9649838899555032,0.9661260887318941
0.9638269109862542,0.9666304601280962
0.963575424440577,0.9667095067034923
0.9635669161138334,0.9668422115740963
0.9639142104976302,0.9668778001234282
0.9673886589674605,0.9669227906817849
0.9706826752938573,0.9669480246614631
0.9732724058006399,0.9669462340493967
0.9747284861289981,0.9669481143634668
0.9752247479674965,0.9669255676922919
0.9753141778078656,0.9669306830177468
0.9751541311793182,0.9666391499260475
0.9754231550981318,0.9666761263769543
0.9763131015651123,0.969047834950488
0.976399130953695,0.9700294154451454
0.976106104867111,0.9710051631228744
0.9757993379123455,0.9720547066768358
0.9754811812470701,0.9731679599674729
0.9752044857567403,0.9746123082941944
0.9749875235137815,0.9741694395009198
0.9747893826375287,0.9706173773696987
0.9745943170843554,0.9663578541145807
0.9744643872560745,0.9630331816293556
0.9743404765161326,0.961396858992881
0.9743548277495317,0.9600511112607757
0.9742797678847936,0.9582384026591448
0.9742883593569118,0.9577642578523746
0.9742552347507334,0.9577923431052411
0.9743435932203359,0.9577592306903036
0.9743251334852199,0.9577787354775447
0.9746030912518242,0.9578518212724694
0.9747450835882241,0.9579081872938443
0.9747905740644862,0.9579000865427405
0.9748828615853568,0.9579275863592894
0.9749778691931026,0.9580684776881301
0.9752079705637435,0.9582850301913572
0.9753394693947564,0.9591750637684042
0.9754081229114338,0.9608772734417635
0.9752906305505189,0.9626471405053214
0.9751483865460173,0.9644497566257763
0.975147188087227,0.9659545431466946
0.975193808934038,0.968010042147404
0.975230053515229,0.9677778098751297
0.9751622968579432,0.9680357152159008
0.9746912909942922,0.9677917069047846
0.975028093120277,0.9669132147085457
0.9756364944911993,0.9666695824419074
0.9760113490762092,0.9662937945455446
0.976498000736651,0.9659728244789726
0.976522363854478,0.9663161653833287
0.97663602048999,0.9664275482621352
0.976548710512264,0.9664569763893054
0.9762093288673028,0.966445590687982
0.9734264874363385,0.9664606715302343
0.9715186867498845,0.9663761497026901
0.9711316729548529,0.9662976053508905
0.9709477037512688,0.9663377502012809
0.9709768389490974,0.9664740452825853
0.9711739178316829,0.9666285893931517
0.9718724078468649,0.9678733620142199
0.9717740684192966,0.9690129549388957
0.9713143303391543,0.9695093441806477
0.9710848643376779,0.9699174278805296
0.9708728252409968,0.9705924088995522
0.9700275676574746,0.9713321789325489
0.9690275166743705,0.9715227324745019
0.9680773140224863,0.9713462063283298
0.967527733537885,0.9704692393949006
0.9673466754535578,0.9704421690074121
0.9672709611236459,0.9714566443715311
0.9671649046015812,0.9727979579906232
0.9670556339363421,0.9743350841741715
0.9669950005234449,0.9757588817864229
0.9669497664923892,0.976772782032016
0.966801671722711,0.9768641152142385
0.9663215262258984,0.9768462990345438
0.9661665023592452,0.9768735427183854
0.9654269226734309,0.9768196620335643
0.9649076456652665,0.9767636616427282
0.9645688594806084,0.9768349835192642
0.9644493093137022,0.9769436548003632
0.9643775240051409,0.9770613720052026
0.9642413577284119,0.9770390104333515
0.9640918993760523,0.9768856659333592
0.9640554786740895,0.9756078380697321
0.9640321662414947,0.9729110169153379
0.9640429755001103,0.9721899469761253
0.9640373972213585,0.9713565103816717
0.9639471730793441,0.9709971175098904
0.9639615458737554,0.9688649579395567
0.9644065282153377,0.9698155512931846
0.9654082457441407,0.9708909614761503
0.9675441710059152,0.9729501102599853
0.9697933347153718,0.9773968423651704
0.9715779179686979,0.9804556715063402
0.973684934346509,0.9825084092688614
0.976101174962251,0.985017257821782
0.97883034652044,0.9854318319609164
0.9802841008215922,0.9854029688012134
0.9814844231823942,0.9853044405109737
0.9826077359110351,0.9852844566726098
0.9860192587476158,0.9852315537520331
0.9886920258949783,0.9851578589548402
0.9894065289320836,0.9844365443349925
0.9902386415591513,0.9841962844714616
0.9908123458333434,0.983925590916235
0.9912190967730399,0.9830774224532981
0.9911436122691941,0.9824868849229895
0.9909438526917653,0.9817114633200266
0.9907562166005321,0.9811259678689681
0.9906745941450665,0.9806356890831041
0.990689480679087,0.9802806367049064
0.9906066669013363,0.9799562303327846
0.9905420679221271,0.9797265466451204
0.9905812424221891,0.9795490395140836
0.9905598932217086,0.9795280144392988
0.9905058236847794,0.9794487142629541
0.9905725902812301,0.9795021101228045
0.9907225739344967,0.9800057016094064
0.990730356771284,0.9802497797301277
0.9906751436276635,0.9809420903571946
0.9906530085691418,0.98089637726355
0.9906173670798737,0.9809057488609622
0.9905695888004533,0.9810362904295638
0.9905606473878945,0.9810610246792768
0.9906989273039679,0.9810604249045549
0.990777449699699,0.9810538174924194
0.9909175894180028,0.980972338084453
0.9909376085183945,0.9809064072542442
0.9909215608127381,0.980881407279437
0.9909376982525231,0.9808469216557805
0.9908520025875898,0.980771647328883
0.990819625588943,0.9813284202578745
0.9906399990928754,0.9827557236751785
0.9905290730335985,0.9821465573266612
0.9902516596973207,0.9811725108460971
0.990210576565742,0.9802972501934863
0.9903484872322801,0.9809609826828318
0.9905963051741635,0.9783695504121741
0.9909892776610931,0.9768373117846705
0.9914158753877266,0.9755990288357105
0.9916694339830308,0.976179434658722
0.9916861196827431,0.9774787059888002
0.9916465718251395,0.979001618031333
0.9915960718098422,0.9792765514314208
0.9915944872682385,0.97836591698572
0.9914696996545895,0.9773600928400655
0.9915179108880607,0.9772841807004528
0.9916203410152435,0.9772977466545806
0.9909664213665446,0.9773041827122759
0.9902283213596779,0.9772929600805649
0.9905485201913764,0.9778313305785524
0.9908144217553967,0.9779347716402502
0.9911461946385526,0.978059285300306
0.9914595694170232,0.9785855038108315
0.9917204382778925,0.9784071135819751
0.9921592195736898,0.9783476062088634
0.9927026338218345,0.9781510331106174
0.9931144970577015,0.9784308581735813
0.9929985700321047,0.978606931043372
0.9934444812013761,0.9787559533923826
0.9934023378110988,0.9788497347909855
0.9933580141859253,0.9789638069718414
0.9931434141987991,0.978571487386021
0.9928381943496907,0.9752632460381847
0.9928146664644852,0.970882189913915
0.9928042935200252,0.9669795320630518
0.9927555507118415,0.9633712441639964
0.9927626349831418,0.9616104218584449
0.9927802237003116,0.9612360816824519
0.9927740966232681,0.9610250061276506
0.9927051843065257,0.9611075376343259
0.9923201537119053,0.9612422479486855
0.9922828825531531,0.9614160894792259
0.992293061901981,0.9614687841662286
0.992333926543839,0.9616493674253515
0.9924212675535227,0.9618367543786572
0.992373848889893,0.9618626950780576
0.9923711371795686,0.961962361820035
0.9923637085984816,0.962197638776991
0.992405401991487,0.9626365016223607
0.9925235274329796,0.9639844365173666
0.9928023929757847,0.9652086716157482
0.9930869892800909,0.9669646305290662
0.9932339435849162,0.968588901783833
0.9930483298211352,0.9697849669777417
0.9924768303883823,0.9730073498906354
0.9917466964531956,0.9738849991533942
0.9906764318152292,0.9727091128791006
0.9885999540228347,0.9687869975747264
0.9866570395356544,0.9658818910643159
0.9843269696833821,0.9632635923092441
0.9820222492277693,0.9609776481615416
0.9797969046444714,0.9603731394435173
0.9782152625633527,0.9603853932752933
0.9771121108330277,0.9603780288822132
0.9759976124632882,0.9603460653980922
0.9727799361707248,0.9605138144398613
0.9698900131356989,0.96081095925414
0.9688016169922871,0.9608976280302595
0.9676593090380496,0.9609630324037932
0.9665011931715881,0.9610268153609587
0.9653098228929975,0.9614086930461497
0.963806781300643,0.9623816852751466
0.962626452176676,0.963252389339608
0.9625198856011619,0.9635712323568754
0.9629243376857926,0.9636297233870862
0.9632948134078603,0.9636578021548428
0.9631708535684284,0.9639451155048043
0.9636660328038049,0.9642450378134723
0.9636683086355101,0.9643540953954459
0.9641434414727061,0.9643164949073008
0.9643835554633449,0.9639056857516087
0.9639126149005721,0.9623653745285121
0.9638494151966729,0.960878641059079
0.9636648704529406,0.9597342848081436
0.9635481971344275,0.9586388515282681
0.9633329000741272,0.9583908790740259
0.9631872407391933,0.9584004610253756
0.9630082620676443,0.9583576038759131
0.9632437706951434,0.9583339494307026
0.9632873882876959,0.9583262497635958
0.9633079780560336,0.9585416134100073
0.963352620312349,0.9587884205726741
0.9633589639042602,0.9589589370939682
0.9635401333334814,0.95921924701203
0.9637054330895953,0.9594226726471463
0.96377471363136,0.9596345518339654
0.9637245335760498,0.9596641046968881
0.9636464050023064,0.9594716183226304
0.9637109336841018,0.9593947890606666
0.9637412174956194,0.9593937051895047
0.9636315017478785,0.9593908688137156
0.9633688565720309,0.9588681250629303
0.9632283652046174,0.9584154212627569
0.9621912815106989,0.9584738839364604
0.9617931939479396,0.9591526365470111
0.962549446316096,0.9609088912079728
0.9637453921326797,0.9625709888791085
0.9654179164623455,0.9642108690697426
0.9672987908370174,0.9659761635906856
0.9690735745346262,0.9665413359593272
0.9704430326507103,0.9662314713467507
0.9713004756683596,0.9659416549896488
0.9720193502112626,0.9658021902123032
0.975452476137175,0.9656390815354661
0.9785686959617999,0.9655059090469227
0.9789434546704205,0.9654793542411909
0.9796636674390509,0.9654480008948021
0.98013836685663,0.9654535099518615
0.9781179867523305,0.9654457443341738
0.9735069686239378,0.9654041380918624
0.9807732898463399,0.9654342342969557
0.9841612649398896,0.965870356388241
0.9847472070548171,0.9662001138097001
0.9849190175275848,0.9662179167201644
0.9848562655238126,0.9660410322107251
0.9846573676042178,0.9657263214165084
0.9845877143088095,0.9656134818514504
0.9843592887910741,0.9655234807123474
0.9841799304331887,0.9663811037863401
0.9840902770794133,0.9685904214558021
0.9839810687265416,0.9711982517978623
0.983799699352153,0.974063633824982
0.9837904102137741,0.9767271170257041
0.9837615233844959,0.9780944954113673
0.9837674360689925,0.9780452142047907
0.983774610759777,0.9778840385382843
0.9837486537685436,0.977782248274331
0.9836893724715268,0.9777924981003974
0.9835867430770855,0.9776690434708215
0.9835045575520196,0.9774403778184393
0.9834352651698992,0.9771817186863747
0.9834434941634407,0.9768906342042689
0.983445847052766,0.976653862826582
0.9834192315041584,0.9763398091470433
0.9833942677865336,0.9753861252513317
0.9831733301332397,0.9728414597374899
0.9829934659842928,0.9714609682949211
0.9827522743795565,0.9696145360451126
0.9824720376627214,0.9677278759249186
0.9822790790466809,0.9662069161536497
0.9796853454250596,0.9643664290382405
0.9705267202350645,0.9642522771162136
0.9301707996734875,0.96366839284503
0.9197797426934449,0.9654245566392656
0.9133954913123732,0.9671695243807361
0.9077631624970914,0.9671894271641016
0.9012064285347561,0.96743915909708
0.8957314939196068,0.9671734565502035
0.8918748266809423,0.9672120351906994
0.8898128081898387,0.9672301680506904
0.8876650262081041,0.9673107875074329
0.8876040357512704,0.9671975094829045
0.9166529295523049,0.9663805169739252
0.9133352729891302,0.9655570670666096
0.9082228074858798,0.9651771594382335
0.9032641203591618,0.964532308747427
0.8979727937695645,0.9639029227197445
0.8920956283366501,0.9635392117099422
0.8859028993826239,0.9631090682072279
0.8801664958587865,0.9594484189785717
0.8787613674752466,0.9578927664032744
0.8786533988077576,0.9564646963862748
0.8788235806989461,0.953032464303055
0.8792602132327922,0.9517805385754933
0.8797655563917138,0.9501144953123879
0.8802147862037277,0.9484374279428891
0.8806707081383324,0.9438006665414939
0.8810508496219295,0.9453753024816033
0.8815855617733803,0.9487470646666882
0.8819304797259113,0.9514643334852881
0.8817932262915663,0.9542517093261601
0.8814963582563393,0.9561817486620432
0.8812519324154989,0.9562414467609546
0.8809855436732157,0.9561525059759381
0.8809190180075099,0.9560929299785714
0.8807844030165926,0.9560624571524876
0.8806548796726008,0.9560122397454489
0.8804511737376001,0.9559823028467413
0.880154523776105,0.9559368780139941
0.8798812647705405,0.9559351863948267
0.8794835718373195,0.9559138779596947
0.8791039205979433,0.9559487652297634
0.878789426712535,0.9563809549709443
0.878364496828526,0.9580467927090429
0.8779093290309608,0.9586690732146109
0.877550689889762,0.9596877113906628
0.8775374465903425,0.9607526290786745
0.8778990463147596,0.9615269301953218
0.8808816704760974,0.9626064646587651
0.887450747783609,0.9629450938444657
0.893871506042246,0.9631186919052979
0.9001028755124987,0.9602747702750679
0.9056647722980499,0.9552500497407839
0.9116878970137561,0.9523339993789649
0.9152847563054258,0.9525017397796267
0.9207789239584507,0.952162745999338
0.9257796650089134,0.9521055651434465
0.9302678810976247,0.952068363950463
0.9346046365602528,0.9520166888275872
0.9388629292915676,0.9520628486541471
0.9430712038519893,0.952773384797934
0.9474776263656642,0.9534653324717886
0.9523606331070957,0.9537880769883096
0.9571548210176132,0.9543918501650427
0.9622402424490475,0.9550444842021286
0.9674158083526023,0.9554625973963355
0.972650879771915,0.9559720865936956
0.9773181234351023,0.9599108296755083
0.9777333262273931,0.9614712002728819
0.9776750939988341,0.9629547906024529
0.9772927901387384,0.9665152603940557
0.9772505728900236,0.9679330342793186
0.9771290088952731,0.9695346651524821
0.977108454383929,0.9705101335822673
0.9769739434236919,0.9739740372812211
0.9768109444239882,0.9715086979555976
0.976693753139976,0.968515852690883
0.9765541216326429,0.965822843678146
0.976545717362017,0.9649331462722313
0.9770512344245099,0.9653221116045104
0.9773868589251593,0.9655793249728033
0.9775904738575695,0.9655731282858444
0.9776819615793354,0.9655197160531782
0.9775663166529013,0.9656016535362886
0.9776787583859534,0.9656191152807869
0.977690043542458,0.9655920921084753
0.9776642401015617,0.9656035576305597
0.9776960545144469,0.9656770757592481
0.9777502239792959,0.965787086262359
0.9777210911192245,0.9659290289718121
0.9777202631239805,0.9666515704978563
0.9777848340682469,0.967912668053472
0.9778786705779491,0.9686331118678523
0.9779309280974822,0.9694380713373915
0.977901978748136,0.9702489309489315
0.9777775827148842,0.9711750244636495
0.9770968272357539,0.972028871254101
0.9750450397804689,0.9720136941619538
0.9693788908867198,0.9711220023431533
0.9648423838214609,0.9694771841262744
0.9597173690718513,0.9684134088683811
0.9542633721800435,0.9674611635904211
0.9509867386995268,0.9661973364835739
0.946120468838412,0.9654736866708484
0.9416234898659728,0.9657025508617332
0.9377690123799907,0.9659250245012838
0.9339596278834427,0.9660013323776262
0.9301555839439072,0.9663459439440765
0.9262618642671698,0.966615615555966
0.9220207237560696,0.9669350543471185
0.9175368077255254,0.9670875255327592
0.9125153683507321,0.9672064538720384
0.9068674283295908,0.9672939602860071
0.9008189179423383,0.9673946354406828
0.899060638170846,0.9675759336565125
0.8990883181064883,0.9677768729024816
0.899363213993567,0.9682229052885515
0.8993723803332216,0.9690079190049029
0.8993513617387718,0.9697251706847108
0.8992233467468908,0.9705036630847101
0.8990029853069073,0.9709060203737687
0.8988371288364108,0.9682733739022246
0.8987316963087506,0.9659955863768406
0.8986250239684404,0.9636615776087587
0.8985619561040693,0.9613608375444238
0.8987531475206308,0.959134622593343
0.8989094727617366,0.9581924628018086
0.8989992216103098,0.9584340043984352
0.8990007783724154,0.9589110436811906
0.8991054756926421,0.9591977474036815
0.8992997346627716,0.9594188779191938
0.8994241745062435,0.9594437302331449
0.8995276400160582,0.959548363324731
0.8996787070078145,0.9596807376820179
0.8998303509684427,0.9597308595033229
0.8998645961822631,0.9597959328759511
0.8999633715003058,0.9597690696056931
0.9000340333472869,0.9597564742609042
0.9002061392879872,0.9597893888454363
0.9002337972865475,0.9598406987479389
0.9002634492590511,0.9598001403502814
0.9006220144026545,0.959717979775998
0.9007976107549049,0.9596170460589271
0.9007975719445818,0.9593196034616781
0.89956424909553,0.958661602267058
0.8959325024249245,0.9579644484432609
0.8957943258280124,0.9580762334602366
0.8946118629715218,0.9586135383293429
0.8945298179725272,0.9593219245744797
0.8944432542096111,0.9597185510500577
0.8943740998345153,0.9602611197877045
0.8943746089147377,0.960386277932072
0.8945206705604941,0.9599769685546158
0.8947457608224142,0.9599017767466081
0.8950095490140384,0.9599773423262645
0.8953561465593153,0.960091879512788
0.8957430657852304,0.9601863221082676
0.8961586425089096,0.9601634942996085
0.89676764000225,0.9601732418518412
0.8973086052329198,0.9602925615938659
0.8979259484279434,0.9604696095941985
0.8984247805903205,0.9605519042258286
0.8941498308490188,0.9606079097125546
0.8873534850841518,0.9606536610025962
0.8826866208266142,0.959026219822144
0.8820700979983662,0.9576652248894317
0.8821146573462022,0.9561687012818305
0.8825640820566024,0.9553746680033628
0.8831873650489199,0.9542381245790919
0.8838679105967485,0.9559712603384842
0.884603972808186,0.9582647950821721
0.8853079143394988,0.9632461589819132
0.8861154775877951,0.9695003260263371
0.8862958895690929,0.9764155144667468
0.8863536993768453,0.9807466443578032
0.8863501903095776,0.9811720648969426
0.886348044495702,0.9811395277201916
0.8862895879536328,0.9808955033312068
0.8858316733554419,0.9809246397431757
0.8850241474947482,0.9809697846729851
0.8844640047463125,0.9809313743339665
0.8839128725028649,0.9808175985459457
0.883482372286727,0.980819489204005
0.8831640779672776,0.9807867764420654
0.882837721044901,0.9807706193064052
0.882642900924834,0.980532519060155
0.8825337323032796,0.9801127653929964
0.8825042175380633,0.9789495144619681
0.8824802140594394,0.9773436188589331
0.8824648039932269,0.9764118849087446
0.8822941695233911,0.9756674670172985
0.8820831497978819,0.9756219342717145
0.8841137244125239,0.9754747830266071
0.8890977540922652,0.9751282182035088
0.8922483840989672,0.9750607868589665
0.892363050368848,0.9762980223746591
0.8925281772184324,0.9782654776376388
0.8926943262393774,0.9805248973614731
0.8928353772164975,0.9804209820827322
0.892934221120648,0.9802051494565743
0.8928259228788499,0.9800361358937065
0.8925607132791096,0.9800399609091623
0.8921820908549847,0.9800213702512106
0.891636323653825,0.9800134976251729
0.891049151268011,0.9799659101397369
0.8905141477277352,0.9798821423215911
0.8899540353437426,0.9798833373175424
0.8896320877874386,0.9798422477075693
0.8894052185658752,0.9798234307181392
0.8892799266039892,0.9798435664389317
0.8905526854240067,0.9798042965986318
0.8963529003244454,0.9797416620317305
0.9003477143445877,0.9802929607216317
0.9004434061365288,0.9805942812682388
0.9004482407735788,0.9810494607093159
0.9003610868309441,0.9810161338820612
0.8999345083771275,0.9812764716578612
0.8993150217679531,0.9800653230275773
0.8992019411013243,0.9780818657149475
0.899064580459241,0.9707916744878564
0.8990420598541304,0.9634167421040594
0.8989312983572415,0.9575076359090633
0.898867490905955,0.9548827511094444
0.8987114616225486,0.9541851010678272
0.8989165956237442,0.9541681677099111
0.8989747828006602,0.9542077958704698
0.8992169403636402,0.9544116942725855
0.8995907705984283,0.9545539264141834
0.8998640139312439,0.9548091782061912
0.9001976162942957,0.9550711606646212
0.9004504096993969,0.9552005299535615
0.90068461225867,0.9554688083793865
0.9008665855603921,0.9557638116502203
0.9010298642588275,0.9563319110375665
0.9011891769997433,0.9568990198957468
0.901224804261347,0.9581637257771688
0.9012278572350245,0.9603701073881513
0.9012415323457414,0.9615801869136309
0.9013764997577741,0.9629586069244573
0.9016566838667717,0.9637478123333035
0.901401827501143,0.9647310413193231
0.8993080054380899,0.965287511853016
0.8994977154551453,0.9649280149966648
0.9001244672359492,0.9621142514370769
0.9000508692595401,0.9594483036638095
0.8999427436386036,0.9572381284005276
0.8998926309292203,0.955866448083051
0.8997828686819761,0.9558954932008284
0.8996951619146412,0.9561817716067655
0.8995772812145755,0.9564567659675631
0.8994855796564692,0.9568078924095821
0.8994174704250743,0.9569244672437265
0.8993408413027733,0.9570112704402254
0.8992354006631427,0.9568658203883371
0.8990812814860518,0.9566293547234207
0.8999846725984484,0.9565035297035482
0.9046768527080244,0.9562309304578348
0.9090858823931395,0.9560648780094683
0.9127803803936803,0.9555313726484091
0.9133643636237088,0.9553833782249592
0.9136017229644204,0.9552427791284451
0.9137658491008938,0.9548822434352163
0.9137666216595199,0.9545257849190614
0.913834959562648,0.9540900825151056
0.9141435009586396,0.9531966576279314
0.9147008326932449,0.9530405001823241
0.9147794891835088,0.953091143579097
0.9149604120964241,0.9533681064884645
0.9151064342283901,0.9537134712146299
0.9152904971922851,0.9540873651593271
0.9151712962070748,0.9541276472137759
0.9149202568669447,0.9541910552446902
0.9147983996337241,0.9541923582856853
0.9149364714780623,0.9538920915294229
0.9146764255570226,0.953663493415154
0.9151655350049126,0.9533148943546378
0.9155106768067329,0.953095822956012
0.9158714326077049,0.9529305459972253
0.91626103170611,0.9527603263281264
0.9165976631214032,0.9524007770272023
0.9168614145052478,0.9521170400663064
0.9170500425072734,0.9518361645396269
0.9170263543038771,0.9516489386534023
0.9168057469560509,0.9516171207670472
0.9167829108393075,0.9508933829355887
0.916884823396833,0.9506303717230368
0.9170179166929469,0.9497094122012263
0.9169659625446791,0.9488375785097971
0.916353965507676,0.9475316910418022
0.9191615600525831,0.9474635331269178
0.9217451642258461,0.9481967450425944
0.9265036781371944,0.9486998344932458
0.9331634165331335,0.948628258429918
0.9391839485132002,0.9496012762818031
0.9450929788630873,0.9515308925412127
0.9502899051873244,0.9519226726895418
0.9532211986242138,0.9519533171933514
0.9558269499611681,0.951892201063758
0.9571742675102484,0.9516315082926594
0.9574582814267734,0.9516317350842577
0.9578613071911787,0.9517228174281505
0.9604956864296055,0.9521462715251089
0.9644823320241991,0.9524842468891432
0.9675776423944398,0.9527018576980018
0.9678337446889734,0.9529486378997167
0.9682657523152404,0.9530616307462677
0.9688156244263839,0.9535783900974331
0.9689764803253563,0.9535477708111074
0.9687252674025763,0.9535646467198027
0.9686316915414199,0.9537512906837358
0.9672210548910505,0.9537056806789939
0.9667005066633362,0.9539512576119604
0.9665277948309581,0.9537877418903636
0.9667142770041168,0.9535785977333316
0.9669528610874163,0.953467902029977
0.9661631595896077,0.9548983194483407
0.9655875745509449,0.9560929530901836
0.9653910609559544,0.955703345297223
0.965261012357183,0.9570067549195421
0.9652390032903777,0.9569156062399878
0.9648688079481094,0.9568303460480845
0.9645500725602432,0.9569625456810078
0.9647267941393914,0.956966219509618
0.9638792972527825,0.9570976884874163
0.9630525800187477,0.9571761630627357
0.9625926236468112,0.9571708523293099
0.9622141883587034,0.9572019633660866
0.9618885251943028,0.957374134909488
0.9615912460217351,0.9573621904100743
0.9615335997349201,0.956881675257824
0.9614285652312913,0.9557963728216741
0.9611754058336613,0.9551497186088935
0.9610724362613776,0.9534915855916866
0.9610146851489332,0.9524699039637581
0.9610981598625488,0.9510886384460172
0.9612728901940581,0.9491637129750188
0.962177429471371,0.9477062146260846
0.9626515506718569,0.9463511133694353
0.9639165693580218,0.9448570050541165
0.9655221027297451,0.9471958079051449
0.9655708725649217,0.9522929136693983
0.9663127896874997,0.9564353472792959
0.96682112527636,0.9568926090426781
0.9675457757523804,0.9573655056989931
0.9698826472464465,0.9574392529604618
0.9720333336771525,0.9573484490614729
0.9752779038973501,0.9573436535195363
0.9783725614750789,0.9572697057798968
0.9801165034625421,0.9571120564067415
0.9798201492253757,0.9569095997627468
0.9800905871848093,0.9566472661353017
0.9804887300483622,0.9563571611794244
0.9803199471037252,0.9560820013829379
0.9806967657523207,0.9558185025731069
0.980988048079412,0.9538662396412346
0.9810263742950279,0.9490403409052828
0.9803525879512412,0.9438081675950678
0.9803695714093709,0.9385653360603801
0.9809130883205531,0.9332030326533121
0.9811408306699951,0.9288115918299572
0.98123723095582,0.9244987816692831
0.9810624325597368,0.9215639172723735
0.981023617736905,0.9170608281786279
0.9812907309430816,0.917950122441086
0.9814815135414146,0.9239168762813267
0.9814837364951616,0.9363217294427044
0.9815003554403209,0.9394359221807173
0.9815790301849107,0.9438282623064727
0.9817855031023323,0.9445266636404404
0.9818497014922893,0.9453229014484033
0.9818970838477308,0.9453980699934437
0.982398077196428,0.9454624695242442
0.983001979447024,0.9455293366410962
0.9831963126690839,0.9455730740681287
0.9834799938551663,0.9456315476092535
0.9836697686230929,0.9457352759958928
0.9840284896484517,0.945789377655786
0.9839205753044666,0.9460880938429344
0.984091380757901,0.9468577995020618
0.9844633652096733,0.9468597932717981
0.9844048672552299,0.9476709059548247
0.9843311919347768,0.9478997524419026
0.9832034961347079,0.9487733760998203
0.9802480433163003,0.9500372008705824
0.9733889462683836,0.9512102433137958
0.9668684527981299,0.9503823015791972
0.960056323017636,0.9484094648559994
0.9532106729267924,0.9389629224494561
0.946439930540443,0.931118252605374
0.9396424314393375,0.9254224923335717
0.9330043074445675,0.9240542005662961
0.9268469844771023,0.9234417082264212
0.9212616577675091,0.9233720699019896
0.9165110922251107,0.9234093223420203
0.9120453401189111,0.9237098131210149
0.909048530998537,0.9240153699502778
0.9076175194275056,0.9242048652284751
0.9059514152222321,0.9244681866615512
0.9019852366999763,0.9249616845006485
0.897440644520019,0.9256007633964439
0.8924360234396611,0.9262397789934118
0.8868763880354611,0.9269604332124105
0.8804648245822071,0.9291624082257358
0.8729593135150904,0.9342377366971567
0.8692195115611006,0.9399971161578163
0.8657618104328828,0.9455040197259761
0.8656098177193493,0.9511881494207881
0.8660254183732001,0.9558837100183841
0.8663920461659806,0.9601227090199572
0.8668692908391742,0.9618228341260294
0.8673122824393771,0.9636295129678591
0.8678211822399955,0.9616611814905931
0.8680431207110924,0.9591424072549162
0.8681038368313263,0.9569170999845793
0.8679779000619632,0.9564886999554378
0.8675053093849678,0.9566992237019736
0.8674878971114552,0.9571866116277858
0.867514771830848,0.9575173937741845
0.8674361026357423,0.9580197786896254
0.8675542629076409,0.9587086244536911
0.8677382434037065,0.9591901438267469
0.8676114083017541,0.9597252493692716
0.8675224859121726,0.9599876386414072
0.8674296640671035,0.9601873246887241
0.8675137622915363,0.9603181558162722
0.8680418902838358,0.9603272593039431
0.868572072284042,0.9605255340755635
0.868681896736903,0.9605938755965702
0.8685219862174847,0.9606762744694795
0.8683845455900129,0.9610116280707783
0.8691664058631681,0.9611793550121945
0.8721551439233741,0.9611069792861553
0.8797544792761014,0.961539519464818
0.8872479026481471,0.961630730239134
0.8944815280728571,0.9614830890675596
0.9017902073127763,0.9610238131477338
0.9090010837052283,0.9606989159170294
0.9160753128209617,0.9606755602807318
0.9231389601724419,0.9607310014728285
0.9298666764713543,0.9607598093476741
0.9358436876125236,0.960758104796009
0.9407221266928127,0.9607672331687828
0.9451316140553452,0.9606730936331895
0.9491813219525965,0.9608159956145346
0.9530395265584582,0.9609977061620554
0.9562538213479859,0.9612251813930136
0.9594952836899652,0.9612742049466312
0.9628766169429661,0.9613132677389495
0.9668737602743288,0.96160450106702
0.9713661263909427,0.9616114908089055
0.9766457091669775,0.9615335738615249
0.9827309827614977,0.9604282357403624
0.9857667584193661,0.9594859710476527
0.9880643788515094,0.9586301666296202
0.9878569854765538,0.9575250660451073
0.9872137190058483,0.9557217263189525
0.9862899822153707,0.9547523460448828
0.9854348786530989,0.954895742171052
0.9847286818437442,0.9557128423484607
0.9842572972054544,0.9575406646940674
0.9839388143893435,0.9584283490973801
0.9840554062865128,0.9587938352549363
0.9845849498192182,0.9591450266877046
0.9855146219087909,0.9591417521920467
0.985917250906284,0.9591954855380186
0.9861294993838958,0.9591947710599138
0.9866628484978068,0.958980289891606
0.9865419773468671,0.9586896434410386
0.9865400593297711,0.9585843121537589
0.9869530657462342,0.9585262650762782
0.9874534025793804,0.9587829901672444
0.9880277243588815,0.9590943044011032
0.9887390062843537,0.9596630382706531
0.9893603373760004,0.960013570344844
0.9900351516119479,0.9599355732701345
0.9903781049686233,0.9592606782759877
0.9904976249397051,0.9584516596082112
0.9905387100721482,0.9575730473138999
0.9906004159852186,0.9565147401549896
0.9907262148448952,0.9557455487708542
0.9913582594432668,0.955293636139043
0.9903262558662946,0.955292039135614
0.9885723033393006,0.9555699151046526
0.987180101543716,0.9562201347053589
0.9868298607376749,0.9567539550400374
0.9865211639022801,0.9565737400260699
0.9856962672696894,0.9556221776085954
0.9851517601782535,0.9555710644560256
0.984628071647204,0.955531584910571
0.9844260650561872,0.9554913324084384
0.9841480642942426,0.9556316123799303
0.983604871951649,0.9558217721965705
0.9831400665250625,0.9560632531892265
0.9831357654726305,0.956308846696908
0.983227252159504,0.956601016270052
0.9833081639828591,0.9567621866669331
0.9833789806989703,0.9568132480314966
0.9833776389723333,0.9567897799183218
0.9831798895104774,0.9571436144571723
0.9826838663323041,0.9584750396145862
0.9818411682794996,0.9591045362147119
0.9815736936971888,0.9598779622724938
0.9805630765546107,0.9605654221563097
0.9783846305627734,0.9625298847026786
0.9762533739851895,0.9630713108331816
0.9753778060448155,0.9630308426233958
0.974819493800233,0.9630214618812316
0.9746369583741175,0.9635571801703213
0.9745764038337621,0.9651724183420805
0.9744497174682349,0.9666386962890159
0.9743432084967938,0.9664072968185089
0.9741933085967649,0.9665128032025954
0.9740590055957477,0.96657167291252
0.9735753657962305,0.9665458957359574
0.9733247914692074,0.9667189487528987
0.9732597693171855,0.966966520988884
0.9731490793530857,0.9670849633264602
0.9730629236533551,0.96715788287505
0.9730098452881701,0.9671487938554812
0.9730551370867052,0.9672780461699269
0.9731053880890583,0.9673284828967859
0.9730482543631401,0.9671842144102041
0.9732092115570243,0.9676379960857401
0.9734033053188814,0.9691080490488186
0.973749456124274,0.9706565210793511
0.9740749807029216,0.9719857576302195
0.9741309969571584,0.9738523128109204
0.9742195594923501,0.976527198397825
0.9744367220744197,0.977676464881992
0.975468967681626,0.9776756302181601
0.9770756093116618,0.977461583648216
0.9786214826644766,0.9790815904713706
0.9791949052996627,0.9802465043846942
0.979787462424241,0.9814566271213703
0.9808270588925685,0.9820779371640983
0.9820205085720117,0.9817803603599126
0.9832988188461218,0.9817235194147198
0.9839603608319807,0.981756967043049
0.9846316869535301,0.9818284524630594
0.985791690785942,0.9816641281818684
0.986456376852411,0.9814865083990563
0.9865268296331752,0.9812678261856391
0.9864856041167329,0.9810834385518173
0.9864751819860174,0.9809364528414992
0.9864958615432304,0.9808304706480486
0.9865185404882437,0.9807905001369647
0.9865080801370218,0.9807404801289379
0.9865339049849999,0.9811217996615595
0.9867041736129669,0.9816272045269143
0.9867526014946778,0.9821827173074726
0.987069687486393,0.9826725132196905
0.9881285441140332,0.9830168074179941
0.9894088995992021,0.9831892422449657
0.9899119355855523,0.9831793280577293
0.990304215535431,0.9832680321655278
0.9902492222074033,0.9832827404031091
0.9901750898132815,0.9824072600414895
0.9900402900971792,0.9821239295530839
0.9899404279181804,0.9825534111601506
0.9897671239548389,0.9825360144683646
0.9897478336496044,0.9824566974257514
0.9900590221557595,0.9824829975359862
0.9904931519622148,0.9822003408338853
0.9905353722791403,0.9818339641626965
0.9905476234747337,0.9815185307904166
0.9901511618257414,0.9810963900264412
0.99001740106369,0.9808640228283466
0.9898371443252073,0.9804328080058986
0.9897211186241384,0.9799090536769302
0.9896054141616526,0.9798087136519442
0.9895142482813495,0.9797123397923622
0.9893038551492288,0.9796882007186187
0.9890230023328057,0.9802557923406653
0.9887894655311007,0.9797834661862
0.9888356850915839,0.9786652084669125
0.9888498542335873,0.9756061137869603
0.9890067694557654,0.972918628267827
0.9891523101769373,0.9711542255460471
0.9892550171413133,0.9707146769289222
0.9894180499092557,0.9712621499992504
0.9895406008619365,0.9722329851525463
0.9897928279135672,0.9727141911897771
0.9901030159797826,0.9740043954522466
0.9901591744879672,0.974841254721277
0.9902097969665584,0.9749563324755138
0.9901212855184824,0.97504503349422
0.9899727940215943,0.9748366731493268
0.9899905839176568,0.9747130963902174
0.9902539550168357,0.9744834011210268
0.9897962372843219,0.9743490060540554
0.9886673195571465,0.9743316828679107
0.9875940762881041,0.974325642324286
0.979009782904862,0.9742711230080029
0.9364601399753205,0.9743302573340953
0.9316402264555718,0.9741927719110635
0.9307778420589241,0.9733629501485987
0.931896282462263,0.9725010429986258
0.9323467968790752,0.9714866579280041
0.9339990442970963,0.9703720558030235
0.9348064345426403,0.9666668439807005
0.9365721921343508,0.9649836664284683
0.9367579639117747,0.9642983326188919
0.9382660833018701,0.9639553658989963
0.9386640750631416,0.9647246185981782
0.9395526310538799,0.9683578486012586
0.9439895191803269,0.9709256667786857
0.9473058674800336,0.9721918747172364
0.9522245782954759,0.9725390694743647
0.9535213925356258,0.9725589379793704
0.9421925070337485,0.9726840840814992
0.936400723475767,0.9726141953495271
0.9514128754509834,0.9725556900685631
0.9777435100869609,0.9723983684580715
0.9843836374050203,0.9723847607646731
0.9852051059038804,0.9722825738043048
0.9857677806149371,0.9722100597800156
0.9861659680724304,0.9721675235738798
0.9864705581430843,0.9718747507419812
0.9867334084630104,0.9717916929576551
0.9869557891092438,0.9712511674310791
0.9872386605924162,0.9708023799351291
0.9873128884638578,0.9707092698808406
0.9874524578065709,0.9710518927414815
0.9876261719083033,0.9727761559824595
0.9876526222599927,0.9743328629900658
0.9879781126386349,0.9751874549455231
0.9884008663846936,0.9753598098532434
0.9886674720030755,0.9756835117123261
0.9889726692547305,0.9778490498663366
0.9891615573922254,0.9820436157727381
0.9893655948211479,0.9825692196381888
0.9895621831593784,0.9827507423573942
0.9897113536452238,0.9827546714515214
0.9896522199563695,0.982780079998427
0.9894859533321663,0.9827582251939653
0.9894592670336311,0.9797301498752038
0.9894915509852398,0.9773804681436864
0.9893148571490599,0.9750310677260599
0.9892058611308004,0.9729702197808399
0.9893473255267029,0.9714833580775577
0.9895141850403228,0.9694323867628063
0.9895990107861519,0.9662944318498576
0.9903638673859285,0.9629982195577076
0.9910000217014969,0.9600694075003628
0.991240538344988,0.959006010619937
0.9911589292576674,0.9584710010741443
0.9912081679158624,0.9580947167899183
0.9911581915843561,0.9610224645330443
0.9911054703703088,0.9615814343878378
0.9911006166761018,0.9616227615246866
0.9910924118035362,0.9613358366278979
0.9909949878996083,0.9614668488827361
0.9907093792569033,0.9627147151584027
0.9907614981768768,0.9655751591767359
0.9905159446653196,0.9661770163592432
0.9903831154027438,0.9668713078661344
0.9903661663532184,0.9676803967382247
0.9906878199506699,0.9677616166448901
0.9910096609528467,0.9675831657440326
0.9908598014067023,0.9678074526794961
0.990635827640513,0.9678844676866489
0.9900892893722437,0.9680645142338125
0.98975375219386,0.9682957649420487
0.9895793818831419,0.9684207963996392
0.9894546181176018,0.9684938945385382
0.9893874025941212,0.9684643895222041
0.9894675148589072,0.9675205659378283
0.9895488070135972,0.9634935083148579
0.9896010620137005,0.9604189455701615
0.9898612540200888,0.9572349058101208
0.9898890795425667,0.9528141717579354
0.9897385789578179,0.9482752297658825
0.9896895192758217,0.9433242589228039
0.9885470084864655,0.9418506686120129
0.9874765906216076,0.9410954071191112
0.9865669868331581,0.9423006037049422
0.9827027945710767,0.9453624822312008
0.9329326702914305,0.9483256159245415
0.9272005066933998,0.9501509902261488
0.9213724088661653,0.9509010635816582
0.9155966031277969,0.9516420281467073
0.9185340553120172,0.9518862844631923
0.9661382753918327,0.9521627750255454
0.9637131181717952,0.954678100718364
0.9610513774270597,0.9561814863081556
0.9585582017607616,0.9576634753839199
0.9562043345960412,0.958967612376345
0.9532660985649235,0.9597527855069532
0.9504828579660527,0.9613605755459707
0.9484554702453396,0.9635194701742312
0.9444517155541563,0.9619779354153892
0.9441578880321724,0.9592388782728913
0.9436898911478554,0.9542732680761047
0.9440537894695271,0.94898659042349
0.94452066551425,0.9436234253600939
0.944815480063258,0.9379289636200563
0.9450755375065235,0.9321615993441954
0.9453478095546226,0.9262694151681661
0.945603273470746,0.9203084872206142
0.9455310748776093,0.9168601109740988
0.9455763829484862,0.9169318282145305
0.9460393242974494,0.9169331870560071
0.9461078515732966,0.9170064338115008
0.9463485799166034,0.9171416960924313
0.9465337579851388,0.9171759753726142
0.946763578304492,0.9171083798576063
0.9466405142788454,0.9171410564946786
0.9463140098562184,0.9168581684411243
0.9461025149844633,0.9165664905390869
0.9456613201561879,0.9161293393070338
0.9449654226865084,0.915903759615013
0.9448157704198258,0.9161450150863091
0.9449265583508489,0.916566881579135
0.9451108384742447,0.9164632039397552
0.9454531946618707,0.9146810585930771
0.9456584161458654,0.9132648077322864
0.9456978117877797,0.910347656212637
0.9457476572880887,0.9075535672869348
0.9443603022265716,0.9062091840333153
0.9407877662211418,0.9054097208461762
0.9342759573562209,0.9046277116956649
0.9272963362103335,0.9023812257053616
0.9202891756903273,0.9016699402831527
0.913067883070044,0.9016502428262138
0.9059266862986637,0.898568454765517
0.8995702959200291,0.8971614717361508
0.893542870862013,0.8972172859583734
0.890347527629129,0.8972482686638836
0.8891397252036319,0.8971585118686891
0.8889239296271303,0.8972147182065842
0.8883870922392191,0.8975010328320567
0.8875814827594755,0.8978257092626203
0.8869409861436134,0.8981371064571751
0.8862129080387958,0.8980779724302093
0.8854141444084161,0.8984774034717931
0.8846087041822999,0.8989412628518864
0.8833231603934819,0.899348161162576
0.8829972153833866,0.9005360109660139
0.8875679165694246,0.9053385072944518
0.8858912963224084,0.9108042877544249
0.8859656213556885,0.9168001814456934
0.8854914094514206,0.9226754200813465
0.8855420935908829,0.9284775234269005
0.8858938443758364,0.9336666875298638
0.8861123629501129,0.9391799616261407
0.8862903786372993,0.9448112705020845
0.8865160557080399,0.9503708310221504
0.8869710342902559,0.9534463402005016
0.8870206932435235,0.9532679412216128
0.8869328799997066,0.9533819793496873
0.8868594684741583,0.953402202548566
0.8867756882011296,0.9534237418493158
0.8867076858770282,0.9534135350717781
0.8868598833192153,0.9535013348545804
0.88714120997916,0.9535802804021971
0.8875715054109594,0.9537155384312521
0.8878875627714781,0.9538426392586461
0.8883650836836956,0.9539607499658218
0.8889097891386915,0.9540219523998968
0.8888834372384834,0.9540247765825809
0.8888241132755963,0.9539893618226298
0.8888063518746281,0.9541718094550211
0.8887851334444277,0.9565737261392071
0.8888143160285411,0.9613836633272906
0.8888748035862932,0.9666811271671659
0.8888981648682226,0.9718827127472014
0.8903501050191277,0.976926432592395
0.8941016683872485,0.9810052561279985
0.9009263253504369,0.9857482250753569
0.9083090481977483,0.988609155502336
0.915551518105594,0.9897229525352305
0.9227379820764521,0.989742706256705
0.9297874850326391,0.9924775014180903
0.9368163108164989,0.9941420547308415
0.9437665341950217,0.9940556752330938
0.9504212499579069,0.9940484727566803
0.9564407275319443,0.994026466377057
0.9607740482749286,0.9940696876569356
0.9645075869817215,0.9940248350456375
0.9683825143919763,0.9939174058815672
0.9720070313824576,0.9936994684116878
0.9752037904159631,0.9938789308067885
0.978353068494707,0.9938028826572757
0.9821937191914675,0.9937274275446992
0.986643463622547,0.9936957569450653
0.9896021225154095,0.993704268578177
0.9901376555545229,0.9932619830959204
0.9925342282231093,0.9921253875171578
0.9932334671760854,0.9902984547861975
0.9937658533817825,0.9874483455957845
0.993553967164837,0.984582712451429
0.9933066531234633,0.9809542820214363
0.9931385404593399,0.9779339822855229
0.9931013087434907,0.9750258266109519
0.9929986584960825,0.9739592318488007
0.9929305080912765,0.9735342467364483
0.9928726876645784,0.970324733183122
0.9930189970370273,0.9678249622654896
0.9931703939679049,0.9678498343747395
0.9933539262950442,0.967866994281497
0.9933969937303204,0.9678854352803941
0.9933950642255542,0.9678221738459425
0.9935853708223464,0.9676939448866173
0.9934519557377632,0.9675514884627503
0.9933305557560473,0.9673946943188787
0.9932231283179243,0.9674305795208751
0.9931836547472089,0.9673138539715215
0.9934662882799281,0.9672276987987983
0.9935257132548043,0.9672010673415949
0.9936205748160069,0.9672350516469808
0.9938104734807893,0.9667368334715551
0.9938798055398003,0.9642313604071373
0.9939926115937249,0.9610923710744868
0.9940504264127313,0.9562248846296347
0.994119830708625,0.9514644375104128
0.9941458619279111,0.9471829937526228
0.9941350116382293,0.9436598881165972
0.9934461984525524,0.9426073957159629
0.993034750937895,0.9421524137487101
0.9925837722373394,0.9420789014747144
0.9916349052792823,0.9394924696504217
0.9904433017059016,0.9375186872665161
0.9887530066513128,0.9373454303977018
0.9871201378279805,0.9373278048555054
0.985692647066806,0.9373212955704178
0.9852344486531122,0.9371613388030755
0.985288458654058,0.9370144324732343
0.9853219764752061,0.9355800917743626
0.9853142573297431,0.9347703792775446
0.9854974940555166,0.9340269087657316
0.9856551478056026,0.9329436711017657
0.9857865185593063,0.9321550188925586
0.9858362371830138,0.9315921370109078
0.9856461990508774,0.9318764784640847
0.9857053082085582,0.933157044702249
0.9857819828431542,0.9301776024960934
0.9859594091147947,0.9268787816531918
0.9861763200844477,0.9246647601619099
0.986355380272959,0.9224784662772743
0.9864099051132786,0.9215357096302301
0.9864242256811786,0.9196553026769614
0.9864583178413312,0.9174847977588452
0.9864270164834894,0.9166122862096189
0.9865258629095539,0.9164342102649475
0.986698428086198,0.9166623920702974
0.9866523504328835,0.9161514074947721
0.9865666482106343,0.9155532663648992
0.9865277267588859,0.9150691428697834
0.9865171840966681,0.9150892867926192
0.9863960492166466,0.9150150982653842
0.9861430000977289,0.9147068734664342
0.9856275560170595,0.9144149547097398
0.9852063648342184,0.9144964487887239
0.9848502515856419,0.9146263036159459
0.9844935794708471,0.9144294111416706
0.9842871218704521,0.9143385662018295
0.984152882252243,0.9143612577911365
0.9840694730226622,0.9145438911541472
0.9840737588997185,0.9115649100362373
0.984043457850859,0.9094010753788097
0.9840156958237825,0.9072598031265364
0.9840824029346662,0.906777805529037
0.9840849099947644,0.9062948313859119
0.9841292907625028,0.9063289193501265
0.9839219541903259,0.9049354981969465
0.982271761152383,0.9005073762044322
0.9799743670333567,0.8956622681067747
0.9775314943759199,0.8936373046449637
0.9746254125066423,0.8939393117701674
0.9712457580898188,0.894022149456177
0.9684753758340893,0.8939191325652402
0.9658087670358307,0.8942581249525903
0.9617777769068716,0.8945722854126609
0.9573311489491014,0.8947852341747423
0.9532884553367446,0.895057253805556
0.9494248030295761,0.8957667588456444
0.9456023369419333,0.8962811421191297
0.9416841587006968,0.8967112471860827
0.9386429492166226,0.8972292345615861
0.9374496015397331,0.8976491763633936
0.9359688760170942,0.8979863928622613
0.934377204055209,0.8981760939137651
0.9340994137503899,0.8983965343344453
0.9340709362505428,0.9042669217145813
0.9340796793607458,0.9107904495030352
0.9339823668925422,0.9172056972773288
0.9338265470741529,0.9234502447452364
0.9337945466070496,0.9293419326137413
0.9337745036268006,0.9352858038776257
0.93382307979094,0.9411553630443025
0.9337606495683229,0.9437023063248755
0.9335685708209407,0.9408735418262109
0.9333588046052914,0.9380350141440259
0.933155293367054,0.9357253354554393
0.9331486522406428,0.9345195249165099
0.9328925188634185,0.9344204951062514
0.9328768273590422,0.9343616348015378
0.9330381837646866,0.9344083755664722
0.9334980456194453,0.9345847488938448
0.9342982815789587,0.9347577701206976
0.9350782646744993,0.9350166318038066
0.9359264376474032,0.935327755460694
0.9366973007950962,0.9356492352582629
0.9373100081467576,0.9359602397564283
0.9376479425205118,0.936232078207693
0.9377971484268817,0.9364230810071794
0.9378353570503046,0.9400305379270741
0.9378657013609479,0.9455014992793407
0.9378942969450221,0.951078521652824
0.9379379064045636,0.9561859276391346
0.9379261326720147,0.961625391774024
0.9378947583227628,0.9665871884683872
0.9375260374252153,0.9720543989982695
0.9360688823623055,0.9772716787322129
0.9325379338117599,0.9800155545240148
0.9312819438368928,0.9792846247255924
0.9336080058433657,0.976847451310098
0.9371243180833506,0.9749623793976587
0.9404770633379864,0.9739011595523639
0.94375451065806,0.9736891012339116
0.94833239013081,0.9740713501561853
0.9521957098698612,0.9743449384264284
0.9548382881703397,0.9746597886015236
0.9556608679162164,0.9748859285385669
0.9564152521246848,0.9749293304242292
0.9590681295207335,0.9750251608797529
0.9615291230070178,0.9752271152021449
0.9618493479540138,0.9755814022583944
0.9626833243333228,0.9758150250975899
0.963828863521329,0.9760267947784648
0.9641169865905055,0.9765554233211939
0.9641735895490844,0.9768916725944332
0.9641219236918765,0.9772233646947541
0.9642041228161669,0.9774943933727229
0.9642674664634834,0.9776871724220662
0.9642851183043922,0.9760203072197233
0.964319304825456,0.975147729176022
0.9643060959765435,0.9751487422601642
0.9644312140433305,0.975125680274016
0.9646001414887831,0.9758098277824379
0.964906902384505,0.97655257119961
0.9651100273495617,0.9774182228933872
0.9651713099128144,0.9778274614863398
0.9653968840572708,0.9778453220167607
0.9655798762864242,0.9777011171454085
0.9657595064236562,0.9776750879896245
0.9659340043700878,0.9775020909243577
0.9660945735575408,0.9773405893226349
0.9663260232961699,0.9770809868777695
0.9665531006001182,0.9770937078580335
0.9668030834099719,0.9768589204736449
0.9670888979273053,0.9768813075397649
0.9672704420997948,0.9769254476069975
0.9672738513663456,0.9770998414417101
0.9672617671986037,0.9773793744678347
0.9671354718422476,0.9772643506289092
0.9671304692523012,0.9770104788147629
0.9671187314871575,0.977083601506309
0.9670765004178061,0.9767257670764771
0.966945725369966,0.97675594966779
0.9667824221675746,0.9765525010128313
0.9694190098578215,0.9765920838252564
0.9745189281287798,0.9780282088541874
0.9775612609799738,0.9803867874803557
0.9780048959461243,0.9827211092892647
0.9780624284954481,0.9850724039679651
0.9782110465502266,0.986865794669193
0.9784471764388696,0.9875696996750224
0.9785385855013184,0.9876983909896737
0.9788717749005345,0.9876362852585333
0.9799042158615114,0.9876175503896607
0.9814814257791267,0.9875387724884497
0.9833910727059656,0.9873790170634777
0.9839649926819809,0.9872171316321517
0.9840735878230686,0.9870113435888428
0.9846684103014406,0.9868156531513237
0.9850083575196222,0.9866750291113137
0.9852032452538312,0.9866680282239334
0.9851585322578004,0.9864954804918087
0.9852196874002714,0.9866213696846257
0.9852707524679913,0.9865701751363288
0.9853164559906944,0.9865433948228032
0.9853687105595793,0.9865358265723014
0.9853442781956686,0.9885596389698244
0.9853004014648641,0.9890814006462737
0.9853044378192269,0.9890259967547772
0.9853608678481265,0.9888406631864471
0.9853730957043432,0.988843024834829
0.9855523810888789,0.9890738960734617
0.9855403487354624,0.9890976199128365
0.9855997660331521,0.9890522234870419
0.9854828458184326,0.988974882893394
0.9854570469539623,0.9889436617760393
0.9853037366367035,0.9887513121349498
0.9854347242336849,0.988967815057245
0.9849973869845863,0.9890147037189132
0.9843660268715084,0.9892954118768656
0.9838984711973189,0.9892965127357425
0.9834491268290964,0.9894677807763222
0.983213068723513,0.9894001738854685
0.9830471625962198,0.9893250154116128
0.9829170035495325,0.9892427076589403
0.9829057533042576,0.9894418425733466
0.9828243848102838,0.9892817023190674
0.9827262490452258,0.9887477617188023
0.9826902309481389,0.9856018515935046
0.982743543290707,0.9824855537656774
0.9828868294283293,0.9787995899655918
0.9829216111567757,0.9759568929718785
0.9828324275967014,0.9745700839561839
0.9817025783600459,0.974155180899217
0.9808154983237916,0.9742670909722689
0.9800914802248308,0.9746627993131526
0.979908562497391,0.9746467202591063
0.9796240005773624,0.9745856276031298
0.9794591543091056,0.9746307141631134
0.9789601155754104,0.9746786795561332
0.9791676553888808,0.9746300288302552
0.9793972284034913,0.9745225626064052
0.9807115902157151,0.9744844015274241
0.9819531665558947,0.9746456454494479
0.9826003867529138,0.9748517824838574
0.9827473820753403,0.9750664168050427
0.982801465682739,0.9752080404758772
0.982513780312241,0.9753214466557274
0.9820138345616365,0.975132237724022
0.9816314488339803,0.9748892463859822
0.9816057505545974,0.973274045383834
0.9816184766806773,0.9692070069639975
0.9817367672877378,0.9638173126207834
0.9820088533975843,0.9591808799088419
0.9823504579662101,0.9556835692366012
0.9827047019877709,0.9531973655736158
0.9827611841272837,0.9524341924611932
0.9826826119971167,0.9518326081603603
0.9824378876481532,0.9519554859545942
0.9824020282864802,0.9525337587048046
0.9825825491383164,0.9526153516638287
0.9825763014837586,0.9528926285400676
0.9828075383636659,0.9530923194788281
0.9828334842298112,0.9532611855369151
0.9829066668478026,0.9536739721339843
0.9828463653231465,0.9533845927129996
0.9829979721188937,0.9535498131922296
0.9833468778276127,0.9535623408452798
0.9835717088929725,0.9536315443195267
0.983781436347048,0.9536547590235137
0.9836938376468203,0.9539661323452941
0.9837103762110657,0.9542259569484476
0.9837575865783175,0.9547099002360069
0.9837125900543016,0.9549905077353458
0.9837338932140303,0.9552893881004316
0.9837015860025983,0.9557047678409254
0.9836890489679415,0.959011723520825
0.9836777663251962,0.9621372739757409
0.9836970395576629,0.965472083084401
0.983493539436256,0.9672969950083821
0.9821860426044451,0.9676574610618198
0.9821710873538707,0.9676879910856642
0.9817121131480515,0.9675208036640579
0.9789410818527964,0.9654057949515814
0.972822583481408,0.963872830753985
0.9666307780531416,0.9636059920970668
0.960407986628051,0.96330718393907
0.9547107074243144,0.9635214855998588
0.9495974891178836,0.9638613677713384
0.9450738746415079,0.9638577323370605
0.9408437772609541,0.963901766080167
0.9369482091093947,0.9640203653171273
0.9332352794094538,0.964152731216625
0.9295826577670778,0.964197532840338
0.9254824708243741,0.964303888661285
0.9210959039251253,0.9643358148984862
0.9164896975491859,0.9643835795995941
0.9105801714627783,0.9632737970117008
0.903988343673992,0.9593581066437584
0.8972629424880825,0.9575657783404721
0.8961869729267727,0.9571922424622283
0.8956504892418291,0.9559941397483044
0.8956679334291381,0.9536373620578507
0.8958509036951157,0.9501409542177692
0.8962751799837652,0.9451575705654716
0.8967146610385881,0.9413450109979378
0.8972561777348769,0.9417249092672161
0.8975579541695758,0.9410744747132049
0.897580488075035,0.941019747755082
0.897551924490007,0.9408383935584494
0.8976871805168558,0.9409865594064424
0.897944448379232,0.9410775984088524
0.898209769357806,0.9410924979236012
0.8984909519295482,0.9413898205013702
0.8987935389333621,0.9414682202820759
0.8990655405618583,0.9416383334188229
0.8995717913555641,0.9417472361489484
0.8998077276610097,0.9418639448249342
0.9003395004374327,0.9420148513362817
0.9008184890551316,0.9421421106262327
0.9012028652929889,0.9422600100248051
0.9016477498461816,0.9424401275719083
0.9018725029243577,0.942155367869579
0.9018820193293634,0.942085279587974
0.9019435184773303,0.941891232762629
0.901977419516167,0.9405161389500565
0.9020252484393447,0.9382901639887599
0.902531720054684,0.9386601452646355
0.9041689978301083,0.9387427263567737
0.9054893817339891,0.9385910365553685
0.9069401303987781,0.9386302594026172
0.9107675314655761,0.9387374969055473
0.9167444355841852,0.9397736054681864
0.9217838657587127,0.9403710992564318
0.9268579991882715,0.9408420689403678
0.9332036218482263,0.9408621869028271
0.9386571635041197,0.9407409226827677
0.9434138184071625,0.9408315548302717
0.9443080343128443,0.9409436785859511
0.9438332131558345,0.9408910512261299
0.9455013052818262,0.9410134011105808
0.9486895848304521,0.9411483428098695
0.9516101404909425,0.9412604070929402
0.9557289387613895,0.9412068407715779
0.960277440007286,0.9408137109968351
0.965823606067512,0.9423583238781839
0.9715553746871747,0.9470864257255593
0.9773187454869561,0.9522604505091605
0.9778023066457723,0.9573578420517279
0.9776693040446632,0.9624582288973689
0.9770665140099766,0.9673066979016991
0.9764266243563049,0.9723282440492691
0.9758756553059618,0.9771823256050677
0.9753142159816168,0.9811207629961953
0.9749283060695809,0.9808048791194466
0.9746288838915554,0.9808866399471456
0.974499397654238,0.9808726769552031
0.9745302343237399,0.9808333852493627
0.9743048857259333,0.9803320925242216
0.974282871496587,0.9801044289785383
0.9742062464974912,0.9800085255731208
0.9741128887415678,0.9801234972501385
0.9739301852644286,0.9801891496808449
0.9738317171284063,0.9801999742984996
0.9736726158182086,0.9802325978341926
0.973645283557484,0.9802416269440926
0.9735853553228966,0.9802575597264571
0.9734754386207493,0.9802455266571819
0.973345420984154,0.9800136312797775
0.9732677571379804,0.9800055832081982
0.9732848078860692,0.9797626838209514
0.9732081234656819,0.9794008055475929
0.9732219224611796,0.975597537095042
0.9731778503971138,0.9724368107522521
0.9732283029713003,0.9703648806956964
0.973386335376722,0.966489669771984
0.9730871103272267,0.9660369419778205
0.9709448706523944,0.9665175500091202
0.9690999166641983,0.9661537979234961
0.9682297783579261,0.9671552067358105
0.9681012192523453,0.9674334113595406
0.9662825582822259,0.9672234155793433
0.9647735789988561,0.966898466406146
0.962000428981422,0.966654669326106
0.9598410462057964,0.9665528845319813
0.9574633931825125,0.9664714879717402
0.9575271092855002,0.966331899148391
0.9586946397029811,0.9664348369881459
0.9589914683040884,0.9663167874351573
0.957970614569544,0.9660963923287943
0.9574905536418152,0.9658313098232554
0.9572275228853591,0.965647495032362
0.9566891746668046,0.9656997405028991
0.956765004456307,0.9657272721397309
0.9568409181320383,0.9656927672375929
0.9566501006721124,0.963856054947706
0.956521639004758,0.9604531110744233
0.9563813861250092,0.9557842244652744
0.9564432317859812,0.9512243999251864
0.9563837057847542,0.9470985855611758
0.9564278187565302,0.9452687608227472
0.9563940251798226,0.9446281683740714
0.9563282552076864,0.9447305933696479
0.956340387542415,0.945099276005406
0.9563484869532832,0.9454541717103193
0.9563520831423712,0.9457352451394916
0.9564096735928627,0.9460271438799417
0.9564229165218912,0.9461563244305184
0.9563274547849829,0.9460474790099916
0.9562369114634937,0.9458168700833539
0.9561067435204651,0.9456545159061917
0.9556323248554996,0.9454278236806364
0.9551589561972873,0.9452592451435613
0.954980011427708,0.945160229906618
0.9548689819561857,0.945057745400258
0.9548178908915039,0.944928032832353
0.9548363552698003,0.9450312558234543
0.9548464186629859,0.9444031434231195
0.9548091007017506,0.9403126882640139
0.9547341762999665,0.9351422298471075
0.954675560223727,0.9343005638089348
0.9546288674957629,0.9341010350512386
0.9545740898634969,0.9341043811187892
0.9540080518108713,0.9332800216122636
0.9484422023700412,0.9297563801276989
0.9447606907360893,0.9284545526210959
0.9431813602757013,0.9287844468717636
0.9411066399767603,0.9293213992163006
0.9408650501647897,0.9298107687211892
0.9415016110162235,0.9301558021713308
0.944137664962172,0.9306507573129724
0.9473737960365077,0.9310339838346195
0.949866324265699,0.9314237297036572
0.9523429591898789,0.9316380918109214
0.9555769146272537,0.9320962306099757
0.9585807297232323,0.9322762519386112
0.9605783698292074,0.9325680137457033
0.9619974297426412,0.9331296376463578
0.9635079816043064,0.9339226350044807
0.9636508575452235,0.9346567324049297
0.9634122921044226,0.9354054008913304
0.9632353527764052,0.9356603560807553
0.9632805381467282,0.935997976404723
0.9632324557506353,0.9380472965156768
0.9632359638746816,0.9418406728023186
0.9631486293107006,0.9469929080645709
0.9630093143850699,0.9522978274011846
0.962902710477569,0.9565584323584173
0.9629001440058298,0.9582259593118385
0.9628861600933496,0.9586793253883801
0.9630539500336803,0.9585277864999404
0.9631775912399028,0.958390506265946
0.9632395406589302,0.958249361138297
0.9632154736184344,0.9581576173655012
0.963262446064678,0.9581497034343901
0.9632810480430352,0.958016233297553
0.9635188152718155,0.9584673202193844
0.9635400900725011,0.9587165400384753
0.9638726618355298,0.9589519783898144
0.9645458725352418,0.9591226046813701
0.965286668916771,0.9592548707043534
0.9656293821724684,0.9594186989136054
0.966033167547949,0.959546834120891
0.9662512761566696,0.9596556705513188
0.9664206517849045,0.9596083660977364
0.9664399988475834,0.959984247067093
0.9663587233825138,0.9641029219336158
0.966407452539604,0.9693547852715426
0.9663918799348579,0.9742472671065464
0.9662091491777354,0.9790369599739763
0.9660139245719987,0.9824993312424414
0.9662183531706785,0.9872588705000258
0.9714829038849182,0.9908632148695578
0.9767870961848064,0.9914798042468276
0.9805424215803313,0.9913318104167967
0.9837628274113801,0.991170955078712
0.9853409419429102,0.9910943299598858
0.9887162330978501,0.9910519328916408
0.989736824066192,0.9909715509846111
0.9900711202262676,0.9908614929360707
0.9901340113247326,0.9906826902263655
0.990094156484115,0.9906909181377567
0.9902544235978559,0.9905665440022007
0.9903372599893449,0.9906175462290835
0.989936901903776,0.990676056571158
0.9893670519330244,0.9903775774718113
0.9890833444611652,0.9900783495512575
0.9882778046417848,0.9897417086438619
0.9881879420677545,0.9894132794834394
0.9880145140428725,0.9894995669091139
0.9880675530971139,0.9893180292118076
0.9878613319852039,0.9887189462348774
0.9878757637386992,0.986144171668285
0.987739428011223,0.982589998536318
0.9876700273445731,0.9777238519729219
0.9875817162243078,0.9743326987973523
0.9874784300549477,0.9739446953332738
0.987414407620682,0.973668741953924
0.9873550336249011,0.9738276788263025
0.9872681293427983,0.9737095828024767
0.9872674425325443,0.973663324803546
0.9873778145015284,0.9737177811652592
0.9875154022429138,0.9736818145632546
0.9876502830822016,0.9737076262644785
0.9876579283278719,0.9733462716464194
0.9879037255973867,0.9734175752163152
0.988009692348563,0.9734293963180461
0.9878650322889116,0.9734132249606644
0.9878644894424116,0.9734202199100199
0.9877894578425075,0.9733297927356488
0.9877655860937897,0.9732189689366455
0.9876436519939581,0.972966894690815
0.9876090110804507,0.972674558847354
0.9876867049116852,0.9725014901710315
0.9878758231914185,0.9715460666192469
0.9879747561072859,0.9695341363400611
0.9881086299040438,0.9644780525460466
0.9888100476995649,0.9593683685206098
0.9892428995232688,0.9556769482955767
0.9900859247691209,0.950862396485724
0.9908938001918366,0.9464247256737075
0.9918055781972366,0.9460943470440798
0.991944891506697,0.9461072717365908
0.9922055131575783,0.9457452960138946
0.992713628369023,0.9456488976049425
0.9932465849826939,0.9456443158900123
0.9936560877161709,0.9455931920736624
0.9940150040034355,0.9456117442753053
0.9940957113289037,0.9455627513928127
0.9941060885756103,0.9455076024033838
0.9939581871845845,0.9454219445217491
0.9939183576496213,0.9451775614693742
0.993873134074019,0.9449151569084645
0.9937921762326434,0.945050865865883
0.9937447627119049,0.9453242478967923
0.994071996152357,0.945754446869328
0.9942760079419952,0.9458953750346744
0.9943794973029412,0.9457910795116284
0.9944449957399418,0.9450381563935
0.9945054507402957,0.9449094343057189
0.99449147133242,0.9442527019374201
0.9945034819490568,0.9442616478786923
0.9945454755971244,0.9442471242925763
0.9945648339869961,0.9474192473165683
0.9945425200335658,0.9477266934708435
0.9945260316069364,0.9479595662785012
0.9945441489981419,0.9479136365742424
0.9945499244621641,0.9481228388762247
0.9945493680100982,0.9482773046794851
0.994316279908851,0.9482496853648135
0.9942148141525107,0.9480630161063046
0.9940613667422974,0.9480463543165678
0.994048285247733,0.9483305699582673
0.993996878099964,0.9483524166840903
0.9939833748098599,0.9481155686666543
0.9938947933126825,0.9480879051255459
0.9938651820388065,0.9480867455809965
0.9938682361812352,0.9480934079856205
0.9938989725603055,0.9480711722110327
0.9939764797211905,0.9483197289172416
0.9940046611582232,0.9489421709487558
0.9939120685616596,0.9488616959945324
0.9938289450398681,0.9492822115443955
0.9937213471554416,0.9510428369611996
0.9935300455414791,0.9559286793063952
0.9932136088982688,0.9595988528617967
0.9920590041613452,0.9624620550279291
0.9887375450245968,0.9663064239147456
0.9828298866194614,0.9706179993207043
0.9801713789977159,0.9706490754030946
0.9780676707472522,0.9708397355670173
0.974354088560413,0.9716156839129164
0.972027748374213,0.9719728722779933
0.9674554278656966,0.972193764076152
0.9589332035612161,0.9724356972815157
0.9191436535068658,0.9723302745148769
0.937664153863534,0.972774802853118
0.9482391508700783,0.9729235261610989
0.9450594907303542,0.9729033582087673
0.9420157485572003,0.9728657835643446
0.9397582534715487,0.9726988984721998
0.9394727497122626,0.9725512753963244
0.9389694260756118,0.9719089522819571
0.9365441136537318,0.971621228298962
0.9354760541445535,0.9722231534120861
0.9351867375288498,0.9719771691337127
0.9347449677054618,0.9723855176245714
0.9343541289039202,0.9712917949911395
0.9344561102037499,0.9697462669428971
0.9349087052719061,0.9682574775382622
0.9354682237090262,0.9691196518107476
0.9357457322047105,0.9652894162378858
0.9359543490350176,0.9634875411555899
0.936320063101754,0.963270147861755
0.936818303741852,0.9633440977159995
0.9373851884207229,0.9635571146015391
0.9375410245439131,0.9636968896456544
0.9375162746888646,0.9638597774266718
0.9378406131379783,0.9641737851885432
0.9379349430746118,0.9643309175101086
0.9383611919235822,0.9644174329845353
0.9386433453654315,0.964501075252804
0.9395136012207703,0.9651404131864632
0.9405464207352944,0.9654518487683936
0.9416842361163569,0.9657209551007481
0.9425871587333698,0.966020384588282
0.943452091458011,0.9663234966729318
0.9440242927796842,0.9662832680049249
0.94437494020845,0.9661211658350431
0.9444700597605807,0.9661359594016754
0.9445143564983399,0.9665193149644518
0.9445577737646951,0.9666354782495981
0.9445939022918907,0.9668541154581778
0.9443617298277214,0.9682268133362317
0.9444518976743255,0.9689923344054256
0.9453698917931465,0.969874350234233
0.9459839732056229,0.9698058242266402
0.9411516433959903,0.969739450901641
0.9357279782966186,0.9697358765244564
0.9319374836749861,0.9680296744977379
0.9265093039464947,0.9670201539372034
0.9234876670787779,0.9668587961458798
0.9214198473199771,0.9667794465957856
0.9210506406178752,0.966897560782749
0.9201343749572706,0.9670099929252507
0.9193538624485253,0.9670006101131234
0.9186058802011969,0.9671010741503034
0.9178738597969569,0.9672438905959515
0.9163141748434934,0.9674565249683524
0.91293117516984,0.967546010705104
0.9090887129480626,0.9680323717886838
0.9076386383427751,0.968216902208716
0.9062402573975148,0.9678560793138163
0.906113211567972,0.9679335200943558
0.9054584317464318,0.9682960212214698
0.9054735747227627,0.9696773992476293
0.9055160278160282,0.9738464022534606
0.9054786225627733,0.9783649486044618
0.9055680809173269,0.9790925380611436
0.9055369702880941,0.9826163686929227
0.9058876927805246,0.9838332971785102
0.9061740991745233,0.9839938979099627
0.906359623214428,0.9839526953658018
0.9063490390038431,0.9823237742138552
0.9063255260076977,0.9809949075674551
0.9062926867591004,0.9805696961321078
0.9061814880951986,0.9804958735098871
0.9061207356709193,0.9804234044350442
0.9058374528060457,0.9803138578679585
0.9055167309898915,0.9801985101764824
0.9047917607291542,0.9799596142211056
0.9040155799406437,0.9800082999287154
0.9032459576495008,0.9800313825525364
0.9026631906273687,0.9798386152139578
0.9022946365752597,0.9794937879686767
0.9021880525579431,0.9791841244996448
0.9021677548494513,0.978932897733968
0.9022200794202406,0.9792036107317938
0.9021794459737353,0.9788015724990946
0.9021839204889321,0.9782573594789092
0.902229657592805,0.9784238031357628
0.9023983020692543,0.9772360513458543
0.902501222693217,0.974359367333508
0.9036903526081528,0.9727596943840267
0.908451202981454,0.9716441270835214
0.9155133035861883,0.9715965973680463
0.9226475477853384,0.9718140486353828
0.9296834769311253,0.9719289643187444
0.9366210642274755,0.9717602626562335
0.9433878784921719,0.971561779436602
0.9500070362356199,0.9714698500128975
0.9564574733501632,0.9716024963649386
0.9617206194641514,0.971577669121066
0.9661441587517561,0.9713269484031914
0.9703256324124816,0.9710624913715259
0.9739822499157705,0.9710156950323986
0.9772042810146155,0.9709538489612373
0.9801715238149851,0.9708088275740642
0.9837710655887084,0.9706300773160339
0.9868660727334033,0.9705435830141965
0.9888996380539963,0.9705204224358401
0.9893173299956151,0.9705475031101268
0.9903413682407515,0.9703217419733885
0.9906321686552901,0.970708443857834
0.99054322095867,0.970921961024712
0.9902540677440651,0.9709606822907996
0.9900408008136174,0.9732521702131487
0.9900436460850681,0.9737485217315236
0.9898057209752944,0.9747696369479724
0.9897315268083908,0.9749750796014831
0.9897292262509935,0.9749911759132347
0.9898131985953633,0.9754805601012864
0.9897700132785745,0.9758950443218659
0.9896176213466926,0.9758755224805118
0.9896519764308322,0.9758761682089134
0.9896729382769001,0.9758638165865512
0.9896735051159402,0.9758262835753749
0.9897138274628969,0.9757381504010667
0.989480696313126,0.9757991850482508
0.9892904470095614,0.9757546042418287
0.9890705756583491,0.9756549151367565
0.9888457938997592,0.9755972559745294
0.9887951524860634,0.9756210473570555
0.9886911721428981,0.975665379152157
0.9887435178178468,0.9756991752750783
0.9888431278204782,0.9756910015000577
0.9888807715858385,0.9755811060702156
0.9889200940067251,0.9757305739083655
0.9890577877320483,0.9726564361640351
0.9893302722673648,0.9709609295177789
0.9899504273673783,0.9716391186397302
0.9907228063697273,0.9726866599467241
0.9915719663503604,0.9739463335722174
0.9919487533948064,0.9741739154119606
0.9920111496204413,0.9741721219125452
0.9921413345728449,0.9744968041854665
0.9924509597141751,0.9748406106669734
0.9928414766824152,0.9749945521496297
0.9929968396294533,0.9750713540490917
0.9930351765077821,0.9750814355833964
0.9930705465583922,0.9751150190772768
0.9930983517444587,0.9751330901201596
0.9930060269247012,0.9753485693745265
0.9930343260253871,0.9753363243310262
0.9931982047459074,0.9752331209315799
0.9932724587017043,0.9752678724759871
0.9933033495161954,0.9753981600024069
0.9932707145482087,0.9754248252609395
0.9932255140891271,0.9754249283605684
0.9929081708498495,0.975174088008567
0.9929336683509424,0.9743082946534554
0.9928901382942881,0.9738086085190236
0.9928728027339888,0.9698425944089247
0.992826822872477,0.965078853076917
0.9928493457639891,0.9608793166397036
0.9928478144577055,0.9562668045104803
0.992810041302763,0.9539136195145737
0.9927160643929012,0.9514851399030437
0.9925496065726892,0.9512376787196986
0.9925185740351794,0.9515843035195506
0.9925240134232283,0.9519532189942221
0.9924430121157475,0.9522685696359794
0.9924128666416587,0.9523577950166477
0.9923665721714663,0.9524079173950445
0.9923463891835069,0.9524465404192696
0.9923045254516594,0.9525718323714012
0.9923881135373999,0.952686549031424
0.9925162949492039,0.9527012383718714
0.9927426988527526,0.9528455444937685
0.9929386468804493,0.9527641130106922
0.9929983857875075,0.9528584688608535
0.9930274695756895,0.9526547092151023
0.9929321954564971,0.9526092901585816
0.9926884708206603,0.9526241536617003
0.992489897918843,0.9508303701239338
0.9923621399355724,0.94766817082678
0.9921708312523436,0.9456476478096014
0.9918903218558823,0.9436349424042842
0.9910619032952798,0.9424020532457441
0.9866561569592881,0.9376463149434606
0.9825207519597097,0.9334992751123183
0.9769854278192701,0.9292719517349826
0.9751894094017804,0.9288332601597447
0.974794608886255,0.9291025878709549
0.9744289635231158,0.9293080816720951
0.9734007497765378,0.9293332810296373
0.9705233305403405,0.9293670101663559
0.969607330463117,0.9294065764197017
0.9693425151135208,0.9294717902872471
0.9692998786944005,0.9297865450754376
0.9677777524647568,0.929860719052222
0.9664878317404629,0.929961473106005
0.966412987243735,0.9302235306635891
0.9663522988659761,0.9304159410165094
0.9663591320194447,0.9305913224900277
0.9664543871869332,0.930508273343319
0.966519733118243,0.9304483963849886
0.966882709521639,0.9306677507590424
0.9670914894666267,0.9311454857923556
0.9672048444441248,0.9312768365151927
0.9673759355167428,0.9354864156147316
0.9673035748265417,0.9406472675625418
0.967223040299189,0.9434002865692723
0.9670799878711126,0.9481352005233832
0.9671682332968181,0.9501043846293268
0.9672139030284883,0.9522983255118089
0.967231277401863,0.9523578653733252
0.967195030258652,0.9513444867548155
0.967040306735172,0.9504148851684723
0.9672115004682946,0.9496355361964489
0.9670601517522136,0.9495361256908545
0.9671757299515957,0.9494772368067921
0.9672584042402987,0.9495569364900576
0.9674057476110288,0.9497696807792267
0.9675102329167895,0.9498650276724212
0.9677522026255176,0.9499888810072179
0.9678440885892733,0.9501166496664137
0.9679629181876834,0.9505275630752672
0.9680782624019069,0.9507467690798045
0.968190363966233,0.9511207178583001
0.9682816967104018,0.9512308761363444
0.9684867532249373,0.9512019163783221
0.9686487918299013,0.9534806729046885
0.9687381441130789,0.9572994296114348
0.9688907993886345,0.9629393032639595
0.9691530956301107,0.968500374476156
0.9697205530322508,0.9739124494769424
0.973430017539131,0.9792864104749164
0.9771180450274115,0.9835135702150901
0.9819465538693395,0.987695887670768
0.9833450948653122,0.9874830467562477
0.9832503161174331,0.9868322132450014
0.9831350560677101,0.9862437240434898
0.9832573389553256,0.9857854560689098
0.9806081739309307,0.9857412352094278
0.975664814741267,0.9857470820862317
0.9733449975869528,0.9857360065213965
0.9718295842081337,0.985732211090883
0.971910939124003,0.9857647560502656
0.970946249747165,0.985779706879584
0.9698742088185197,0.9857950860855849
0.9700247304543823,0.9857632515888664
0.9701002066816734,0.9856575900575992
0.9701808816462048,0.9856647254736743
0.9701161665790278,0.9856819914032701
0.9700920053805441,0.9857433559720699
0.9701042411164731,0.9858746424758391
0.9702416305999693,0.9857465152378697
0.9704845300357086,0.9857331321538314
0.9706069698407811,0.982801439663258
0.9708326170616155,0.9807879602236593
0.9708857770220531,0.9776137335583759
0.9709566689337177,0.977385200994116
0.9711707465284177,0.9773846652629221
0.9714605170952488,0.9773856486914906
0.9717594002261946,0.9775930502430028
0.9720161309323374,0.9778223841224682
0.9720034312076896,0.9781811505425169
0.972155927620833,0.9781855310599968
0.9721644114632739,0.978195256662279
0.9721670910821243,0.9781910987348146
0.9720961941236532,0.9781676917118045
0.9718401087489911,0.9781864983956516
0.9715913861511124,0.9782907343843836
0.9712545068175324,0.9783497077767014
0.970923211773369,0.9780891949413568
0.9707445752471742,0.9779286535888747
0.9706060889022223,0.9778305945823196
0.9705244956693247,0.9777914391652294
0.9705595762089333,0.9777747802246911
0.9705158747730576,0.9776251615951249
0.9704721673105356,0.9771201846303748
0.9704814229217535,0.9765452532798701
0.9705404668139027,0.9752168755570146
0.9706563157676815,0.9729306036313673
0.9704413486477124,0.9721995125082086
0.9683216602970616,0.9716569883828416
0.964981154326432,0.9710266821321956
0.9599518758753082,0.9715879274517125
0.9565583911873785,0.9717418154948034
0.9566309812545811,0.9720514513028462
0.9566980806014034,0.972273038766035
0.9615057321403613,0.972236088891461
0.9669478818858228,0.9722345958148817
0.9691957796439173,0.9722633065832051
0.9707934931468318,0.9723352498749798
0.9722669790444671,0.9723219900532599
0.9743862381462904,0.9723183776037483
0.9751790452972315,0.9724282652578122
0.975037902087752,0.9724757855802875
0.9749161290661474,0.9726829394843506
0.9750516778416072,0.9728090312345778
0.9749461483384527,0.972896600595533
0.9749532007466046,0.9729687031411052
0.974484316325258,0.9734826632877953
0.9732636085411777,0.9736216699715896
0.97297973139441,0.9737189388472172
0.9720181259649585,0.9768577149576614
0.9644140897295677,0.9796633032400116
0.959459292073503,0.9827531278426762
0.9481518953765918,0.9828664515146189
0.9354437513461934,0.9832892614914475
0.9333169185651351,0.982974522444499
0.9329047747122676,0.983003387689545
0.9313917770858005,0.9830332089360891
0.9319499725609812,0.9829922407703404
0.9303590778605138,0.9830189297893215
0.930157639132116,0.9830067285391917
0.9300039521384968,0.9829800027756115
0.9303382883580507,0.9828882444031475
0.9301044881828437,0.9829270428936802
0.9357184259141955,0.9828349049227555
0.9453272791343217,0.9827400673059827
0.9570030910816285,0.9827482480658698
0.9655180898851523,0.9827925563047304
0.9715533387554629,0.9828001845488783
0.9736713915006925,0.9828456823834804
0.9734490479107731,0.9828378169093567
0.972419227754028,0.9828388718305741
0.9699740099888432,0.9827377179526651
0.9665150559246947,0.9826308550274769
0.9581856406915916,0.9815828874367618
0.947973848469461,0.9799479911097528
0.9383863224515873,0.9792101278775545
0.956492544041704,0.9790948147183436
0.9788860012359708,0.979119218925079
0.9853038628635528,0.9790479124493723
0.9881681757508141,0.9795674448228534
0.9850599838797889,0.9798468653560493
0.9677025486616051,0.9801579531218623
0.9308827143081946,0.9802895509062595
0.9237507196817556,0.9803056656699771
0.922394283935704,0.9802650621375475
0.9609218923496423,0.9801186105611502
0.9582737661266734,0.9801115539695213
0.9555706219845668,0.9800494004170286
0.952715881873027,0.9798632524127998
0.9501872199782677,0.9796055471114016
0.9484152177336067,0.9792910913473554
0.9477701486265753,0.9790296503370657
0.9452767344229511,0.9789403099887481
0.9448364922649053,0.9786712854174837
0.9427267146413124,0.9771690419608758
0.9423772456718897,0.9720052296713807
0.9421134042295654,0.9668903758579486
0.9426102069757464,0.9617516174635488
0.9426794402127248,0.9584200400941414
0.943037996209893,0.953234411315001
0.9424638521761275,0.9486874654724234
0.9419917295563396,0.9462477239921234
0.9420206650718765,0.9463078495773756
0.9419849432321639,0.9466718384361883
0.9419113832973769,0.9470283794444955
0.9418906320701552,0.9471969467993746
0.9419182370956176,0.9472488833542783
0.9419514513047551,0.9472767277964196
0.942115305579564,0.9473757426425227
0.9424222655495073,0.9476693037242377
0.9428917478603607,0.9478989837410441
0.9431734888713916,0.948154448213605
0.9434146879378468,0.9485494429317883
0.9436689393504117,0.9489843257635928
0.9437772848692859,0.9492141172948759
0.9440343601330375,0.9494932064654651
0.9441529235065047,0.9494978176360311
0.9442483688277798,0.9495554743096689
0.944236464802434,0.949548214983825
0.9442899482189699,0.949543242654626
0.9443038074397829,0.9495282475983978
0.944241802071731,0.9506688890012818
0.9442232501830019,0.9507933583813015
0.9446927249759498,0.951633434854456
0.9435981565847239,0.9519121261121946
0.941634301803755,0.9521938914260911
0.9380236161517148,0.9517009622280337
0.9329113304923378,0.9510917681729838
0.9323586507813604,0.9507924349699276
0.9340326570881377,0.9506989513612911
0.9371196443712091,0.9506960907548119
0.9400950810795647,0.9507254696792389
0.9425582544931398,0.9508169039602805
0.9444549271674024,0.9509715883724
0.9460656381061785,0.9511000769009271
0.9475725369921797,0.9512566619292973
0.9497887743689304,0.9514447255411087
0.9516323060469044,0.9517943887843723
0.952244363635349,0.952196542642926
0.9524207951349914,0.9525486477832186
0.954091080409594,0.9523601683103642
0.9540316637155375,0.9525962684000242
0.9555868728520885,0.954096892535696
0.9556960439252324,0.9594835270447901
0.9558206799066051,0.964502345775927
0.9558199694468353,0.9688348928891368
0.955377155883592,0.9711122724526633
0.9551274137082599,0.9760049902807129
0.9555442250469329,0.9801204553117866
0.9559282655635714,0.982029653357726
0.9560385486625786,0.9821198125031109
0.9560716358971273,0.9815186920336344
0.9562865520289302,0.981141322694328
0.956284408565983,0.981027554437053
0.9563051666800318,0.9810185516016207
0.956269602680851,0.9810247889496264
0.9564393851351423,0.9810439865783978
0.9566190730287962,0.981044122382053
0.9565951877708323,0.98104549309351
0.9565356857905944,0.9810292339619089
0.9565796802842947,0.980985277544071
0.9566421188784857,0.9809041879226073
0.956658149779883,0.9808657287386424
0.9566792251318597,0.9807703577336455
0.9566752385968015,0.9807256408854713
0.956605381870672,0.9807204764065166
0.9565172396242296,0.980746032136625
0.9565214005167306,0.9807498627470621
0.956467692850712,0.9801427266804074
0.9564905987335071,0.9776851297687736
0.9564198417024647,0.9764469789541383
0.9563182957677514,0.974224996561563
0.9573319661613391,0.9739491179853863
0.9592241735031912,0.9739157976929902
0.9628031194806436,0.9742693254048873
0.9680279132739336,0.9742370796774367
0.9712860499100171,0.9742044753006078
0.9744634253165096,0.9741414445827283
0.9777690600027797,0.974161424467765
0.9810925790642443,0.974141490968095
0.9834517791561677,0.9741497679651656
0.9844614856344907,0.9741755847979043
0.9855569383565075,0.9741565189387626
0.9862785685971129,0.9741571569053521
0.9850900946346957,0.9741680606356544
0.983909587394811,0.9741371159488479
0.9635883744143623,0.9741043991074938
0.9333166189150643,0.9740955155300703
0.9329006878731878,0.9743996327728466
0.9360559778761586,0.9744063833089692
0.9603392547693631,0.9744062395216371
0.9818990771933686,0.9745183144156623
0.9851715751277522,0.9744527454666208
0.9857122256378184,0.9745253326434102
0.9857781278241663,0.9754601045314615
0.985810422356993,0.9752771565908775
0.9858889667063118,0.9757060107504681
0.9860183577031966,0.9759116570052866
0.9859758547619633,0.9757115744144003
0.9862062098116292,0.9760950547568178
0.9864443073917657,0.9763200823074083
0.9866357112829263,0.9764298915174476
0.9867205806369792,0.9764430012314318
0.987101725173972,0.9764218743445228
0.9873700089343094,0.9763869356920507
0.9875806238738771,0.9763529601779617
0.9876199254397714,0.9763093625681483
0.9876663366847573,0.9763035944840144
0.9876444061284115,0.9763225286518715
0.987624298014504,0.9763144494930505
0.9876650286169086,0.9763566563699108
0.9876370991736012,0.9763974223665771
0.9876886918870995,0.9764289746139144
0.9877729688131823,0.9764445475930766
0.9879114124399913,0.9764445234783017
0.988099458134696,0.9765755604821108
0.9881869957248852,0.9771932812909797
0.9881983266248153,0.9797737534263902
0.9886017551623809,0.9825973583339163
0.9890517177083051,0.9848984648001264
0.9893995850810159,0.9852012935776837
0.9895351863036927,0.985236384468454
0.9893683013020866,0.9851189856585505
0.9893293878240406,0.9851581698147232
0.9889364859859102,0.9853133337435066
0.988548486013593,0.9855580488604474
0.9882577465932624,0.9855677370458942
0.9880205433503043,0.9855688544184724
0.9880667617499732,0.9855591858729686
0.9886552114586498,0.985482556981822
0.989068888329294,0.9852654020420086
0.9896052274053606,0.9852063695464757
0.9905571364949838,0.9850925045603042
0.9915702595360241,0.9849657760236592
0.9923537024861013,0.9848386730151639
0.9929527088995014,0.9847934743333533
0.9934442640547417,0.9848225887736933
0.9936881172099372,0.9848104344929953
0.9937922644721475,0.984646692740627
0.993707901672139,0.9845436288177833
0.9936742363672723,0.9831632576651547
0.9931500488833536,0.9805816292481315
0.9925756008424516,0.9781614216820735
0.9920736999242963,0.9766655560789164
0.9915922580745433,0.97622777691649
0.991170903005388,0.9761624927930769
0.9907780836970619,0.976427557600394
0.9903578845893558,0.9766613434881297
0.990326053478966,0.9768871521308555
0.9902437900687173,0.9769317583155215
0.9902029989736936,0.9769314247976875
0.9902234876318287,0.9769394906935871
0.9902428616844031,0.9769442569909288
0.990321384177374,0.9769749318091426
0.990165181257417,0.976984250908123
0.9899509050394989,0.9769590160857109
0.9897921529331521,0.9769323288956044
0.989589601676164,0.9771375894066548
0.9895553182184964,0.9771590388295113
0.9895282735000062,0.9773111508054422
0.9896591112997541,0.9776080905808242
0.9897782126104342,0.9775253593644824
0.9898592575002834,0.9773119806524122
0.9898258088802532,0.9772648563272675
0.989860555613409,0.9769911032330916
0.9899272448637204,0.9777117711811589
0.989975586090763,0.9796776771991353
0.9899292029677915,0.9797984755333251
0.9896565514248501,0.9798141778289586
0.9894740735369485,0.979916994031558
0.9893917614949972,0.9801624539251443
0.9893266760806092,0.981092110944052
0.9892892714177692,0.9816950588425436
0.98917903668051,0.981825731669882
0.9890212320484761,0.9818782528484702
0.9889115450690866,0.9818999942269675
0.9885944945479523,0.9819796441933587
0.9884774847115447,0.9822168513596685
0.9881821586261037,0.9827127343152424
0.9874349575360656,0.9829374109425086
0.9876522510524589,0.9832826405093129
0.9879330170656454,0.9839009549816914
0.9881664207763288,0.9845013348926916
0.9882976075679688,0.9849156016084071
0.9882554660704729,0.9850569234087814
0.9882068866846819,0.9850672463060434
0.9882140371949181,0.9850970611945407
0.9881423665455423,0.9850841724217968
0.9882675548534479,0.9864181606573058
0.9885807252383332,0.9894951394243137
0.9889679632702996,0.9905754485957345
0.9889751317548451,0.9915906071622272
0.9891158180921449,0.9915741316864779
0.989190783607422,0.9915639947993014
0.9895582278617978,0.9907788853191701
0.9901594457777247,0.9896533938208601
0.9901202141319648,0.9886238085221546
0.9902183525401882,0.9884880406247449
0.9902975640653586,0.9885143033764665
0.9903706698762806,0.9885398145010474
0.990391155569038,0.9885962367402261
0.9903774713089476,0.9885976401548304
0.9906565578086594,0.9886604930163221
0.9910415801243276,0.9887323596390367
0.9915320522957298,0.9888366507113651
0.9919294585232374,0.9888309508973885
0.9920402874378199,0.9889024972830296
0.9921383119936146,0.9888259789570224
0.9921194796126447,0.9886415212038331
0.9920963066865194,0.9884561530370988
0.9920627772982462,0.9885395145700271
0.9918908504635048,0.9887240016357604
0.9916360379388085,0.9893240326196712
0.9913254031897052,0.9894112471024553
0.9910516430246145,0.9890818770626186
0.9909897611607021,0.9891226363614751
0.9908983732006311,0.9891931913314365
0.990822154213741,0.9891988685397104
0.9908181719090393,0.9883274969684431
0.990828684202036,0.9874773415995309
0.9907898409510988,0.9867445157677586
0.9905858024345644,0.9866864446775749
0.990546318979971,0.9866967442270212
0.99026794888938,0.9867128054679091
0.9902188477192133,0.9867054959384507
0.9902714590102835,0.9867958067348053
0.9903132494541256,0.986873170953593
0.9906189589004645,0.986920383550744
0.9905896185839549,0.9869552712731602
0.9905583518957752,0.9869287040908168
0.9905359645624422,0.9868797822321382
0.990544981877491,0.9868458109623695
0.9905232065309099,0.9867730048069621
0.9904221383654177,0.9867832414647144
0.9903941754988547,0.9867539120302167
0.9905779382427125,0.9867284046382634
0.9904753660666004,0.9861781816259805
0.9904614219261368,0.9844438416121426
0.9905618777062923,0.9839778847021681
0.9909978488802205,0.9843809655064044
0.9914710776245319,0.9846754549177967
0.9922150226715184,0.9846761313590557
0.9922663696198345,0.9849368635716567
0.9921489444290092,0.9852901464293431
0.9923437198164056,0.9857933456711054
0.992341002266514,0.9858299538539579
0.9923863062798787,0.9858420768286398
0.9923698466573081,0.9858597735986171
0.9923698714024075,0.9858543244361964
0.992397282989619,0.9858213031442362
0.9922050831433432,0.98580409905261
0.9919785540180368,0.9858343770785027
0.9918604972059302,0.9858547239130511
0.991790234889753,0.9856960256039105
0.9917502405642034,0.9856301987840435
0.9916585479224322,0.9856188056160733
0.9916356124491565,0.9855571109268275
0.9916795364741136,0.9854472337664788
0.9917902066385287,0.9854276975104697
0.9920468100358546,0.9853352779286905
0.9923308736676766,0.9850734070622269
0.99256225784353,0.9850390900824582
0.9925608841250252,0.9852941887178759
0.9925288862017606,0.985425655058517
0.9923834264335427,0.9854221391928181
0.992245350995224,0.9854204988570792
0.9921382083727448,0.985769783694392
0.9919434904582131,0.9859089773189235
0.9919165028050745,0.9861362440721491
0.9918876839599946,0.9861486077182133
0.9920447233491305,0.9861107518784877
0.9923620630438481,0.9861287448622518
0.9925165975690675,0.9861308174029184
0.9924877308475399,0.9861156430120137
0.992515084806125,0.9861274381201129
0.9926933254661349,0.986115374201903
0.992567712158847,0.9860974049702338
0.9923846419649579,0.9860009023761951
0.9921443608833401,0.9859347220225951
0.9920178411387991,0.985902391810586
0.9919777351493988,0.9857974919348116
0.9921310119124653,0.9857534540609718
0.9922380532600714,0.9857951960128676
0.9918180843072694,0.985850739403719
0.9912674289664806,0.986429896039771
0.9908606264611861,0.9876239644904837
0.9905069745068193,0.9881111035693666
0.9902612749904167,0.9881639123379622
0.9898141095933498,0.9880205197737488
0.9895322677825508,0.9880184967839339
0.9892434502049234,0.9877771140629903
0.9892337339489631,0.9874631387374184
0.9892045101967213,0.9870455880154769
0.9892233680943394,0.9870257320157008
0.989182332705606,0.9870222527305661
0.9892054432695414,0.9870322546831021
0.989202919848652,0.987040485685005
0.9892617821662824,0.9870320824707284
0.9891283008420095,0.987019565196219
0.9890401540969338,0.9869893782242771
0.9888561863292327,0.9869641140836161
0.9887195382408809,0.987054948201803
0.9886773033821857,0.9870834603729863
0.988660245986754,0.9870911531426263
0.9886648672911355,0.987143127533278
0.9886504338543651,0.9871403812967212
0.988576413839401,0.9868663219304086
0.9884912975574021,0.9860211119290028
0.9883719026249593,0.9836002874006465
0.988471327894985,0.9794211091735905
0.9884925405132182,0.9755422319138238
0.9885196869286696,0.9723828443629814
0.9886320220117353,0.9703422876349959
0.9887943975181248,0.9699117581063506
0.9891313569626685,0.9701008177450094
0.9894751215502963,0.9707226933095077
0.9897108668042209,0.9712693121440272
0.9900060013119016,0.9712776266011627
0.9901037195184955,0.9713218321416626
0.9901555513056298,0.9712426726040613
0.990197243081193,0.9712317694933417
0.9902028546029555,0.9713172552376652
0.990211767855852,0.971324858270886
0.990273327028821,0.971401544638695
0.9902609163035165,0.9715334056422241
0.9904394732987787,0.9718568070457159
0.990373562725136,0.9721825252780574
0.9903805052498788,0.972430842102484
0.9903477823946611,0.9729156389096116
0.9900721191708255,0.9730673162292308
0.989719029091468,0.9728626982291555
0.9898276650668774,0.9725257735707169
0.9901563439652665,0.9724650086346294
0.9905594338348773,0.9728933692846908
0.9910053810887616,0.9760526212697331
0.9914214965435948,0.9761807813304952
0.9914485473843768,0.9761300742165703
0.9919240443886422,0.9759432023963923
0.9917726809981775,0.9767422473608178
0.9919368180568736,0.9782225224463035
0.9920205075741649,0.9798427536704986
0.9919892905582505,0.9803017476825687
0.991912140119112,0.9807404209983399
0.9918515923279236,0.9809686319179065
0.9918431852226768,0.9812767133758871
0.9913613442246857,0.9817039346712341
0.9914496063568284,0.981935266423465
0.9918030941328242,0.9821429284808527
0.9921963507929914,0.9824697062911697
0.992586146532527,0.9827712331401988
0.992990735684246,0.9830680845784879
0.9931969661511724,0.983213926605707
0.9932642525118611,0.9832481133209747
0.9931060871172233,0.9831870312603537
0.9927290267110278,0.9831339979129485
0.9924781736098762,0.983401525410601
0.9922450316009958,0.9855296525119763
0.9920432099651939,0.9894902800446905
0.9920705032121568,0.9924244129281874
0.9919266400751081,0.9949171758052613
0.9905400415801314,0.9962564166075945
0.9893524454510136,0.9963257822164926
0.987911093664183,0.9961759397893668
0.982681587334654,0.9957685327722811
0.9769403986562012,0.9954822016169544
0.9643259020699124,0.9954587997046505
0.9195162820029221,0.9954636417389303
0.9117111849517151,0.9954748116565952
0.9077037343105332,0.9954893334053092
0.9285495536943297,0.9955132025483225
0.9443992514291522,0.9954685461990445
0.9407842088873946,0.9954804929278297
0.9372991925651264,0.9955249349094764
0.9339027016651472,0.995496080665007
0.9295512283550175,0.9954796384924205
0.9260328937779674,0.9955012091206179
0.9233331335729549,0.9954733167495469
0.9166777307663537,0.9954299178141992
0.9124085371365951,0.9955062084636985
0.9121770141375454,0.9957061161763823
0.912108165159218,0.9956995360421681
0.9121613227770039,0.9955831527025124
0.912259147952093,0.9941106016371091
0.9122147601559414,0.9941495316662083
0.913237252376427,0.9942149789874095
0.9131755548220122,0.9942888841991935
0.9145683548671676,0.9939222491318749
0.914745696946456,0.993599476195034
0.9149086663057073,0.9932889187966545
0.9150067247143471,0.9932314645929669
0.9150441506847417,0.993224099085785
0.9150863205074568,0.9932350599607325
0.9151344985415955,0.9932423920604074
0.9153457815345818,0.9932623219654004
0.9152996724459548,0.9932839219522159
0.9154537272737293,0.993295189885455
0.9158067231816512,0.9933217005417279
0.9164213110809449,0.9933504706301706
0.9168667911401194,0.9933830774027752
0.9173138831922043,0.9934035391424273
0.9175314878980121,0.9934049419167523
0.9175649612832408,0.9934064923218205
0.9175917290404256,0.9933875425589815
0.9176083262838393,0.9932872273252871
0.9176087187568966,0.9933339590143143
0.9173865551789717,0.9934835038339918
0.9173830575369633,0.9945093372804885
0.9174252645513821,0.9947102053591723
0.9182168856984134,0.9947814106774295
0.9187435525168852,0.9947906309055086
0.9197948356544408,0.9945941715036889
0.924608603141309,0.9945682954872976
0.930552511420872,0.9945580893348825
0.9372147461746176,0.994527237577761
0.9438061539434379,0.9945497490908675
0.9500674340857727,0.9945645257636834
0.9556287747040864,0.9945675240130938
0.9600348858966175,0.9945705174213249
0.9638313108275222,0.9945740856321788
0.9671894182544644,0.9945745376078041
0.969800717407299,0.9945764751018448
0.9720152252367978,0.9945968424418561
0.9751802176975544,0.9945971186554616
0.9773954968705724,0.9945901982606127
0.9730137985199357,0.9945909494530263
0.9856371068316461,0.9945956423852311
0.9896939250110375,0.9945614028826273
0.9888997412416305,0.9944509646700521
0.9881354277170225,0.994169516646403
0.9872777313908607,0.994187353063269
0.9864809949085562,0.9950414493360187
0.9855542167401449,0.9944441468418879
0.9849376111783672,0.9943403056894049
0.9843970551449688,0.994252213317368
0.9838472357228001,0.9944659888110752
0.9838053703842258,0.9946475724097903
0.9837788554469851,0.9948724866681868
0.9837937505468553,0.9949097176043122
0.9838434275649182,0.9948948292851039
0.9839814321524167,0.9948646041320875
0.9841098840822176,0.9948561818213144
0.9842429931097182,0.9948408528796944
0.98429586559029,0.9948459409417247
0.9843115778704368,0.9948374638839101
0.9842726336465262,0.9948129709409411
0.9841507997413743,0.9947481040965336
0.9840550066111213,0.9947116655253334
0.9840805779583914,0.99469129510521
0.9841983525396567,0.9946753625268776
0.9844155572312144,0.9946757606129573
0.9847362159476972,0.9946025007180626
0.9848198652862948,0.9945818783566582
0.9851524894534978,0.9942220620687001
0.9854578862366633,0.9937696127836868
0.9852485537918694,0.9906296289603391
0.9848660804410495,0.9901220573304583
0.9851097151399062,0.9901923274535611
0.9860558529464558,0.9903380528339079
0.9863494355934208,0.9908158354170238
0.9872670973239588,0.991178453712958
0.987741132926228,0.9915681839840313
0.9881283293480694,0.9917272227796956
0.9885201307008817,0.9917888761092322
0.9889759067665072,0.9917924101700473
0.9892721583769564,0.9917927328100085
0.9892920702308414,0.9918231556424619
0.9896925527533793,0.9918071671359701
0.9898836301484857,0.9918077079335772
0.9898149152862563,0.9918083705085923
0.989613599995035,0.9918035971626478
0.989392740609539,0.9917370394370744
0.988348422905059,0.9916081360695167
0.9883145770802667,0.9915816961724082
0.987992823248466,0.9916489008241498
0.9878048443043905,0.9916483518997776
0.9877787940630012,0.9916309263828496
0.9877935296251632,0.9918202320609166
0.9878674957588263,0.9917827062758189
0.9878452958298372,0.9919410902127735
0.9878542268299301,0.9921258598622936
0.987840361779223,0.9920541161009204
0.9880353331821259,0.9919681329030439
0.9882572209666525,0.9919919078053794
0.9881691833692366,0.9921672821735634
0.9880034457525424,0.992222005378655
0.9878775183266129,0.9922291106175427
0.987700466250987,0.992213264664795
0.9870980142458448,0.9921828755012883
0.9862857573108168,0.9921583434141333
0.9842609715707309,0.9921472811796501
0.9842459564575912,0.9920928849797286
0.984247913395891,0.9919877085674121
0.9842811236991379,0.991775593360628
0.9843352343021103,0.9916442690062368
0.9843987033872797,0.9913193248930801
0.9844291896928962,0.9910845670092202
0.9842954885380484,0.9911009929043695
0.9841610867988819,0.9911445729179864
0.984111213925596,0.9879218103766644
0.9841035998558688,0.9826693059207903
0.9840001197306142,0.9776000887474272
0.9840373580972059,0.9725765050638187
0.984493548336032,0.9703876366305424
0.9849118940126842,0.9654088249729191
0.9853845873038356,0.9599360917766089
0.9853809814019168,0.9548428802480066
0.9854567670601457,0.9548271333822784
0.9854928950833937,0.9550414764505244
0.985517285821369,0.9551331267132133
0.9855052996283485,0.955160220604423
0.9853840259186484,0.9551860121670008
0.9853985763499358,0.9552130186939547
0.9853973543367807,0.9552911333600994
0.9853672678384275,0.9553368182717934
0.985369708671465,0.9553965855257741
0.985389498681317,0.9554372862832745
0.9854194361232316,0.9554343720822563
0.9853864422657588,0.955272190310192
0.9854137511132184,0.9551467738071101
0.986367982923118,0.9549559368233237
0.9863401630692437,0.9547257298381656
0.9867249456697809,0.954297721575353
0.9870974594422903,0.9542563770859305
0.9871236126408787,0.9543150083552848
0.9874444283567296,0.9528295260157691
0.9877620772399922,0.9514824891546316
0.9881883912539542,0.9485781661837605
0.9886484496725818,0.948448249691236
0.9886174730667233,0.948197814918662
0.988573931321058,0.9481249714351767
0.988117770630756,0.948171160271678
0.9881811411985031,0.9477903913626755
0.9883028609879213,0.9476887401691123
0.9884131321460121,0.9476872498193405
0.9885588925994127,0.9477389780631622
0.9891538378687611,0.9476399341072359
0.9900183661586188,0.9476057708264185
0.9923483646387499,0.9476958252089547
0.9922755348986685,0.9478385494256787
0.9922077094667751,0.9480559175145438
0.9920625001717618,0.9483580706195727
0.9919862039171994,0.9487140554413038
0.9919066440541935,0.9491966285464447
0.9918449575366384,0.9495907246632405
0.9918131180600411,0.9497336655045912
0.9919391440340124,0.9497122548885034
0.991957710954537,0.9531713205464325
0.9920305562339451,0.9585272165943985
0.9922387993967376,0.9638700264737879
0.9924173281921606,0.9692006405413969
0.9926467637356076,0.974231403912674
0.9926720958251827,0.9794544105670775
0.9924631984374677,0.9846061152501568
0.9920907797537685,0.989259150912636
0.991751950871051,0.9893028166390803
0.9912748644683798,0.9892964966808668
0.9911271937796192,0.9892915219865637
0.9908994407526663,0.9892658179326284
0.9907599321686738,0.9892449939168833
0.9906044636655706,0.9892052676693817
0.990638987519293,0.9891943952544318
0.9907520324956464,0.9891928508624493
0.9907774304825481,0.9892039245769839
0.990852200400645,0.9892291868275196
0.9910025086757522,0.9892600823241677
0.9912847907355364,0.9894462630112131
0.9916143612766941,0.9896468024071463
0.9920374374693662,0.9899808531523773
0.9920486237230056,0.9903033370043355
0.9922872234254291,0.9907866831107055
0.9922410931821364,0.99085569754659
0.9921390097792018,0.9908432948086848
0.9915256627291695,0.9922559192278029
0.9909718613267083,0.993615075298748
0.9904324987791047,0.9953013839631242
0.9899299246329898,0.9955527885247202
0.989784423939619,0.9956981762315279
0.9894976515017714,0.9956778368509824
0.9895441802567706,0.9956968699429578
0.9892955701335482,0.9960757658501576
0.9892787388884964,0.9962504794470358
0.9892448096650521,0.9963098420145762
0.9893041369650797,0.9963678477384553
0.9893010381856965,0.9965055404153139
0.9893228393126587,0.9965788738634382
0.98936098921777,0.9965876257709898
0.9893644925495042,0.996451812079191
0.9893388121762948,0.9964480370873097
0.9892587787341117,0.9964347748018572
0.9891877350204504,0.9963078448000318
0.9891074443692551,0.9962888836042713
0.9890674444850027,0.9963038866104992
0.9890508552877176,0.9962919836402242
0.9889713672494385,0.9962785999248831
0.9889461737068885,0.9962829540424892
0.9888740680188074,0.9965478024116586
0.9888415994410982,0.9967370413164054
0.9886772940201773,0.9966946258689919
0.9884667502567255,0.9965125903148768
0.988414081210362,0.9965274573289225
0.9883694099895658,0.9965215756456955
0.9875558831355313,0.9965311067910148
0.9870230376926812,0.9965743504925338
0.9868016752671408,0.9960906811690389
0.9867767039149621,0.9960462709861437
0.9865615069932647,0.9960350622217983
0.986393696541922,0.9960296821488112
0.9862704869106562,0.9960298194145015
0.9861908771762171,0.9960333682013705
0.9861856438372283,0.996038672706205
0.9861622541082576,0.9960567990256932
0.986218557172294,0.9960361397144721
0.9861867816262451,0.9959884163793051
0.9861049197145524,0.9959006739219993
0.9861667478160083,0.9958476883816514
0.9863077643958412,0.9958329519375579
0.9863090904322438,0.9958257648060256
