New_Strength,Price_GridCI_Pearson,Status
0.9581823683648207,0.5258169960290541,1
0.9582190444234531,0.52797500491192,1
0.9582386722674023,0.5291970096717155,1
0.9582277441040477,0.5284928726783136,1
0.9582209502133677,0.5280545316025945,1
0.9582289805753942,0.5285608184535298,1
0.958071212899819,0.5210021103734224,1
0.9579536268539939,0.5155344050901184,1
0.9579503569480188,0.5153563754371137,1
0.9580461483652527,0.5179232138589993,1
0.9580994404079897,0.5197187215933474,1
0.9580591052013903,0.5194621540239773,1
0.9580593642099837,0.5192409120015886,1
0.9580595620914643,0.519096161275909,1
0.9580622782102362,0.5198859236002851,1
0.9581135786572422,0.5218577454962984,1
0.9582292303387686,0.5237661672049808,1
0.9581725524212392,0.5227318335115572,1
0.958251894835829,0.5236141099091463,1
0.9588029313589801,0.5306292239886623,1
0.9592337447107399,0.5368887613318318,1
0.95927864106344,0.5389205310390537,1
0.9602656716623261,0.5516082202458505,1
0.964446215918148,0.5892301347755461,1
0.9681545982443565,0.6076832058966027,1
0.971352722829039,0.6094403030446237,1
0.973907483293912,0.5937323086015646,1
0.9760279373521057,0.5600746318940992,1
0.9780758145992903,0.5153545866664776,0
0.9792990159461082,0.46984505608301036,0
0.9789384603831581,0.44029050254000607,0
0.978479506464507,0.4186440461185552,0
0.9784560377369048,0.4014174784887408,0
0.9783737624322331,0.39675270001044505,0
0.9800765345254866,0.3966789289323096,0
0.9805321069500155,0.3894320706765225,0
0.9807069673248587,0.38463506710908724,0
0.9809670391140014,0.3804163372763475,0
0.9812234515824143,0.37686779561821726,0
0.9815220427501274,0.3737760701188451,0
0.9818296212428204,0.37078583364789885,0
0.9821813155683217,0.36755071167322206,0
0.9825879239276436,0.3640891327382603,0
0.9829387877988524,0.36041796005890275,0
0.9829282758366837,0.3614968817246014,0
0.9830522652374681,0.3618715459626203,0
0.9832841900766187,0.3558858364476415,0
0.9832360471902473,0.3539901109421052,0
0.9832524381085618,0.35716686648077717,0
0.9833857882153139,0.3688900427119375,0
0.9836798212978406,0.3943712471320524,0
0.983983642222882,0.4224767044524799,0
0.9845645860377477,0.4746160413344691,0
0.9848876606299202,0.5044996481563573,0
0.9855728285679743,0.5612917737511868,0
0.9861577845226346,0.6044841653798142,0
0.9863108775215256,0.6117390792621695,0
0.9863566943436408,0.6087148218948537,0
0.9863604846393332,0.6058356012263316,0
0.9863224388089313,0.6059176308231831,0
0.9863223932672948,0.6059270495613502,0
0.9863601035016483,0.6059097583395308,0
0.9863932471335433,0.6045864014958601,0
0.9863524357815903,0.6048974406226352,0
0.986393888642502,0.6057174912082056,0
0.9863800479387317,0.6072441778375047,0
0.9863540956141954,0.6060367715013767,0
0.9863407065006795,0.6046790483443852,0
0.9859500048661433,0.5918901814432631,0
0.9855489206191634,0.5796958428188392,0
0.9817583555912256,0.5146145452439269,0
0.976610310657146,0.43653435448493205,1
0.9726033505622496,0.41325538502017894,1
0.9688100949058935,0.4090031067283355,1
0.9653327737922482,0.41757591730311255,1
0.9618750605297732,0.4356936968278642,1
0.9583164201819654,0.45356642430434585,1
0.9544551367531351,0.46318080433558007,1
0.951357468808333,0.46121830144612963,1
0.9513156883836928,0.45932553859967884,1
0.9510434905980092,0.460624717216496,1
0.9508831377488977,0.45706580607577346,1
0.9512140054056997,0.4542131162458633,1
0.9512735947437649,0.45400544441919255,1
0.9512940370565195,0.45373988654356306,1
0.9510465351299885,0.4563424164635542,1
0.9510564670982299,0.4565635252380399,1
0.9510818988954187,0.45663194600452794,1
0.9511038703757428,0.456535004066601,1
0.9511200525823054,0.4561576657141769,1
0.9511413840994369,0.45600703638937107,1
0.9511945289010647,0.45551484539879544,1
0.9512036087767977,0.4548208643541659,1
0.9512547626417349,0.4540369212525018,1
0.951280669751755,0.45336008106040576,1
0.9512804918125599,0.4524143471117035,1
0.951233514794322,0.4557900456623012,1
0.9511325741749865,0.4488063701485442,1
0.951063883868756,0.4390382447941046,1
0.9511675280409395,0.44861319883951867,1
0.9511316105412125,0.4462960290986994,1
0.9512849236963017,0.4633946372652262,1
0.951335761234394,0.46969140786726216,1
0.9512985590356755,0.4676830786549187,1
0.9512744280871863,0.46620312156111193,1
0.9512964766424361,0.4654319687486696,1
0.951321010866846,0.46505431950601406,1
0.9513098114481219,0.4647439394593182,1
0.9512917445315038,0.4642390727649932,1
0.951281295836657,0.463963313832542,1
0.9512823664422879,0.46476233603594996,1
0.9511899266709783,0.46560950981736576,1
0.951139343750572,0.4667498851182685,1
0.9510988061108052,0.46989783283976083,1
0.9511033915639105,0.4746609234439953,1
0.9513129360360488,0.48218881355141774,1
0.9520445347019979,0.49049717051791164,1
0.9523599314059541,0.4924080729041942,1
0.9561056701550973,0.513478601856926,1
0.9613785696248193,0.5572187515503311,1
0.96607015991345,0.568932267650203,1
0.9700442658098158,0.5666338464765951,1
0.9737652445874401,0.5551662234556701,1
0.9775572846739724,0.5347863642296373,0
0.9816705293543614,0.5148383027133506,0
0.9862227187381531,0.5394629635774303,0
0.9899853292939693,0.6098861125098038,0
0.9902984273890945,0.6331324803011346,0
0.9907470503946492,0.6528084218613788,0
0.990923988230987,0.6661656975622181,0
0.9908676676347161,0.6677219020126525,0
0.9904780486696932,0.6672549197016688,0
0.9901259184599112,0.6674466747023217,0
0.9900302474802509,0.6676828814765804,0
0.9896002636090504,0.6671310916942838,0
0.9893135146500958,0.6675804185979304,0
0.9890938606840184,0.6685353968870521,0
0.9889122348574018,0.6705093104259188,0
0.9888757777007999,0.6719947470490587,0
0.9888712822459378,0.6735400867618568,0
0.9888500866366066,0.6749630439434225,0
0.9888469637292188,0.675804166105683,0
0.9888323938618998,0.6758637194701913,0
0.9887827024615681,0.6741119775061541,0
0.9888214918957782,0.6746428908154174,0
0.9888294286306518,0.6750362448852976,0
0.988761937479586,0.6638246060567685,0
0.988529814021921,0.6367652774070317,0
0.9883492879814584,0.6161964854479431,0
0.9882824879906043,0.6055910220825231,0
0.9882528289740307,0.6028905671328126,0
0.9882189185704386,0.6056341474654111,0
0.9881181127580662,0.6035089659329432,0
0.9879671138004651,0.5976246696712404,0
0.9877781552018752,0.5908375822075246,0
0.9877334715910322,0.590601913864356,0
0.9877315011975538,0.5903366908419213,0
0.9877571249630059,0.5939607460037758,0
0.9877114918076789,0.5968896264625212,0
0.9791768061018412,0.5096506318948761,0
0.9700321679679098,0.46238535862967506,1
0.9653483674779026,0.45616546851003,1
0.9604881885072989,0.4536705863116965,1
0.9606912553823932,0.4633376238509204,1
0.9614927585036728,0.4747795558330025,1
0.9631415128018612,0.49533302173927324,1
0.9644170066910941,0.5072718292499975,1
0.9657712923671298,0.522096783918473,1
0.9668802420542999,0.5254107616208067,1
0.9681659785326813,0.5213676167523217,1
0.969373435939825,0.5042111365513953,1
0.9702986821025859,0.48150241022239804,1
0.9707968392828068,0.4593257761830847,1
0.9713780119734046,0.43730207594039117,1
0.9719951541548408,0.407929340369841,1
0.9729151126979119,0.3968109174374,1
0.9739368030355313,0.4037006599186311,1
0.9741922673845376,0.41935481805914143,1
0.9662507066283945,0.4092534679273725,1
0.9621217494593466,0.4173205346782551,1
0.9598088504910689,0.4305122006025099,1
0.9581073152049434,0.444411114609483,1
0.9557604932254201,0.45532108663727344,1
0.9547925986336211,0.4687847578020292,1
0.9548992555224294,0.4826001914737566,1
0.954907037993614,0.4975540643268366,1
0.9558779579531305,0.5110102117396381,1
0.9568616834819406,0.5245458497192093,1
0.9572979249675465,0.5281315782156769,1
0.9580130423722748,0.5398476651490257,1
0.9587835679795271,0.5456462744675485,1
0.9591689179251326,0.5507593688391874,1
0.9594218570701549,0.546963943385822,1
0.9596100669076356,0.5371991400870167,1
0.9597166320956722,0.5285857131118389,1
0.9598120177592593,0.5260556599703505,1
0.959894967372261,0.526512872618274,1
0.9600798421504991,0.5232309823503531,1
0.9603230641817134,0.5157721716893978,1
0.9606908848970674,0.50715411420501,1
0.9612271449228971,0.5099022646259767,1
0.9617686723462318,0.5155302324769941,1
0.9626616600554191,0.5263688325466724,1
0.962958144959353,0.5313786216190655,1
0.9637956820854022,0.5431522657507173,1
0.9644798810300863,0.5536402528220223,1
0.9643786149273902,0.5669039303102549,1
0.963043171714443,0.5591131809562103,1
0.960817430806799,0.543489195456479,1
0.9569244454560543,0.521781356493065,1
0.9482988624065697,0.4785916425473943,1
0.9452780697952334,0.4789509657555683,1
0.9466469810748162,0.5003438273305285,1
0.9478368861760136,0.5143816044245667,1
0.9488125244297612,0.5211264366272786,1
0.9495334432621025,0.5255969047113505,1
0.9499020174828281,0.5180564918125345,1
0.9497993253292936,0.509724042851256,1
0.9495726506143901,0.5077102541181578,1
0.9496099013327073,0.5087555187366726,1
0.9498069440766954,0.5112418776010719,1
0.9499211978498208,0.5158664938761268,1
0.9499641563633868,0.5208051996259916,1
0.9502840175149716,0.5173925564821427,1
0.9507686427296063,0.5219788599230064,1
0.9513310422131411,0.5316509202180154,1
0.9510824412858006,0.5303776546306055,1
0.9498829727419538,0.5281297418254483,1
0.947402225435373,0.5265750786194922,1
0.946313293365942,0.528532965069671,1
0.9454121442459384,0.5275083420287658,1
0.9447988977975923,0.528189203079557,1
0.9444144947347664,0.5318282206324154,1
0.9442759898146031,0.5337783089854421,1
0.9448214174980256,0.5445540710599759,1
0.9449838616153978,0.549015034943262,1
0.9452839557330976,0.5554907370661358,1
0.9441165101996234,0.544528190287247,1
0.9438560520133182,0.5324363806766409,1
0.944231518753184,0.5276539553511004,1
0.9441707988756552,0.5235212696416138,1
0.9442008784845262,0.5247520172630077,1
0.9442149913305553,0.5271081723486474,1
0.9442481977241459,0.5239520939579583,1
0.9443467502713129,0.5184028324544171,1
0.944540805215903,0.5164872099214836,1
0.9447069687722878,0.5176810143518338,1
0.9448222656458533,0.519326417542075,1
0.9450306466903335,0.519970128518298,1
0.9456370334976376,0.5265986187126755,1
0.9459462607188128,0.5317979857170163,1
0.9465150108190149,0.5385287519622012,1
0.946464723043994,0.5388942664192377,1
0.9459177338918261,0.53454344631007,1
0.9443838021642199,0.5179830493971956,1
0.9437364670770483,0.5067893525869654,1
0.9436332151832958,0.496792932354275,1
0.9444401045036286,0.4897054254701832,1
0.9494983521758902,0.4985088382109783,1
0.9532562529378177,0.5082780035267752,1
0.9520798488365865,0.4869669766196013,1
0.9500582125040802,0.4670154553213084,1
0.9485262091663544,0.4589616674928149,1
0.9469331530020284,0.452335874729965,1
0.9453304232903696,0.45799842653981093,1
0.9443884905504134,0.46776289653520087,1
0.9435416519563494,0.4782684380093647,1
0.9423604388313127,0.4926430757081416,1
0.941243505823196,0.5094185448956147,1
0.940249653517141,0.5208424428403541,1
0.9393030740799138,0.5311738657456678,1
0.9382638777039888,0.5374712628399029,1
0.9379106316788277,0.5376426236432885,1
0.9371397625478821,0.5265937388151105,1
0.9384536063979745,0.5255450877963092,1
0.9388200875829317,0.5242841256438739,1
0.9408909343147038,0.5252252883896228,1
0.941607634649737,0.5225316083428216,1
0.9430984518329228,0.5224254295432793,1
0.9450799132038302,0.5246338114176118,1
0.9469400587622598,0.5289019026380075,1
0.9483703803035013,0.5262417623229632,1
0.9489646932234327,0.5190558967423026,1
0.9488370275685705,0.5207125427418244,1
0.9490554226807544,0.523624358498113,1
0.9488842655998759,0.5373400112161295,1
0.949060948537101,0.5422006860569392,1
0.9493414990176572,0.5475910377016276,1
0.9495939731397565,0.5520800247042943,1
0.9494811342391941,0.5532067897187267,1
0.9495841391126079,0.5499651867591567,1
0.9495348550641955,0.5465635407955288,1
0.9495485680202238,0.5431138135624745,1
0.9494892027200275,0.5418730198879853,1
0.9496688568172517,0.5339387728324473,1
0.9499774372443963,0.5307037741740318,1
0.9499843497794889,0.5325502189185489,1
0.9494044037179852,0.5255532120282224,1
0.948840266761204,0.5182090934566995,1
0.9483345086025416,0.5119862418723398,1
0.9478479116543868,0.5060000945330153,1
0.9480796129989968,0.5068602431602296,1
0.9480535234231666,0.5050899664874714,1
0.9475471047647868,0.4970351500585553,1
0.9472551896107326,0.49193033212215853,1
0.9467496709991181,0.48479471921799694,1
0.9464523388344591,0.4802191538489987,1
0.9453527834729503,0.4636066914753913,1
0.9453974087265073,0.461440825404969,1
0.9454204016458663,0.45984537917342966,1
0.9449655549695415,0.4530243127775519,1
0.9443948708463894,0.4472640722047246,1
0.9445673707088902,0.4541508101200173,1
0.9447913739137119,0.46363766814337254,1
0.944715620823287,0.47507697416948985,1
0.945001722889289,0.47852324735447965,1
0.9453554295731983,0.4805218522701847,1
0.9454199665978549,0.4868352614633677,1
0.9453160950728857,0.4927764319084778,1
0.9452241402558329,0.49800695960143665,1
0.9447880650420232,0.49929202788443866,1
0.944204308684994,0.492971116604372,1
0.9449760870179145,0.4799957563023804,1
0.949626075126297,0.4809094390156278,1
0.9564550861806029,0.4942170817627399,1
0.9632293269897763,0.5130842632682707,1
0.9698426260003498,0.5408326344922108,1
0.9736643977377379,0.5552675557345039,1
0.9777767401087045,0.5777806619639997,0
0.9784864212425377,0.5761672081013903,0
0.9787138597268563,0.5723380009044787,0
0.9810966260038486,0.5823782213566936,0
0.9812955341423875,0.5775943352497342,0
0.987645606011694,0.6488200504591973,0
0.9877313316539673,0.6498489008381314,0
0.9877216662347145,0.6445850217552214,0
0.9876680456828413,0.6438043336716301,0
0.9876639946088122,0.6451189733511341,0
0.9877264197707192,0.6479651204392664,0
0.9877844978666908,0.6562552968708854,0
0.9878817093369907,0.6661333480402831,0
0.9879613822663316,0.6755356247118716,0
0.9882692357419127,0.6989231073595195,0
0.9884940496341246,0.715808587744868,0
0.9885016352751428,0.715943243296755,0
0.9885081058427476,0.7169504854627676,0
0.9884576057220802,0.7149109594235771,0
0.9883035151063776,0.7081159752734365,0
0.9881757054847569,0.7017905107479824,0
0.9879985237335241,0.6905430356373395,0
0.9878374813939365,0.6811066628491622,0
0.9878027138840104,0.6758469129109425,0
0.9879492032647723,0.6704510895767034,0
0.9879923902889578,0.6652350791811281,0
0.9879805426639854,0.659073749326228,0
0.9878223749734062,0.6533127354749864,0
0.9876780611392878,0.6494118239101845,0
0.9877208288275057,0.6527191138038988,0
0.9876816308072616,0.6514814627740887,0
0.9875745791119555,0.647195323966155,0
0.9872989504901291,0.6283056571567665,0
0.9869510285801582,0.6035514576347693,0
0.986886473596593,0.5707424156713221,0
0.9864643685974517,0.5505398280927284,0
0.986137118865689,0.5380923233196281,0
0.9858856927495055,0.520711690889781,0
0.985757546323099,0.5114974294282372,0
0.9856181106800865,0.5029915597992933,0
0.985599210986657,0.500733830344106,0
0.9854538907987407,0.49261310672985154,0
0.9855036496783454,0.4846082018680497,0
0.986100225608755,0.4752456197031357,0
0.9867919567821327,0.4728021696662708,0
0.9874441245011282,0.47189598941279776,0
0.9881161009524051,0.4739279962486013,0
0.9883616601079779,0.47285155443732735,0
0.9887234349351539,0.4738634504539165,0
0.9887525831801642,0.47377603666120444,0
0.9887992355982242,0.4740448808399363,0
0.9889170438013482,0.471815532314205,0
0.9890221346740735,0.4681761161220263,0
0.9884935942085062,0.4701545991704965,0
0.988625227482087,0.4679666826653658,0
0.9885691201161257,0.4662660936831456,0
0.988535732461439,0.46640894942165523,0
0.9885251311934977,0.47120528381625104,0
0.9885991739328881,0.49350395890901494,0
0.9887544689463439,0.5186279348062514,0
0.9887787942906376,0.5247076237116721,0
0.988836260403642,0.5300260640574564,0
0.9890745836611086,0.5448007418134468,0
0.9891019484627495,0.5470977361192073,0
0.9890728069078613,0.5469901174861459,0
0.9890630727858761,0.5403163749413484,0
0.9890459561927167,0.536608570148979,0
0.9890413336289867,0.5360671782206052,0
0.9890365400938503,0.5355063513821472,0
0.989099300179634,0.5414736556490785,0
0.9891891864429236,0.5452200572193376,0
0.9890792415511864,0.5499848137033965,0
0.9883912052178568,0.551892656215687,0
0.9877965966785993,0.555809647801969,0
0.9878105801522148,0.5597053244222638,0
0.9878857596994607,0.564117416089599,0
0.987551670969383,0.5499608760139642,0
0.9867557762707112,0.5231436324008437,0
0.9864183216506064,0.5147820715703578,0
0.9865238214127848,0.5239803646371195,0
0.9863997863929891,0.5366800381386929,0
0.985674461648931,0.5524948156868191,0
0.983161301847751,0.5759874571305827,0
0.9827597726390596,0.5907324922724465,0
0.9824598837989956,0.5986784629520682,0
0.9823854724297781,0.6005586993757609,0
0.9821012809306314,0.6049667106166812,0
0.9817707869766259,0.6046673174822546,0
0.9813198643863107,0.5996406841610089,0
0.9814204256554437,0.6034429602483058,0
0.981211938736114,0.6073338306480655,0
0.981094442639785,0.6111867570180762,0
0.9802326653327633,0.608886400626572,0
0.9799147872981264,0.6090176280828196,0
0.9793079934256028,0.6060873069139122,0
0.9790899627055287,0.6060779828339279,0
0.9789348679005274,0.605893962230594,0
0.9789282560710619,0.6055787543829851,0
0.9789256619860018,0.6054445434256791,0
0.9788704319543147,0.6073995725586294,0
0.9788601414311056,0.6092864746763481,0
0.9792324623078441,0.6084246074005133,0
0.9792366338113402,0.6071349992929005,0
0.9791800678357014,0.6062467923332338,0
0.9792010800565091,0.6058941841238347,0
0.9792362074113625,0.6037358858455389,0
0.9792700843205742,0.5936470044440326,0
0.9793041515138075,0.5840045589066077,0
0.9793643441371236,0.6040316200154484,0
0.9793853792362048,0.6207252746667585,0
0.9793765738055469,0.6336015796749256,0
0.9793072682333066,0.6411376176248254,0
0.9791049730827285,0.6406967169765792,0
0.9788117821405203,0.6343239790095031,0
0.9787306995512106,0.6334018686903448,0
0.9784144711100142,0.6266257467415498,0
0.9781610581611349,0.6200420985534602,0
0.9780320198643122,0.6167170598835294,0
0.977944384550188,0.6204756773190576,0
0.9776893606603733,0.6202059774137232,0
0.976085210137382,0.6075377080904272,1
0.9664916721470714,0.5430470580414778,1
0.9244916165903801,0.4009019872599522,1
0.9003712154947103,0.37850110012584737,1
0.8885860351193118,0.38633719049857224,1
0.8887474055159128,0.41169369089664143,1
0.8909404928084883,0.4257250273549564,1
0.8946632624501947,0.43977216288119303,1
0.8977178145100273,0.42141723249551855,1
0.9004749031071166,0.3963895946909269,1
0.9042069632886507,0.3501482265003427,1
0.9064525079043817,0.2986852488783928,1
0.9085411327940242,0.25066734773257704,1
0.910464174804593,0.22367595483326647,1
0.9125080522340735,0.2060981808542293,1
0.9146165884996955,0.2021935452881193,1
0.9174034990842403,0.2057343173726714,1
0.9191091911919173,0.23305901227964196,1
0.9197203267317025,0.25845453100336535,1
0.9207424781943769,0.2838866090669524,1
0.9214050624933856,0.3036871068336415,1
0.9225664670471285,0.3239477355336418,1
0.9237593058946856,0.33252532390166106,1
0.925211299863191,0.34271476173900395,1
0.9259233564548066,0.3466731648359815,1
0.92683133963325,0.35126586158542655,1
0.927457717470954,0.35390776736300444,1
0.9281054993351582,0.35688043951641524,1
0.9283711148369598,0.35729695738504813,1
0.9282301146440473,0.3555992010855529,1
0.9280245562826115,0.3507850871800523,1
0.9279687631959403,0.34965508512563415,1
0.9276095597728046,0.3523875684760944,1
0.92750406449965,0.35840883320315514,1
0.9277755609788461,0.3619297840808868,1
0.9277492697102037,0.3682571206722191,1
0.9279609721985587,0.3729644170491406,1
0.9281390023123539,0.3769674042706962,1
0.9282972520690012,0.3811354566424997,1
0.9283929078197628,0.3840724390016067,1
0.928451170215552,0.3861600406418924,1
0.9287393481316593,0.38615136988517773,1
0.9283328139625564,0.3826804087944511,1
0.9283113413330211,0.38140999387498087,1
0.9283027785783189,0.37973971203579715,1
0.9284595086295265,0.37965793747698307,1
0.9280204255906056,0.3768492808923536,1
0.9277122359341377,0.37475309354429265,1
0.9271822306611492,0.3714256045875191,1
0.925922095031616,0.3599211532807709,1
0.9302523853169953,0.3471072691153349,1
0.9369153410327578,0.335677065828709,1
0.9448345293478314,0.32308709197716295,1
0.9477779563623555,0.3024709046275376,1
0.9499043472666724,0.29206974560917764,1
0.9490260669188771,0.27967706499855616,1
0.9482137284839985,0.2861187290608805,1
0.9474441537468992,0.29017994026782457,1
0.9469201764829898,0.30123166533903534,1
0.9466203279227998,0.3295655778157985,1
0.9464971574688454,0.36934488682139743,1
0.9463171355797332,0.4010370050077653,1
0.946110746615301,0.4246638155360978,1
0.9456345853674113,0.43395402436142305,1
0.9452822933539322,0.44114527076846316,1
0.9479729246828862,0.42856598582564703,1
0.9541573589857687,0.4329594879823915,1
0.9611844559462941,0.4478030615223364,1
0.9666514819389603,0.4648374731194904,1
0.9751793980698766,0.5061089234185943,1
0.9766105944496539,0.5098231133077721,1
0.9780310070152294,0.5144851730275956,0
0.9781287667305454,0.5127868346518905,0
0.978206772799721,0.5108578872454139,0
0.9782093220841532,0.5075029070718313,0
0.9781324057189186,0.5005719197852602,0
0.9780200657252356,0.49850755857968854,0
0.9780685680993104,0.5002970070772381,0
0.97855618387343,0.5129560404789896,0
0.9789063416445222,0.5212494124314272,0
0.9792997041102494,0.5206405147448779,0
0.979206456441291,0.5208704776087496,0
0.9790190516373636,0.5347267365931578,0
0.979025765672744,0.5309814956172179,0
0.978941452754457,0.532629047060199,0
0.9789165901147139,0.5287150623508705,0
0.9787774538040122,0.5264408042842371,0
0.9787076447877698,0.5229332432156548,0
0.9791357309793447,0.5245847068343346,0
0.97949564131873,0.5317454175423099,0
0.9802352909722398,0.5467371539085448,0
0.9808304334711346,0.5612630626319112,0
0.9815731196374158,0.5784742902213924,0
0.9817889549609705,0.5837570371414563,0
0.9820777630222401,0.5923399292496169,0
0.9821790587764758,0.6014992983230304,0
0.9811972715984992,0.6010511829508027,0
0.9797902927141022,0.5973230002936399,0
0.9727112108245187,0.5521410692029881,1
0.9718080916774534,0.5573719910159489,1
0.9720147616774153,0.5629583186370288,1
0.9723420465881483,0.5695213609711098,1
0.9723826944571835,0.5686304568972623,1
0.9721492683805479,0.5653940527720106,1
0.9721471360787111,0.5662623774634287,1
0.9722486098638865,0.5665011471560775,1
0.9724199921599828,0.5635381619063453,1
0.9724486620513515,0.5593246108235809,1
0.9724531873185025,0.5561343310507855,1
0.9725683121490556,0.5471677627892594,1
0.9726883471015004,0.542553223101517,1
0.9729198275522781,0.538086395785515,1
0.972929919247115,0.5323273835699175,1
0.9732373489397593,0.5433976506943244,1
0.970132947733314,0.5372234545798176,1
0.9648605256467939,0.5189013017264746,1
0.9601130132445589,0.5049041479481768,1
0.9558759047097619,0.49877035282819004,1
0.9522891226270225,0.49723348561680825,1
0.9519959279035678,0.5026138692501435,1
0.9521305329608415,0.5061354639997703,1
0.9523246900521154,0.5106975318545885,1
0.9528356120139776,0.517123638076982,1
0.9537063110834955,0.5299920291649758,1
0.9541304335182414,0.534862037700893,1
0.95468126700585,0.5424562762894423,1
0.9548132345464349,0.5452144537300279,1
0.9552732193459204,0.54975477813326,1
0.955434438745939,0.5487665674692236,1
0.9559983295556764,0.5421119355422103,1
0.9564230590074033,0.5356441725333123,1
0.9566557116239706,0.5303422782216187,1
0.957113750935954,0.518865993722376,1
0.9576493988027954,0.5102287610827555,1
0.9584431300012817,0.49978027808047176,1
0.9591887426955468,0.49705595840570777,1
0.9597154872445224,0.4984489745079383,1
0.959969243964546,0.5038625610257491,1
0.9603454979045674,0.5094646446383244,1
0.9606637019532818,0.5138984520136332,1
0.9610431631289834,0.5195936125951223,1
0.9610663520186531,0.5208329096846305,1
0.9610221665939045,0.521374731642951,1
0.9611586495269879,0.523508305442642,1
0.9611368844290586,0.5208860059211379,1
0.9611174724066979,0.5171314299331395,1
0.9632707355704258,0.5128639326312876,1
0.96310840394243,0.5027224091700666,1
0.9625243689742252,0.49521881300056514,1
0.9619524035820473,0.4873283134139853,1
0.961382156692212,0.47945198231834046,1
0.9612715952836912,0.47615085541916086,1
0.9610698644222035,0.47698320503795516,1
0.9609885748055009,0.478363473811617,1
0.9609654463752435,0.4800555314605178,1
0.9608269442292446,0.4841142191319997,1
0.9607438809086242,0.4852983657403472,1
0.9603635518679587,0.49464979399573394,1
0.9600264279219489,0.5010417720580378,1
0.9598508280497853,0.5033606737855416,1
0.9598280631171626,0.5039120233058195,1
0.959651538739289,0.5007284482408753,1
0.9582614402054894,0.49598455334462804,1
0.9575372224045896,0.49086253073200004,1
0.9557746734385406,0.4813865549516719,1
0.9550390517181986,0.4760044479813775,1
0.9549357269010184,0.4714522007095777,1
0.9540688812686595,0.4705060885347213,1
0.9536420315524989,0.47592269381012925,1
0.953432747483358,0.4795522726909652,1
0.9534384146381256,0.4795271559756168,1
0.9534035853024749,0.47784553499059634,1
0.9532390597769917,0.47538086178939976,1
0.9535432606295464,0.4829431619189659,1
0.9538847000713828,0.48579289541151227,1
0.9542549381998243,0.48896064593665123,1
0.9543152899770367,0.49103922078302653,1
0.9546481810505378,0.4854931973045763,1
0.9550550457561962,0.476301422623157,1
0.955377259692765,0.46326534867900565,1
0.955616526519851,0.45044785410100474,1
0.9558333652307025,0.4430212936228434,1
0.9559861657085345,0.4387994150358629,1
0.9563372732482796,0.436991316082188,1
0.9566254837121124,0.441094104150318,1
0.9571652567440263,0.4481898272293942,1
0.957639522262415,0.4540095446474126,1
0.95805947104393,0.45840549283570015,1
0.9582968554350559,0.46127181611227036,1
0.959201508629592,0.471577174428441,1
0.9598132709803877,0.4792851147886074,1
0.9593212539384623,0.47298038603054005,1
0.9590207577278953,0.4678729046822055,1
0.9589555129207769,0.46550558084063287,1
0.9589493642288052,0.46448258353993654,1
0.9592068091453897,0.4688391838173077,1
0.9595116269186836,0.47240550303566947,1
0.9595828509978939,0.47406511246851657,1
0.959423078325706,0.4738079102344098,1
0.9590434437756306,0.4707776256293217,1
0.9587179795672216,0.4736167902032142,1
0.9580167244356317,0.47985752997177894,1
0.957242341957343,0.4893877158798007,1
0.9566500902844209,0.49857754170831947,1
0.9560730483967514,0.5101695556194752,1
0.9556443322421185,0.5177454206247629,1
0.9554338624283096,0.5210204915979693,1
0.9551358384113441,0.524338573141826,1
0.9540272525994844,0.5244425588089938,1
0.9528785916526714,0.5127929303526355,1
0.9543933624185776,0.4971963167987941,1
0.9583309520557187,0.49715516726569525,1
0.9652304142263866,0.5149844837174763,1
0.9714017874014427,0.537368458274512,1
0.9778868844953559,0.5778209403462035,0
0.9813525126703199,0.6037203735522425,0
0.9835432744873802,0.6194439366043981,0
0.9851499294275455,0.6321104121369855,0
0.9852798569536827,0.6297054648632121,0
0.9856231208563352,0.6272652457066554,0
0.9856536440206466,0.6279928071854927,0
0.9862812796970994,0.6316713388543237,0
0.9862561355628905,0.6300812316755295,0
0.9861303156489638,0.6254638624643336,0
0.985969819967083,0.6233120045509799,0
0.9857545198148032,0.6365091769409804,0
0.9856638044996829,0.6553248538103927,0
0.9856718557090423,0.6841200166889256,0
0.9857954384142649,0.7113880161123829,0
0.9858706550437668,0.7202397445038534,0
0.9859748583660786,0.7328298543724737,0
0.9860623306378208,0.7423581667373248,0
0.9860802510969164,0.7452451076061966,0
0.9859903976693689,0.7398629377735385,0
0.9859253208871959,0.7355914374754775,0
0.9858954363896838,0.7337463185454934,0
0.9858627688555508,0.7320024332888783,0
0.9853012758784521,0.7104115227478734,0
0.9848043722295636,0.6887565984585027,0
0.9847157702877681,0.6850193681989943,0
0.9846541356396504,0.6772724946554829,0
0.9846521961303172,0.6773404452789172,0
0.9849264548770456,0.6713887988956111,0
0.9846717849919984,0.6459331667380708,0
0.9840536994455866,0.6247978801194836,0
0.9829967255453942,0.5958412389094385,0
0.981632216795452,0.5681989856760985,0
0.9800077431654257,0.540165008857154,0
0.9791373921817073,0.5324616077936751,0
0.978790496397274,0.5288154261644079,0
0.9786768392281608,0.5285292185932638,0
0.9784588171406567,0.5336849837194655,0
0.9782461988078739,0.5388963851297068,0
0.9780693485679892,0.5405321621223472,0
0.9773664263485966,0.5550510346288344,1
0.9767408133325708,0.5629295223770647,1
0.9767324063830602,0.5624674849624703,1
0.9766603545376854,0.5602278315981924,1
0.9766308785733562,0.5568575732146757,1
0.9771788208658705,0.5488926953352531,1
0.9781150131687752,0.5455359395292599,0
0.9788652336171935,0.5425716777516172,0
0.9797302589393093,0.5420869159134714,0
0.9809578154493308,0.542528479269569,0
0.9821102832738501,0.5434267308370813,0
0.9833813103134136,0.546097596062783,0
0.9838065171156414,0.5441144781753695,0
0.9842045796796779,0.5405356210386627,0
0.9840151740622329,0.5307552267935784,0
0.9852948182235878,0.5364081207184275,0
0.9852691317245361,0.5242554030507786,0
0.9851544581099303,0.5138496213427579,0
0.98490779731653,0.5144958307049403,0
0.9847645813859902,0.5208993584342616,0
0.9846807876698728,0.5315475309418124,0
0.9846893113440338,0.5448419264918203,0
0.9848197221847557,0.5731041036572369,0
0.9853203428408093,0.6175973533168208,0
0.9857606004811218,0.6528223915229135,0
0.9861212378745576,0.6777614412009043,0
0.9863197619236124,0.6878602478379171,0
0.9862189984773984,0.675838989913143,0
0.9861551546070259,0.6641646364607451,0
0.9862156456467752,0.658772590233393,0
0.9862211141462702,0.6588805882723417,0
0.9862407079224333,0.6608451442362614,0
0.9862259953048782,0.6673322520548637,0
0.9856171783484435,0.6644600393788879,0
0.9840107413281984,0.6518764937008016,0
0.984915696018575,0.662759640362271,0
0.9829695775569423,0.646194513497612,0
0.9824727810998872,0.6560768798629696,0
0.9825931473144692,0.6689404968243773,0
0.9831877850148225,0.6923472392815966,0
0.9844555040807133,0.7204834166437153,0
0.9861048572459182,0.7585675726583677,0
0.9870572140860606,0.767406084395458,0
0.9877048584765054,0.7665628547302169,0
0.9881248145693491,0.7591035886737691,0
0.9885185095108415,0.7410359510846484,0
0.9888807375579665,0.7082067313595634,0
0.9892079216597678,0.6884379727656531,0
0.9897808021336874,0.6654390732757233,0
0.9902355833032161,0.6588944660543284,0
0.9902534380855519,0.6519687743323898,0
0.9904500260950618,0.6687776942050945,0
0.9851988838628511,0.5978876649155465,0
0.9675560386373776,0.4710278044591798,1
0.954330955222527,0.43756309265014687,1
0.946410583273551,0.4331580849451181,1
0.9389223734964589,0.4297760254000175,1
0.9356217796068858,0.43790477707125586,1
0.9359386092905928,0.45036978090742347,1
0.9364793461821659,0.4629525827519934,1
0.9371852485337824,0.4699482513952107,1
0.9378554970969711,0.47567993925004226,1
0.9385086620571271,0.4808614530209329,1
0.9392001005938081,0.48765508220035714,1
0.940174354957916,0.49673329988274134,1
0.941096114009547,0.5041918324883436,1
0.9415247868734529,0.5051682346120944,1
0.9425588019140287,0.49677621241960374,1
0.9432274138144299,0.48873760439752906,1
0.9438370780390397,0.47894509011717334,1
0.9443900748947454,0.4682188873774735,1
0.9448158923238168,0.46097065965139716,1
0.945244455348158,0.4552976257034387,1
0.9454236260234681,0.4526197926002804,1
0.9457268285619821,0.4522002602088634,1
0.9456422183672106,0.45115518298676927,1
0.9456702805898265,0.4508011220976625,1
0.9456662470274847,0.44960020316094473,1
0.9457122405112712,0.44977537320247724,1
0.9462441486388868,0.4537195017864574,1
0.9470347946317978,0.4622994139409985,1
0.9474769641973114,0.4730536924361623,1
0.9464875320123248,0.48272978550276363,1
0.9469461212609284,0.49223347855552746,1
0.9463924175301188,0.5009070952091681,1
0.9469274297710994,0.5108427578189872,1
0.9473024802001211,0.5153616684371182,1
0.9481147006855227,0.5260218445345223,1
0.9493381681566133,0.5344309826778076,1
0.9502676544548077,0.5380381072333638,1
0.950631977537002,0.5357746501355644,1
0.9501381438587067,0.5374725144366178,1
0.9495802623254872,0.5408264347089264,1
0.9493781007741788,0.5431690205500311,1
0.9491265589693498,0.5476432249042976,1
0.9484473014618003,0.5559255128129739,1
0.9481648348271386,0.5593142732168025,1
0.9485222733406652,0.5565469345694648,1
0.9489389421517145,0.5557027473037507,1
0.949710627696993,0.5655908118299476,1
0.9464707801748633,0.5575143269929871,1
0.9434158674834893,0.5428936251617168,1
0.9373677803324125,0.52080461860194,1
0.9321659946102645,0.5064084512651309,1
0.9300797051490199,0.4996649152568476,1
0.9292553121678485,0.49901122114286667,1
0.929272162329656,0.4992652706846434,1
0.9293558377142619,0.5000630700588554,1
0.9298060138140969,0.5036145167394986,1
0.930790826989346,0.5120482052474766,1
0.9318980097147282,0.5205292302017053,1
0.932301493176916,0.5245819324582989,1
0.9328924980734256,0.5328709080817495,1
0.9334880478313224,0.5396165680100479,1
0.9343155993600044,0.5393874861397441,1
0.9342623411808091,0.538199080543702,1
0.9344996798533509,0.5323040639920207,1
0.9347677561327592,0.5234416158499535,1
0.9350040175865219,0.5159318078588132,1
0.9353226354640816,0.5094013782814343,1
0.9357411044007504,0.505285236977429,1
0.9362482064284452,0.5036994175717838,1
0.9370844253402175,0.5065821176853974,1
0.9381001841369495,0.5171935404583765,1
0.9392542261991212,0.5284662987982968,1
0.9402323411747056,0.5386747695432589,1
0.9409007182023141,0.5467357990288922,1
0.9416102353641294,0.5551112885434735,1
0.9424697493392,0.5664150278183168,1
0.9426520739114562,0.5699073683306789,1
0.9427614861962048,0.5666248549765027,1
0.9429210035656619,0.569515011909992,1
0.9427505022182558,0.563144727813743,1
0.9428490270525458,0.5655912043686229,1
0.9429494232423461,0.5666300061551696,1
0.9420516099963108,0.5583281731843078,1
0.9416020140526746,0.5603669435776594,1
0.9408378655992202,0.5611973773502547,1
0.9405195269584556,0.5650972004029825,1
0.9410888688297733,0.5655129394875247,1
0.941747002451625,0.5644008730246977,1
0.9421395804424648,0.5617160143411661,1
0.9424226330800942,0.5587885124280327,1
0.9432385295056624,0.5520458252750684,1
0.9440589713856311,0.5462227774734012,1
0.9442783268075959,0.5447406701151477,1
0.9442494715475729,0.5449447894607651,1
0.9443040570030727,0.5442273118128732,1
0.9426868358150842,0.5445123631915273,1
0.9403771211541043,0.5422162543698936,1
0.9404906251577896,0.5450886146573223,1
0.9400215873964897,0.5455790953392955,1
0.9378976793172443,0.5425168224955152,1
0.9384638327190038,0.5431694205054995,1
0.9384506253346927,0.5432200497080428,1
0.9385193584110836,0.5445042735144671,1
0.9386135430142721,0.5451593691613771,1
0.9388095788263996,0.5536163143486871,1
0.9388559743687521,0.5532826799483513,1
0.9391952534795536,0.5566223712547768,1
0.939419431354836,0.5532839895656239,1
0.9394530235946785,0.5505637024256668,1
0.9395965599450455,0.54752436652023,1
0.9395053474601813,0.5470253747642052,1
0.9394384654703556,0.5486753542738526,1
0.939409064246159,0.5527515130770955,1
0.9397083682264507,0.5471324200231349,1
0.939997966267965,0.5461620569544458,1
0.940303728841253,0.5438778972207594,1
0.9406062128324071,0.5412282203445904,1
0.940763618752432,0.5398299762608941,1
0.9412695611987334,0.5414229034833933,1
0.9415278779085539,0.5419039784937847,1
0.9417911004266388,0.54226686799117,1
0.9417026355571001,0.5405257852146699,1
0.9417399697739772,0.5394741788981372,1
0.9411338123194737,0.532626336872509,1
0.9410445720172282,0.5364969086550748,1
0.9407674193651814,0.5403172336272423,1
0.9408086671723623,0.5447376543246267,1
0.9408959905335339,0.5529399495589579,1
0.9409542125598171,0.5540382870841025,1
0.9414234437405526,0.5577280595899557,1
0.9418078989088662,0.5605998702010957,1
0.9418615082672028,0.5556575506996386,1
0.9425150382806056,0.5596883848507954,1
0.9427699351615071,0.5609383957031195,1
0.9430357630426991,0.5617026482163868,1
0.9435083433538556,0.5595523229771894,1
0.9437262829200788,0.5566037622951515,1
0.9442097968001129,0.5474561126778752,1
0.9447335823674183,0.5414700318707643,1
0.9450798230086113,0.5383077824659451,1
0.9452383647692825,0.5389765655504762,1
0.9456347744808058,0.5400654045711567,1
0.9456392475546294,0.5399305648964058,1
0.9439369446320562,0.5370306108186378,1
0.9439199681940886,0.5382510557327685,1
0.9439789255476526,0.5396807885954601,1
0.9439786322291938,0.5406316319599428,1
0.9440603110152768,0.5420685146465948,1
0.9436264035698314,0.5429811422273264,1
0.9436300377148197,0.5432470121050721,1
0.943562753528262,0.5418248415842148,1
0.9437483400966296,0.543554528065908,1
0.9437936927752261,0.5440792356924806,1
0.9437461776320006,0.5427579415273016,1
0.9439641419309768,0.5463032598099551,1
0.9436830833930159,0.5446965829126658,1
0.9436784712580473,0.5454525636172034,1
0.9438866889119306,0.5434536614672313,1
0.944230392603595,0.5394725556937162,1
0.9441048143325012,0.5350518965817701,1
0.9443179507972799,0.5307408305610863,1
0.944152458448589,0.5356250889496144,1
0.9440419234344932,0.5362910449622235,1
0.9439396084470784,0.5361911024205421,1
0.9438235340565767,0.5342758699438055,1
0.9437764447004079,0.5312059721383449,1
0.944045622472373,0.5359752238195827,1
0.9444400078903915,0.5402821594004754,1
0.9448561561901093,0.5450225019111956,1
0.9454166243116751,0.5511375588656859,1
0.9458463375331356,0.555363947013678,1
0.9465410286489502,0.5673717270344444,1
0.9465290861096793,0.5677401689156465,1
0.9465144664328464,0.5679596130127249,1
0.9464274192845603,0.5689825963333065,1
0.9460987757031629,0.5693140283276439,1
0.9436977031254136,0.5688566125772585,1
0.9447403500601623,0.5802041368781572,1
0.944775464970198,0.5822238719969658,1
0.9447921535198605,0.5823455108916256,1
0.9449361038902173,0.5841026821457606,1
0.9454154595677124,0.5827132993715537,1
0.9453588596696411,0.5820606250603974,1
0.9453477750859609,0.5826239609267456,1
0.9456852101272957,0.5768259943742592,1
0.9456205218431233,0.5760353946661221,1
0.9453232117809822,0.5815703437017975,1
0.9451061043563311,0.5852604192590344,1
0.9451325221535292,0.5848097749706644,1
0.9448519196763104,0.5875503345001527,1
0.9453559439988731,0.595608163028926,1
0.945340827339514,0.5929008291776148,1
0.9452885011715059,0.5905655626120418,1
0.9452729796750934,0.589097588242078,1
0.9452358706730146,0.5874897758054124,1
0.9452070841005409,0.5857144126302368,1
0.9431436483650769,0.5822420470068377,1
0.9416545165951403,0.5912474769810538,1
0.9420078494889965,0.599283233112787,1
0.9427749391892914,0.6114063248805638,1
0.9425392597171024,0.6062571436050991,1
0.9421751017716429,0.6016098478180266,1
0.9421817742174814,0.6016103315081964,1
0.9421544121593002,0.5971325868453496,1
0.9423137757700728,0.5977777529555891,1
0.9424508314528574,0.6008338099145316,1
0.9424745775696848,0.602027470672894,1
0.9428757736361939,0.6001438825307056,1
0.9429520983397504,0.5942794637083497,1
0.9431149267055874,0.5913883429575624,1
0.9432217833051839,0.5934752163824758,1
0.9433077113787757,0.5989347788181232,1
0.9431741241600484,0.6069834070412369,1
0.9428792560889827,0.6140930739960978,1
0.9420334910144452,0.608689875258963,1
0.9410580115968663,0.6006517800078746,1
0.9400609267772889,0.5924717922461549,1
0.9389262002485084,0.583310961084685,1
0.9374895027414123,0.5722303342189339,1
0.9348954600977124,0.5492535766791653,1
0.9323783781094472,0.5276547073365165,1
0.9301663044983444,0.5074898045293226,1
0.929784531668979,0.5006706000895987,1
0.9284763333173821,0.4831170582700215,1
0.9290346828205729,0.46424904769970776,1
0.9270625726313064,0.447080480689341,1
0.9263172594031484,0.4416991356395599,1
0.9254831171384431,0.44262615533377253,1
0.9247300527234994,0.4451252052066325,1
0.924022169341193,0.4500516831749628,1
0.9234519112633454,0.45582709732734367,1
0.9228848796827149,0.46014271879049007,1
0.9216757158852245,0.46856729165222877,1
0.9203597956366436,0.47709885967849275,1
0.9195119874872077,0.47852907736853334,1
0.9184950276539254,0.47938364043674064,1
0.9175155225464264,0.47675107988344456,1
0.9166283716158007,0.47343562992340654,1
0.9144235985001378,0.4611212535233252,1
0.9156813399219843,0.44354378459205024,1
0.9184592113577915,0.4297014306651167,1
0.9228105088772927,0.4186723478849846,1
0.9286050848188799,0.4088181365985324,1
0.9371162649412641,0.40681390681986207,1
0.9496582156395719,0.41580904109261463,1
0.9660881245480586,0.44388182221362055,1
0.9718515089205273,0.4463461880925612,1
0.9790503825507484,0.4621598238786457,0
0.982043907662088,0.45807174710941695,0
0.9818576351074363,0.44482169245101294,0
0.9853261215576723,0.452560223937522,0
0.9853689699729072,0.4475658808525666,0
0.9855078688211321,0.4464359132812191,0
0.9857537828726122,0.4618719205578479,0
0.985824026809444,0.47089362655843936,0
0.9860099106526885,0.4842087382023072,0
0.9863956219062039,0.5168666997856043,0
0.9867610864715082,0.5515358254756328,0
0.9870385878787775,0.5753197472835074,0
0.9873011435241761,0.5930135196110352,0
0.9873610721768473,0.599614473800785,0
0.9874216481723728,0.6006873621367087,0
0.9874268315692024,0.6009042175055364,0
0.9874297077148111,0.6011856819326701,0
0.9874564062488287,0.6002069434525583,0
0.9873837495944462,0.5966275275358126,0
0.9875201747477147,0.6007694982014843,0
0.9873955639133523,0.5958429014760463,0
0.9873475165301846,0.593437835637829,0
0.9871186108671468,0.5824326492753811,0
0.9902610017453559,0.6014481173577051,0
0.9903534610630831,0.5772858804446598,0
0.990349557240485,0.5618487539688131,0
0.9901232495015047,0.5445130784157265,0
0.990118161443257,0.5458863087797157,0
0.9903301183295985,0.5512208191506323,0
0.9904623191965239,0.5506321730683037,0
0.9905456789772337,0.5415320356264657,0
0.9908931865611852,0.5210966982040129,0
0.9910522000329225,0.5080150577138445,0
0.9913319934194407,0.4987927787779003,0
0.9916625633355888,0.49667007468247915,0
0.9918314171969185,0.5037539274976508,0
0.9920272870898106,0.5081697652610635,0
0.9922127248495856,0.5167694386719884,0
0.9922538248433215,0.5207461575206543,0
0.9923020353781422,0.5267872109568558,0
0.99229276966122,0.5212899686263086,0
0.992435672465152,0.5112255887402812,0
0.9925761963261381,0.513767392175592,0
0.9924837160956625,0.5160118697069883,0
0.992082873761359,0.5149436415220869,0
0.9918432302244177,0.5147075187481526,0
0.9915367578348917,0.5167063836519442,0
0.9915302464835944,0.5185177658076106,0
0.9916887874831418,0.518680951079588,0
0.9917157303796066,0.5190454962288673,0
0.9916944557236291,0.5172561137803864,0
0.9917610705170014,0.5153200968018251,0
0.9917058880093211,0.5091591143255939,0
0.9915808101458935,0.49999235705092526,0
0.9909878014385369,0.49098544780591263,0
0.9912360653226122,0.5162985779706627,0
0.9912517170176591,0.5445023950070106,0
0.9913440812534775,0.5869819275240292,0
0.9915426396696898,0.6403782640451895,0
0.9917130537900551,0.6939213522344156,0
0.9918480592688634,0.7404065347464781,0
0.9917358598159236,0.7681971627584809,0
0.9913260623918461,0.7691774416988518,0
0.9904600288673677,0.730685506276141,0
0.9896955221331631,0.6994957106056766,0
0.9892056016222258,0.6770480954992437,0
0.9891530293364202,0.67399145685771,0
0.9891704989471886,0.6782298232038262,0
0.9889108102177009,0.6838152570390471,0
0.988442237491758,0.687080689515417,0
0.9873384555457736,0.6850428882427982,0
0.9868421352665777,0.6957816687480598,0
0.9860186488632713,0.7033624346683018,0
0.9860424396280327,0.7122991934300593,0
0.9861890064347523,0.7182967992172004,0
0.9861774213759413,0.718995696738999,0
0.9862125250930303,0.7185980438022482,0
0.9859143407059738,0.7075735545217662,0
0.9857728594233831,0.7070494659800317,0
0.9855868641572085,0.7072127152686977,0
0.9854802169416703,0.7057071576583986,0
0.9855759786321789,0.6985101631375111,0
0.9857234030008946,0.6878400261029946,0
0.9858446237633852,0.6818555426234121,0
0.9858438764401778,0.6832219669539804,0
0.9858007345997557,0.6858355313879677,0
0.9857605397639488,0.686782823138638,0
0.9858716852370457,0.691671218218144,0
0.9845244527044823,0.6878009291562414,0
0.9758685466097773,0.6121304694583184,1
0.9668370151257912,0.5623825391576548,1
0.9597435326924896,0.540354078113141,1
0.9539432126331944,0.5266119877200411,1
0.9525404754563844,0.5310755892777119,1
0.9524869939464496,0.534963994107869,1
0.9523817082356527,0.5395994463479175,1
0.9526361319580767,0.5453518858662773,1
0.9529436459239427,0.5515840524066288,1
0.9534785108323655,0.558845947315723,1
0.9538528164688655,0.5665836846581153,1
0.9542377667929833,0.5743022471496095,1
0.954843821002811,0.5825618285589962,1
0.9559762898808501,0.5828478147251828,1
0.9560652172987196,0.5806283169341814,1
0.9561626828156109,0.5790986520805179,1
0.9564908922947268,0.5714997721497873,1
0.9568569336099451,0.562829936785135,1
0.9575253737159068,0.5471318863381165,1
0.9582508516497188,0.5345715819246555,1
0.9588979252146115,0.5291353133322149,1
0.9594378009477162,0.5325155408172287,1
0.9606878212059513,0.547062953525658,1
0.9618190894715981,0.5590746882642333,1
0.9630631175580344,0.5744576096439581,1
0.9637865369289349,0.5848356838460347,1
0.9643621561563634,0.5941400861426366,1
0.9610880563181958,0.5915998547979832,1
0.9584182360959533,0.5939105785139323,1
0.9558591360077006,0.5983988234235575,1
0.9559683347351925,0.6081585014221648,1
0.9550274824389591,0.6178451619173133,1
0.9556880374559009,0.6309626745058113,1
0.9560762852214715,0.6331653474313753,1
0.9560572949090078,0.6313365851257507,1
0.9559294383595572,0.6390870191253203,1
0.9562504521183028,0.656171077264252,1
0.9565019115736654,0.6628166710395174,1
0.9566294321429747,0.6691266844173064,1
0.9567054248218101,0.6732427861367503,1
0.9568091583359142,0.670276856818802,1
0.9568535443833444,0.6692236227739996,1
0.9569518553921174,0.6685662014038111,1
0.9571624797907894,0.6672504869295464,1
0.9574146778495503,0.6662112206960359,1
0.957868399746461,0.668115992387602,1
0.9579293087206773,0.670233670846026,1
0.9568991820890034,0.6733847869982859,1
0.9560224341532902,0.6689920730754947,1
0.9546409155718039,0.6615269573660291,1
0.947218033439097,0.6256456029158737,1
0.9461837211339202,0.6219787347467781,1
0.9442992153499048,0.6200083862994146,1
0.9437587508990668,0.6284749802649081,1
0.9433160827420739,0.6364619429840539,1
0.9436630059313462,0.6406473028526042,1
0.9436950311214354,0.6400513892439016,1
0.9435230929590277,0.6369113450889429,1
0.9428951052029999,0.6307168060476374,1
0.9426099771738763,0.623192416014566,1
0.9424106986517813,0.617429853937055,1
0.9419712120339688,0.6142374326214245,1
0.9420794652648786,0.6124306715097964,1
0.9421682387874575,0.6112619638032838,1
0.942159089070567,0.611449823899698,1
0.9422089272532697,0.6100430692113771,1
0.9417903158396552,0.6140864824938077,1
0.9414670320556939,0.6168912465264512,1
0.941181740410623,0.6174711681673393,1
0.9411441548041766,0.6153133167313259,1
0.9412159555254762,0.617601087117157,1
0.9412645344837485,0.6208168643674722,1
0.940911081836972,0.620678830489753,1
0.9406728170279597,0.6205017072628698,1
0.9402289544200171,0.6187267755229124,1
0.9406452564850811,0.6132574290619431,1
0.9410980515346887,0.6061121399788078,1
0.9417601688318497,0.5958779457829773,1
0.9413507274033517,0.5890944541178532,1
0.9415044059267277,0.5769754958670206,1
0.9408953172915231,0.5687597642550951,1
0.9404980326850418,0.5675283168023066,1
0.9399654288585602,0.5659713236166481,1
0.9396502689888339,0.5563892710543126,1
0.9394263110505726,0.5482993382633339,1
0.9392748276914371,0.5440159799356182,1
0.9390337069692918,0.5398350133089166,1
0.9387281969128588,0.538176007924832,1
0.9385377819463854,0.5420120674390169,1
0.9384897075264607,0.5443817177806468,1
0.9383749539735903,0.5461589384999125,1
0.9382324675779914,0.5474772404974749,1
0.9385871020185329,0.5450635227859251,1
0.93855621786038,0.5451301306391337,1
0.9384373589802605,0.5448744645660293,1
0.9386618788687047,0.5316579134923045,1
0.9402914673461715,0.5241798748392473,1
0.9436234252853286,0.5227857514761334,1
0.9573101288061185,0.5677394660326232,1
0.9635207984168275,0.5864784476798518,1
0.97117151327118,0.6214873028636934,1
0.9772316695266745,0.6502037882054603,1
0.9848015968360566,0.7214371992908064,0
0.9857851520105755,0.7233879181859292,0
0.9860732571556059,0.7206585275970554,0
0.986038392461234,0.717936410374225,0
0.9859956419777527,0.7155041218659542,0
0.9859346204259165,0.715824933429492,0
0.9858665481212999,0.7164886309264764,0
0.9857877501267349,0.7205108977104868,0
0.9854058152786507,0.7289955048966296,0
0.9852493677414709,0.7320354247594983,0
0.9852402578256343,0.733991811116912,0
0.9852557795534103,0.7410581825125175,0
0.9852552232301133,0.7438377622700988,0
0.9852900126346938,0.74422875410047,0
0.9853980195461933,0.7419229921452843,0
0.9855664457858311,0.7425981448476011,0
0.9851697100236438,0.7304592177813845,0
0.9848116415097204,0.7171973270502114,0
0.9844252779216898,0.7045122130498043,0
0.9839925120775307,0.6889012591436856,0
0.9835537598741911,0.6726208743105782,0
0.984263816292582,0.6701096037214467,0
0.9847144044714817,0.6769713284120735,0
0.9848770891288539,0.6823333703227304,0
0.98512796491436,0.6866652579940393,0
0.9855897222945253,0.6844373169180397,0
0.9857074787056841,0.6777838068992214,0
0.9852639147609015,0.6598748353236232,0
0.9850713990091022,0.6515378602141408,0
0.9852063440943428,0.6577760988157176,0
0.9852524854324787,0.662667572559736,0
0.9853309893810213,0.6654778336078485,0
0.9852853162419191,0.6707797064383779,0
0.9853709675208158,0.6760537900157234,0
0.9851989444015331,0.6829188679964061,0
0.9850947419703293,0.6875162693109738,0
0.9850408873073461,0.6905357197797642,0
0.9850236280479533,0.6914744981205199,0
0.9848579619031976,0.7010269589860406,0
0.9846440924339889,0.7027586861477829,0
0.9845592000342545,0.6987803899067347,0
0.984487022048504,0.6994640579321288,0
0.9848744109362051,0.703254022142044,0
0.9842655740676657,0.69899694174537,0
0.9837228052878435,0.6949255120169942,0
0.9836783913902041,0.6960658500821931,0
0.9838047612761036,0.6984731975310718,0
0.9837648870186322,0.699773352079493,0
0.9839587554859289,0.7006618749881744,0
0.9840199116963171,0.6989996378506453,0
0.9841255302769631,0.6963383375904078,0
0.9841019255375819,0.6939218642870473,0
0.9840812602333495,0.6930419998053557,0
0.9840604180257926,0.6917606935665025,0
0.9840584794000005,0.6916608933108815,0
0.9840352947232298,0.6908040165238916,0
0.9842444890312916,0.6860752761334958,0
0.9844177020059515,0.6789917673903985,0
0.9844545188986695,0.6756076650190247,0
0.984474676073913,0.66866381119402,0
0.984533340097456,0.6610007892253524,0
0.9845497060313729,0.6567274807612803,0
0.9845201916856483,0.6568731455925101,0
0.9845415885898241,0.6586999244645741,0
0.984898468541916,0.670696846570707,0
0.985272296146058,0.6805782493288278,0
0.9855359941504249,0.6876892054265851,0
0.9857587630063142,0.695022268815177,0
0.9858603832402815,0.6975146157182643,0
0.9859199937553474,0.7026843161682149,0
0.9859127987730139,0.7022922347602342,0
0.9860948959590334,0.702192869228325,0
0.9861073871776974,0.7010945424357679,0
0.9856228800702013,0.7037609419269927,0
0.9854322651081404,0.711209186441332,0
0.9858829068522252,0.7267224278374957,0
0.9864443324145764,0.745480175821751,0
0.9866852316728769,0.7505051330740405,0
0.9868117772935583,0.7547116554237551,0
0.9868553012573076,0.756329380778276,0
0.9871833919137101,0.7593130360452405,0
0.9876531453274909,0.759388269580239,0
0.987889194288972,0.7488924109000819,0
0.9880614889522343,0.7387572420462853,0
0.988208887173564,0.735219564148305,0
0.9882696706930779,0.7329153368650898,0
0.9883116625386175,0.7345140150359645,0
0.9884548217859646,0.7379010930820131,0
0.9885028322643946,0.7406463683558052,0
0.9879533437337056,0.7356214049078134,0
0.9877646078218996,0.7338325102966942,0
0.9883008600872116,0.7404749236791554,0
0.988914078822446,0.7488743320948971,0
0.9889667967234363,0.7489270417911302,0
0.9890666564999967,0.7491416500068158,0
0.9890813205734204,0.7482747837544653,0
0.9891796222024999,0.7482694331686252,0
0.9891723363025774,0.750712437724016,0
0.9890967564552667,0.7455335010240061,0
0.9889855279450429,0.7398596489311962,0
0.9889851058248964,0.74088165672769,0
0.9889642273828843,0.7391158972956126,0
0.9889976833797776,0.740486190840844,0
0.989193399449072,0.7460722380196859,0
0.9892291155814692,0.7458268485458778,0
0.9892098562864845,0.7394560139141266,0
0.989165221976845,0.7292002723548635,0
0.9891333702971947,0.7241080822772608,0
0.9891186251047137,0.7257183778463101,0
0.9891381567460447,0.7285680938754873,0
0.989124361574254,0.7321681703569844,0
0.989116922377844,0.7362415287057419,0
0.9886312477039981,0.7257980491514662,0
0.988017901018752,0.7097675245987526,0
0.987475812017732,0.6956841675748618,0
0.9868606230663778,0.6796621750375338,0
0.9865256917451986,0.6709200113667443,0
0.9860404644232525,0.655662600091604,0
0.9859604715214954,0.6424459882145093,0
0.9859706463530953,0.629912315886086,0
0.9859389153523783,0.6146007405599424,0
0.9862024551420796,0.5969740829412973,0
0.9862465072606659,0.5787250962278383,0
0.9856964342090027,0.5617428971955999,0
0.9850880589716211,0.5436126889656686,0
0.9842329689881502,0.5230482196204125,0
0.9830058271768098,0.5092263831001395,0
0.9823367675851158,0.5182210569855606,0
0.9819033755313638,0.5349402019533829,0
0.981510654881304,0.5543209822084657,0
0.981063154064378,0.5781211673508693,0
0.9806545626481837,0.5972849689196372,0
0.9801760014576834,0.611422921197814,0
0.9795377378268677,0.6210024706328728,0
0.9793239916137679,0.6231125582105079,0
0.9791434856774113,0.622003145794527,0
0.9786547989690009,0.6112999320675423,0
0.9799933315076426,0.6061676817666498,0
0.9812575966034909,0.6051439267903743,0
0.9828109036569097,0.6151863895228649,0
0.984698212637521,0.6295279866419766,0
0.9858426913778571,0.639232933673723,0
0.986443447100145,0.6424524700445771,0
0.9868628803090234,0.6421032692261506,0
0.9874842190185675,0.6408309922978795,0
0.9882477431772948,0.6409765606356219,0
0.9883213035736752,0.6369971528075393,0
0.9882965295761437,0.6298676700062456,0
0.9886035192028344,0.6266799932787734,0
0.9885955774963855,0.6205577733874809,0
0.9887060435713415,0.6214039857606523,0
0.9887106327710573,0.6257578518942322,0
0.9887681198451,0.6316484108970852,0
0.9889380338376078,0.642318418904636,0
0.9892245075625135,0.6617789577743622,0
0.9894432912619142,0.6790207295245845,0
0.9895783960167523,0.6942942769154887,0
0.9897001397486798,0.7053907026490447,0
0.989745937849772,0.7127381673304548,0
0.9897087404196034,0.7143051018703902,0
0.9895567586720289,0.7085855130919393,0
0.9894033251216359,0.7014165769818118,0
0.9892671012652079,0.694829059325677,0
0.9890729511007114,0.6877213484303392,0
0.9889781058832197,0.6834155766290206,0
0.9888815762025676,0.678226457343473,0
0.9888617793372975,0.6763331130961814,0
0.988863202502958,0.673131135344249,0
0.9887560592015063,0.6657613832896216,0
0.988595617571289,0.6586795078235268,0
0.9884047776967626,0.6488164213783645,0
0.9881294461201671,0.6393248133560775,0
0.9879093298457673,0.6308186239834398,0
0.9877594125347768,0.6252975634668566,0
0.9880016055727978,0.6276811106240211,0
0.9878702560486147,0.6207121292649278,0
0.9876757884077152,0.6094821298661472,0
0.9876245026747742,0.5954993227015423,0
0.9874341461382949,0.5843503205390105,0
0.9873776193553765,0.5722044687144172,0
0.9873554438633951,0.5596347161188001,0
0.9874465581562546,0.5463575974559326,0
0.9874441297121908,0.542851616005838,0
0.9874416659403253,0.542793238011185,0
0.9874951309314804,0.5451007663051533,0
0.9875117742459765,0.5487166977442884,0
0.9874115168750497,0.5518180696047252,0
0.9875056587441382,0.557353390931325,0
0.9877071590116726,0.5626578016451107,0
0.9882574769379281,0.5722285372159365,0
0.9885840056140585,0.5798991771810954,0
0.9886411704616808,0.5826507215004815,0
0.9883760599990168,0.5841572806136447,0
0.9883544536742319,0.5856497161578116,0
0.9883342392096192,0.5864749827765241,0
0.9883068397060171,0.5865820830318493,0
0.9883307836841931,0.5865542222838532,0
0.9883546649202919,0.5883217043296292,0
0.9883468843212063,0.5878804956595306,0
0.9883791977628662,0.5876174836927687,0
0.9884121625939764,0.600317592994497,0
0.9885404864629128,0.6172867104663117,0
0.9887006551449988,0.6363093906563696,0
0.9889232153544012,0.6599228832907499,0
0.9890099662743754,0.6757002443985897,0
0.9890698605970591,0.690733169535854,0
0.9890471856846594,0.6992204989162325,0
0.9889265676590142,0.6985451415893961,0
0.9887110467624556,0.6904474132890561,0
0.9886722615804835,0.6894115582346604,0
0.9887252743498409,0.691179475037199,0
0.988862050921665,0.6965161646871348,0
0.9889268975370813,0.6998583601839927,0
0.9889825434212973,0.7047141510577383,0
0.9889447685610853,0.7068410714091475,0
0.9888953209737864,0.7100706582575468,0
0.9889440547435051,0.7176339843682119,0
0.989049369387339,0.7266831422378282,0
0.9891983841291669,0.7348831139938873,0
0.9893715803899601,0.7428639566176342,0
0.9893935172618858,0.7449701386340605,0
0.9889950729680264,0.7336317648311742,0
0.9885844873484801,0.72577733725324,0
0.9884684940328821,0.7252986852943522,0
0.9883171255300767,0.7264890877156359,0
0.988156332457865,0.7299013548664949,0
0.9881360188244532,0.7317757684418176,0
0.9879193491901375,0.7404101253291809,0
0.9877753946410311,0.7452593644884754,0
0.9876492248049616,0.7487504573531566,0
0.9873825974906419,0.7530967256170943,0
0.9873636554848821,0.7534290625678055,0
0.9874010136404588,0.7552673760657116,0
0.9873320550154507,0.7564411924783334,0
0.9850523493144585,0.7286582705683227,0
0.9826088345219225,0.699580628326876,0
0.9805959708493868,0.6796251560852843,0
0.9788556273375788,0.664970568067712,0
0.9783934600117443,0.6623235313710604,0
0.9783691635789058,0.6621044187131213,0
0.977735883416532,0.6598906497900499,0
0.9776895223355546,0.6610534574915393,0
0.9776888891407085,0.6612184015551871,0
0.9776561871921996,0.6608251200615163,0
0.9776590630329327,0.6637402599081811,0
0.9776983354270421,0.6655680224732984,0
0.9777754236927851,0.6662015572383088,0
0.9778061114359488,0.6650229468819774,0
0.9778939016972545,0.658324212278989,0
0.9779038706111173,0.646761553430128,0
0.9778620488040026,0.631416989129834,0
0.977840977458126,0.6159647937652906,0
0.9779017683646831,0.6034377088126613,0
0.9780370760668307,0.5930773318692807,0
0.9782566904813658,0.5876511339914308,0
0.9786050806279083,0.5896576968777165,0
0.9791514934537042,0.6015383980790677,0
0.979443768935131,0.6075134379058729,0
0.9795857784215498,0.6107167748373591,0
0.9797802059560455,0.6153034528526924,0
0.979922542239656,0.6193505447796742,0
0.9799941880104592,0.6254235550613274,0
0.9799998030446997,0.6285255879756163,0
0.9799264195843637,0.6331644702832745,0
0.9799666637654165,0.6364860786079577,0
0.9799381200433022,0.6437386178709392,0
0.9788999677565837,0.6520337912390936,0
0.9793593868357393,0.6633210401213027,0
0.9800065516096981,0.6795507178850566,0
0.9811654838253809,0.7052070308498839,0
0.9824336687526891,0.7237063310244309,0
0.9833632015798697,0.7197893917227624,0
0.9842262904085624,0.707029317509103,0
0.9849894643358144,0.6853963568558171,0
0.9855468795521907,0.6602493502149765,0
0.9860937323743215,0.6354353476549703,0
0.9867268781602865,0.6215294639458037,0
0.9873726038553027,0.6156386018216058,0
0.9880788646029699,0.6193584943764328,0
0.9883588514288701,0.619944628522967,0
0.9884520448201312,0.6255555676840521,0
0.9877978442971496,0.6272669649591165,0
0.9873193389633181,0.6183810674665572,0
0.9869683406259264,0.6099439349629148,0
0.9866968136443033,0.6046504457825963,0
0.9867549683286001,0.6020623642038512,0
0.9862163784879293,0.5955683958185454,0
0.9861272121040024,0.5991304070755051,0
0.9856386985720311,0.5939023725300888,0
0.9855455557003452,0.5903738918276995,0
0.9855433954790758,0.5907864046214252,0
0.9856002564001833,0.5940423389479644,0
0.9856180407518191,0.596542618647228,0
0.9856241600527281,0.5975053985165998,0
0.9855422985923026,0.5969324093905986,0
0.9855105826433789,0.6009236496361307,0
0.9855932853099783,0.6027227505252455,0
0.9856415385906453,0.6048008554174779,0
0.9856319554123182,0.6043856123770277,0
0.9856472979404838,0.6043009631051076,0
0.9856467981062346,0.6060889798164804,0
0.9856528485861915,0.6079023136402154,0
0.9856627435637748,0.6097679595753054,0
0.9856206331805435,0.6111950527237174,0
0.9855308008816115,0.6078274144932719,0
0.9855309568652428,0.60874377380666,0
0.9855616135526952,0.6100903075809369,0
0.9853494215642976,0.605789930572563,0
0.985366817500566,0.6072648339854841,0
0.9852618160497147,0.6048264470356621,0
0.9852309436093796,0.6092745374146078,0
0.9850190676209101,0.6098974356504111,0
0.9850059756708542,0.60997486716815,0
0.9847953255731869,0.601422394366065,0
0.9852326930060014,0.5879235076266413,0
0.9847990629383082,0.5776609807035065,0
0.9841021032093107,0.5607284260585526,0
0.9837928113537955,0.5531487837134705,0
0.9835804477960813,0.5468106439528747,0
0.9833273716407877,0.540855934851993,0
0.9824575501248725,0.5346208574594793,0
0.9817311584031576,0.5359090472245385,0
0.9814390728658604,0.5425292163114283,0
0.98126908019187,0.5559818335601007,0
0.9811875207677744,0.5608666591055562,0
0.9810544140852966,0.5655033946850914,0
0.9808673273584496,0.5665213260436187,0
0.9805987114327586,0.5684028985448525,0
0.980516533323901,0.5648579904771696,0
0.9812064583508737,0.5531347172144255,0
0.9820098297106257,0.562865768875887,0
0.9826097192810002,0.5748445087733558,0
0.9827998674851804,0.5818427741356008,0
0.9826835004116685,0.5867651252725913,0
0.9828277830046748,0.5936362070691446,0
0.9824343986293087,0.5962182333828874,0
0.9825828594615178,0.6020561585097743,0
0.9820955096124435,0.6104450721223089,0
0.9820737892846498,0.6200171205212938,0
0.9821740666508694,0.6219553928185698,0
0.9821026525889176,0.6176100920625178,0
0.9820349479625244,0.6150967015898996,0
0.9820350637088404,0.6148709432104236,0
0.9820134999989134,0.6112635590634367,0
0.9819489182682385,0.6131060508449695,0
0.9819646548215437,0.6170429705342418,0
0.9819826643197197,0.6288256228094503,0
0.9819731350465024,0.6448461627833687,0
0.9819694826969424,0.6588390918157957,0
0.9819492221845263,0.6713004379174536,0
0.9819012146292396,0.6768091274410277,0
0.9817649285763312,0.6751447158403846,0
0.9817525789501219,0.6743883145685351,0
0.9816844959566752,0.6715423992011299,0
0.9816731918032273,0.669299128766106,0
0.9817283781774597,0.6678471774570285,0
0.9817794193834748,0.6676844230344067,0
0.9818346343605926,0.6725491805293412,0
0.9810172794362781,0.6723656187383498,0
0.9805464866242073,0.6751433530825844,0
0.9805318114145669,0.6805827067790835,0
0.980186726436398,0.6882817807344322,0
0.9801707465886227,0.6859193684688556,0
0.9802751062656958,0.685142989172578,0
0.9806421033841775,0.6903279004603674,0
0.9808162106179086,0.6910073542083436,0
0.9810115724391838,0.6914754065978556,0
0.9812012221987223,0.6887908263198613,0
0.9818632388476287,0.6807150437480834,0
0.9824659528805583,0.6671272366856966,0
0.982613918718988,0.6553263428772245,0
0.9827399461282753,0.6426406395088048,0
0.9828229524233689,0.6371820090630824,0
0.9829574457621165,0.6324375548367667,0
0.9830749597653625,0.6319178829155752,0
0.983423452042159,0.6340508713970511,0
0.9835764467708593,0.638173684179557,0
0.9835094059725862,0.6521321323966248,0
0.983252721227774,0.6513884535709265,0
0.9834822694406639,0.6534863335993053,0
0.9837953314845325,0.6561733920872275,0
0.9840024810440253,0.6578785570212355,0
0.9844448646536605,0.6588774173125933,0
0.9847852834061606,0.6538839601191783,0
0.9852542207931103,0.6458852473441916,0
0.9856294702490451,0.637536172210477,0
0.9856424244313575,0.627483070925595,0
0.9856209627348154,0.6273529992542443,0
0.9855656953393033,0.6260895329626089,0
0.9855766848195873,0.6262114243430803,0
0.9856263263973442,0.6286992915982239,0
0.9857414057115929,0.6319884502136979,0
0.9857718413984587,0.6288302280407094,0
0.9858311657337,0.6208325850026788,0
0.9859093200936149,0.6117277143496351,0
0.9859996816081383,0.6023862162626644,0
0.9861302875820892,0.5984634749808848,0
0.9862738873945056,0.5970468219855278,0
0.9864012891475351,0.5975706010530379,0
0.9866012167100208,0.6016043313669465,0
0.986691488821505,0.6054361920146392,0
0.986712098591564,0.605252712933166,0
0.9867177682540671,0.6041540212379035,0
0.986670512937194,0.6012840071616553,0
0.9866022168791874,0.5989076672945154,0
0.9863375411877131,0.5855566964370822,0
0.9871141569458859,0.5796835099967447,0
0.9881426389048316,0.5831307984112076,0
0.9881583179478057,0.5725953986035222,0
0.9888655673918416,0.5653478376166027,0
0.9887370709382479,0.5591370480792631,0
0.9885121699879719,0.5519732846546263,0
0.9882266900967589,0.5455006846142592,0
0.9881322471325955,0.5438527853934458,0
0.9880919347570465,0.5461601406289941,0
0.9880566334057819,0.550142397013104,0
0.987838550880092,0.5629309097198306,0
0.987594646190334,0.5826547395052911,0
0.9875399799642604,0.5954190438732292,0
0.9875160975897689,0.5966073306654182,0
0.9875070994268091,0.6005141516842749,0
0.9875086699624539,0.6040586653553336,0
0.9875011999198464,0.6065270976555978,0
0.9874004941737966,0.6078379169927431,0
0.987344035749403,0.606196773396684,0
0.988174971630909,0.603587838936101,0
0.9886566927580782,0.6080133480391533,0
0.9882344833804357,0.6001270776283677,0
0.9875838412118874,0.5898135650120657,0
0.9875233237664682,0.5865760379707492,0
0.9877598024323498,0.5856232413778129,0
0.9877682919499842,0.5813224076504558,0
0.9877794972372669,0.5846597580158114,0
0.9877781589824901,0.5847368560243787,0
0.9877746412532721,0.5846156013419044,0
0.9877641458069677,0.5841907332384654,0
0.9876121724281599,0.5893557021068987,0
0.9876774842321028,0.5929108450127153,0
0.9877556205440098,0.5935813645018849,0
0.9878282338255109,0.5910002245691588,0
0.9872197476445047,0.5508345468481077,0
0.9871173816097432,0.5459622625015195,0
0.9867138704643663,0.5212241753592188,0
0.9862229985930813,0.49121915405066036,0
0.9854640537419506,0.4495154533142585,0
0.9846469437711882,0.40820723536486,0
0.9840464317396791,0.37868290163438967,0
0.9839250056891828,0.37026597955551893,0
0.9842573430612485,0.38125410389695147,0
0.9846400693073332,0.39693672435589866,0
0.9849478125075749,0.4095917748005142,0
0.9853976284214105,0.42260150953127773,0
0.9853572122628402,0.4199420681493141,0
0.9853233076500642,0.4188581190371119,0
0.9854537283593663,0.42756124967638853,0
0.9854888010416076,0.4253741459691281,0
0.9854673175302902,0.4388415645387518,0
0.9856245681769061,0.4484495828585656,0
0.9859521809763344,0.4637246514663472,0
0.986241249887577,0.4737680136912847,0
0.9862990814809033,0.47591495206276235,0
0.9862729582347111,0.4778046438411263,0
0.9863882611673991,0.4834514279080542,0
0.9865158749488279,0.48610908226136174,0
0.9869175532337809,0.4828098486570077,0
0.9873691956031275,0.4745500705501634,0
0.9874963605302379,0.46970841969341987,0
0.9874785589031911,0.4689201842279601,0
0.9874961756312943,0.4706959084010095,0
0.9874930858056766,0.472807386359161,0
0.9875745783164769,0.4750458333493275,0
0.9875774192539342,0.47803869664421444,0
0.9875269094759231,0.4770622172635793,0
0.9875468536402812,0.47622674009719584,0
0.9879019044783817,0.4768314104879946,0
0.9884709309302853,0.4830694763888138,0
0.9891774625594069,0.4905663553617942,0
0.9894230817868532,0.492317201020881,0
0.9889047853314982,0.49167058581731377,0
0.988837055190094,0.5043442630037654,0
0.9887616588689021,0.5112123483491057,0
0.988886096886176,0.5197310958383434,0
0.9890556968581596,0.5291751383962617,0
0.989142336647193,0.5327512161167205,0
0.9890911256937205,0.5302739499087066,0
0.989152979771572,0.534279000080344,0
0.9890682275188455,0.5317464573553637,0
0.9889166831066025,0.523614961418495,0
0.9890716076668968,0.5449746120170024,0
0.9890383276284438,0.5450596935112461,0
0.9891550829356263,0.5628338284948731,0
0.9894325649234705,0.5912148457918517,0
0.989966880495563,0.6360789830183501,0
0.9905681976722382,0.687731507041618,0
0.9910360890374552,0.7260927820747959,0
0.9909324155121768,0.732200618353233,0
0.9903659323435747,0.7062919575981391,0
0.9897572426774428,0.6828264047252062,0
0.989146977949742,0.6609184853583739,0
0.9885331370268453,0.6401849447100243,0
0.988266649188412,0.6316181927442828,0
0.9884255937582062,0.6396130174952509,0
0.9884113815523142,0.6341018766989825,0
0.9884282906418649,0.6311965773786715,0
0.988340909758989,0.6127620346662528,0
0.9877851279078954,0.5862273290447697,0
0.9872767313563375,0.559884880212395,0
0.9868967980072996,0.546694111062496,0
0.9869520324383085,0.5478194009773473,0
0.9867261021910194,0.5415035629574774,0
0.9864740464543937,0.5355808664570313,0
0.9859534701719346,0.5257929638349361,0
0.9856314653669018,0.5248366983043012,0
0.9854074343538193,0.5294590234728883,0
0.9852950506789391,0.5401383497201799,0
0.9852881330113236,0.552846940843603,0
0.9852596527736495,0.5652524743392728,0
0.9852190756827339,0.5702025938829363,0
0.9852212155912525,0.5700818629819557,0
0.9852130895026199,0.5695824415676909,0
0.9850955653407263,0.5657016807433858,0
0.9849961797129756,0.5724991223827971,0
0.9852686062068897,0.5702545758182426,0
0.9860925830376638,0.571210158225517,0
0.9865832156347605,0.573932566984011,0
0.9872922899259757,0.5809494138401455,0
0.9882302137361909,0.5907332731953954,0
0.9887586246973841,0.5968253607053167,0
0.9890913471225715,0.6018945496819056,0
0.9890597858805068,0.6036838313114538,0
0.9890330621801084,0.6058387461863309,0
0.98884229002633,0.6109073469278643,0
0.9889988229515214,0.6163976978698652,0
0.9890177348585891,0.6163277151715687,0
0.9890139902100776,0.6155553146517079,0
0.9890118630490884,0.6179180599108525,0
0.9888495213021979,0.6010604159105231,0
0.9887641082923233,0.5879594590241496,0
0.9887583941144368,0.5899018040349682,0
0.9887782677378447,0.592099368521833,0
0.9887374648865211,0.5855307590909979,0
0.9887120915907143,0.5804614420660316,0
0.9887769648121773,0.5794538321350098,0
0.9888908378935448,0.5829496780007901,0
0.9891157914316893,0.5929519555653024,0
0.9892320113729693,0.5980527583265943,0
0.9895309766512151,0.6091826173166973,0
0.9899985556273578,0.6289314705808411,0
0.9902565683287263,0.6518473870780614,0
0.9898515693083016,0.6552807655457634,0
0.9887143234083988,0.6506784510998318,0
0.9876949883178179,0.6488790723189602,0
0.9871676698426819,0.6609703317126872,0
0.9870131223872931,0.682173561426978,0
0.9874955560008459,0.7083541636400386,0
0.9882292735597729,0.7335501843311729,0
0.9884601585123179,0.7355416219910087,0
0.988529551308091,0.7354410967717698,0
0.9887229801643598,0.7385532271165426,0
0.9892851922242041,0.7502444660640571,0
0.9896138322287327,0.7552032897355548,0
0.9899768981912997,0.7539105245608781,0
0.9901223881269936,0.7483378222124991,0
0.9902203460275241,0.7409486006162566,0
0.9903317009953607,0.7331467369696595,0
0.9903106985245985,0.7284890022573118,0
0.9902042269297643,0.7245931546118798,0
0.9904690604692836,0.7232528650236842,0
0.9908467884822478,0.737981219902599,0
0.9907935415601915,0.7398977980462876,0
0.990301119271596,0.7390905320219193,0
0.9896399567516585,0.7364625530623894,0
0.9892598904141464,0.734851874734642,0
0.9888705969392818,0.7325977334547846,0
0.98848370213439,0.7315496154068524,0
0.988258694479094,0.7337045897274982,0
0.9879677198183292,0.7340859513068756,0
0.9879120390893092,0.7365397653566559,0
0.9878980943895528,0.7389460909994959,0
0.9878993952479098,0.7391449608383548,0
0.9879172879717838,0.7425458240946137,0
0.9879022241022819,0.7405410393664926,0
0.988049843095786,0.7386268243636314,0
0.9881757211868911,0.7311526452947884,0
0.9882256234463975,0.7316727848194967,0
0.9882884220245158,0.733324910506433,0
0.9882583782668375,0.7314702044316281,0
0.9881426178033876,0.7303110819840086,0
0.9880885175045763,0.73856184073087,0
0.9880723085686092,0.7404481653488775,0
0.9881553259650755,0.7367732475067713,0
0.98837450394678,0.7310244241173808,0
0.9888894355795612,0.7432459148866774,0
0.9896061910558289,0.7705026834936098,0
0.9900678130446122,0.7882944235386102,0
0.9903433298805016,0.8007999946928437,0
0.9903318095000009,0.8048161955188592,0
0.9889401873182755,0.784576122173278,0
0.9890646647165356,0.784092901564118,0
0.9889257925132802,0.7815770960942976,0
0.9890549584849907,0.7815888972015007,0
0.9890308810768496,0.7805852798621999,0
0.9887918331441151,0.7801734624265776,0
0.9888327148740785,0.7834977814836399,0
0.9894723856107761,0.8049983539331951,0
0.9901608788724492,0.8283828892216515,0
0.9905810985627537,0.8309021502125089,0
0.9907781824967988,0.8284052753393646,0
0.9909906318041828,0.8227038786250166,0
0.9910287416386268,0.8183872600494861,0
0.9910713892270115,0.804221451971809,0
0.9911484307528612,0.7939181874698162,0
0.9912932481850664,0.786689035320681,0
0.9915066718121411,0.7864472728368622,0
0.9917809512678633,0.7912286981364032,0
0.9917966666635072,0.7881149934671343,0
0.9917993194778452,0.7884652593166844,0
0.9917981280265298,0.7885181614987752,0
0.9919493469023704,0.7869744928884415,0
0.992171107723963,0.7884494032084255,0
0.9921962802955007,0.7886955510171292,0
0.9922075253377458,0.7894189856509076,0
0.9922290171930841,0.7902591113273294,0
0.992190212346443,0.7897591903446,0
0.9921624109307738,0.7890692945203188,0
0.9921581925886552,0.787601525361972,0
0.9921227274533724,0.7850408793189438,0
0.9921204741984391,0.7859052924580031,0
0.9920806719440896,0.7857059630841897,0
0.9921338601716321,0.7908730481998404,0
0.9921695392514958,0.7917691545731222,0
0.9922275046765416,0.79933444625295,0
0.9921660132687602,0.805058430982457,0
0.9921545406634779,0.8044982271506783,0
0.9923172770087716,0.8002786683648153,0
0.9926355439022557,0.8021886440418604,0
0.9929118746364332,0.8038755243595385,0
0.993097980372132,0.8097237962254622,0
0.9931863382662305,0.8146117386465213,0
0.9930543529028459,0.8151472631767759,0
0.9927269391879148,0.8052628424397805,0
0.9921213103214273,0.7839574168236659,0
0.9918590266186782,0.7733847997838532,0
0.991410586053715,0.7549549709694441,0
0.9913813122592448,0.7506623417576291,0
0.992641398521575,0.7729598462761946,0
0.9926766206673118,0.7737879597502176,0
0.992816272744742,0.7764700122739784,0
0.9928829918842698,0.7762613701496209,0
0.9931417582515432,0.7781149011259703,0
0.9934202568449852,0.7781648582442292,0
0.9931268624275266,0.7630620754056736,0
0.992220509018053,0.726798164815954,0
0.9916099514484814,0.7076165021580036,0
0.9911597465030721,0.6984737981412356,0
0.9910146532229176,0.6996837250826657,0
0.9905387601873894,0.6928314323248438,0
0.9901896414785141,0.6880533560049379,0
0.9900156641199369,0.6942512194842787,0
0.989939086696214,0.6992257503227638,0
0.9898822467126931,0.7037488105278805,0
0.9898344592115123,0.706500058427286,0
0.9897453315764135,0.708896953529085,0
0.989570650354713,0.7137441419153884,0
0.9895864552074388,0.7131916014743358,0
0.9895741474786661,0.7138592701388199,0
0.9892694745856463,0.7138147241114846,0
0.9890486228070574,0.713229146266771,0
0.9890184138621712,0.713379876960802,0
0.988872868655331,0.7134874763938841,0
0.9888411145967094,0.7140578364251365,0
0.9887561512433632,0.7143139437863189,0
0.9887865672537491,0.715548209287359,0
0.9885068247507616,0.7177774210083099,0
0.9882927062727507,0.7217554059710165,0
0.9882865051414419,0.7209626106644204,0
0.9883177181530471,0.7245004613333255,0
0.9882728986277984,0.7205951851386561,0
0.988143829329868,0.7185833588995829,0
0.9878572493613277,0.7069272949580679,0
0.9879705867545683,0.7014688848577785,0
0.987828992935294,0.6993902559411233,0
0.987527076278131,0.7029518024456783,0
0.9874896767488586,0.7115523756968273,0
0.9875371610762538,0.7214474265176241,0
0.9875901453799173,0.7282912865976736,0
0.9876617625007955,0.7294934415013675,0
0.9876408694247067,0.727590335229142,0
0.9877882677659224,0.7281094438534687,0
0.9883053671253426,0.7454670273662259,0
0.9884622597790023,0.7519760918842244,0
0.9887709902029209,0.7635503131702995,0
0.9887709835370116,0.7640232622010744,0
0.9888099479795575,0.7636356895146726,0
0.9885847688558554,0.7601566043344024,0
0.9873769237688725,0.7403164641494223,0
0.9804548997793731,0.6506262353689001,0
0.9573095137718461,0.49185290290211514,1
0.9421740435530265,0.45243296069548117,1
0.9428482029435528,0.469873617642567,1
0.9447750480596029,0.4893252847299055,1
0.9465711211520635,0.501951548339901,1
0.947784756732647,0.49093372779835326,1
0.9486707974516326,0.47313248568837407,1
0.9497419583377242,0.45443883064090734,1
0.9507086276781802,0.4309324876153968,1
0.9514691285352492,0.4034708524557432,1
0.9519852219121178,0.37617461513433315,1
0.9525528884820555,0.3513406680640574,1
0.9532147891653285,0.3233034899728109,1
0.9540166458628334,0.29022911323489914,1
0.9549837541487896,0.270982288098793,1
0.9553675170780561,0.26937686127984073,1
0.9491895950223987,0.30131124074673343,1
0.9426486038986055,0.32605636845629643,1
0.9377758591226253,0.34943062576259853,1
0.9352713252560161,0.37206290432068884,1
0.9353817940375064,0.3914300007378138,1
0.9356303884370905,0.4109832863738897,1
0.9364172726215471,0.428311502035801,1
0.9373151372292834,0.43883983664389276,1
0.9378934328557911,0.4452033385287972,1
0.937949348079832,0.44632722207772585,1
0.9380790327337116,0.4487938702775126,1
0.9373665640401458,0.4494613485341246,1
0.9370250677833281,0.45549611781914706,1
0.9376299436453022,0.4633365524334402,1
0.9387488591918967,0.47007945138158425,1
0.9391149865016333,0.4746406924898991,1
0.9399402812800906,0.4815403398770093,1
0.9410603497799255,0.4872902275546418,1
0.9419924243102564,0.4954767847932521,1
0.94266208038534,0.5026066895040895,1
0.9435871154991455,0.5090408477498432,1
0.9442095290002535,0.5141543190239556,1
0.9451195454283272,0.5205984660539075,1
0.9459542127607539,0.5262261840046075,1
0.9463098038975133,0.5268893868337834,1
0.9462426147982963,0.5224226058393794,1
0.9459987037685924,0.5164420841945346,1
0.9452985224409522,0.5079855124026905,1
0.9445827337931926,0.5005886897640898,1
0.9439002896220281,0.4936187916310765,1
0.9426384508594168,0.4809823700067765,1
0.9408922329509855,0.45944285748081387,1
0.9426291190477232,0.43725356063401505,1
0.9451620759999697,0.41310901960445184,1
0.9421397987040415,0.38179469781588077,1
0.9391754013211331,0.35508748279847396,1
0.9368448484615741,0.33722744922675546,1
0.9349495274223076,0.3442306680897721,1
0.9332616706084524,0.3597226442334912,1
0.9316825082746332,0.3784170084502762,1
0.9301958136252674,0.4004737003793789,1
0.9285296084346635,0.42465827714366683,1
0.9268212103727722,0.44800280049612107,1
0.9248885172961878,0.46501792602822395,1
0.9229283414407417,0.4795262743663969,1
0.921149267179189,0.48925007615435107,1
0.9191857651386312,0.4920723024678435,1
0.9165182726059754,0.4834704854143314,1
0.919970181696596,0.46618526453854875,1
0.9278068900147389,0.46136134882542407,1
0.9390497199416963,0.4689144754355573,1
0.9516200479839436,0.48855860323525735,1
0.9590010664006345,0.49968157621733494,1
0.9687328489455432,0.5311314604346301,1
0.9765386014679991,0.5685847601568025,1
0.9791485600782802,0.5794296293914758,0
0.9801345885886076,0.5817561660893417,0
0.9803371990442462,0.5794540375539782,0
0.9803000640560222,0.5786404164036594,0
0.9803650074927301,0.5818899876885651,0
0.9808449576392124,0.5928914090356727,0
0.9807238465835391,0.5860462697191821,0
0.9807303362754574,0.5889986457556766,0
0.9808447952257578,0.5988489697025162,0
0.9809309041257297,0.6061657954999548,0
0.9810512799957145,0.6200800460009025,0
0.9811425013300089,0.6307628342216864,0
0.9812629775170101,0.6419480845388856,0
0.9815913159012066,0.6614944901383735,0
0.9819995735952973,0.6802066329634128,0
0.9822315718469605,0.6892081275430981,0
0.9823452578412648,0.6900909110939283,0
0.9821698761559163,0.6785157774394492,0
0.9822047393173978,0.6817258064614607,0
0.9822645270995591,0.6864188494353971,0
0.9823633182577712,0.6899741352869597,0
0.9823668915780487,0.6910529428167956,0
0.9823117226079449,0.6871131998298894,0
0.9823107133713149,0.6845202455220395,0
0.9822565869646309,0.6795452089291534,0
0.9821655684874186,0.6739516717611271,0
0.9817759146460432,0.6619886950513495,0
0.9820417640386891,0.6697218147558672,0
0.9824645755957637,0.6856589524928128,0
0.9823609147854034,0.6904366144287393,0
0.9821711410037283,0.6872849797897068,0
0.9815814244451747,0.6789936925430723,0
0.9811812022349545,0.669472808195729,0
0.9807491792605342,0.6629041715245406,0
0.9805039597175189,0.6607899623198952,0
0.980387883159177,0.6614285384778624,0
0.9805002552865762,0.6646894181942986,0
0.9805302710200842,0.6695674168353111,0
0.9804439243509513,0.6710683453836285,0
0.9804663081265308,0.6707145514348033,0
0.9803766910016256,0.6657098037895877,0
0.9801962716666346,0.6562054418442108,0
0.9805989345527184,0.649328430113565,0
0.9811488366163204,0.6463834106721289,0
0.9816436906709414,0.6444683924130771,0
0.982176614092221,0.6455438090353784,0
0.9828058837017148,0.6469204366016484,0
0.9834022745243095,0.6469746106343868,0
0.9840328303426568,0.6461970653283732,0
0.9847040419303053,0.6446308364691349,0
0.9849676862001497,0.6422794164494962,0
0.9850317444534136,0.6373961409864985,0
0.9851911705659742,0.6359183498996527,0
0.9852095641273211,0.6347908027637219,0
0.9857204489961904,0.659460083327794,0
0.9858861570525037,0.6789032148630902,0
0.9859449590644077,0.6972713762518713,0
0.9860189185018516,0.7156672086574103,0
0.9861452644143286,0.7341409352500843,0
0.9863564973549311,0.7562860131436594,0
0.9865161149852436,0.7663595582231748,0
0.986608120538522,0.7711917958631013,0
0.9866811635642649,0.7771554822078391,0
0.9868071971141787,0.7858251912654427,0
0.9868390538432836,0.7870744833956077,0
0.9867393909134937,0.7819785293402849,0
0.9862018573295065,0.7620447096743017,0
0.9856767267157266,0.7413823476648291,0
0.9851936181986982,0.7219885863778863,0
0.985154990980136,0.7169923187535577,0
0.9851646940817955,0.7133096085076038,0
0.9852563803298611,0.7115375508151307,0
0.9853045781755281,0.7097898419842991,0
0.9853402827484448,0.7099375503898234,0
0.9854091415013891,0.7139139807584621,0
0.985669105078508,0.7235180757884065,0
0.9860149281273547,0.7332979484752241,0
0.9866679638830848,0.749263297873175,0
0.9871233380388647,0.7499123705756315,0
0.9880710334055938,0.7487533065101261,0
0.9890791032936832,0.7431672704926575,0
0.9899996226413703,0.7292315909264786,0
0.9907214002697917,0.7100282766645792,0
0.9912317171243383,0.6839393038959103,0
0.9916458027202306,0.6516962985882372,0
0.9920573545882525,0.6123811703540833,0
0.992262263098441,0.5883299778442306,0
0.9925105319844783,0.583350512569162,0
0.9930000595962054,0.606414427435198,0
0.9926633361200368,0.6160234231123107,0
0.9924017370496936,0.6164186011576578,0
0.9922194566320258,0.6150705049449734,0
0.9921493323245547,0.6150338118608271,0
0.9920455690949953,0.6142176588657817,0
0.9919753604791106,0.613153081560429,0
0.9918464905832103,0.6122462133630284,0
0.9916699354682625,0.6110434396042745,0
0.9913942128074515,0.6109717456339817,0
0.9913982537214502,0.6097498895622491,0
0.9913411499428327,0.606030886211558,0
0.9913355982664156,0.60658205245718,0
0.9910933537938684,0.6025029156502958,0
0.9910068894560365,0.6143554592931771,0
0.9910764751652354,0.6212278269497057,0
0.9911485768189474,0.6274866744993308,0
0.9912399252169486,0.6327467989906931,0
0.9913058027163584,0.6363317598647226,0
0.9913503708737006,0.6383553994588561,0
0.9913657349662708,0.6516570083544779,0
0.9914023392384461,0.6678939006603632,0
0.9913735216694914,0.6788954200899556,0
0.9912841771068792,0.6808742072886486,0
0.9912307641233635,0.67984593432383,0
0.9912823295551125,0.6815230412036685,0
0.9916264674546029,0.6966874512912817,0
0.9921751945855624,0.7206922921474872,0
0.9929155857560944,0.756063157071587,0
0.9926949825078096,0.7660876910234584,0
0.9917957416860494,0.7621701268127645,0
0.9880393799294256,0.7097247864860599,0
0.9875346788685535,0.7176976500256235,0
0.9846638103404239,0.6957767127401915,0
0.9848342959439731,0.7104649593337781,0
0.9850572374977177,0.719475635386838,0
0.9850906848998361,0.7185517710801909,0
0.9852974562558384,0.7223491013317177,0
0.9851561466204026,0.7262324592928404,0
0.98499502717644,0.7308970911066707,0
0.9841407432063133,0.7375846157070562,0
0.9833249579567976,0.7455021455432905,0
0.9824832316286561,0.7499467891550917,0
0.9816688087349982,0.7536794344390717,0
0.9804807488048026,0.7453066628058477,0
0.9796467090659203,0.7371199369666551,0
0.9786726800256692,0.727563594040841,0
0.9780129857698849,0.7166573061555486,0
0.9779351500160378,0.7114215161104909,0
0.9778750599856779,0.7117625334534359,0
0.9753336538096905,0.6991978015659746,1
0.9728628436081125,0.6890719851311454,1
0.9706645508448905,0.681189934442637,1
0.9688247584454963,0.675848773196211,1
0.9685408583693871,0.676990985340937,1
0.9684922749484903,0.6776426428063681,1
0.9682393493549022,0.6790781720696194,1
0.9682240657197593,0.6798273989952194,1
0.9683803976248297,0.6857326616792215,1
0.968747003343795,0.6954606428778127,1
0.9691382246942319,0.7011842656605177,1
0.9697742592595812,0.7018752753477981,1
0.9704077415843047,0.698789106856068,1
0.9708055672465412,0.6950326661401548,1
0.9710670533437495,0.6930223716780451,1
0.9711911595657959,0.6947306720626605,1
0.971329398858326,0.6974987134018871,1
0.9714943002884953,0.6962211486291408,1
0.971759823198419,0.6865069198182443,1
0.9720019300023742,0.6736206873690254,1
0.9722801978128954,0.661163046369532,1
0.9725963988438201,0.6577028794913743,1
0.9729018198955732,0.6625391954506089,1
0.9730553615429705,0.6662178189664361,1
0.9734278471077736,0.6744406150931743,1
0.9737928006592407,0.6822061603940104,1
0.9739389789289773,0.6855888158047125,1
0.9739372168238435,0.6853941256334577,1
0.9734543359423815,0.6859710620512486,1
0.9733538900864238,0.6866430227054681,1
0.9720080478717592,0.6853903534478758,1
0.9717858132453978,0.6871189971003814,1
0.9706875198899427,0.691360189761728,1
0.9710427436783686,0.7014696541698413,1
0.9715625941065548,0.7092348726736483,1
0.9719434020651667,0.7110603044694441,1
0.9725899268673628,0.6907572721825002,1
0.9731141789090629,0.6712030557728679,1
0.9740284231730785,0.6607862601512993,1
0.9749702841469968,0.6458441342557044,1
0.9760859030125153,0.6312923987275397,1
0.977281117371858,0.6196413783716748,1
0.9788498381450976,0.6311972277111914,0
0.9800986132516509,0.6492914348984998,0
0.9814147318179616,0.6731279448642232,0
0.9823273171984257,0.6984608329858187,0
0.9828802092644457,0.7170029064473645,0
0.9828749107693653,0.7161400551618704,0
0.983362320337397,0.7186916449028756,0
0.9833585350869603,0.7198778627795296,0
0.9834673418189745,0.7220083861000678,0
0.9842439862699575,0.7257298637635377,0
0.9843004783714833,0.7255731448052503,0
0.9842702149297705,0.7236980828142565,0
0.984239753956061,0.7183235196303865,0
0.9841108009382917,0.7138742758739693,0
0.9839941531558207,0.7087114779239693,0
0.9836217893139239,0.6967407090021305,0
0.9834563121666602,0.6937752154196966,0
0.9835852563869298,0.7033518017331458,0
0.9834520663083013,0.6989440300200193,0
0.9835257778386197,0.702631545858816,0
0.9837306907972017,0.7007123719951652,0
0.9840607209064047,0.6996937274814073,0
0.9843361506554296,0.6947643317738527,0
0.9844463926902907,0.6910995363899173,0
0.9845128824102913,0.6883705721082778,0
0.9846287829530869,0.6831795383851677,0
0.9847270647242381,0.6793099893167472,0
0.9848752510900007,0.6772196888067696,0
0.9851674995008469,0.6793573502182527,0
0.9856974394186233,0.6916375334975705,0
0.9856557042637286,0.690633185198435,0
0.9857756608044923,0.6934996595233709,0
0.9859450351533166,0.6982959714453527,0
0.9859471988231213,0.6984425542715037,0
0.9861841787098624,0.6917197094085297,0
0.9871230057173818,0.6905196325298273,0
0.9883891276542737,0.6940511493979108,0
0.9898555697908982,0.7016222014703012,0
0.9914605494447715,0.7162115625100609,0
0.9911916559597048,0.6970861682154637,0
0.9901078950517345,0.6597578064256028,0
0.9889649584611087,0.6292348174844133,0
0.9884210292655956,0.6290843809871387,0
0.9878070815133069,0.622159715824954,0
0.9873073598732737,0.6014558146163128,0
0.9868227368433713,0.5855170097289623,0
0.9863122280094161,0.575798587110313,0
0.9858986370033556,0.5686690055648458,0
0.9855815285637115,0.5575604854558468,0
0.9854840393040304,0.548361351048971,0
0.9851234623306486,0.5366402280584578,0
0.9853241066238579,0.5294037511202802,0
0.9853492568466925,0.5300215065182916,0
0.9851321395575623,0.5311000187056234,0
0.9856836896135901,0.5295613085994553,0
0.9764839914194396,0.4505870315051532,1
0.9687586520349762,0.4167910304803669,1
0.9676916330448321,0.420647226471924,1
0.9674382539546933,0.4241242863549638,1
0.9674666071770646,0.42546603912299946,1
0.9674784300491182,0.42609646115452465,1
0.9675291437538797,0.42784556754746056,1
0.967600612794961,0.4300986351283901,1
0.9679195656120052,0.4375569990355614,1
0.9680565341202083,0.4407602854093805,1
0.9682366195821979,0.44038782330902815,1
0.9682822333193662,0.4408987028846615,1
0.9683553231768662,0.4410011307850472,1
0.9683839285079512,0.4497102825616727,1
0.9684053230224969,0.45578547065532843,1
0.9684424821648879,0.4668548603038543,1
0.968441257490749,0.46758149875474836,1
0.9684301953920911,0.4694918782859996,1
0.9683781245832115,0.474443039612217,1
0.9683408174220558,0.47946619404912005,1
0.968152047472834,0.48174169747473816,1
0.9678882872317931,0.48048490586746284,1
0.9675949887116276,0.47334926345538797,1
0.9677272808718792,0.47533078424876407,1
0.9677463198922175,0.4756042444209956,1
0.96768944813865,0.474131236456997,1
0.9676830687380706,0.47510812472314884,1
0.9677273403444036,0.48049910102735954,1
0.9678124547221758,0.4864403688488612,1
0.967873306246231,0.49455918862629394,1
0.9680057021474618,0.503604846722686,1
0.9680656138539967,0.5079819570679054,1
0.9683232975906838,0.513261669767678,1
0.9694267548925772,0.5298097901034483,1
0.9702553980744407,0.5407302151315745,1
0.9708804904963833,0.5405574227471873,1
0.9715375280169234,0.5397146597039245,1
0.9720325690345182,0.5495659284648967,1
0.9723859163397063,0.5573485159818805,1
0.972822531205856,0.5665111568296649,1
0.9731702603640608,0.5743145145270924,1
0.9733773178421267,0.5854656244998901,1
0.9732249804102113,0.5961177043145434,1
0.9733416023860268,0.606532734265572,1
0.9734939302033689,0.6072447579294749,1
0.9735265083879386,0.6073002622461925,1
0.9735553324478621,0.6086900846024372,1
0.9731469756072868,0.6145059919978869,1
0.9625495879701798,0.5531646797376312,1
0.9536039640254053,0.5196722147043467,1
0.9430523142293659,0.4992326846444831,1
0.9406788619868691,0.5073612944440202,1
0.9412614149579,0.5186799504402029,1
0.9419943148696395,0.5298815156473184,1
0.9423998583945835,0.5334583059106844,1
0.9424570673327572,0.5329477638227206,1
0.9424568041354286,0.5314623955104952,1
0.9423834848788222,0.5269946908967243,1
0.9426470817377675,0.5252887800988519,1
0.9425815072832606,0.5254862487846069,1
0.9425753400587,0.5260289461864787,1
0.9425758800555961,0.5255841971277904,1
0.9426762701649909,0.523148769044871,1
0.9427217084277626,0.5217015598728553,1
0.9426756915454322,0.5221881628561451,1
0.9427710850898103,0.5211364493403318,1
0.9430884210664663,0.517299128287917,1
0.9435389377153014,0.5144191559862769,1
0.9439751249274879,0.5133351214309911,1
0.94458724827794,0.514843822279521,1
0.9454219236132202,0.5219341906615507,1
0.9456101530858025,0.5230086330055317,1
0.9461158361373814,0.527400685226049,1
0.9462324181327523,0.527815521630251,1
0.9460728385939193,0.525879874851385,1
0.9456655655672669,0.5214990715738078,1
0.9452779913577634,0.5171732654981945,1
0.9447374543185996,0.5110299586644153,1
0.9442747630177071,0.5054971543773271,1
0.944096328927363,0.5026380637133503,1
0.9440452336728162,0.5021922319958907,1
0.943092587410528,0.49079834757543733,1
0.942212342881094,0.47773695835535895,1
0.941481287939127,0.47690574169861794,1
0.9409165668164428,0.4799700436128607,1
0.9406492501640241,0.48218158388983773,1
0.9402833075032717,0.48717853524766813,1
0.9400758579325719,0.49054416248042915,1
0.9399827276913191,0.4925461058896417,1
0.9399117282335299,0.494387035728187,1
0.9398776289478362,0.4959854104678946,1
0.9398810073807429,0.4977034080667147,1
0.9387265182509403,0.5008686239338115,1
0.9379131342001665,0.4984478241858883,1
0.9372939702500165,0.49191233822058883,1
0.9365185273649561,0.4803734891036524,1
0.9455296739036294,0.48285539824460655,1
0.9584759410868804,0.5073071604097554,1
0.9778014164936129,0.6092803224572142,0
0.9882533489586698,0.719491396592652,0
0.9906348651770445,0.7490270776385832,0
0.9927637134098621,0.7832623232961536,0
0.9930746718385546,0.784751390179963,0
0.9931394927917858,0.7836055434206332,0
0.9931222641067534,0.780911907161858,0
0.9930805847425339,0.7793931465523838,0
0.9930850197298715,0.7785675656499759,0
0.9925156703548151,0.7432832244666138,0
0.9922557274422631,0.7192762989776949,0
0.9920906520774604,0.7046547010962014,0
0.9919859756652738,0.696867123124397,0
0.9918771285145753,0.6886927160060036,0
0.9917537525863234,0.6808227152187517,0
0.9916958196136505,0.6796270364743086,0
0.9919165978094417,0.6905214425191623,0
0.9920736917159895,0.6968543863910591,0
0.992106778206197,0.6976985026037196,0
0.9921086356863487,0.6956568444219614,0
0.9918724462509535,0.6820568715836253,0
0.9914981830200951,0.6685389144400743,0
0.9909678919808609,0.6447896825512336,0
0.9904498006137421,0.6228012621535196,0
0.9901696184396072,0.6061883317234656,0
0.9901368315401512,0.5963172916855097,0
0.9901553226061972,0.5897145343385141,0
0.9902478477779642,0.5829797911836703,0
0.9903299143751463,0.5812128401519279,0
0.9904757626656394,0.5798835603255282,0
0.9905298890232181,0.5811042812763103,0
0.99080313860834,0.5944291250225204,0
0.9914427251061417,0.6182885482550485,0
0.9918611485792602,0.6279123624631462,0
0.9920219774312028,0.6254420786852961,0
0.9922859012192162,0.6236355926298703,0
0.9926073001279996,0.6238444013342078,0
0.9928482278212822,0.6244484189710243,0
0.9929836669659797,0.6227957538615613,0
0.9932513644803115,0.6300821769897519,0
0.9935707549498474,0.6396718852138343,0
0.9939051860529168,0.6536678725055782,0
0.9945250905703626,0.6827365928261224,0
0.9945905264808574,0.6873324359712342,0
0.9945518849065844,0.6825441812687866,0
0.9945764740401631,0.6807290772995696,0
0.9946177094851189,0.6816039115149001,0
0.9946710660024577,0.6829102635711903,0
0.9947357549961885,0.6842354350595218,0
0.994792014822932,0.6849834370275968,0
0.9947910756156165,0.6836439151403267,0
0.9948007334488531,0.6827820218423228,0
0.9947091675424065,0.677706988754239,0
0.9945860090710928,0.668107140303674,0
0.9940035816448345,0.6290116402508411,0
0.9936304780761316,0.6038767259148607,0
0.9934330244858987,0.5899837830070036,0
0.9943298639665537,0.6481170583081765,0
0.994536035313144,0.6586296300983985,0
0.9946879372692923,0.6639322643256417,0
0.9948400354677387,0.6669213222632071,0
0.9949561102681741,0.6713294433627067,0
0.995132812096312,0.6790499597288364,0
0.9952401415166447,0.6836078434823963,0
0.9952927055752347,0.6840622467633191,0
0.9953000719898695,0.6840544296961003,0
0.9952535713624493,0.6804113116797005,0
0.9949731588560565,0.6628358905706546,0
0.9945996715949741,0.6396577071213796,0
0.9940459342863979,0.6082025004251457,0
0.9934683015163939,0.5768208647894233,0
0.9928524245138473,0.5439736700866695,0
0.9921649514777084,0.5106173318358203,0
0.9917493497550542,0.4888130648111598,0
0.9908711229257372,0.445698770531368,0
0.9899248529162474,0.3980728823995378,0
0.989098830061921,0.3469953294322693,0
0.9876848179328892,0.2780551402193376,0
0.9860844863459068,0.2028171406043095,0
0.9836194291545157,0.12363156404428445,0
0.9818957997279243,0.10536014798239624,0
0.9810030319651226,0.14017528584515132,0
0.9806485879048619,0.19429184726548548,0
0.9806173853791751,0.2514678089354541,0
0.9806871317813265,0.31171105513042413,0
0.9807421189291262,0.37690863067085295,0
0.9807870834450734,0.4362568980400493,0
0.9806106866513973,0.4863844168442799,0
0.980241465472746,0.5204692858107348,0
0.9796419313026017,0.5389883312671087,0
0.9795979799391834,0.5474356779065248,0
0.9794296672861267,0.5420974919863891,0
0.9795719771593407,0.5312149219743868,0
0.9799457009098245,0.527035492249324,0
0.9802208229245619,0.5276738104756972,0
0.9803096452932416,0.527930647575981,0
0.9803341766246952,0.527528902841612,0
0.9804255550929535,0.5278323573820464,0
0.9804676374922969,0.5288059358655267,0
0.9804877781171737,0.529631621878433,0
0.980413037245124,0.5308675781773319,0
0.9803858224229172,0.5319201467474675,0
0.9802875988328226,0.5385276106523267,0
0.9801561727429355,0.5415812948627643,0
0.9801628490950464,0.5417261565437865,0
0.9802460878433585,0.5455663582500035,0
0.9802319983652956,0.5429806309479317,0
0.9804363821053225,0.5537792180308958,0
0.9804906829288953,0.5564157712552226,0
0.9804429251197586,0.5555459475529682,0
0.9804203483750309,0.5547117883818067,0
0.980445688971516,0.5574967801208194,0
0.9804337890273987,0.5568833066669302,0
0.9804031122919439,0.5570731272310891,0
0.9804936714168407,0.5580279448208622,0
0.9805399406374944,0.5588473255349072,0
0.9805869355979213,0.5622309970614905,0
0.9808269318869931,0.5704955962536736,0
0.9810837542544988,0.578995813053079,0
0.9814639917645254,0.5934134983088333,0
0.9814572053148691,0.6081143986229383,0
0.9812254814584399,0.6161537676862309,0
0.9812201312078277,0.6311829017211028,0
0.9814394490369405,0.6489285540916728,0
0.9817515376369609,0.6671075570156367,0
0.9825870891919406,0.6949380173652556,0
0.983768166675422,0.7288290046059929,0
0.9857994827641365,0.769813557563787,0
0.9872475329846193,0.7865196002855304,0
0.9882849264208904,0.7826565349460847,0
0.9889363045896178,0.7689115987059691,0
0.9890997348281632,0.7471258044937638,0
0.9892061374047263,0.7224184460225044,0
0.9893804433560631,0.6945218184775505,0
0.9894761553024047,0.6633096536481096,0
0.989542180935747,0.6277877223627261,0
0.9899442061899321,0.6021821037343545,0
0.9904176092785408,0.5832226603053932,0
0.9906219634365719,0.5769938499357592,0
0.9909473020617593,0.5864263092161361,0
0.9910842084576731,0.6074118996781318,0
0.9901861181508257,0.6072645624817642,0
0.9849646395277227,0.5453998034872155,0
0.968809417856678,0.4395836410541326,1
0.9659543714869863,0.4427291699144858,1
0.9639769102067982,0.44940394913405945,1
0.9639869251944388,0.4557082185500582,1
0.9640357358530904,0.46199366327854724,1
0.964150736773917,0.4660986972737329,1
0.9643718626536544,0.4724688263761119,1
0.964496466704293,0.4762413484963006,1
0.9646138336862082,0.4790146270904894,1
0.9648300800840783,0.47765137310077305,1
0.9649962815355331,0.4723420956521296,1
0.9650105706175824,0.47526375984187125,1
0.965267372795515,0.47426798741525883,1
0.9654848284701993,0.48326527813598014,1
0.9656405889675928,0.492873452265087,1
0.965811193792798,0.5125408786262283,1
0.9659622224198757,0.521408364887556,1
0.9660241141011893,0.5296449735448793,1
0.9661215112994446,0.5303238499498759,1
0.9662035681582701,0.5288926956378097,1
0.9663453686377277,0.5349850593168046,1
0.9664751605275035,0.5415411127509703,1
0.966549136232564,0.5433528607371368,1
0.9668280141827659,0.548720905383086,1
0.9672190682581141,0.5584336346757159,1
0.9673081293534973,0.5622167082243755,1
0.9673856574419415,0.5657616546690359,1
0.9674341991705887,0.5682256616381686,1
0.9675056919002124,0.5701955984692916,1
0.9674782468983909,0.5715792695774128,1
0.9675096696247334,0.5730750572711077,1
0.9669974995804368,0.5651228534702003,1
0.9670390643718152,0.5724931223462759,1
0.9671042522426997,0.5811446534551334,1
0.967196437402719,0.5815666425627609,1
0.9672968385287014,0.5821289878082053,1
0.967103728133728,0.5940112398377608,1
0.9670040731088732,0.6036532582763475,1
0.967302326087505,0.5997330792421787,1
0.9678146578264483,0.5883752280609683,1
0.9685547273782653,0.5891304716423863,1
0.9691323714506483,0.5900310618023059,1
0.9698116704927854,0.5972458872560944,1
0.9703771405446086,0.6040300949158491,1
0.9708218916954457,0.6069982827593958,1
0.970876996740822,0.6091272813236045,1
0.9709214946968454,0.6064020052303137,1
0.9706841217442657,0.6060387796002793,1
0.9706975037747988,0.6088164255331999,1
0.9704982436090497,0.609501528126121,1
0.970428642119866,0.610214905305939,1
0.9703775521250914,0.6110527440541698,1
0.970415926144464,0.6120333665866331,1
0.970414076724611,0.611727371316428,1
0.9703909056494993,0.6106082827444607,1
0.9704154466043198,0.6109525680789882,1
0.9704220647949254,0.6114851675161616,1
0.9705577071174307,0.6058447181609661,1
0.9701807809102606,0.5747341158728355,1
0.9700139436625919,0.5381220396936452,1
0.969132967291465,0.4805796549943896,1
0.9688255515635202,0.44670093220519136,1
0.9687867871684892,0.4311736645222287,1
0.9688142616949882,0.41957916278289015,1
0.9689100902152772,0.407889645258712,1
0.9690821518706187,0.4041417221281062,1
0.9693483679104149,0.40304547706950805,1
0.9697395131560254,0.4068386306645208,1
0.9701625305781764,0.4137221796718489,1
0.970568217223607,0.4201358438344581,1
0.9706785724287346,0.4221376591652625,1
0.9707272877437553,0.42323401540492556,1
0.9703185311993807,0.4153961930410388,1
0.970072017415218,0.4096687903149102,1
0.9698167644776339,0.4046070977121744,1
0.9696261177205421,0.401119639299853,1
0.9695803216015408,0.3987615029498746,1
0.9694761442093325,0.3962099837320668,1
0.9694651508296146,0.394580597921,1
0.9697174647201761,0.3979620241455674,1
0.9700256438626825,0.40079414673117625,1
0.970494297027477,0.4067633528937297,1
0.9709369784742703,0.4118414193492104,1
0.9714056767441959,0.41795086846041846,1
0.9725571972514311,0.42368561207557537,1
0.9736632602106124,0.4230264829451307,1
0.9740930078179533,0.4206593007767235,1
0.9741545613388101,0.4125644620620156,1
0.974157200141272,0.3999461731542651,1
0.9740494525385548,0.3819148471917016,1
0.9737461624075998,0.3620457968614165,1
0.9735411852792817,0.34947063484256863,1
0.9733812903934711,0.34560510705944036,1
0.9732813323625767,0.3427252727704125,1
0.97321068973988,0.3397291835820122,1
0.973504549689757,0.33840100133193424,1
0.9808250250230239,0.3622923438040974,0
0.9813906988419465,0.36312357054859223,0
0.981992601932639,0.36325348846822414,0
0.9818925183171888,0.36344600210837197,0
0.9819740045859375,0.362053098610466,0
0.9819534047543553,0.36087387931047543,0
0.9819378404394122,0.36009024610909623,0
0.9819343479878943,0.35995108865137004,0
0.9818622638286414,0.35916636647065747,0
0.9819334323824728,0.3599414076215739,0
0.9820701423007816,0.36859258436869324,0
0.9823128358864637,0.3777629082848583,0
0.9830346166802054,0.41439232910588275,0
0.9835449922617991,0.4490056674831535,0
0.9836879566424327,0.46256009633184375,0
0.9838477816113059,0.4737553157223927,0
0.9841556507264262,0.49267047151679005,0
0.9842862722618763,0.501919804229993,0
0.9844769407425242,0.5107513025468351,0
0.9845673085135197,0.5137377077970366,0
0.9845699489747097,0.5110890490680099,0
0.9846636637144961,0.5132270239989432,0
0.9850238031280096,0.5237737457705047,0
0.9853819326097296,0.5354435824577173,0
0.985704478376757,0.546673165342566,0
0.985848622271273,0.5530853427140615,0
0.9859669381954136,0.5588988021839114,0
0.986051790880212,0.5629904501136289,0
0.9861084993693578,0.5653504394760318,0
0.9861427408062218,0.567847472744888,0
0.9862198023270609,0.5698513579336395,0
0.9861553132315306,0.5681937872595801,0
0.9856317386479705,0.5551331324138719,0
0.9851990146590098,0.5462991341865886,0
0.9847093998158071,0.5428362424320152,0
0.9843280294063532,0.5387228998514819,0
0.9836353132045224,0.5348109677775377,0
0.9826991697933651,0.5391222958398789,0
0.9822441636274484,0.5464242660286923,0
0.9819410841872466,0.5577337622063648,0
0.9816318242156972,0.5694919987361868,0
0.9812863608398552,0.5814446556045996,0
0.9811061236703361,0.5922656622887719,0
0.980791059632866,0.59596180396497,0
0.9806814760208625,0.5961949166431211,0
0.9807525310286782,0.5987820274541952,0
0.9807746894180311,0.6023143525334852,0
0.9811656415325388,0.6053560318527287,0
0.979945191260233,0.5973899165968498,0
0.9792223385882328,0.5932062820700725,0
0.9786901218675204,0.5909672193513449,0
0.9787399655207842,0.5903067838015692,0
0.9787951251497418,0.5904052156400079,0
0.9788344244636776,0.5940100692738808,0
0.9788541501973047,0.5949079177973795,0
0.9788697317940123,0.595524489485887,0
0.9787781885061018,0.6004806577158702,0
0.9787719931401039,0.5978002990427981,0
0.9785506739310189,0.5854070490463047,0
0.9783829466591325,0.5707864518742881,0
0.9782709127201279,0.5629683041248876,0
0.9782180466665147,0.5511279314018519,0
0.9782094943770304,0.5550278492945336,0
0.9782706864499078,0.5616658629634256,0
0.9782431886090348,0.5679067186713809,0
0.978207306841813,0.5745321895847999,0
0.9781608109077857,0.5762741674165653,0
0.9779525460701932,0.575715086096821,0
0.9777521960969919,0.5713485556428417,0
0.9775627341090125,0.5655394774796023,0
0.9772860175515078,0.5590733244780371,1
0.9771459769783508,0.5552447742480997,1
0.9770997625889778,0.5537814728212495,1
0.9770901710258209,0.5534843234110189,1
0.977037149041623,0.5512540392350074,1
0.9769876107685812,0.5482976389974664,1
0.9769573924346284,0.546513726647765,1
0.9768886381609889,0.5455803885682405,1
0.9762448890479585,0.5305434745170051,1
0.9754314588830761,0.5165860425616816,1
0.975200636227761,0.5191930790414523,1
0.9748777368004914,0.5216787065031395,1
0.9742468190679092,0.5310654085625104,1
0.9737019651205743,0.5406126999240204,1
0.973350019612246,0.5489174615239512,1
0.9732819192481257,0.555388643350485,1
0.9727867058235624,0.5627823754815713,1
0.9723629003835668,0.5674696308293186,1
0.9719741800588186,0.5712471611604786,1
0.9714018622205376,0.5736121061153552,1
0.9709687574370903,0.5733441113298138,1
0.9708056773285059,0.5734295564759125,1
0.9702261201039137,0.5676966006628453,1
0.9700155070198911,0.5613861153691698,1
0.9698960453658882,0.5534377936480915,1
0.9713171167367671,0.5442258108409151,1
0.9749013351537851,0.5466917716129682,1
0.9786360002380963,0.554035344191368,0
0.9817307509171186,0.5628458150558288,0
0.9820857247747287,0.5581091521544542,0
0.9824969234863139,0.5535064776236569,0
0.9826924540409638,0.5485296794267446,0
0.9827553126454828,0.5461109200671197,0
0.9827834972813279,0.5440561528806621,0
0.9834947333627786,0.5451397195794342,0
0.9835988792934947,0.546946328755526,0
0.9836727979862145,0.5462381157504259,0
0.983762281813874,0.5462640065631352,0
0.9837650534616552,0.5392199133074176,0
0.9838251782767966,0.5380097248913333,0
0.983688663803362,0.5297607022945262,0
0.9836108642270596,0.5234592739343478,0
0.9832524563298943,0.5048724818900994,0
0.9829899946135722,0.4922798149777149,0
0.9829218963126362,0.4891271625561096,0
0.9828575249634848,0.4889785127061158,0
0.9828330828749836,0.48918367933526524,0
0.9828729287451192,0.48943564391360694,0
0.9828518629581544,0.48868297293737767,0
0.9827233809067712,0.48257801298474035,0
0.9827099417614976,0.4797418565295891,0
0.9827036927818393,0.47864146096937543,0
0.9827231987316933,0.476962252479548,0
0.9826976934174454,0.47185215382839435,0
0.9825949046583817,0.4621843532311474,0
0.9819645123281647,0.43870978743007727,0
0.9815116830971351,0.4273694096436188,0
0.9811371309878056,0.4214706165764991,0
0.9798318261961303,0.3981323279247664,0
0.9787877992021146,0.400392113919018,0
0.9773506694294786,0.40409567484862763,1
0.9742527843842084,0.41489594993418094,1
0.9713823666043586,0.4285390783242611,1
0.9684651884344178,0.4338342115782715,1
0.9653116809883959,0.4394475756605155,1
0.962157644948963,0.451845549221843,1
0.9585354772217369,0.4499416392072203,1
0.9559078489847556,0.4526729750226242,1
0.9549541430342192,0.45441809120785204,1
0.9539420264530649,0.45202650351195756,1
0.953598755492975,0.4500296627416158,1
0.9530222648238523,0.4393064982731449,1
0.952747491654886,0.4298739943266407,1
0.9527729868827012,0.42816412109575747,1
0.9528193042261996,0.4270043425744269,1
0.9528866893825915,0.42644794331643143,1
0.9529176410972124,0.4260003767974549,1
0.9529577354681653,0.4257601935337199,1
0.9530556702763274,0.4253441643407714,1
0.9530521290362055,0.4248998680256676,1
0.9530599106197222,0.42267615978054074,1
0.9529773253414726,0.41663585433657957,1
0.9529567588762473,0.4111043388981796,1
0.9532359461654083,0.4166944345804992,1
0.9540812358935364,0.4398167139391794,1
0.9548466539293166,0.4673174441334897,1
0.9557525779285967,0.5016715398809201,1
0.9562810371122672,0.5326958139281291,1
0.9566577800440685,0.5549414599891819,1
0.9569841378079824,0.5731788919333313,1
0.957560989137167,0.5941601263974865,1
0.9580770425670956,0.6100831145698757,1
0.9583346746351522,0.6167283650813493,1
0.958326329016383,0.6170236926759937,1
0.9581931193830862,0.6143637589740816,1
0.9580586116338838,0.6079800492916547,1
0.9579219055563907,0.6036833258365043,1
0.9573851238278341,0.5922978052835909,1
0.9573136988367399,0.5854988723599218,1
0.9574797654846132,0.5780165584865407,1
0.9573815634317253,0.5665527212433897,1
0.9569538159227464,0.5544622510529281,1
0.956448455970859,0.5436042578597479,1
0.9549518337801597,0.5255292068762747,1
0.9529083515424795,0.5031701342563089,1
0.9508746462527317,0.48228116422503975,1
0.9498155480454913,0.47051145935594935,1
0.9483130981648801,0.46232062001083274,1
0.9458309692940255,0.45909703657767575,1
0.9455290285662591,0.4508483414821545,1
0.9452250663102719,0.442603327429213,1
0.9450078361565786,0.4365805561695356,1
0.9447282287234664,0.4287020745904994,1
0.9441684107991504,0.412722214400477,1
0.9439026586310304,0.4029978359473089,1
0.9422284545593287,0.38511229164578054,1
0.9382547264382655,0.3752862714644384,1
0.9374014210373568,0.37211864769164965,1
0.9360728773796497,0.3670193073664985,1
0.9352855460982242,0.3588800904330149,1
0.9352835583676293,0.3580544383853497,1
0.9351000299539843,0.3568135216035032,1
0.9349407021758567,0.35378049190945904,1
0.9347926782792448,0.3512573380802004,1
0.9347119674041793,0.34923493249755744,1
0.9345327644660044,0.3470382837257227,1
0.9343738933058106,0.34454368486109754,1
0.9342651391101258,0.34138118681722635,1
0.9341178355419075,0.34008200297292507,1
0.9339123464090239,0.337143997651059,1
0.9338042456511046,0.3346334066328147,1
0.9338878007652415,0.33840344559479546,1
0.9343518108955047,0.35947766379946594,1
0.9348284737789108,0.39014218936062517,1
0.9354910841664106,0.4305935721812232,1
0.9359534741919225,0.4644682483499114,1
0.9364530623898655,0.5045533246448672,1
0.9368562325983253,0.5436310792793917,1
0.9373883324416048,0.5902693538944521,1
0.937736254766242,0.6223882644315414,1
0.9379377201579892,0.6459111141481192,1
0.9379512135865257,0.6572918168685774,1
0.9377692448603608,0.6580193292117665,1
0.9373737797740846,0.6512597187975306,1
0.9373758833913917,0.6521959403226804,1
0.9376586860441444,0.6594546951013749,1
0.9374861264170034,0.6640686961549738,1
0.9369564093374374,0.6692340582654492,1
0.9368706203836684,0.6782735962873405,1
0.9370560563855526,0.6895722117496355,1
0.9375189232198587,0.6976822177554514,1
0.9390428023551591,0.7147581373419307,1
0.9409457970708968,0.7356848642952919,1
0.9426137639773959,0.753096844671316,1
0.9435195233533802,0.759699995926364,1
0.9451008888186907,0.7580932818223283,1
0.9484383816669955,0.7482104662985243,1
0.9515397528733379,0.7335485232182071,1
0.9525376200358617,0.7301276601593736,1
0.9532144431780796,0.7307210747466998,1
0.9563658494684351,0.712215762892624,1
0.9599837478201354,0.6866374563542018,1
0.963914313808222,0.6825448841519038,1
0.9682754629009984,0.6946164263930189,1
0.9730909367450172,0.71312493306651,1
0.9747057779997726,0.7211185892670204,1
0.9760874585432774,0.737282228518052,1
0.9769560358897715,0.7584345099131823,1
0.9766522540257934,0.7662162715328411,1
0.9765306741175632,0.7680325188974992,1
0.976453226490289,0.7703040113403824,1
0.9763782086049275,0.772589304764376,1
0.976299909223597,0.7747277938094604,1
0.9763574137695732,0.7774991492949402,1
0.9764535922060187,0.7807502993534028,1
0.9763669854894141,0.7830744439312574,1
0.9762837821990352,0.7850071723136098,1
0.9763333965665661,0.7877470144924927,1
0.9763549503588536,0.7882642953487868,1
0.9762054029937038,0.7786095318869597,1
0.9758341152562999,0.7449612728912216,1
0.9756726200398819,0.7160968147079856,1
0.9752335761128017,0.6734160729235777,1
0.9749058710961704,0.6383850601293594,1
0.9748148884896901,0.6182412556638196,1
0.9748647725434251,0.6070965680189379,1
0.9749748875766453,0.6016813192450224,1
0.9751800717437225,0.5991817940480855,1
0.9753748851419004,0.5976424408825063,1
0.975674293286692,0.5987934008785475,1
0.976121233973444,0.6078087458004098,1
0.9767947460196478,0.6299300997163144,1
0.9768842768211252,0.6409947511915451,1
0.976933681594979,0.6510438085910003,1
0.9767365871920197,0.6530007106573852,1
0.9756952792740401,0.6489200022610734,1
0.9747495016692191,0.6470660069439353,1
0.974275213419332,0.6479321486471982,1
0.9743455125022855,0.6568601775740094,1
0.9747445646546311,0.6737048065793982,1
0.9755020835462049,0.6942948053571237,1
0.9769753731665344,0.7245969825947337,1
0.9792511701022102,0.7697241576243156,0
0.9810142645259234,0.7846862587141689,0
0.98252770383365,0.7759330748839598,0
0.983864686153106,0.7511768118981232,0
0.9870275489983016,0.7402089425665206,0
0.9904807826138329,0.7396442609361296,0
0.9912548539001143,0.6936862011481605,0
0.9913629695637397,0.6292938365415548,0
0.9918593826291318,0.5913030651044888,0
0.9924275976733401,0.5668066391605674,0
0.9928856427903299,0.5583324248620432,0
0.9933287532160245,0.5641793648232759,0
0.9941295817879617,0.6003051388426712,0
0.9947539519290913,0.6397680709824634,0
0.9948269840974124,0.6428009316843021,0
0.9948249112476124,0.6425292438253208,0
0.9948195305444781,0.6416982714211018,0
0.9948373892670321,0.6411483217515977,0
0.994842468615872,0.6392889770320983,0
0.9948447357242789,0.6392872668284089,0
0.9948476385987313,0.6393633466692104,0
0.9948484993834534,0.6392790227572864,0
0.9948281953865215,0.639206199623347,0
0.9949634404135781,0.6477164113912962,0
0.9953231326351069,0.6715564103623395,0
0.9954222008115932,0.6745133284592464,0
0.9954446363580609,0.6733419959461219,0
0.9955615667313564,0.6737071268639686,0
0.9955449867593802,0.6761036884364945,0
0.9954737490143293,0.6786345091453361,0
0.995473348986105,0.6821247918579024,0
0.9955679058727851,0.6909589948531748,0
0.9957265128571722,0.7030431316236195,0
0.9958326630679628,0.7125957945836601,0
0.9959458930915333,0.7203903411713263,0
0.9961102211820756,0.7312808504612273,0
0.9960947329763856,0.7305508951747552,0
0.9959340327700554,0.7186972382389957,0
0.9957881673394071,0.7071046801129565,0
0.9957774610103954,0.7063534877835077,0
0.9957681104868803,0.7054881989271928,0
0.9960549933210207,0.7188491184299196,0
0.9964232880728672,0.7353133809883712,0
0.996550327271378,0.7396068347946128,0
0.996498404652588,0.7359870977708891,0
0.9963521334792569,0.7226376891921652,0
0.9959514426062487,0.6932164584370443,0
0.9947477716451245,0.6119371563054017,0
0.9931718835388537,0.5195837712967865,0
0.9923081604235988,0.488908414888784,0
0.9914873789248855,0.4804661473568117,0
0.9908188761191923,0.4977070028103828,0
0.9903358731711868,0.5237559588423771,0
0.9899629826285653,0.5544126269143209,0
0.9899357840133038,0.6097250084594914,0
0.9900181443295225,0.670848547152128,0
0.9899776758238876,0.7190031510862795,0
0.9899860146948938,0.7602116422217562,0
0.9898154625682987,0.7841568196918296,0
0.9899046111476579,0.7983090620367076,0
0.9900281190453352,0.7996636460450541,0
0.9900583252507791,0.7988514262698498,0
0.9899208202749976,0.7989545617379565,0
0.9891441504852229,0.793305776539524,0
0.9864214651827129,0.7655256286956379,0
0.9844893106836204,0.751977098274849,0
0.9838761869840568,0.7531092453991264,0
0.983508129696671,0.7562751676545156,0
0.9832044349489856,0.7599073793750393,0
0.9829311604096083,0.764052326652765,0
0.9829283555813209,0.7661592442920104,0
0.982985016737739,0.7666838608374231,0
0.983042375739699,0.7685575623553496,0
0.9830192980726757,0.7692421371632244,0
0.9829231445718356,0.7605762997723711,0
0.9828250351400223,0.7502464430502825,0
0.9826684070112295,0.7343594022799124,0
0.9825230528192469,0.7161325776499902,0
0.9823741412527265,0.7014659187348027,0
0.9822259496065127,0.6879002451141025,0
0.9821166001414674,0.6767704770405143,0
0.9819617480004524,0.6629286585134573,0
0.9818003665652811,0.6517315239548799,0
0.9817375012592926,0.6464228261420817,0
0.9817484196121808,0.6468520085512895,0
0.9819160899728308,0.6514021339302055,0
0.9820660363851581,0.6558427674281349,0
0.98207057805901,0.6560137382583614,0
0.98205892226601,0.6553373317512747,0
0.9820369040134503,0.6536756850067141,0
0.9820397533701282,0.6537664276941193,0
0.9820551152365798,0.6535678004484318,0
0.9819842356709236,0.651241206350965,0
0.9820245844023805,0.6523591966456025,0
0.981714947530065,0.646211942660055,0
0.9815367616743759,0.6471741034960714,0
0.9815064224806305,0.651010997181806,0
0.9814140382654144,0.6587604594434383,0
0.9816811574301043,0.6730196709451527,0
0.9822157763694397,0.6840733936050772,0
0.982677161193892,0.6928977213661749,0
0.9829015362313063,0.7038362101951268,0
0.98330816681134,0.7119727972590587,0
0.9837309008421158,0.7212131321910724,0
0.984146654646163,0.7340059201604071,0
0.9843689141052787,0.7458952450324162,0
0.9843002496468312,0.754887409037657,0
0.9842447050126606,0.7590291214733024,0
0.9833626406670797,0.746964793394879,0
0.982719613376219,0.7329278898004765,0
0.9825989194297922,0.7265401023032024,0
0.982911149416149,0.724042886593596,0
0.984329423895356,0.734316505606166,0
0.9853736068862375,0.7429269104843851,0
0.9855529638270117,0.7441043449861227,0
0.98588400068489,0.7434311990139835,0
0.9861218782942862,0.7438529703143504,0
0.9865103168977178,0.7434471950233368,0
0.986522027459023,0.7429150075416511,0
0.9864980263163631,0.7406108037188869,0
0.9864565574088514,0.7401292611068003,0
0.9863312921182962,0.7362782678257915,0
0.9856859863057561,0.7168657763377781,0
0.9854922529042941,0.7080393522557871,0
0.9852846459286391,0.7004129874463298,0
0.9851502733584451,0.694809763389959,0
0.9850461534034699,0.690548875782227,0
0.984985735054648,0.6886596821403707,0
0.9848623372853893,0.683504071843281,0
0.9845209677815663,0.6741879200249843,0
0.9843842644732831,0.6715199336480879,0
0.9844083650984095,0.6735869744399892,0
0.9844423892088835,0.6759893746242884,0
0.9844869835802885,0.6771158697700966,0
0.9844893261633527,0.6772489744511047,0
0.9845016348129767,0.6782417722104601,0
0.9845133794093102,0.6791761400695151,0
0.9841903859747201,0.681320118446869,0
0.9840793032099586,0.6839241961830418,0
0.9841068113698863,0.6864530487519993,0
0.9842327158541839,0.6908645567201065,0
0.984340895642821,0.694915332898154,0
0.984884440452698,0.707747432293828,0
0.9856217980565172,0.7190627031716089,0
0.9865210420705272,0.732669376700958,0
0.9871852151790019,0.7362235813191678,0
0.9877261139683051,0.7303929941575439,0
0.987974388825752,0.7179708482863189,0
0.9880800736605295,0.7018435238842317,0
0.98841241586029,0.6830069432613125,0
0.9886128522676472,0.6656675341450217,0
0.9889001769288482,0.6498648076482291,0
0.9892995303673845,0.6341146533128484,0
0.98977365588173,0.6198905418380787,0
0.9903884831194109,0.6116020127548525,0
0.990901249568651,0.6151009537116242,0
0.9918824007047629,0.6432171166718793,0
0.9925964123933324,0.6727036852590838,0
0.9927521284294243,0.6826038958147392,0
0.9926567612249206,0.685243647040369,0
0.992680709950199,0.6854241710936634,0
0.9927847111173719,0.686634187553966,0
0.9929250013238975,0.6875526086310734,0
0.9929411683917209,0.6870657947330814,0
0.9927714209792387,0.6858117175154556,0
0.9927706921548718,0.685749046027837,0
0.9927497336622321,0.685776855849776,0
0.9928645346230559,0.6903464497606332,0
0.9926190301963166,0.6892047726171456,0
0.9925875582349999,0.688101523987042,0
0.9927017672342613,0.6937696031783648,0
0.9925344430444748,0.680636886305328,0
0.9906973327384985,0.5997611209089173,0
0.9895106054385814,0.5370548821997575,0
0.9883112812744451,0.47453037099297934,0
0.9874225450938796,0.42480270779745605,0
0.9868374479211252,0.3931698108127694,0
0.9865213533079981,0.3795291741475744,0
0.9860201092713534,0.36433896035273317,0
0.9857612039471594,0.35756784974540556,0
0.9856280676158132,0.3638819123751332,0
0.9858375752124813,0.38353926152062545,0
0.9858774676681104,0.40570894442325955,0
0.9858823255549486,0.4255207003054447,0
0.9861119635057078,0.43924081316967417,0
0.9860560183945852,0.4402047383330855,0
0.9860266597923691,0.44136168374976376,0
0.9860829336968522,0.4446614777970642,0
0.9860863220663743,0.4448034611768601,0
0.9858766865655968,0.4376362033770183,0
0.9844179540821953,0.4013072686948857,0
0.9833186394400071,0.37731559548482196,0
0.9819431148335356,0.35087982110667765,0
0.9803470782874744,0.3306035648537478,0
0.9791809083296432,0.3290230315205942,0
0.9784593960501342,0.339621063456633,0
0.9774385088970685,0.35701006779579136,1
0.9750629806568814,0.38445670499272167,1
0.9741682635938735,0.40407708252921726,1
0.9733014466715906,0.4216002210672449,1
0.9724880830124232,0.4360567486422484,1
0.9716129019034485,0.4466487293680384,1
0.9706979869150862,0.4543848763390368,1
0.9690737173913786,0.44895178460524954,1
0.9677610622119845,0.43535827219342477,1
0.9675976858731248,0.4310735574963956,1
0.9673688076023661,0.4249440925328044,1
0.9673991688335741,0.4262023197825409,1
0.9670508660212659,0.4305970556371834,1
0.9666926042722972,0.43487342621460445,1
0.9666632320353912,0.43941766262219933,1
0.9668629690429659,0.447681827131117,1
0.9669103119652884,0.4485018240252086,1
0.9670982703048489,0.45421933336751713,1
0.9672697029720457,0.46045345835797924,1
0.9674982422311158,0.4658145127998219,1
0.967163480610314,0.4694164474900164,1
0.9670781028590253,0.4690776097732719,1
0.9671419647630839,0.47293992241741967,1
0.9674068534702327,0.48250515598169796,1
0.9684177595324739,0.5234285687529044,1
0.9691115999378688,0.5577268054081759,1
0.9698078023784187,0.5909889873201282,1
0.96998560554519,0.6092855855063507,1
0.969930611211711,0.6218973804438598,1
0.9694948749809222,0.6240430737332682,1
0.9690310874207662,0.6235230753601188,1
0.9686960728100482,0.6246475322509066,1
0.968366680976655,0.6251851699289155,1
0.9683529026294111,0.6263537305001473,1
0.9683836471898062,0.6266260196487528,1
0.9684702409020711,0.6245720875384745,1
0.968421722003113,0.6212929657253116,1
0.968374158903254,0.6178690702859162,1
0.9679033926968577,0.6076705939729644,1
0.9675196001181054,0.599066599788437,1
0.9676417409992084,0.601876808487362,1
0.9661899953769867,0.5828211013110297,1
0.9648435728803849,0.5673997729621241,1
0.9638990836797299,0.5615461743784668,1
0.9632485919380855,0.5595051367395029,1
0.9631899556669957,0.5661540805056624,1
0.9628460009504751,0.5689934724128327,1
0.9624409229599036,0.5710700983750353,1
0.9624335336172606,0.5690512888143705,1
0.9637173445569995,0.5547865135053396,1
0.9635120924894225,0.5538717139762857,1
0.9634598676336789,0.5549870359615308,1
0.962712466628967,0.5576361189280314,1
0.9622958515717819,0.5589712596000282,1
0.9618568441114079,0.5577692697032478,1
0.9616444075160846,0.5573706686519583,1
0.961506570601514,0.55807487641509,1
0.9614564851190897,0.5566504107543904,1
0.9618546580930469,0.5651404004806275,1
0.961445195538706,0.5710425721870704,1
0.9605627131107932,0.5725470353672627,1
0.9599535524917255,0.5746740022028203,1
0.9595791024470086,0.5796528217446656,1
0.9593000681598766,0.5851934795691495,1
0.9590087931452524,0.5906972931022543,1
0.9588530700204687,0.5987661689743494,1
0.9587601815682941,0.6063054997200535,1
0.9588481319228217,0.6123399576627132,1
0.9587097022346756,0.6123049044191816,1
0.9584499430140523,0.603280703546258,1
0.9580632602126,0.5836464364039745,1
0.9578173390272378,0.5638122765458052,1
0.9572978236295386,0.5405136372052665,1
0.9569461810440304,0.5247417035339003,1
0.9566740991705522,0.510971689480551,1
0.9563542701822241,0.49755460869867507,1
0.9561570155559946,0.48604294033746676,1
0.9560137275350779,0.4774891969753048,1
0.9559556465185052,0.4705471687578031,1
0.955778038961355,0.4627349734595877,1
0.955675750123268,0.4564852871282173,1
0.9556939656842782,0.45853493510451593,1
0.9556659257440431,0.46159129449222697,1
0.9556060598373767,0.46863631181525284,1
0.9559085992356158,0.4764450627567222,1
0.956056802955688,0.4872118824534724,1
0.9568294652402096,0.5062684580026392,1
0.9577258950590415,0.5248318590758736,1
0.9580504694973097,0.536092744136282,1
0.9605357191025832,0.5710427295340162,1
0.9641979387121218,0.6185833062701053,1
0.967672936598388,0.6587105634741066,1
0.9709708229710242,0.6960556471036876,1
0.9733917950008133,0.7038382954383763,1
0.9749480640147152,0.7034184262373655,1
0.9761604516452396,0.697856119790508,1
0.9770525474917737,0.6913072076061269,1
0.9779892442379876,0.6836771979026819,0
0.978978990636407,0.6733009790239289,0
0.9801944332789332,0.6551779766229381,0
0.9818772366726684,0.6441135059877134,0
0.9834425660733536,0.6319657880630221,0
0.9854287691721013,0.6315307102133745,0
0.9880413463571804,0.6591247173249909,0
0.990221405108352,0.7055738148951497,0
0.9914110854640172,0.7511381935802481,0
0.9913568133010697,0.7714784436763628,0
0.9904636484036264,0.7643225707127067,0
0.9898625052344036,0.7579709264771778,0
0.9895420383080396,0.7558622769474274,0
0.9895239162972611,0.7560795072058476,0
0.9895301748637872,0.7560523003170293,0
0.9893011522662023,0.7571872636483047,0
0.9892548715825928,0.7586177709611003,0
0.989216040811209,0.7604242471371638,0
0.989231025702956,0.761790532840565,0
0.9891247166388089,0.7610524141169399,0
0.9890919719932558,0.7601803896708504,0
0.9890685019910185,0.7608416694511977,0
0.9891118564516355,0.7638634326225202,0
0.9891184094564842,0.7688382771361097,0
0.9891713086177182,0.7716907625224851,0
0.9892391228522354,0.7745487041127482,0
0.9892367723468412,0.7792044382053561,0
0.989234750275753,0.7824018860957559,0
0.98929696508477,0.7910903164386934,0
0.9893330738084765,0.7968298718352216,0
0.9893450220433178,0.7986291111173633,0
0.9893212882277747,0.7983007862767396,0
0.9893893786053697,0.8046888262714513,0
0.989444610395754,0.8097972527223326,0
0.9889760856884098,0.8135612042722608,0
0.9862747532711994,0.7921864493544708,0
0.9802954122320118,0.7350270811528787,0
0.9788388378278626,0.7362510978168368,0
0.9781462941415562,0.7425263265221363,0
0.978146949547012,0.7431509410104432,0
0.9781203373380071,0.7429946416304058,0
0.9776404788261319,0.7338384865853268,0
0.9765403517156828,0.7199714903200443,1
0.9748912240924137,0.7013427036659275,1
0.9737513233209213,0.6968129620250212,1
0.9729534297177582,0.6878443315043598,1
0.9721724995434051,0.6820397395596495,1
0.9710323937642902,0.6783939549284821,1
0.9699906733110442,0.6808686982107239,1
0.9689656975162682,0.6868999466196133,1
0.9676922705466093,0.7008983982399902,1
0.9664696356198004,0.7110236432051785,1
0.9655990565749959,0.7192991794088014,1
0.9640309166326884,0.7287203199906317,1
0.9624528427016689,0.7316828634421589,1
0.9618028448482846,0.7345453668785552,1
0.9617232321647554,0.7340476187217696,1
0.9616862486496718,0.7290156841959257,1
0.9573514306731337,0.7153509007565619,1
0.9536078104856465,0.7066608245414792,1
0.9503689367204391,0.7026332960434734,1
0.9500527483386851,0.714203845996922,1
0.9503886139480804,0.7230811036114583,1
0.9504488468801067,0.7279638871239373,1
0.9507233111524147,0.7354645742167704,1
0.9510302569338029,0.7432885575404921,1
0.9511601397501334,0.7400957673692105,1
0.9511265040372587,0.7362188992906257,1
0.9511258268113459,0.73565260195144,1
0.9510729453623481,0.7266527455276384,1
0.9511671116521367,0.6981335997325938,1
0.9508559091202256,0.6623809256743743,1
0.9506011449549955,0.6353856110395039,1
0.9504573600728512,0.6078409960124541,1
0.9501400934034441,0.5801871108651924,1
0.9500109209603627,0.5684477483320316,1
0.9498457952555348,0.556686635490603,1
0.9497461967759823,0.5520590946417495,1
0.9496714143996597,0.5510758055004882,1
0.9495933019363443,0.5511510232796971,1
0.949445121718529,0.5487610627728553,1
0.9492828355814673,0.5463295417443367,1
0.9488551618506178,0.5376414783278956,1
0.9489790251706207,0.5208542511393663,1
0.9514525002238654,0.5071655046066545,1
0.951836740478397,0.4919638037512819,1
0.9519168486511982,0.4777617673398647,1
0.9513089844277217,0.469146948388179,1
0.9497823919666193,0.4507061498452303,1
0.9487782241991568,0.43922837783317104,1
0.9475027046522109,0.4254278880360695,1
0.9466467035605668,0.4130709716185982,1
0.9458737231036167,0.4021150978939861,1
0.944722392653158,0.39139874721038875,1
0.9436868672814591,0.3801575346260409,1
0.9432324936072876,0.36728985948443643,1
0.942580065178577,0.35320791303904403,1
0.9420055760935453,0.34026516520392286,1
0.9414663448635744,0.3280963754882547,1
0.9409352144822174,0.3152416059779933,1
0.9400325319271808,0.3058635457483365,1
0.9395939322857383,0.2952342586494154,1
0.9391094731412313,0.290999409004721,1
0.9381884872489163,0.29036824769465425,1
0.9370156282612054,0.2852097933418447,1
0.9363629452742197,0.2757070780967782,1
0.9402888149251647,0.2554203106491773,1
0.9451887019984131,0.23927361957257287,1
0.9513462272470624,0.2251684413178048,1
0.9537947611799307,0.21479212613237203,1
0.9542610093345846,0.20813551911070832,1
0.9551677130144248,0.20044407265787087,1
0.955704931909289,0.19006630129733948,1
0.95633112656548,0.17759909122340045,1
0.9563335643531516,0.1712604684659967,1
0.9561717473544145,0.16565561328472303,1
0.9561732253032498,0.16553869617057243,1
0.9563120124210607,0.17045929044866379,1
0.9568039498711927,0.18956041514799096,1
0.9574235227930032,0.2186521337770704,1
0.9577550127332024,0.2345070234648134,1
0.958545895116385,0.27009514187166783,1
0.9593542747805892,0.3129842212632895,1
0.9599263289009037,0.3420927394227883,1
0.9606046872635157,0.3809988278769099,1
0.961096025066342,0.4079352756762803,1
0.961392648040277,0.4231995522872564,1
0.9614972854470594,0.42668200284286745,1
0.9614871794812141,0.42616980755011463,1
0.9614930996695863,0.4258431910184429,1
0.9615038530638242,0.42342585155679346,1
0.9615217477066743,0.4208598089832784,1
0.9616209489751211,0.41866191286423016,1
0.9615968534102817,0.4182327321375175,1
0.9616442092618172,0.4198529467388864,1
0.9618108301290564,0.42874500651169084,1
0.9627355008959171,0.451572690597144,1
0.963407670749677,0.46422188045602875,1
0.964617241877866,0.4743157191891501,1
0.9651643943762076,0.4829635148191794,1
0.9657980194419378,0.5020917968259384,1
0.9667413313454863,0.5375373348283506,1
0.9677567314257747,0.573152816940501,1
0.9685956561446711,0.6083174732623889,1
0.9696110640554261,0.6403688622290973,1
0.9703718306623657,0.6651911473311577,1
0.9711287134914233,0.6851159130602993,1
0.9717220850452818,0.7029053484077603,1
0.9721576976589685,0.71611371084001,1
0.9724456910168862,0.7235600541986283,1
0.9728074309169995,0.7272033231449225,1
0.972843505344357,0.7241698776741119,1
0.9726541051035578,0.7130928839994771,1
0.9726523899618091,0.7129397592925443,1
0.9727709427467532,0.7108831489975431,1
0.9731369353995631,0.709060611161618,1
0.9735135632667815,0.7088092814968814,1
0.9738765810189645,0.7079020864618045,1
0.9739463825519039,0.7066926346355943,1
0.9740344346771816,0.7063022111997517,1
0.9740430993492796,0.7064484909451765,1
0.9740240455613327,0.7068519296957066,1
0.9740945350500161,0.706144814547738,1
0.9741130878260271,0.7077795854693577,1
0.973971739206418,0.7006375412343159,1
0.9736986853236937,0.6804214371954093,1
0.973313188550921,0.6540331852156875,1
0.9732035275455982,0.6528368545108814,1
0.9730476907612079,0.6636904464184593,1
0.9730179692079988,0.6691499519920289,1
0.973131523991865,0.6784881651508277,1
0.9733613562357218,0.6856210029015801,1
0.9735090810391367,0.6912783779255909,1
0.9736768366363587,0.6965535052031001,1
0.973849488119367,0.7002032075408119,1
0.9740029054103542,0.7013145197938447,1
0.9741209760355636,0.7006278067926188,1
0.9741276661646108,0.7004947843648109,1
0.974083466946315,0.7007583143889733,1
0.9740621762908939,0.7010783760877428,1
0.9740272608287085,0.7009371955474246,1
0.9740663577802731,0.6998708596696674,1
0.9740741146539825,0.6943968956139452,1
0.9739721616119591,0.6866813821009687,1
0.973846435865023,0.6781724686210058,1
0.9737769310330018,0.6760646126639687,1
0.9737041502408816,0.675349947694019,1
0.9735572147138187,0.6747225464197306,1
0.973341188156857,0.6737095578609661,1
0.97386063503314,0.6700457025684154,1
0.9738356970804427,0.6642760073810177,1
0.973939750547911,0.659978778867014,1
0.9739519147350411,0.6543416648061978,1
0.9739669460167643,0.6492844247132298,1
0.9739148174726617,0.6436613521884357,1
0.9737342961678024,0.6367840610395832,1
0.9741670876695683,0.630108755346754,1
0.9747008718666403,0.6281801649101626,1
0.9749868466834597,0.6274970979045422,1
0.9758066922076075,0.6342721385898262,1
0.9762614739087678,0.643171103588086,1
0.9762614850557547,0.6432650622640366,1
0.9762891796073443,0.6427942486947821,1
0.9762660483306889,0.6425414893552107,1
0.9764263693938794,0.6417826403379971,1
0.9765510473269303,0.6405152378372435,1
0.9766470791898486,0.6376627556944172,1
0.976917234726934,0.636258952847492,1
0.9770676615319516,0.6297706402628864,1
0.9772441176597336,0.623432734735371,1
0.9771889446826604,0.6166966715169395,1
0.9775970845759493,0.6166610740569838,0
0.9782644051872278,0.6347944547186671,0
0.9791531483615075,0.6733871817872303,0
0.9798994379243094,0.7154965574082379,0
0.9801025549488591,0.7330269306498775,0
0.9801614846193063,0.7316586950518406,0
0.9801556348628879,0.7323851402303077,0
0.9788426380049713,0.6886702188684198,0
0.9779560471827693,0.6631593814428592,0
0.9765966514278765,0.6228629273129683,1
0.9755038308538343,0.5920267569509293,1
0.9751162438138562,0.5829953425494433,1
0.975009792331413,0.5819943108829597,1
0.9749797075320843,0.5822657288395215,1
0.9748147955328674,0.5855154010818467,1
0.9747810735019469,0.5863712851462058,1
0.9743514801306097,0.5686255673689395,1
0.9735853734638429,0.5424502569829909,1
0.9728493758555754,0.5184010884199759,1
0.9718532385703176,0.49606138583311266,1
0.9696687411333319,0.45939440737985743,1
0.9663437251828264,0.4126232743342439,1
0.9625907395088258,0.36430666717878624,1
0.9582092478999361,0.32326728392429943,1
0.9535936212278162,0.2953754559963163,1
0.9497528869402747,0.28879681610620744,1
0.9462026881970047,0.2934523499217965,1
0.9432499696556809,0.2979943667750534,1
0.9404619933724481,0.30099044215123605,1
0.9378335439224563,0.30886425965793524,1
0.9352284041565507,0.3236457884218011,1
0.9330427787850926,0.35417946928151406,1
0.9312388845674479,0.38008921473328094,1
0.9292015087866983,0.40946699260235864,1
0.9269710792277854,0.43093937419081235,1
0.9255106844645473,0.43770759496257666,1
0.9230899299014105,0.43526245431778515,1
0.9209862706441347,0.41899235042366123,1
0.9200977709482248,0.4080024198352176,1
0.9199634829962258,0.3999363411746075,1
0.9199497195620134,0.3927006407719765,1
0.9200381040653941,0.39090471951302125,1
0.9199709236417972,0.39215834337631267,1
0.9199091035240845,0.3890396656794423,1
0.9196091562474248,0.3904919829240677,1
0.9195757044238677,0.3924151041301713,1
0.9196046233948185,0.39643639699315286,1
0.9192941662305056,0.39299745158849153,1
0.9184809389265549,0.3920680581838254,1
0.9182382611229918,0.3852005573379849,1
0.9181447409193846,0.38909447350114384,1
0.917786096886548,0.3981186667314357,1
0.917547688550606,0.4054408827824727,1
0.9172493251102803,0.41750359742517,1
0.9169923181887149,0.4328668216920083,1
0.9179006301509545,0.4758624279072239,1
0.9187915721081676,0.4969425376930846,1
0.9204678662757362,0.5327960611333242,1
0.922048376959208,0.5621113682786328,1
0.9227533010699984,0.5695235814589191,1
0.9229970487579598,0.5700723366471713,1
0.9232884618675751,0.568368546588998,1
0.9241800731455962,0.5618902242102866,1
0.9247073984921745,0.5600031470724843,1
0.9244511342874193,0.5564529753672488,1
0.9245034672286483,0.5567539151367973,1
0.9242638219765639,0.5542206757537876,1
0.9235966740360564,0.5480718786789635,1
0.9233592127217789,0.5458644577446796,1
0.9239516515347316,0.5490093610702443,1
0.9243601075337688,0.5504681283580876,1
0.9273160520905526,0.5686372337962313,1
0.9324368671482337,0.5962844571969953,1
0.9360790448386015,0.6071692982754404,1
0.9394426979031226,0.608377951523282,1
0.9426976065932771,0.6052816177359904,1
0.945922392867183,0.6034041726637319,1
0.9489077808333874,0.6010504851351416,1
0.9518172714882893,0.5973986224670927,1
0.954286693956178,0.5828565706604968,1
0.9561234047828078,0.5697922363929626,1
0.9573931023924975,0.5516159684919638,1
0.9588493802083853,0.5358671317963878,1
0.9590005941867028,0.5304199100898285,1
0.9597620086427033,0.5298700273003739,1
0.9609885588682094,0.5446294196572701,1
0.9610197184075839,0.5451529869148601,1
0.960920590577792,0.5398277757418323,1
0.9609043687592957,0.5334620992590352,1
0.9613908711789094,0.5302797670790224,1
0.9623700465007319,0.527138518984807,1
0.9621015325121011,0.5292355843173214,1
0.9635670205913491,0.5296602015957212,1
0.9638459399890302,0.527495094940108,1
0.9644703920087856,0.5244788787626723,1
0.9644710099482582,0.5232087287378702,1
0.9675237405901396,0.5390636507926209,1
0.9690990671238757,0.5626524784120338,1
0.9691910760348034,0.566605492187398,1
0.9689773661388141,0.576701805513723,1
0.9687713096447893,0.5867281209051088,1
0.9685112957712698,0.5959905031597141,1
0.9682654507791957,0.6048003817655089,1
0.9679939770190358,0.6142069906368924,1
0.9679003871507138,0.6329127907949105,1
0.9678854608249872,0.6433645489898986,1
0.9680089735093285,0.6469452076460187,1
0.9685858671527493,0.6567920151130205,1
0.969162417915978,0.66388174382008,1
0.9690285671796777,0.6651771053211049,1
0.9690345558165495,0.6646482399572761,1
0.9697775081130222,0.6648402499387017,1
0.9697839887333725,0.6658882657836259,1
0.9698166599269239,0.6692140074193428,1
0.9697252333585944,0.6791441070970441,1
0.970250856509028,0.6984133858510666,1
0.9717745794211032,0.726312014378061,1
0.9737385976606456,0.7608878785126354,1
0.9764054382102154,0.8074805582663489,1
0.9778533583152078,0.8324075469155652,0
0.9789561700156955,0.8495584132057025,0
0.9802809038662932,0.8495084273401443,0
0.9811297622579973,0.8438739653268676,0
0.9817665817850738,0.8371968062446071,0
0.9822930349589104,0.8322255939438357,0
0.9827257894490993,0.8290236990198107,0
0.9834947178633615,0.8229893360760934,0
0.9843286409648513,0.8135672850417464,0
0.9853916778166649,0.8121136719869875,0
0.9869109361512243,0.8128315504238318,0
0.9886877180960614,0.8237513263675577,0
0.9904415486207259,0.8479800774937447,0
0.9913910616645222,0.8727594332931307,0
0.9908878274410453,0.8785098229437374,0
0.9896320741466738,0.8735239589368714,0
0.9881371900821534,0.8629323180461631,0
0.9868805847126554,0.8573099069064493,0
0.985660056818372,0.8466776966584613,0
0.9845748341010568,0.838842193794386,0
0.9847346597751614,0.8383118407039147,0
0.9840504892177926,0.8330249843004823,0
0.9840373827038362,0.8319497049775219,0
0.9839789794591509,0.8279162368754278,0
0.9839884360697384,0.8308828624247204,0
0.983868048548157,0.8282142945792862,0
0.9838980268890379,0.8310020808610221,0
0.9835683065027679,0.8350934077891469,0
0.9832208772479996,0.8285394145446358,0
0.9828986250740528,0.8217785983133896,0
0.9831130611240393,0.8177306110003162,0
0.9834357142213421,0.8123551609749221,0
0.9838681580773441,0.8045832116587808,0
0.9844405962206233,0.7915247151290088,0
0.9847929053245645,0.7747971636859564,0
0.9844651922308396,0.7429289216981048,0
0.9831083465562458,0.6916225689985728,0
0.982967520918203,0.6859089752725175,0
0.9829050168319109,0.6857617694162299,0
0.9827726500160014,0.6808227383677031,0
0.9825481261401534,0.6711356859230599,0
0.9825711969295801,0.6713915723452303,0
0.9825823424940208,0.6724004861657263,0
0.9821438881121238,0.6574824430343623,0
0.981758499179836,0.6412241517554504,0
0.9815771969830681,0.6357465150256398,0
0.9813981613827163,0.6304107582763598,0
0.9798474428161031,0.5940660479413938,0
0.9781535395061423,0.5604087040760596,0
0.9755071529395405,0.5262110907254542,1
0.9738461094159936,0.5384032124996108,1
0.9721229321117851,0.5687333417793511,1
0.9700292130933779,0.6057437159364438,1
0.9674850933147809,0.6388930162369884,1
0.965125109296582,0.6653193405728687,1
0.9627933347095202,0.6886189949342663,1
0.9610100588740307,0.7080178106286584,1
0.9584994907360798,0.7229775605668984,1
0.9570517214612014,0.7331241791584854,1
0.9552063353050979,0.7403520750836795,1
0.9532134773831458,0.7410710004695483,1
0.9518783601378614,0.7343492890159964,1
0.9517291230439546,0.7243205801927497,1
0.9522686146018885,0.7145002038744068,1
0.9534409939856552,0.7129709504749532,1
0.9547652804586704,0.7124907561175353,1
0.9562739164626168,0.7134670329852981,1
0.9579360409372699,0.715113830353362,1
0.9581163941430517,0.7106338024877737,1
0.9597171834542828,0.7097786430303793,1
0.9597339438225698,0.7042234564052465,1
0.9596741491005065,0.7000107458889226,1
0.9597060070371661,0.6995967475591415,1
0.9602966638227202,0.7045660940195739,1
0.959972046466277,0.7099004955571404,1
0.9597556142643173,0.6952363920440392,1
0.9597651497162802,0.673248060652938,1
0.9597818147127746,0.6535531445527027,1
0.9594011367658022,0.6395210399390087,1
0.9590321373704428,0.6320294329491137,1
0.9586556239355164,0.628397209846093,1
0.9583862238267888,0.6178973343220323,1
0.9583087284938587,0.612976063875591,1
0.9593085044042837,0.6252612677757282,1
0.9627857538324113,0.6611007709250774,1
0.9642101980805703,0.6745984795776448,1
0.9652078967715501,0.6787580042996046,1
0.9653172309916962,0.6772469351036218,1
0.9653157317446364,0.6770444126593357,1
0.9653261867679034,0.6770724531535246,1
0.9653628960196321,0.6749410262699829,1
0.9653474223255867,0.6749417373537101,1
0.9642611481735077,0.6581869706846317,1
0.9618849593895249,0.6275943134766022,1
0.959193569297067,0.5941978985074053,1
0.9571159218416047,0.5742285232241738,1
0.9554622962356973,0.5586287261751541,1
0.9518138360370156,0.5286572976775223,1
0.948857973832121,0.5131823008425374,1
0.9464779162751171,0.505229958328382,1
0.9450704624677628,0.4951494552422089,1
0.9444281924439638,0.4817948368525615,1
0.9437427420093717,0.4668248727039158,1
0.9421636493691201,0.451384926398166,1
0.9394757862996516,0.4375397885280528,1
0.9381090836667939,0.41728572362091476,1
0.9338691597816888,0.39981846542282057,1
0.9306161442709826,0.3831882270609629,1
0.9299782763671736,0.3738145001249079,1
0.9285119670610028,0.36292444667951523,1
0.9274944184557102,0.3506923381464673,1
0.9275191731402088,0.3512158341388321,1
0.9281178441976055,0.34795682057144767,1
0.928585115454536,0.3464389280853917,1
0.9284882970384387,0.3470310070774396,1
0.9288807914532113,0.3459311795515407,1
0.9289102558040453,0.34470939267286727,1
0.9289932287001608,0.345941686763715,1
0.9289684372930997,0.3465945236614917,1
0.9290215092091104,0.347151069958149,1
0.929083581342445,0.3473647203150932,1
0.9293042458701726,0.34700554147053164,1
0.9293475273901759,0.3494609282765255,1
0.9296229640762703,0.35883911915539946,1
0.9299726769323116,0.3754575240540841,1
0.930388684156384,0.40101291883384993,1
0.9308472681907043,0.43295135215179253,1
0.9313066596257802,0.46688429341807314,1
0.9317810644599962,0.5061453026754311,1
0.9327646248328337,0.5656954131078064,1
0.9337065685254782,0.6223938130205023,1
0.9342595806958726,0.6568273156507246,1
0.9343697893788747,0.6628297532770187,1
0.9341753328365122,0.6545394164809635,1
0.9341463049845689,0.6466545230562866,1
0.9343544155432053,0.6435075103500341,1
0.9345958866868582,0.6406631575243819,1
0.9346149945057298,0.6408311959626619,1
0.9346288569286629,0.6409314358980187,1
0.9346787906851302,0.6412169589700738,1
0.93506223468485,0.6451735736090992,1
0.9363504732559607,0.6566397880270457,1
0.9379950549163738,0.6715384164375797,1
0.9397355876625957,0.6867099004452343,1
0.9409283371299515,0.6978875938073137,1
0.9445468537655299,0.7276001099098668,1
0.9475079304649463,0.7291453090573355,1
0.9508235575035711,0.7088493522799645,1
0.9539214071885656,0.6807334633410085,1
0.9559545051560701,0.6699568175400277,1
0.9574615598394274,0.6665322311254371,1
0.9608492472334782,0.6485473574528774,1
0.9644022285312148,0.635902299942452,1
0.9677914310194589,0.6391129748978106,1
0.9718703248865685,0.6573712682029342,1
0.9751193577264122,0.6834444298377524,1
0.9767053887202558,0.6997176377513123,1
0.9781671212724348,0.7291067544986325,0
0.9786125415204308,0.7527783686215179,0
0.9786403398619483,0.7527422792488743,0
0.9779190879082718,0.7517166042740403,0
0.9771482588321498,0.7493795862833318,1
0.9771547800858984,0.7523526103263091,1
0.9767797025073963,0.7530774333501211,1
0.9766821504036394,0.755031625744025,1
0.9767247449096476,0.7555145127509724,1
0.9766296042191012,0.7572238554242977,1
0.9765449126918462,0.7591119277448637,1
0.9765974260946899,0.7595154835432479,1
0.9753538065785811,0.7518554575115842,1
0.9750279532374491,0.7245998366036243,1
0.9751333487303305,0.7110349824159834,1
0.9752912777753577,0.7011861288341535,1
0.9751955241511915,0.6630831087911482,1
0.9751899152192433,0.6362369512875418,1
0.975223186157093,0.6142517554885771,1
0.9752997838727139,0.6136689844300504,1
0.9752301411009681,0.6157159192428516,1
0.975195071601584,0.6214854227160684,1
0.9751947351495566,0.6251649777545613,1
0.9750840307125097,0.6280588313378641,1
0.9749810810014758,0.6322348724404709,1
0.9748614135779594,0.638869101873117,1
0.974842782358103,0.6446452267608185,1
0.9748866210306145,0.6501255506657683,1
0.9743291349802112,0.6550426730771458,1
0.9736058032664896,0.6597081345353519,1
0.973119786702934,0.6655973792674771,1
0.9710369597144143,0.6752694013279402,1
0.960716726146524,0.6429926652834503,1
0.9479757835100429,0.6134133449901,1
0.9348596912219049,0.5956996203627494,1
0.9290397282239957,0.5964094939463409,1
0.9256353483052568,0.5874765304182404,1
0.9215515073912759,0.5144264261810237,1
0.9189128872670971,0.4226076416711411,1
0.9184638941521089,0.3438192091982768,1
0.9196712107501372,0.26410386354179993,1
0.9221052776653739,0.19177403918955982,1
0.9228681058095121,0.12324618002152574,1
0.9236251903248641,0.06660143487194459,1
0.9208847213388288,0.021197986199259684,1
0.8994642996220514,-0.0077056205915063914,1
0.8926581885571818,-0.022532872169271932,1
0.8992135484647309,-0.01158038020726281,1
0.9213732482675657,0.010380420039373221,1
0.9344278317735685,0.0485827945639733,1
0.9373860830646465,0.08172475208871711,1
0.9389242613596749,0.1130434951764684,1
0.9403933529691231,0.14289179265498123,1
0.9421860311233299,0.16688120888505342,1
0.9441279025852549,0.19195949110708826,1
0.9466100334265641,0.22104639101626505,1
0.9490951401220076,0.25067856455626614,1
0.9513121502473364,0.2741495059073145,1
0.9535381858559224,0.2974767430267586,1
0.9559028252428141,0.3227318829417857,1
0.9568236523362882,0.33114261649327603,1
0.957343482479815,0.33025661893646147,1
0.9580233629502191,0.3187057662457477,1
0.9582277963170427,0.314527924114081,1
0.9588526591604589,0.30127477760803906,1
0.959529725321145,0.2933690937192227,1
0.9602939498196454,0.28989807866960665,1
0.9616419378351386,0.2860081710445833,1
0.9631271963459908,0.2934059884848643,1
0.9647346368369847,0.3094847639903568,1
0.9657109138189635,0.3285558709325071,1
0.966490324109063,0.3438388877639966,1
0.967152154897458,0.35562631348008367,1
0.9674501217086979,0.3596693215619289,1
0.9681483510504489,0.3686692913816702,1
0.9685574524190566,0.37374899249624943,1
0.9683278844413419,0.3707428636304332,1
0.9679473032906566,0.366026401548196,1
0.9680044892149584,0.3671309086922839,1
0.9667511817009486,0.35193607077020234,1
0.9645462943219891,0.31662223476906115,1
0.9619133315843067,0.2686490118202111,1
0.9599698036569209,0.21420614220813064,1
0.9569555172778219,0.17415112962404097,1
0.9545934245913492,0.15262271972881752,1
0.9541080287870369,0.19276970388985187,1
0.9543217923932887,0.2666292649352379,1
0.95390979126292,0.32969258716964894,1
0.9533904674042538,0.39132141941877896,1
0.952429126871092,0.44018864516424666,1
0.9520394426755207,0.4927135149106918,1
0.9520459418255474,0.534312614949071,1
0.9515133484872522,0.5650415123863404,1
0.9511947176793396,0.5811116389792177,1
0.9497483779259867,0.5854005812119677,1
0.952871077619224,0.5978602356729299,1
0.9541209273690536,0.5897811547852084,1
0.9561216300412689,0.573341800097219,1
0.9572227698207738,0.5545960319626063,1
0.9610522410805467,0.5522776335227289,1
0.9657701056838819,0.5549295905007707,1
0.9687076985913616,0.5538890663337218,1
0.9719542688649898,0.5546375959355627,1
0.9753959264450245,0.5599884480975118,1
0.9797680666512861,0.5759225089973208,0
0.9817571827117094,0.5729087342307587,0
0.9835147375814379,0.5699005131203371,0
0.9847383921341013,0.5662209204065671,0
0.9853268401157027,0.576545529396055,0
0.9850437530444938,0.5800000970253605,0
0.9847209949643811,0.5763402820292747,0
0.9850260296493536,0.5586474375864637,0
0.9855547368506363,0.590363100224753,0
0.9859559896082046,0.6170947433786089,0
0.9863718636172973,0.6452035107390708,0
0.9867459638609364,0.6761263100995142,0
0.9870743384801899,0.7015766933924071,0
0.9873144034483119,0.7218762868897791,0
0.9874245127096446,0.730295150086568,0
0.9874559194245474,0.7344083091875585,0
0.9874519363412401,0.7328189275555166,0
0.9874295882562426,0.733196315976117,0
0.9874234261940532,0.7306656804660913,0
0.9874392367139453,0.7320246544572628,0
0.9869932627049254,0.7179414709348494,0
0.9865735960373369,0.7041031864914298,0
0.9861140452883141,0.6843865566127486,0
0.9856625015121034,0.6692515712550526,0
0.9839805395455524,0.6256298351089203,0
0.9820847514403912,0.584895303068213,0
0.9792427518370712,0.5286099130802123,0
0.9776743904542438,0.502449441275877,0
0.9759453502361495,0.47427594717683613,1
0.9743028025483252,0.45586790843073377,1
0.9723110802705817,0.43652376767146284,1
0.9695540522998869,0.42228915516823046,1
0.9673362895243909,0.4101700932316683,1
0.9654128623070699,0.40704754709056096,1
0.9638293362088137,0.4103947760930194,1
0.9624552607262966,0.4317668968190814,1
0.9610089064802916,0.44719878076729586,1
0.9593913772915553,0.46643836840677394,1
0.9582095267399566,0.46605715702564093,1
0.956905457029146,0.46980271420677966,1
0.9564871058389515,0.46804573677722044,1
0.9561780747236002,0.461309013100554,1
0.9561765415455302,0.4586608998541022,1
0.9565770672324831,0.45332971660866395,1
0.9566245450245066,0.4539787877367739,1
0.9567888760605079,0.45445578830463146,1
0.9568360840004762,0.4557957355375431,1
0.9569135840608274,0.45634870590650883,1
0.9570839584426685,0.455876702631873,1
0.9570417314928554,0.45850184663561927,1
0.9570431449421555,0.45858237914520955,1
0.9570129011993435,0.4558152619297605,1
0.9573735796128976,0.44507521270040246,1
0.9581211154603592,0.44820320746478476,1
0.9587435211165292,0.44630016954278967,1
0.9586839236769393,0.4367017165681136,1
0.9585184823808734,0.42420350750685265,1
0.9584141969908695,0.4198849704482731,1
0.9584447204815312,0.4166083212832322,1
0.9584130208166176,0.41491521329814723,1
0.9585063366115112,0.41421745553256534,1
0.9586466229955591,0.4183543514305083,1
0.9587043412629985,0.4175407941581329,1
0.9587913633360271,0.4194381279157933,1
0.958935563492586,0.4238264702001135,1
0.9590386437237127,0.42748144750292183,1
0.9590708371537071,0.4253701375549384,1
0.959078619903456,0.42480546320685086,1
0.9592877767407967,0.43590769722094824,1
0.9595412790848628,0.44669827092135755,1
0.9598406425729356,0.4580090826543801,1
0.9601740045225409,0.46738870658222376,1
0.9616329457764071,0.49386552244673243,1
0.9633678592014219,0.5210043820118901,1
0.9650688736276491,0.5442853655062465,1
0.9661188291828842,0.5556098792763611,1
0.9664327635776049,0.562510304560426,1
0.9664958946985566,0.5662773636271659,1
0.96637245335717,0.5748824587525139,1
0.965838120155564,0.5900407027132474,1
0.9641868521509507,0.6124188322426329,1
0.962522972671157,0.6371736554245218,1
0.9605755495482372,0.6607468483623007,1
0.9591185483132161,0.6771323333399321,1
0.9593240691196704,0.6832630419486998,1
0.9596744331781006,0.6885633479555286,1
0.9606044183475783,0.6935721752228748,1
0.9617283562561942,0.6990869050850633,1
0.9620151316785326,0.701145583531187,1
0.9622733765959872,0.7049597823810595,1
0.9623279542838704,0.7095112150044858,1
0.9614289792798536,0.7129439911715068,1
0.9605205806641437,0.7133403510631119,1
0.9587842601479468,0.7112952839781851,1
0.9579820800281171,0.7117392396108214,1
0.9572039098501128,0.7129294589633567,1
0.9565213164350378,0.7148489057145608,1
0.9561066476308184,0.7190680675249922,1
0.9559332855697777,0.7244619015037822,1
0.9559062083971299,0.7279026095298672,1
0.9557574584652524,0.7269718718810829,1
0.9556901346343074,0.7226667251183843,1
0.9555633430526207,0.7130320816463842,1
0.9554000215751131,0.6994499476473298,1
0.9552411658104565,0.6851863799806265,1
0.9551449194301274,0.6697025984733158,1
0.9550729985014236,0.6581345839106991,1
0.9549658077470304,0.6498545325704043,1
0.9549133494478235,0.6421965221446927,1
0.9549330734218726,0.6356960033901583,1
0.954903924935546,0.6351815826777523,1
0.9548747498218612,0.6359310243739374,1
0.9549037013000596,0.636794070231893,1
0.9548452172732251,0.6358100301168789,1
0.9550172410996475,0.64015489159638,1
0.9551675381610496,0.6451524947467521,1
0.9551689894510327,0.6537310842774936,1
0.9551384315351489,0.6634096331050509,1
0.9510344265417601,0.6647278439850706,1
0.9409275137705468,0.6457914790999564,1
0.9338835922928115,0.6447672493479036,1
0.9294097590444267,0.6565176516642137,1
0.9277398148527765,0.6822988790381446,1
0.9272655483828223,0.6911399187199929,1
0.9278009286243429,0.6859729483191932,1
0.927414171096987,0.6194520540683254,1
0.9271998655251275,0.526732786373818,1
0.9279672381205867,0.4222557858316759,1
0.9292908824156623,0.31592612167099654,1
0.9307438698738152,0.2083601950481035,1
0.9326930430998476,0.10857481036427884,1
0.9239276423343812,0.009204605377169474,1
0.8990749898087471,-0.05486190923735044,1
0.8991243120157175,-0.10482698634391294,1
0.900540435943868,-0.1300630727967998,1
0.9025894837882804,-0.13243636638320747,1
0.9053021476013801,-0.11916018806954416,1
0.9088164858952223,-0.08749979028877339,1
0.9136402410880382,-0.043159209372493436,1
0.925827054905144,-0.008244957351100833,1
0.9481433366340417,0.02330056572252435,1
0.9518896077224692,0.05068030663070364,1
0.9532793697524384,0.0813010922454302,1
0.9545612598557418,0.1119417498110968,1
0.9559751248298363,0.14345440786321204,1
0.9576567173772217,0.1779685220409306,1
0.9595606608843553,0.21509392946807357,1
0.9614530453621164,0.24558556998442066,1
0.9631751194735109,0.2658618287313511,1
0.9646863516300828,0.24796440651764698,1
0.9658887609717997,0.2100334281316726,1
0.9672640491934933,0.1817982126298852,1
0.9685312245700742,0.14002746760677967,1
0.9694997857447276,0.12381219802514119,1
0.9707498111467912,0.1011132904883035,1
0.9718998442612391,0.08558768328533947,1
0.9731629551086212,0.08415034161706511,1
0.9744575034067973,0.10291958089628488,1
0.9758933741534224,0.12162001231263432,1
0.9771817272612981,0.1464734032070347,1
0.9785744978042077,0.16753214988170229,0
0.9800062639296703,0.18423709383244805,0
0.9818157033766226,0.21781543009513574,0
0.9840105188789109,0.2667666393456777,0
0.9859792831317646,0.3224705308168871,0
0.9878857421027588,0.38097131207028934,0
0.9882985789893957,0.3973360529693428,0
0.9881564356039994,0.38584786218969713,0
0.9860907910866963,0.3159220036543356,0
0.9842657193624231,0.25542522533503287,0
0.98232204001296,0.19622514325209467,0
0.9803784759031491,0.14477470905035883,0
0.9787391101967713,0.11345306129438468,0
0.9780987420129521,0.13802158667341377,0
0.9780239977554217,0.19282400612588377,0
0.9782975594292426,0.2568501219494701,0
0.9786442504154774,0.32589641306928696,0
0.9790470000502762,0.3921187736463912,0
0.9797300057901044,0.4343818524601978,0
0.9804000940188333,0.47733601924978075,0
0.9804100019174867,0.5103411562681822,0
0.9805613628940177,0.5389869109923617,0
0.9804442791222545,0.5502904640122672,0
0.9805159557109342,0.5540500816213763,0
0.98063690247043,0.5603231778886646,0
0.9807232418440639,0.5638505632353923,0
0.9807237899126102,0.5638720539202858,0
0.9807231777045466,0.5638479789858095,0
0.9807312629677124,0.5641683664237883,0
0.9807428243541298,0.5646269801703386,0
0.9807405277185309,0.5645355798077669,0
0.9807345370564504,0.5642962195110309,0
0.9807268893021137,0.5639914716840676,0
0.9807221673189687,0.5638052507037591,0
0.9804509734245155,0.5427734427061306,0
0.97960030514495,0.509062052736035,0
0.9792906844459833,0.49290283556480713,0
0.9796330355030396,0.5144724524657591,0
0.9805739058055358,0.5567053012256307,0
0.9804469377392493,0.575971757648779,0
0.9803202143132277,0.6138017193575794,0
0.9794308823319308,0.6165847166446046,0
0.9786222831348734,0.6267264206068605,0
0.9779263825876134,0.6350835769236036,0
0.9774453025251724,0.6401646200630204,1
0.9770496419551095,0.6452483719799191,1
0.9766155205271158,0.6483568158614712,1
0.9762885822050122,0.6420579727842216,1
0.9759518256252828,0.6351152404774673,1
0.9756178793036867,0.6307768120002935,1
0.9749053693969605,0.6160639075821548,1
0.9739954309439603,0.5937417669083183,1
0.9731602687894183,0.5665921155023825,1
0.9723956720271743,0.540727481808261,1
0.9715576038773217,0.5126700802162996,1
0.9702725010543676,0.4772849158020239,1
0.9700163320775724,0.47339558854877767,1
0.9686762316510102,0.45426846381346214,1
0.9658148801105934,0.41829379677083445,1
0.9628891605046819,0.3934566380772242,1
0.9594910862390515,0.3724871218376424,1
0.956503082677439,0.36893899515222633,1
0.9534620518290209,0.37296679401895944,1
0.9503617699644547,0.3862365656781941,1
0.9470093267524726,0.4039116918084024,1
0.9429965062319523,0.43282449509590865,1
0.9401348151011986,0.48938656863264,1
0.9372939928483808,0.544462809563912,1
0.9343427623465105,0.5663346569204077,1
0.9311565568779366,0.5846370191240968,1
0.9277804294446067,0.5950178529710656,1
0.9255484577643804,0.6146771938117067,1
0.9237485007326379,0.6131204352403724,1
0.9231409395001599,0.5971094625182211,1
0.922674145805668,0.5611068108303143,1
0.9237674084508124,0.5349597410622767,1
0.9261229964518161,0.516302056508621,1
0.929312873144803,0.49996567077189097,1
0.9334242473232852,0.4858891246128195,1
0.938607635756187,0.47337471292383093,1
0.9452930955842249,0.4654463963138648,1
0.9538118252184772,0.45886847346177434,1
0.9553003690522028,0.4429493611526718,1
0.9551877808476241,0.4270007307727133,1
0.9557585396462142,0.42238905582442265,1
0.956104975853022,0.4231614155372068,1
0.956931212408305,0.4366817599293603,1
0.9573539705898951,0.440472933663268,1
0.9566677130778187,0.4029535556971532,1
0.956491072087994,0.3887354341497363,1
0.956441749701108,0.3832526871980286,1
0.9559418421265523,0.357621462333309,1
0.9558356683788132,0.3507179744209898,1
0.955792153500421,0.3496128799254042,1
0.9558014229815812,0.3500485437554888,1
0.9558681690134183,0.3519318776674736,1
0.9560030158204389,0.35474785232304595,1
0.9561001873352584,0.35679307193491605,1
0.9562383727457855,0.355406301644456,1
0.9562629776661719,0.35496624120888653,1
0.9564040253912247,0.3526653757833825,1
0.9565167613365483,0.34733139535708246,1
0.9565200903445175,0.34736160737013333,1
0.9565867188453521,0.35165338346747405,1
0.9564843525605143,0.34375865762600505,1
0.9560835989937064,0.33691094539103444,1
0.9573382837209323,0.351796259661614,1
0.9575493592792146,0.35164301807826337,1
0.957502668249653,0.351277971365703,1
0.9576045459329299,0.36012274780361536,1
0.9579411065809423,0.375249793379447,1
0.9582172840660144,0.3950507913023583,1
0.9572539862615833,0.4214418675762736,1
0.9572358624093098,0.44303815301330735,1
0.9567098144588876,0.45777459248931174,1
0.9569435403275568,0.46805833216198134,1
0.9570765346132311,0.4737046436530069,1
0.9572507639663013,0.47783408898941304,1
0.9574067111888782,0.4771178537477912,1
0.9583046243425186,0.47644423948437065,1
0.9595312958637421,0.47807583799886555,1
0.9597850173409261,0.4782465598853594,1
0.9597282818122359,0.47741313821285913,1
0.9596848908026513,0.4760003052953788,1
0.9597215975425513,0.47476679664374843,1
0.9598294040935113,0.4720539214651646,1
0.9598842390658364,0.462034370907188,1
0.9598358146614867,0.45192747928971927,1
0.9600044927027125,0.44770589714929065,1
0.9599231931710639,0.43732074055756015,1
0.9598243733623345,0.4295369324934394,1
0.9595156766061828,0.4225959727195294,1
0.9595872865449329,0.42543352604478457,1
0.9598506712512781,0.43149143661752953,1
0.9596474023894339,0.42113568841982185,1
0.9596695891192456,0.4192880139114598,1
0.9601850320309588,0.43480350649166016,1
0.9600967133563854,0.42959719953478265,1
0.9600513059065955,0.42992538477618464,1
0.9606663422972991,0.45414048829040493,1
0.961091513539778,0.4722042606485872,1
0.9615262902830228,0.4868210295639779,1
0.9618727836285168,0.499273833904267,1
0.9621153580793005,0.5052227607410272,1
0.962187696801995,0.5022186961093057,1
0.9621960740596989,0.48949402600890024,1
0.9622629506765543,0.4722721143219116,1
0.9625358785130169,0.4541827850248914,1
0.9626907129976443,0.43781889491760306,1
0.9626936543854738,0.4233055903971716,1
0.9629939177210745,0.40672243569806804,1
0.9632010915195659,0.39583323486143845,1
0.9629359096647719,0.3846114028045413,1
0.9631194007523798,0.3912789552900723,1
0.9633630679632811,0.39795460397677856,1
0.9649582233992855,0.4204903404414002,1
0.9673613534696002,0.4434580108470612,1
0.9689621465255132,0.42589274756667966,1
0.9701131927313777,0.38323722053764003,1
0.9713441206641913,0.3311654124722703,1
0.9746124404979242,0.27299176332170105,1
0.9784104754410707,0.2291384706343308,0
0.9806304160749362,0.17494332533547466,0
0.9820843411654072,0.12709219380392547,0
0.983700832369389,0.09648726841411528,0
0.9855242011085232,0.0762766072308339,0
0.9874898705718791,0.06994477396177569,0
0.9887228161417436,0.08058690707061783,0
0.9887329609483748,0.07925126457704598,0
0.9886485946721919,0.0728615087263393,0
0.9890861034696455,0.09374695242043225,0
0.9890852285071687,0.09358772189632367,0
0.9892429719516072,0.06365583307813423,0
0.9884890660691041,0.037460906690180935,0
0.9885903233974953,0.03919234448045623,0
0.988859765326563,0.04283097449442729,0
0.9646062373744535,-0.0033743856721025153,1
0.9495928355794353,-0.027250029405271083,1
0.944737541100063,-0.06715850416346518,1
0.9451537651177339,-0.06720041704136907,1
0.9418769782598038,-0.13307746343727664,1
0.9443745976404718,-0.10382906767901048,1
0.9889616408765013,0.03886548253517295,0
0.9898943231229584,0.12331866090179383,0
0.9898022259999895,0.19889994875675499,0
0.9899318558745058,0.2624616292504735,0
0.9897340466767135,0.3069089415546872,0
0.9896337104382067,0.34892908260790206,0
0.9891477680788271,0.3640418819943818,0
0.9886089598543153,0.37081504144037425,0
0.9879260039561937,0.36408763262700566,0
0.9869721834387515,0.3464264796994376,0
0.9858022458774894,0.3178915530625171,0
0.9843744223674501,0.2769763789806193,0
0.98300590315757,0.23797533335579352,0
0.981565569669307,0.20125653705830251,0
0.9801963875756349,0.16731230678461562,0
0.9784627762054554,0.13031154044932422,0
0.9757881321559374,0.08373039627965415,1
0.9709605267582804,0.032029235540601615,1
0.9320268083393421,-0.017413186450092082,1
0.9161360306686545,-0.08309229583005781,1
0.907267188354481,-0.14098737503096362,1
0.9002447773761186,-0.1850365952908951,1
0.8940071920270999,-0.20811572937046713,1
0.8912546520225076,-0.17197016982840532,1
0.8907027658753224,-0.1061922198542249,1
0.8945221195959294,-0.023300239390667058,1
0.9268021885787638,0.06315717067552815,1
0.9231273174879923,0.1380284505138457,1
0.9196567294049529,0.2222851529767743,1
0.9159864279222333,0.30049517209712995,1
0.9115972977896873,0.3530231152934761,1
0.9068528845111112,0.39340543320292976,1
0.9015685324154644,0.41189608997465554,1
0.8952601589034512,0.39602561593797786,1
0.8898502335618902,0.3675886517278695,1
0.8872619060152855,0.34060487131230177,1
0.8864180728972695,0.32138193369031437,1
0.8874412451627812,0.3131635308808202,1
0.8887474316497281,0.3059579758460126,1
0.8908717999451217,0.29897152558170076,1
0.892786016522251,0.29253472737524816,1
0.8947749338671585,0.28613039978690646,1
0.8959317961161738,0.2809397004788102,1
0.8966326744627613,0.27875812842093267,1
0.8969160962681716,0.2778652262254407,1
0.8971208836159732,0.28077183894000124,1
0.897942930047549,0.28565875386226436,1
0.8995811893099491,0.3207957581184758,1
0.8998391309277363,0.33364327475031197,1
0.9000093274712069,0.3448084265791281,1
0.9001237160863921,0.35199290285960116,1
0.900217894405355,0.3629763980203651,1
0.9002293760844309,0.37310531012404546,1
0.9000997944405327,0.38655091196233976,1
0.9001342963358592,0.3893002500189722,1
0.9002440069772326,0.3937548803295458,1
0.9003578006346353,0.39672977015283545,1
0.900466669474235,0.3972225454065672,1
0.9005630834207232,0.3967677324332969,1
0.900729103786744,0.39974744399605544,1
0.9009820322179719,0.4044821418672585,1
0.9008487842164951,0.4157008399035467,1
0.9009811080417549,0.4253040449718388,1
0.9014810534629204,0.43734808246496665,1
0.9031991165754445,0.4558009220638674,1
0.9052951513133125,0.4714305187201215,1
0.9094129873381429,0.49863621566676036,1
0.916473415211067,0.5433128154690455,1
0.9231951409556136,0.5879272289296554,1
0.9287023442556264,0.6217334106067356,1
0.9337127269723249,0.6466057505758479,1
0.9381737341905021,0.6437565452389801,1
0.9424769222303615,0.6245304900829703,1
0.9460808004182674,0.6026084703721741,1
0.9491164079292143,0.5850926878499366,1
0.9520529319414323,0.5682619840645639,1
0.9559561000506454,0.5398369325002336,1
0.9601037702622591,0.49713972006885754,1
0.9647446878311885,0.47872201284716825,1
0.9695811331723498,0.4745563188547348,1
0.9748275466842475,0.5026770571754166,1
0.9803297572469967,0.5677158193302981,0
0.98450581836746,0.6566408459131416,0
0.9858152173762331,0.7153011224033969,0
0.9857304807184362,0.746306192380247,0
0.9817424663831562,0.7128910495854877,0
0.9778351069687772,0.6892303357326154,0
0.9747853662621937,0.6768684635383778,1
0.9723973952735038,0.671632313953023,1
0.9705899335518908,0.6703783438057399,1
0.9690413919099051,0.6716614509609788,1
0.9686035017731924,0.6771494738242652,1
0.9685213812313411,0.6811972546349574,1
0.9684900495825487,0.6815281793720229,1
0.9683717597828517,0.6796600359694961,1
0.9679517074481491,0.6444747124266296,1
0.967920983093196,0.6127616359313657,1
0.9681827857912619,0.5906038512747726,1
0.9683552945938643,0.5544386533087001,1
0.9684307506572585,0.5104222884754325,1
0.9686742434049331,0.47326498925770477,1
0.9689919470825268,0.42539864738058236,1
0.9691701939687967,0.39281153178209827,1
0.9694534448464993,0.37087622872738696,1
0.9695270374469738,0.355766025104331,1
0.9697687094064019,0.35163097406941085,1
0.9702207323881162,0.3570602278502981,1
0.970917318818559,0.38018977646867486,1
0.9717503856609286,0.40800237212323526,1
0.971832103325958,0.41847182251420306,1
0.9719960956288414,0.43161511984798595,1
0.9721681278454923,0.44469342074779405,1
0.972449784695611,0.45707363649917176,1
0.9734990766815399,0.48499625999140755,1
0.9744292053848711,0.5078473295921062,1
0.9754931300631391,0.5339713116842347,1
0.976815947041714,0.5675240321774861,1
0.9788373636970875,0.6055044420027939,0
0.9811727512586028,0.6451861484909492,0
0.9827235986697633,0.6534133866888691,0
0.9836053685652457,0.6557699809353602,0
0.9848359780108731,0.6645048618728983,0
0.9858269601018878,0.6875772936540188,0
0.9868278436395277,0.705395620416182,0
0.9874341518499716,0.7128675560198977,0
0.9875800200746605,0.7185130328938563,0
0.9877916347386457,0.7262593821663952,0
0.9879620547425247,0.7354494098305504,0
0.9883200611428953,0.7466338980477313,0
0.9877706972300684,0.7356789821656925,0
0.9877650290158727,0.7324674629009942,0
0.9878725714061896,0.7373860967304636,0
0.9879480811047865,0.7416933178757356,0
0.9883767252425302,0.7397457578402507,0
0.9885847150482068,0.7397239364527961,0
0.9885447514274046,0.7384324647078123,0
0.9886486117886809,0.7381713759084962,0
0.9889310183283141,0.7373354250852214,0
0.9890204379444367,0.7363204076036378,0
0.989022285406109,0.7361085667052037,0
0.9890533485169777,0.7408036374566591,0
0.9891492474262581,0.7445975277396587,0
0.9891686118026362,0.7455090391677242,0
0.9891576033010301,0.7421049976952971,0
0.9890108988597099,0.7271578856289682,0
0.9889619800044686,0.7294467912667592,0
0.9888676693824723,0.7425548252599611,0
0.9889365524583023,0.750798603693987,0
0.9888892503698068,0.7604043079600848,0
0.9887466772136593,0.7774214492022337,0
0.9887789459113396,0.7869707009743685,0
0.9888244071023399,0.7933308837588463,0
0.9889279778811032,0.8000176254789397,0
0.9889661609733953,0.8025982777829065,0
0.9889903828039945,0.8024244897269865,0
0.9889370991366921,0.7956552970689246,0
0.9888044435984377,0.7851367883094967,0
0.9887170003363261,0.7747806148084286,0
0.9886437012956331,0.7654398778430826,0
0.9883766777704368,0.7479861703312115,0
0.9880957690672141,0.7320709004484244,0
0.9868249996625771,0.6876156855344076,0
0.9851679566474436,0.6403465040270917,0
0.9836191441370332,0.5956128281689423,0
0.9821034712046891,0.5548435789618475,0
0.9798710519567015,0.5085757622633653,0
0.9776165721533547,0.4715952920663917,0
0.9762034191298293,0.47481192328278327,1
0.9750952546207845,0.48418663988000255,1
0.9741502950547252,0.4909372076622913,1
0.9732953513575573,0.48357786411772374,1
0.9722913439268835,0.4766942741285445,1
0.9714539726570381,0.4770596073919092,1
0.9704853823092486,0.47627183956371955,1
0.9697836611155219,0.47459961356815916,1
0.9685797880904232,0.46772041107140283,1
0.9677967417467845,0.4611255340919232,1
0.9673573525027893,0.4552407392828565,1
0.9668455919574652,0.44586871562579206,1
0.9668438075455228,0.4399851112112933,1
0.9669416847992258,0.4339378252017781,1
0.9673254707144597,0.4246196521732929,1
0.968428544077409,0.41906086239417467,1
0.9698037768376777,0.4144845348757282,1
0.970928347740172,0.40926557746541886,1
0.9713868651733899,0.40540471033203074,1
0.9723410845511458,0.4028247151841667,1
0.9728495652449551,0.39661595382851406,1
0.9731579959364809,0.39197075840139717,1
0.973349604206009,0.38770204347608894,1
0.9734403645411722,0.38878675572875926,1
0.9742059635452174,0.41163144227003756,1
0.9749156167535459,0.448005712008393,1
0.9749813774707135,0.47491661576327476,1
0.9750797699362255,0.48876969814005994,1
0.9754178551444377,0.5202445820828304,1
0.9755184017388477,0.5365904371613395,1
0.9755264496687899,0.5420019847878427,1
0.9756670853857932,0.5609895468915397,1
0.9758468991543401,0.5722729820310242,1
0.9759011859826663,0.5777351668034796,1
0.9758520989489188,0.5819201689697311,1
0.9756556970568727,0.5855539227136431,1
0.9754218892595921,0.5881018292046851,1
0.97532107272573,0.5898678941541391,1
0.9753124643741979,0.5915661921223817,1
0.9752893943594432,0.5927919700003585,1
0.9752668804392421,0.5976830811074101,1
0.9752707510753755,0.6022681350958999,1
0.975978337836868,0.6248705126469337,1
0.9770011115625994,0.6557257172037422,1
0.9778538892113331,0.6895189028479772,0
0.978848664983333,0.7254144584591294,0
0.9808012311284149,0.7749066306396651,0
0.9826820408409125,0.8120147482430686,0
0.9837403062179164,0.7902124471745839,0
0.9840930705928962,0.7235896706974122,0
0.9846803780702957,0.6615724664810831,0
0.985918146674043,0.6010137396693768,0
0.9874439344131136,0.5526083071626803,0
0.988226315382656,0.4978844297183899,0
0.988632374903684,0.4261288988884071,0
0.9894202257103917,0.3953114626121871,0
0.9909586426759394,0.4005549906619844,0
0.9923031683171318,0.42745447617123644,0
0.993136285968558,0.46501273842425067,0
0.9938900461590385,0.5102928101576568,0
0.9939792795527589,0.5234350810177358,0
0.9939880875105982,0.5241971201890199,0
0.9939907572753919,0.5244556913503886,0
0.9939172656475695,0.5067199989479587,0
0.9938285452147632,0.4908665209462932,0
0.9938235726420088,0.477897095505987,0
0.9937610196918624,0.4658042747555532,0
0.9936623111222961,0.45299958459537026,0
0.9936961621288841,0.4562640253212587,0
0.9931477151625987,0.4701067043513823,0
0.9932046830472419,0.47151134277511014,0
0.9930879530465272,0.4725546118550473,0
0.9930549253021135,0.46870748428828596,0
0.9930035017288426,0.4541375984882651,0
0.9932388991604731,0.4526124397964125,0
0.9927787713209766,0.47007232241352803,0
0.9926939572859451,0.48528276654536273,0
0.9926139380873605,0.49336704691004507,0
0.9926314855469742,0.49691610032903505,0
0.9926901224338286,0.4977259943628781,0
0.9920578728569804,0.4905139191694225,0
0.9913115200111084,0.4754196807741378,0
0.9903824349659823,0.4431922458180836,0
0.9893078281209742,0.3967006880522786,0
0.9884226391587417,0.3448165065848831,0
0.9875764481281548,0.30779757702436944,0
0.9875018885032997,0.30930158388886775,0
0.9874801583725783,0.3125419970115328,0
0.9875817150963833,0.3189097838025004,0
0.9876668569737812,0.3226698844118014,0
0.9873959523032061,0.3078154696521457,0
0.9871556695580457,0.2917843970311482,0
0.9858125945738316,0.2355661162760011,0
0.9845468157577069,0.18515778436166613,0
0.9823560933802753,0.1235374478295862,0
0.9767523323833192,0.06162118127260243,1
0.9729428435167595,0.10719354593188504,1
0.969383952224707,0.1991166046814587,1
0.9657615074397972,0.28456131600927026,1
0.9620732948560626,0.3629676497084644,1
0.9580933110714307,0.42734584007277177,1
0.9540641210800577,0.4888376518631879,1
0.9504904619664383,0.5575354448631984,1
0.9459887814577883,0.5945076277698093,1
0.940852942218512,0.609871731341319,1
0.9352230188208432,0.6054518738249418,1
0.9342005484525702,0.6087331967225508,1
0.9334756619599065,0.6008332661174128,1
0.9336417171021569,0.6005911772516438,1
0.9336305735777874,0.6021745950382064,1
0.933152742137328,0.6058665302968631,1
0.9310919275413075,0.6091897674916162,1
0.9288994798040259,0.6120739292741015,1
0.9286473422351287,0.6156532856246764,1
0.9284436319483276,0.6195327484688038,1
0.9282401654975212,0.6230994725900653,1
0.9281714115773683,0.6257715182633493,1
0.9291563883122171,0.626119058615696,1
0.9291689498171651,0.6275728239973141,1
0.9291963674780316,0.6288956424189114,1
0.928908989859401,0.6196141326556275,1
0.9286261530776292,0.6051223759464419,1
0.9285577094349342,0.588994960368533,1
0.9287373144988672,0.5372063140023472,1
0.9286886032565093,0.4972594306084139,1
0.9286777180005981,0.4640240875676953,1
0.92868083850366,0.44107007286860783,1
0.9287559322663227,0.4236421684189555,1
0.9292660653270569,0.4079116160982642,1
0.9299229702049805,0.3996374017444758,1
0.9307233399092846,0.3989766655302181,1
0.9318196993534499,0.4095074218806954,1
0.9328514129430292,0.4254617874229873,1
0.9337889645998587,0.4400580725990984,1
0.9338990192884107,0.44345187223465504,1
0.9338547899596426,0.4425454233675397,1
0.9338198836793754,0.4414739370085956,1
0.9337124373605878,0.4389656640711523,1
0.9334716895220054,0.4360649926218814,1
0.9315696509248346,0.4193390947488952,1
0.9301503258728907,0.4080766106166599,1
0.9245135828646038,0.372693906422226,1
0.9202565932236151,0.35213921831797107,1
0.9198493028617416,0.35239017541851736,1
0.9194631760111274,0.35869052472143187,1
0.9197533309793569,0.36740633120759775,1
0.9200764814575442,0.3764736286826702,1
0.9203488461572245,0.3839888540986603,1
0.9205892045791708,0.3906491281899695,1
0.9207046534279166,0.39405154189893965,1
0.9207417288096553,0.3951956950324103,1
0.9207529129257025,0.39556320230082326,1
0.9208439879133874,0.39873986158986957,1
0.9209348635982009,0.4015773617703479,1
0.9167845876329076,0.3823772367300237,1
0.914602526753644,0.3671731457510068,1
0.9132261262663339,0.35351347354507207,1
0.9132403456074583,0.3533798430916555,1
0.9131867077048038,0.3491258485128893,1
0.913854355227745,0.3398320129654363,1
0.9148979701177182,0.3312749908472834,1
0.9149263156060095,0.32887403348584354,1
0.9149376643462949,0.32401913203066735,1
0.9150120562863756,0.31927992169419445,1
0.9150345421925759,0.31626763894910215,1
0.915086925601303,0.3136473595033393,1
0.9150945957828609,0.3125955511876759,1
0.9152891708150845,0.3112779773256575,1
0.9155208921593959,0.325707694420904,1
0.9159002761441707,0.34856730448196327,1
0.9159307584595409,0.3623801158898295,1
0.9164500910941947,0.39513025162759735,1
0.9169949736847416,0.42810571782274415,1
0.91750678443334,0.4572358560093912,1
0.9177042909363025,0.4688525379066931,1
0.917965176649846,0.4819125419606494,1
0.9180767342263306,0.48812056373463464,1
0.9181810140065478,0.49546658073774097,1
0.9183886225286528,0.5007348763020733,1
0.9184804445927102,0.4980406847684746,1
0.9185596110166003,0.49432425714272116,1
0.9186811744197385,0.4916931543438542,1
0.9188699436486413,0.48940671459377716,1
0.9187663439773881,0.48501948480391316,1
0.9183166373390853,0.47636487995946514,1
0.9165393632153134,0.4590043654492158,1
0.9144680117563277,0.4430411122289012,1
0.9139818490821499,0.4387510710065206,1
0.9139012929673389,0.4373312883035622,1
0.9178596647208752,0.45732867682937806,1
0.9178800486760212,0.45880768145505263,1
0.9189717901178123,0.4615679665651337,1
0.9212014079111875,0.4497900284427803,1
0.923929861285141,0.42661678268704056,1
0.9255288423856283,0.400945557493752,1
0.925757660874289,0.37530269985559744,1
0.9272140917773678,0.3459837139794771,1
0.9277270182829073,0.3265521544017362,1
0.9280503789958194,0.3186652466154946,1
0.9289214007535733,0.3113798879191984,1
0.9288938641818029,0.31301565276980053,1
0.9295199192618147,0.3183832652930283,1
0.9340003850195762,0.3424539825725644,1
0.9333233337260175,0.3529895457056354,1
0.9323275470732617,0.3454892141208965,1
0.9322357485061359,0.3344597062960374,1
0.9322542524484958,0.33331794611796217,1
0.9323209356170964,0.3324649416001089,1
0.9326467894879906,0.3301177843931119,1
0.9328853129625518,0.328274615634165,1
0.9329234528115993,0.32934971531159085,1
0.9329518090737567,0.33001701518904036,1
0.9329359553935477,0.32995850524952036,1
0.9330030399557683,0.3292647948266875,1
0.9329923722582112,0.32526947710329734,1
0.932479075959838,0.3232804361454779,1
0.9320326938189245,0.310220886364075,1
0.9314366407301311,0.2913906087834288,1
0.931494258882989,0.28552402440771285,1
0.9313058550287028,0.3018066071744617,1
0.9312531923565122,0.3105081289217979,1
0.9313081202674975,0.31907508819495295,1
0.9317556489533032,0.3424709703069017,1
0.9321415024895918,0.35718155734181894,1
0.9327421526660121,0.373370353757507,1
0.9325245793492818,0.37837599884471884,1
0.9326739387572371,0.38712223832803844,1
0.9330143800479228,0.39252393701020066,1
0.933271480374144,0.3886527345770445,1
0.9331379103590508,0.3881294913193056,1
0.9326805525204455,0.3901894886137606,1
0.9299757341370893,0.4017043998521706,1
0.9259722230737686,0.41836747273525593,1
0.9260569210873006,0.44734735599427433,1
0.9282810248175004,0.476086282039591,1
0.9307187824525109,0.5032748063302953,1
0.9332013239076431,0.5278429559851302,1
0.9362385714990991,0.5579732540245215,1
0.9426442747438892,0.6027512706761974,1
0.9474087046936676,0.6309977477603335,1
0.9500562511784281,0.6229293228833539,1
0.9515016587137749,0.6066659126872945,1
0.9533075828645958,0.5954579914694486,1
0.9560751517022844,0.5892534804178083,1
0.9577293344316798,0.5849252111984861,1
0.9606825950058091,0.5776662551445131,1
0.9641013306510187,0.5652296091094684,1
0.9679316469192968,0.5500905660544271,1
0.9727541981625063,0.5441982029612886,1
0.9771874758261411,0.5652255521799356,1
0.9790484723414994,0.5808079612690313,0
0.9824666874380563,0.6331336756237267,0
0.984122361593115,0.6915031704073592,0
0.9820947709961587,0.7018509882565818,0
0.979740529457911,0.6998579862537563,0
0.9762909671122263,0.6918001864426797,1
0.9733765390031869,0.6889501626234001,1
0.9720965602511776,0.6977016192133848,1
0.9710812850047903,0.7074189709534625,1
0.9702954338539052,0.7184445294775359,1
0.9696734476035032,0.731073576904319,1
0.9692222697536093,0.7453536644645884,1
0.9688315150779234,0.7504353155431538,1
0.9683255031935549,0.7476716870045695,1
0.9683885056013823,0.7421075252806555,1
0.9683257990373357,0.7357369723727227,1
0.9683174937417274,0.7318492454000585,1
0.968847257619669,0.7196327918564246,1
0.9691058229826583,0.7070086359612643,1
0.9694184948103364,0.695495747788816,1
0.9697667710934629,0.6872594693565792,1
0.9701436122128841,0.6830744189289176,1
0.9701865754608807,0.6835695792016658,1
0.970212417520233,0.6837798839932739,1
0.970703105021798,0.6919103187708959,1
0.9709075359097606,0.6995166052357928,1
0.9713885428033926,0.7085095257297062,1
0.9715406630949912,0.7114200940070401,1
0.9717022838938028,0.7181906833576349,1
0.9712861974664715,0.7196799571251341,1
0.971747651720489,0.7159900467606526,1
0.9715019916325063,0.7029300961653956,1
0.970737751125248,0.6873793675257538,1
0.9696353010903288,0.6679968425668412,1
0.9683831496371069,0.6480803693308367,1
0.9664379902765643,0.6195550834210753,1
0.9643320758787879,0.5904934079666078,1
0.9627002083395542,0.5746472081708776,1
0.9615598338761722,0.5835034809428659,1
0.960808952863026,0.5957446928131441,1
0.9606834537121636,0.6039436565469807,1
0.9587487122972066,0.622032412825108,1
0.9563590513542526,0.6374752345955315,1
0.9561597291634112,0.6426322655775835,1
0.955757106178791,0.6481011399554208,1
0.9543660203202484,0.6559129293268285,1
0.9527443403706729,0.6593048922801615,1
0.9490925441347975,0.6537730687477286,1
0.9473438047500469,0.6519296911506871,1
0.9459919638813971,0.6470504815550038,1
0.9456985241472022,0.6428064751428962,1
0.9459310518951537,0.6305645465059907,1
0.9465245315771154,0.6288752096119241,1
0.9476702715322558,0.6291462722925538,1
0.9487364977964314,0.6307544169565154,1
0.9495705919988991,0.6289730703603524,1
0.9505242469111008,0.6258032496863412,1
0.9515305469171613,0.6227875504338356,1
0.9526582478378556,0.6170772208738537,1
0.9538808509235964,0.6104851707274095,1
0.9552840600662044,0.6086559296440106,1
0.9565594886740338,0.6121082553661364,1
0.9565475425056285,0.621433118721969,1
0.9565069541236189,0.6326140225283073,1
0.9562193944098638,0.6378785633653726,1
0.9556443341436578,0.6507613650069333,1
0.9551348353102824,0.6654159512652259,1
0.9549141437055346,0.6731074430336028,1
0.9547209750017953,0.6767638339985755,1
0.9545382095298589,0.6779978596667483,1
0.9543880872768362,0.6747891302418504,1
0.9542288962698962,0.6738356297556682,1
0.9540816212822449,0.6726824676828432,1
0.9541089243128074,0.6745938145668016,1
0.9541124680474447,0.6777391231891325,1
0.9537545948703204,0.6685227355364872,1
0.9538754099002609,0.6554083031341195,1
0.9561125057609051,0.6473658352507813,1
0.9559247659565804,0.6291764050513883,1
0.9552376498312132,0.6151318325019357,1
0.9535490796721788,0.5940644390508132,1
0.951897104428432,0.5757282574051076,1
0.9497986609243976,0.5544814220367584,1
0.9458284316696428,0.5210096447496634,1
0.9411766315911921,0.48978359889771594,1
0.9368139180660795,0.46563141589780743,1
0.9329496352065588,0.46141037107337546,1
0.92938873350412,0.46833069167706076,1
0.9258880752705163,0.4784606569520135,1
0.9250303588327016,0.4722139899592678,1
0.9247101667455886,0.46362346469312155,1
0.9211232107487382,0.47239847661839246,1
0.9174668115423805,0.47878036368591975,1
0.9136709359684136,0.48018671882486375,1
0.9096412261330776,0.47610103509593427,1
0.9083564164347198,0.4650960687926972,1
0.9079865594465361,0.4595784928310955,1
0.9071719028753984,0.45334975323397525,1
0.9063099774351788,0.44405274142183326,1
0.9063105761175931,0.4434702123826933,1
0.9074886938051508,0.4349335310966507,1
0.9099406207940345,0.42687255463916235,1
0.9134244645695577,0.420029676463279,1
0.914790197503639,0.4139874203750314,1
0.9155317853285048,0.40840714380761256,1
0.9163717009957015,0.40292217579818873,1
0.9166398150451751,0.4001672915343672,1
0.9168050316663089,0.3987368292676043,1
0.9168791698928709,0.39990432712351726,1
0.9182247706641009,0.4025015234819054,1
0.9182631918329078,0.4106466193424062,1
0.9184691472251587,0.4282717938753008,1
0.9182041892240593,0.44569638000787026,1
0.9187893883943812,0.45083819579196416,1
0.9193804092008977,0.4585586096092464,1
0.9197741811765241,0.47850996018818304,1
0.9194708867112484,0.477488173904203,1
0.9193350939041,0.4811648397439692,1
0.9188126792687141,0.47778733192111006,1
0.9182063295526947,0.47333214366621285,1
0.9172782887953571,0.4662251623908868,1
0.9168977767553147,0.46444483083158744,1
0.9168003924237642,0.4607262711891281,1
0.9162030718207377,0.47053760479693957,1
0.9156827792967726,0.4800620383172736,1
0.915704147874784,0.48744619513314863,1
0.916389276181975,0.49743731391048845,1
0.9170952446009909,0.50733900564932,1
0.9186438329024553,0.5211081784702829,1
0.9203189391544412,0.5356434740860384,1
0.9229928525092806,0.5582275537862142,1
0.9282131684040669,0.6003180010121492,1
0.9332405681385334,0.6397539369502612,1
0.9375531245758679,0.667010408392152,1
0.9412270901694717,0.6615369251483314,1
0.9444747930412467,0.6443560577786251,1
0.9475027645883625,0.623595894793268,1
0.9470744131198914,0.6099438218316658,1
0.946791414810163,0.6009708791955336,1
0.9499036071754636,0.5793141735457973,1
0.9531493361165224,0.5599018796208219,1
0.956668256232359,0.5488816647313196,1
0.9605024820208325,0.5524308112303393,1
0.9646227705800952,0.5745506422483059,1
0.9655642328273302,0.5878851425256542,1
0.9670613369562913,0.6088113381856586,1
0.967594270894776,0.6285124537910488,1
0.9676035319472345,0.6284937990918829,1
0.9666337422430967,0.6342759780267085,1
0.9650301637314135,0.6383855371494276,1
0.9622419213390219,0.638898036903628,1
0.961518042878193,0.6456362471979138,1
0.9610709430098543,0.6522500704444905,1
0.9605436950244514,0.6586969918081536,1
0.9604462528899643,0.6629974647713852,1
0.9602017332392074,0.6694736098577273,1
0.9601483433555822,0.6704911074637071,1
0.9598989754519965,0.6699264288541443,1
0.9600809111037039,0.6463233355729832,1
0.960343134088512,0.623269777551904,1
0.9611135219467279,0.613385304300465,1
0.9610938157020293,0.6112060194002638,1
0.9610871893686128,0.6079321243686647,1
0.9610735333889275,0.6028721172811066,1
0.9610109178875732,0.6101516148467047,1
0.9609210082375441,0.6021670424319163,1
0.9608513943929753,0.5966577644237857,1
0.9608088316151144,0.5936449239343193,1
0.9609572047513417,0.5929414317080125,1
0.9609121539203286,0.5905978166952705,1
0.960944973716612,0.589769101771207,1
0.9610856264510077,0.585049598795355,1
0.9610625802467235,0.5837393351495057,1
0.9610024805627821,0.5786066538290494,1
0.9609941349820285,0.5788938476045915,1
0.9605958432855101,0.570313623467181,1
0.9602962523269445,0.5669893586446286,1
0.9589123355971443,0.5513026501480456,1
0.95732527421303,0.5346348258647693,1
0.9556126259791171,0.5148632030569656,1
0.954720520960499,0.5104130504824123,1
0.9515507947727477,0.49256744812293507,1
0.9489495313665774,0.4985091620371365,1
0.9466005443416516,0.5084474349512668,1
0.9434750980158911,0.5199132634054322,1
0.9435367006114128,0.5235236450173785,1
0.9435904315017839,0.5247417618470016,1
0.9404458904110027,0.5322635469599969,1
0.93715065466287,0.5387500294442384,1
0.9355538118018724,0.5418470809903803,1
0.9318908592995062,0.540497327201846,1
0.9314154147719971,0.5378118319488412,1
0.9307658608777792,0.5352913898744909,1
0.9305368877573843,0.5352180335947057,1
0.9305316564255443,0.5350893475519567,1
0.9305408818603609,0.5353492418349227,1
0.9304988816549866,0.5339853395904174,1
0.9310339858275035,0.529830244335844,1
0.932465074776283,0.5256572274044446,1
0.9328625746453252,0.5206999838908288,1
0.9331269837941715,0.5159944644981583,1
0.9335658438363013,0.5110680902983484,1
0.9335911663033268,0.5077577725962563,1
0.933798516293743,0.504021772460137,1
0.9337553762137569,0.5001117348165646,1
0.9334986891375627,0.4945283507815504,1
0.9330456136774972,0.4843105643044018,1
0.9323604642568571,0.4584945763467075,1
0.9324985836624654,0.4497503006176995,1
0.9326210259413421,0.4251963006943951,1
0.9327950193384771,0.40365717576178284,1
0.9327443843693515,0.38056019819782433,1
0.9325670730342104,0.3583253772087227,1
0.9326137023491898,0.35971564262054617,1
0.9324552300623599,0.3500312557967195,1
0.9322796403645428,0.3404677744802458,1
0.9321719092561473,0.3392588872582903,1
0.93199557106291,0.33609454789996007,1
0.9317785334985274,0.32846422366364486,1
0.9314313048155893,0.31595768105994315,1
0.9315147498280127,0.3055481022694957,1
0.9312484537592707,0.29905921452783135,1
0.9289883524086542,0.27239645045294786,1
0.9223710248030816,0.22599299272499762,1
0.9161554417701621,0.18751881841261958,1
0.9114764102513013,0.163726728718474,1
0.9069951059192853,0.14190787882009354,1
0.9025649618628655,0.12110497102784358,1
0.8988133573004464,0.1106556859854675,1
0.8982774523992463,0.11203191692624731,1
0.8973478720365725,0.11447582113855206,1
0.8967845394128693,0.1305181886758007,1
0.8975261254485516,0.1585854218907494,1
0.8983144770009536,0.18757512042207758,1
0.8990960852934426,0.21445715197723852,1
0.9000112666223274,0.2432928503063647,1
0.9008341087652378,0.26895696774298766,1
0.8994990481700423,0.2922759242288517,1
0.9001612845568417,0.31491851663149056,1
0.8970168364030815,0.32927867681742823,1
0.8931010017023027,0.3339946882626658,1
0.8874412898466753,0.3237964027576556,1
0.8800458349614624,0.2877346140012273,1
0.8773953119176716,0.266382070261795,1
0.8775414100852845,0.2558800991671947,1
0.877608837584627,0.24713010409281924,1
0.8779210438500444,0.23607843573234782,1
0.8779119086598611,0.22981823125299594,1
0.8777915972911492,0.22459464359693418,1
0.8778019898379703,0.22004445694318417,1
0.8777503378987415,0.21775538238126005,1
0.8772949611262831,0.20691412691668776,1
0.8770822126912673,0.20364949566762763,1
0.8777883038032341,0.20105311840096327,1
0.8784378526842196,0.2130772628277836,1
0.8793201822602352,0.22993090815574854,1
0.8782904328846495,0.24043846001272398,1
0.8771075497705928,0.2636655662000671,1
0.8764011846472617,0.2811486012523011,1
0.876672458724439,0.2891633780455904,1
0.8771185715444983,0.3050559249393337,1
0.877286126323745,0.30788601658982395,1
0.8782324693252195,0.3265116080946853,1
0.879076836039058,0.3452457008821091,1
0.8793387032109186,0.3540419116281484,1
0.8797005730204372,0.36400097728485836,1
0.8801597667091587,0.3730435209453686,1
0.8802044400550938,0.3727125324436894,1
0.8802256139325799,0.36504593423431586,1
0.8800879375426865,0.36183152893194037,1
0.8790046020206334,0.3556684840299375,1
0.8841680964634488,0.37650281343165093,1
0.8841253768059913,0.37537324892644375,1
0.8840755134480162,0.373651032686143,1
0.8840284009058038,0.37202459377029795,1
0.8839948782103284,0.3708668655339764,1
0.8838848792461508,0.3672218232761282,1
0.8837194012246918,0.36186326869115126,1
0.8835722623254856,0.35769017637815476,1
0.8832267060280781,0.3488651522449842,1
0.8824465577991075,0.3297799074227568,1
0.8814497452774257,0.30440303564687493,1
0.8804191290985881,0.277330499363348,1
0.8793631523994918,0.2483558674026427,1
0.8784606364455616,0.22219072806743628,1
0.87771102271448,0.1989234189776175,1
0.8770655696775983,0.17780549241148988,1
0.8766395519097956,0.16315977723979258,1
0.8764249550808585,0.1555171618615095,1
0.8765022956055855,0.15781188614219518,1
0.8831985972740644,0.18110086605641673,1
0.8844606796298813,0.1920317884303009,1
0.8846911167288294,0.1860341796245322,1
0.8848986957989837,0.17734378965680883,1
0.8849692965798085,0.17736694641608294,1
0.8851186318115778,0.17652407956703314,1
0.8852081419116642,0.1753791657881863,1
0.8853182821191348,0.17315387908604915,1
0.8856074044687048,0.16516474919051494,1
0.8855493225666236,0.16236959744001675,1
0.8853945582163845,0.1599087585428207,1
0.8851661834018001,0.15747003162433879,1
0.8844926442125829,0.17093306067459624,1
0.8841913788333456,0.19987977979202975,1
0.8837573277108035,0.2150479846005113,1
0.8839025304440424,0.22022546095644907,1
0.884292153315108,0.20527801110194546,1
0.8844616700976535,0.2148957118976879,1
0.8844830918231996,0.21590530408590763,1
0.8845514363037906,0.22040105414719993,1
0.8846107763083473,0.22168344348732738,1
0.8844809325833023,0.21815197619235493,1
0.88444422297403,0.2188780574750741,1
0.8845626265105005,0.22298150299102087,1
0.8845401476595229,0.22340484019648563,1
0.884557072148594,0.22358417859395463,1
0.8846065061930689,0.22421112069981078,1
0.8846145516928123,0.22444999641814556,1
0.8869825584665125,0.24387986523530567,1
0.8889833231463624,0.25893207369943627,1
0.8950831529606248,0.2884508966186316,1
0.9011912675827949,0.31960645559593903,1
0.9073370514534376,0.35336220544523367,1
0.9136629261270153,0.391346720686487,1
0.9192512450758874,0.4149672608007152,1
0.922107602981541,0.4210231055076044,1
0.926499726822863,0.41765047870233635,1
0.9305086698088141,0.4037160392654192,1
0.9333162681670075,0.40657724899719194,1
0.933819381805989,0.4292366221910598,1
0.9342687574333567,0.4476156336478134,1
0.938310679458997,0.45030335748477174,1
0.9428573604724206,0.4444253882252652,1
0.9454455655406919,0.44506779912531186,1
0.9480983938333383,0.4469116748681026,1
0.9521856270812383,0.44832666400186877,1
0.9571914116321847,0.4554012967187503,1
0.9627121687627984,0.4728582125749395,1
0.9627505309364472,0.48026860643453706,1
0.9625698326309449,0.4890345522768562,1
0.9616343800640994,0.4943679022895097,1
0.9593453975714041,0.5021782229382936,1
0.9560710689784575,0.5015343054717892,1
0.9555467365080741,0.5040202368991985,1
0.9554722357126355,0.5043148015294224,1
0.9551118480028091,0.5065200559921266,1
0.9548515276926054,0.5117318174553332,1
0.954806091142726,0.5165010808861065,1
0.9549375756727702,0.521131104234456,1
0.9552416729364042,0.5272804246085337,1
0.9560483846496346,0.5188633661025054,1
0.9565906063774818,0.5083661548452936,1
0.9571788461470728,0.5001782881258731,1
0.9576073154507312,0.4921181192759292,1
0.9575315493278793,0.5131027247903152,1
0.9576585004002045,0.52685596499681,1
0.9578497220298645,0.5452377914088669,1
0.9579907074293021,0.5620128212423384,1
0.9581293937395489,0.5771556158404054,1
0.9582910299083032,0.5908491942875157,1
0.9584193741137008,0.5967703213527505,1
0.9581925185548815,0.5949940768763591,1
0.957900533458643,0.5873258152612038,1
0.9578058231453673,0.5816647666617634,1
0.9578265944254882,0.5808656308712782,1
0.9576597577792485,0.5764840124651713,1
0.9566121241713146,0.5585316204914517,1
0.9556729762832177,0.5452422149502388,1
0.954595227053,0.5336486604592356,1
0.9536348680879827,0.5237628088346304,1
0.9493397118616513,0.4847596102355591,1
0.9434297571338844,0.434586655707622,1
0.9381447381076875,0.401141382030333,1
0.9355129621108165,0.3921528563266465,1
0.9314627695695656,0.3986596958015785,1
0.9279982147239718,0.42415236340432216,1
0.925958778818256,0.4423304805746732,1
0.9262489696304093,0.4508916013178725,1
0.9266156377039344,0.46148874807758844,1
0.9234143237026802,0.4835004172482551,1
0.9195230831709538,0.5083697993597276,1
0.9173729574252264,0.5214225423346823,1
0.9167539215005671,0.5277306753743974,1
0.9138571654996424,0.5331446319076376,1
0.9131935746480515,0.5342559979839023,1
0.9122442939835358,0.5315474200150578,1
0.9122983780707172,0.5324771118457168,1
0.9123215773905236,0.5313735438299544,1
0.91264332588393,0.5290551080153657,1
0.9141435176772774,0.5255307246756168,1
0.9172908409369205,0.524090222663124,1
0.9178352563647847,0.5218727362163184,1
0.9178453730229668,0.5211623679688855,1
0.9183159781945633,0.5186036738542418,1
0.9184761211766466,0.5178301153456053,1
0.9182701061488826,0.5185496088124433,1
0.9180416944310563,0.5232444561613855,1
0.9174134554908042,0.5266436254950337,1
0.9172137590677119,0.5161000041296918,1
0.916880219722215,0.4857161019170548,1
0.9166818635273166,0.46801232988202557,1
0.9163329548653013,0.4530872974335431,1
0.9159820616918243,0.4397837826439238,1
0.9155363586496255,0.43907221597864116,1
0.9153230494717912,0.43176223461571855,1
0.915095689382364,0.42499558347466543,1
0.9148729345699906,0.41390286800170395,1
0.914663290655335,0.4051864793895409,1
0.9145841839563746,0.39991201777996616,1
0.9147012767637164,0.39941861631563663,1
0.9149207158046169,0.402650278370157,1
0.9149376687758048,0.40343649523704017,1
0.9149643455409986,0.40398390900329173,1
0.9151586172879786,0.4068816445232669,1
0.9164329029388707,0.42104738736696457,1
0.917897902534465,0.43726051571139957,1
0.9204629093350509,0.45964945933515095,1
0.9228108093442287,0.480566400749055,1
0.9285798152336953,0.5224817370409807,1
0.9356564566218362,0.578145092993938,1
0.9424490644866442,0.6300412982266412,1
0.9489541909060292,0.6793728783330414,1
0.9543221503337116,0.686741541140968,1
0.9589704386986084,0.6676663796424077,1
0.9633816353163651,0.6423234525384924,1
0.9672812360937686,0.629876975100084,1
0.9711994192705471,0.6192017154150898,1
0.9755110085689216,0.5963117933748588,1
0.9798152012426935,0.575740284988267,0
0.9842865449461189,0.5735867975621335,0
0.9875025948813749,0.581561151254524,0
0.9917225628400884,0.6457097116111865,0
0.9929271569981928,0.6738852217688688,0
0.9939171183102553,0.7170329806909433,0
0.9938418722026252,0.7249712036495196,0
0.993776214885651,0.7301997075552757,0
0.9932222827442899,0.7238231118783562,0
0.992680237337616,0.7181559442851002,0
0.9910657001417749,0.6939043722815821,0
0.9906226812555239,0.6929903168233422,0
0.9906113372702372,0.6931482096250114,0
0.9905724107773988,0.6944333948820398,0
0.9905456979750453,0.6955666849410373,0
0.99053724646974,0.6956233951001941,0
0.9905631655249774,0.6923573711568206,0
0.9906588785354905,0.6923446068476552,0
0.9906305878934238,0.6944778621155818,0
0.990642282940327,0.6984074771694354,0
0.9904464428202404,0.6827588966782321,0
0.9906617900992783,0.6567568163118553,0
0.9908274761268585,0.630735986190216,0
0.9910060786711965,0.6044388557369862,0
0.99089782024111,0.6006972873356388,0
0.9909126557052015,0.5914154958421286,0
0.9908862908942073,0.5883579921680951,0
0.9907619333963816,0.5838912686146189,0
0.9906936315366708,0.5764539056513108,0
0.9906172114294935,0.5701832246983926,0
0.9906417230932332,0.5716653024367551,0
0.9908388561903259,0.5825661144192493,0
0.9909356059802277,0.5883697485364101,0
0.9911789775620796,0.6005412503655001,0
0.9912845834087252,0.6051361392748273,0
0.991355379803455,0.618712914091626,0
0.9914353807193181,0.6374476912145894,0
0.9915115659922124,0.6561931213455533,0
0.9901689795853352,0.6568775627823786,0
0.9900738797806736,0.6740622444666141,0
0.9901120712651664,0.6872962905157183,0
0.9903214058857654,0.7045249731792027,0
0.9883438706356162,0.6301864567835361,0
0.9862846596827014,0.538893299331041,0
0.9845129345415127,0.45997122212693314,0
0.9848854875764494,0.40470746435657856,0
0.9852922681247056,0.34386741084043215,0
0.9850769134887631,0.3141435589990738,0
0.9849323520136619,0.2811955463672912,0
0.9847250112601735,0.26046447283779883,0
0.9846596044658475,0.24635365991740393,0
0.9848194526363548,0.235692962760052,0
0.9840694948533599,0.23373504639987128,0
0.9836754670080905,0.24789449767263488,0
0.9828788233747365,0.2835818303610322,0
0.9823745129423029,0.31493433763466205,0
0.9816296078998716,0.33224042386555835,0
0.9809164083505485,0.34714028287045756,0
0.9803552619375602,0.35299593177338356,0
0.9799762004741223,0.3661286289707479,0
0.9800274779522636,0.38688704366698395,0
0.9801964108611618,0.3998730930530754,0
0.9804258526726604,0.4089812920554663,0
0.9805545232603418,0.4152008125726813,0
0.9809193964194709,0.42373981970792235,0
0.9809192919043224,0.4237758041568917,0
0.9810496594622363,0.42491664407748186,0
0.9810376920321944,0.42645640906572707,0
0.981112854290586,0.42723973028978146,0
0.9807899477892261,0.4343073514930469,0
0.9808633882549567,0.4277910393121957,0
0.9809355159416695,0.4219104380672617,0
0.9812751938497019,0.4114986927360197,0
0.9815050630732202,0.4050410271406833,0
0.9817557853081198,0.40371399434986677,0
0.9822795056179248,0.4059827587854502,0
0.9829322247136896,0.41427240466959075,0
0.9833080157727713,0.4214802297938478,0
0.9837623805871288,0.4293248212848811,0
0.9842065968669218,0.44441554893422947,0
0.9848598854171442,0.46461921792029565,0
0.9852579292581409,0.48120436450048787,0
0.9857857694789793,0.4981324726932135,0
0.9857881546931195,0.49836532371951925,0
0.9857472895302879,0.49394140960657124,0
0.9859723920754285,0.5040772001527545,0
0.9859795595390534,0.5045923919810135,0
0.9859973886521873,0.5098664295228023,0
0.9861032663892431,0.5144960847813582,0
0.9862001587258904,0.5185030057210533,0
0.986549215409726,0.5340040890182624,0
0.9866583580437329,0.535155761040849,0
0.9872202029848212,0.5652496436357582,0
0.9871998095064887,0.5654365701162023,0
0.987180349177136,0.5655424259773644,0
0.9871141833352315,0.5596137079974263,0
0.9870902888373047,0.556284951722366,0
0.9870796219579285,0.5555685517936204,0
0.9870477721093791,0.5542762114977284,0
0.9870213195230753,0.554380883905759,0
0.9872191757262182,0.5572948499249292,0
0.9873372381088106,0.5498868700939554,0
0.9877351307387771,0.5475335020373939,0
0.9880595507704901,0.5459810139763154,0
0.9880677076281941,0.5464959225661657,0
0.9881461349808098,0.5477225775703383,0
0.9881330784168502,0.5487398894379503,0
0.9878955692890099,0.5486117802895284,0
0.9874936201880624,0.5490433107525935,0
0.9868502409279367,0.554177667145785,0
0.9863948883862135,0.5648582161107077,0
0.9861640293179503,0.5830741812429538,0
0.9862124037850623,0.594355018367906,0
0.9860762682297832,0.6067273163542949,0
0.9864927880038152,0.600279147545799,0
0.9868937339649002,0.585323345052006,0
0.9878663110300525,0.575937670585627,0
0.9884346291054291,0.5750293756586151,0
0.9885997605568735,0.5753503865094404,0
0.988005454758978,0.5962391062281902,0
0.9881442557908693,0.6024610146243948,0
0.988270051852773,0.6094027056429886,0
0.9884550146993658,0.6185415484466438,0
0.9882990464749455,0.6242243264303339,0
0.9881932647730132,0.6268076900780705,0
0.9882711363906633,0.6308658708297835,0
0.9885416622520082,0.6401775841859879,0
0.9885174003291975,0.6415155172038567,0
0.9883224349947486,0.6340770863994827,0
0.9876211852004626,0.6120211106698301,0
0.9858414828684747,0.5614210634111472,0
0.9842227546547857,0.5196555596400088,0
0.9814683633002251,0.4593673286401348,0
0.9785323162537244,0.39461946212331156,0
0.9743300572810113,0.3121991974325702,1
0.9681566844521696,0.2299373083354036,1
0.9617803074388189,0.17066356358808435,1
0.9554727735313857,0.12235108199350153,1
0.950589449219648,0.14691736214654677,1
0.9468970351649602,0.22823670591113185,1
0.9430335891691053,0.29903982021827097,1
0.9391519273885599,0.3609882395637864,1
0.9351833942602557,0.41576619073435045,1
0.9309105551597519,0.46160793640997716,1
0.9263735612648627,0.4981390062671952,1
0.9214640145181683,0.5239417647708074,1
0.9162179369481667,0.5404795011839241,1
0.9104901367918797,0.5447545685634049,1
0.9041494561096896,0.5336140837543216,1
0.9006779336393262,0.5184646466045922,1
0.8974331325563807,0.4904187853740772,1
0.8963989892896447,0.4749758412170378,1
0.8968766764563141,0.465761921052749,1
0.8976580410168571,0.459116944228033,1
0.8986817064235331,0.4541875436225895,1
0.8999218462834577,0.44795449053478276,1
0.9013090051253096,0.441277353169625,1
0.9030784556879061,0.4338458768442314,1
0.9050253865345901,0.4263169020429201,1
0.907169025563842,0.41851724298111603,1
0.9085684659497675,0.4136976082270223,1
0.9115533262555788,0.41142474214915226,1
0.9121758593919218,0.41927706096810186,1
0.9122966074946528,0.4239743159892621,1
0.9124396595371702,0.4309121735188094,1
0.9124313037577807,0.4513640687323489,1
0.9127179896217391,0.46989555419634854,1
0.9132498988992716,0.4583662284999118,1
0.9133874494133252,0.4667090725659867,1
0.913570519698153,0.4757627399594447,1
0.913748312484613,0.483335334499343,1
0.9138925322245953,0.4885598892163719,1
0.9140033306044162,0.4944742034815154,1
0.9141166393947023,0.4987749863610571,1
0.9141277348030852,0.49800455675184657,1
0.9141567078263061,0.4954766327523028,1
0.9139030778962776,0.49049153030041076,1
0.9112554823602226,0.47092481726412966,1
0.905033436797695,0.4380695355342457,1
0.8985119511837969,0.40593389132606167,1
0.8932799410578007,0.3838387285319159,1
0.8880263634748349,0.362149125752793,1
0.8845830150152889,0.34908943298191847,1
0.8839339718712113,0.3469944460114616,1
0.883962232345019,0.34804377171845263,1
0.8840107704089288,0.34984478505225786,1
0.8838893041698782,0.34611878124466805,1
0.8834415593168107,0.334903380141166,1
0.882915233203283,0.32246970422392185,1
0.8823455710635599,0.3091002647813793,1
0.8817836921811231,0.2957002753257382,1
0.8813172257928532,0.2834500699674373,1
0.8809496572862494,0.27301992392980073,1
0.8805740748577844,0.26116939981522236,1
0.880256156909776,0.2503380585278784,1
0.879998441337024,0.23986116149565528,1
0.8798616335404905,0.23379135207859172,1
0.8754260153082131,0.22233218285664003,1
0.8701064842575711,0.20101239519325903,1
0.8672436156284672,0.18358092786625071,1
0.8665619102051054,0.17173289767073993,1
0.8666732191867581,0.16825445304936007,1
0.8670066796721196,0.16219497639969366,1
0.8671422926440835,0.15778013718783201,1
0.8672530947011845,0.1545149511672917,1
0.867240304742668,0.1519194244551399,1
0.8671391465665703,0.14479994732523893,1
0.8669450742467568,0.1358742370850761,1
0.8663140658589064,0.1253654990135909,1
0.8657642116494438,0.11570531219133644,1
0.865644715391843,0.1266896781527067,1
0.8663619555990651,0.15043437482585584,1
0.8663570055632237,0.1791398571473018,1
0.8666379399323778,0.17418818999932026,1
0.866752414330525,0.185131967235163,1
0.8669823971866722,0.20000859356337666,1
0.8671247281957433,0.20818872109930062,1
0.8667559841352253,0.22727607586946186,1
0.8668845482252078,0.23158265940223108,1
0.867000327164275,0.23334426800471778,1
0.8669107184108275,0.22986318191067445,1
0.8669426679306976,0.22338326927305058,1
0.8667682706665731,0.22550385973371279,1
0.8665889705936813,0.22915729911854374,1
0.8664433011458205,0.23915732522475322,1
0.869168119600478,0.26610875183383437,1
0.8769189186739459,0.30730046340576594,1
0.8839682638429791,0.3410633667217663,1
0.8900812763389263,0.368752212313633,1
0.897121816890089,0.4060788396922066,1
0.9042900759250468,0.4484915403899665,1
0.9113976520913118,0.49511051219477226,1
0.9181674117033776,0.5308081564551941,1
0.9245686239316812,0.561319720148857,1
0.9300477763384727,0.5484130342261833,1
0.9349417007947736,0.5101891564402056,1
0.9395821091213388,0.4677798099288061,1
0.9433362595856779,0.4379470255337853,1
0.947048743124733,0.4038629754575443,1
0.9512004982841042,0.330527610724776,1
0.9554252892796549,0.2565961205381438,1
0.959868680106987,0.19417894733933042,1
0.9640731094093373,0.1352959423776217,1
0.9686904442709656,0.10010929209114497,1
0.9737178336011383,0.10014044115320153,1
0.9792810359599049,0.1568029903258187,0
0.9858439540779088,0.311090821254888,0
0.9884753194802125,0.4140687748709539,0
0.9887521945255217,0.45191577545218214,0
0.9883670833707571,0.4552745037333712,0
0.9880201878810035,0.4607483751073385,0
0.9877489445973322,0.4676253087084833,0
0.9877550240744918,0.46793794286153273,0
0.9877482413597574,0.46941080397919793,0
0.9878088488207875,0.47790041317089343,0
0.987952558181594,0.49351135199901996,0
0.9885563713455496,0.5176374989081431,0
0.9891264202307862,0.544351898104258,0
0.9894189912230817,0.533189662618959,0
0.9893297132061858,0.5194344819160602,0
0.9894746172781717,0.5198410555170576,0
0.9894342031920158,0.5267332530666615,0
0.989426736455516,0.5151445088194834,0
0.9893128877416868,0.4886359775858206,0
0.9892819771581363,0.47873185872967267,0
0.9897353956882162,0.4554312828998988,0
0.9896401208905317,0.4439897075883824,0
0.9896365995674158,0.43869266812668944,0
0.9895753327393144,0.43080105122128953,0
0.9895937363947962,0.43388117891889155,0
0.989533411106508,0.42763890920542463,0
0.9895611249144822,0.42724240531115615,0
0.9895648121674667,0.42341822375296645,0
0.9895616327161001,0.42184863227672564,0
0.9894072836965242,0.41491460313844725,0
0.98914871960784,0.40567616132192424,0
0.9889432829993862,0.3956501367388999,0
0.9883040233572387,0.3711312151155462,0
0.9865731538500355,0.31405313328661766,0
0.984374934376322,0.24627092341585452,0
0.9824298218206917,0.2069589642903817,0
0.9768554349481184,0.14553459855437284,1
0.9720175322332186,0.1714039987876175,1
0.9679855435445075,0.24467427093760932,1
0.9642560908006119,0.319551499160793,1
0.9613867143326912,0.3728681175611281,1
0.9586270474114036,0.4228934630710991,1
0.9547261848210317,0.48491847676168803,1
0.9506104089330765,0.5330614058164491,1
0.9472075604862473,0.5679224184514811,1
0.9459894404079734,0.5835465404539082,1
0.9447929585339967,0.5935341759211216,1
0.9436071258991717,0.5963284607350398,1
0.9436754927646629,0.5943118759172293,1
0.9437080687314392,0.5937795959505499,1
0.9437079434735087,0.5948540816694999,1
0.9437775471635874,0.594723271212735,1
0.944151128464192,0.5934645062338724,1
0.9444835127987593,0.5921836702250117,1
0.9446767809732688,0.5902281516936241,1
0.9446104126782955,0.591132353076723,1
0.9445604245481585,0.5920195793066044,1
0.9445794551339398,0.5916304701532541,1
0.9445991089435983,0.5916955946258995,1
0.9445594120747729,0.5903687256672766,1
0.9444250621702275,0.5878013569205949,1
0.9440717172234692,0.5733764477887322,1
0.9434833275485262,0.545875185286903,1
0.9434373989453431,0.5138919094980655,1
0.9432349051274793,0.4905226144849729,1
0.9429830231188583,0.4686225647352902,1
0.9426838731373215,0.44963333255967786,1
0.9421986515162593,0.42514312744498367,1
0.9417610366535465,0.4057187382220379,1
0.9413460775738636,0.3927318822478206,1
0.9410149128108554,0.38122226245843815,1
0.9408695207917462,0.37585049423858435,1
0.940768354847827,0.3755851732955185,1
0.9407596065708776,0.37756359999171424,1
0.9407368991461167,0.3794139414533489,1
0.9406608099844851,0.38193054664813947,1
0.9406855151241644,0.3818958117516545,1
0.9407964556312621,0.3841308756908072,1
0.9415908582675805,0.3946726778205558,1
0.9418455693627683,0.39745348371390227,1
0.9409555457915588,0.39056424483549135,1
0.940803881938661,0.3902466761615782,1
0.9406235241110821,0.3891933420296096,1
0.9404579427645547,0.38885616690880237,1
0.9410847762780797,0.3934508784843492,1
0.9415663071342064,0.3933921092265708,1
0.9414681874417328,0.39071049959236204,1
0.9412373372271186,0.3827658656301334,1
0.9409635726689183,0.3745193662803836,1
0.9405921044243495,0.3621364581957767,1
0.9421771581573943,0.3418624878332405,1
0.9449191136106103,0.31616495697245645,1
0.947048276503502,0.28824841843129234,1
0.9469774650162784,0.27575772306059065,1
0.9467068695018439,0.2640577183569342,1
0.9464309629720924,0.2551926060538785,1
0.9460157199344439,0.2518052885263093,1
0.9460282541909459,0.2510018765303999,1
0.9461308454804738,0.24954286535876558,1
0.9458799510659675,0.25319931545868235,1
0.9455715918704428,0.2572189730215087,1
0.9454066304846194,0.25986223683220955,1
0.9451821037374777,0.26308194671569085,1
0.9450587478991423,0.2631046829699289,1
0.9449506429963377,0.26306928263787227,1
0.9448780045590244,0.2651096672082897,1
0.9447872215606776,0.2670239122305274,1
0.9449235232791257,0.2722549182951804,1
0.9449475047724172,0.2774059445554833,1
0.9450529610527703,0.2845037482567751,1
0.9452694422702814,0.2950180335792232,1
0.9454614117396363,0.3082547258590284,1
0.9456352559780918,0.3191345934928026,1
0.945773669738144,0.34293281014017607,1
0.9461426399408788,0.3702534655622556,1
0.9466233116342934,0.40915740524344824,1
0.9471612065212693,0.44748358397375076,1
0.9477143557110169,0.4806524558201615,1
0.9482689973110308,0.5100671855407929,1
0.9487064156322613,0.5293707803460823,1
0.9488579789614306,0.5350093064905956,1
0.9488886640638106,0.5317459689918125,1
0.9489694424193091,0.5283841235925543,1
0.9490061740159198,0.5213343664635317,1
0.9490217193876014,0.5164114537940909,1
0.949059111574261,0.5164667537209635,1
0.949053283318672,0.5168240925801275,1
0.9502093959043547,0.5319890760197241,1
0.9518067407792027,0.5511198990423721,1
0.953520254403047,0.5733109007664855,1
0.9556797435146002,0.6025607271428102,1
0.9577990603352831,0.626032364531642,1
0.9634390622093232,0.6822043739366278,1
0.9680524170472258,0.6872655819702076,1
0.972341743655152,0.6499626883095887,1
0.976343878637209,0.5949291408759417,1
0.9803472168314329,0.5572168621533055,0
0.9843243286422323,0.5166305018837647,0
0.9860422442060834,0.4350116736165669,0
0.9870113608224289,0.37188094656100057,0
0.987853329202224,0.32530483002537514,0
0.9889294636693551,0.29881104661000507,0
0.9903246988172595,0.30260648285443087,0
0.991888835951444,0.34001538547921945,0
0.9924457980304147,0.3806669676006106,0
0.991529931183776,0.3942580678403862,0
0.9907273408407662,0.40931840299725725,0
0.9899885833679715,0.41351305005505,0
0.9891904463785406,0.41672983068305225,0
0.9884516509476762,0.4211601412888556,0
0.9878689485615191,0.4261395187607227,0
0.9873131745168606,0.43640293323529133,0
0.987255952107351,0.4375528474962539,0
0.9872591818800547,0.4377024444795786,0
0.987221532597302,0.43369768193216196,0
0.9872847457193459,0.43377985856959517,0
0.9872821339149369,0.43314395341884376,0
0.9872929358018286,0.43432707063038145,0
0.9873642758056298,0.4455077094858437,0
0.9869732223085212,0.47010788236237144,0
0.986910152281455,0.47918574583630313,0
0.9869240931827283,0.48618447539679355,0
0.9869420595064777,0.4932219023827326,0
0.9869660965038619,0.49683654376629566,0
0.9870144206088329,0.4987508404741241,0
0.9870228993966836,0.49589331748515797,0
0.9870416832124742,0.49865683689943857,0
0.9872367546421499,0.502994596981905,0
0.9873846172342439,0.5102877356396819,0
0.98763423215723,0.5218356273700473,0
0.9877412936488472,0.5267151221079202,0
0.9880459424398848,0.5416350985559046,0
0.9883019886600297,0.5547729806517935,0
0.9881523372762399,0.5491588259086259,0
0.9881829257399419,0.549601748883312,0
0.9881584134902208,0.5508727693030196,0
0.9875399853488231,0.532550921642515,0
0.9860003237058624,0.4921434735515091,0
0.9840351212234972,0.44548212978176777,0
0.9821997855988984,0.4158293077828189,0
0.9803667361113038,0.3899872355729482,0
0.9787149667583608,0.3932000631549198,0
0.9772342084745047,0.42200596334144647,1
0.9741740565120341,0.4638836901478805,1
0.9701633814139243,0.49630488725169564,1
0.966258392005848,0.5319349653419126,1
0.9647900160121913,0.5734853583449222,1
0.9616814581502569,0.6109325277526972,1
0.9578934729120372,0.6352290907148209,1
0.9561729501517159,0.6471922938880015,1
0.9543421901928597,0.6504438857990529,1
0.9526175843470466,0.6447586713533333,1
0.9523022633654159,0.637458612666416,1
0.9532451848037042,0.6319245169471945,1
0.9542966312922492,0.627023723638053,1
0.9554610906426049,0.6236664580632544,1
0.9567812410196108,0.6222084488700996,1
0.9580362433791236,0.622267719100462,1
0.9593535296368245,0.6225015684503141,1
0.9605705903660149,0.6228988729654876,1
0.9604333067202329,0.6227526063827535,1
0.9604339230197936,0.6217268801229378,1
0.9603642688032421,0.6225514470044876,1
0.9603068861753322,0.6228294716470575,1
0.9602742223698894,0.6220122474707184,1
0.960245920543167,0.6203489144122291,1
0.9600467395260441,0.6129412664394128,1
0.9603509377413395,0.6016097999295293,1
0.9604026107091186,0.6014606729445727,1
0.9604306513550871,0.5850909868587271,1
0.9604004223972802,0.5766225928648849,1
0.9603586996626511,0.5670945493584517,1
0.9602725202129352,0.5589536273689858,1
0.960326281377033,0.5640646264069552,1
0.9603627369018064,0.5678819365383119,1
0.9605093390276198,0.5700780845703947,1
0.9604685292952719,0.5693027949620544,1
0.9604603787731698,0.5665539550747757,1
0.9604327953717704,0.5629746092449258,1
0.960300579432871,0.5540545783283382,1
0.9602759780936705,0.5538103599354562,1
0.9603535670217833,0.5616311725566878,1
0.9604728720330895,0.566765645130016,1
0.960416894631872,0.5648266658552126,1
0.9607201311700471,0.567641154698403,1
0.9613185279055784,0.5718449595191861,1
0.9625115808472385,0.5856061841219882,1
0.9637845756197756,0.6001588235523089,1
0.9644286279587333,0.6081671476343281,1
0.9647035568349769,0.6131420162389346,1
0.9649669777020593,0.6166991961715127,1
0.9669675823300674,0.6191406735731275,1
0.9674747339663838,0.6351578896184911,1
0.9679526048877617,0.6519867022451118,1
0.9662689229855196,0.6656203318666987,1
0.9672191541227999,0.6739200891377972,1
0.9696227395384708,0.6824654595247596,1
0.9700231438452251,0.6883043315517293,1
0.9707462650259951,0.6950725406018324,1
0.9716944370387914,0.7053122658418904,1
0.9706927735416244,0.6949540169593686,1
0.9706103374466988,0.6839139074431859,1
0.9707132156966599,0.6806472495370428,1
0.9707943291445886,0.6799553177005447,1
0.9710002230455352,0.6796004025129916,1
0.9713785102621693,0.6796526931834593,1
0.9717087777665295,0.6798931033946766,1
0.9721686371754898,0.6802355471636772,1
0.9725329088093912,0.6805879123179005,1
0.9726092357042073,0.6808712986311944,1
0.9727815246519351,0.6787827914889311,1
0.9729619319969193,0.6733050272336042,1
0.9732105914484256,0.6738218054519048,1
0.9735233780023025,0.6818733226343962,1
0.9739409921697453,0.6946088971382396,1
0.973830121838624,0.6843068084402475,1
0.9737367082012449,0.6770351465716504,1
0.9735649386025274,0.6715105972108808,1
0.9735494003046601,0.6737515908196323,1
0.9736202788269215,0.6806648287114763,1
0.9738104747200427,0.689609968427856,1
0.9737301784708785,0.6877085644701192,1
0.9734873639192276,0.6790410039179431,1
0.9732759150161314,0.6746102494958683,1
0.9731832261740192,0.6745087374368393,1
0.9732052134312665,0.6738638970644375,1
0.9732589889007734,0.6739210467371507,1
0.9732796786102751,0.6736083742058212,1
0.9732587378855204,0.6651896215476801,1
0.9731822647204396,0.6549949876247934,1
0.9725673149833678,0.63652682808707,1
0.9714917108445129,0.617979296344183,1
0.9696279017240133,0.5906637407848631,1
0.9684260821279007,0.5750719182337944,1
0.9670132826666615,0.5558622714092779,1
0.9649838899555032,0.5254885103246,1
0.9638269109862542,0.5132702909166968,1
0.963575424440577,0.5084801700421617,1
0.9635669161138334,0.5039125994953256,1
0.9639142104976302,0.4963084640667828,1
0.9673886589674605,0.4630508348808465,1
0.9706826752938573,0.42269663212391767,1
0.9732724058006399,0.387162538546227,1
0.9747284861289981,0.353035337087386,1
0.9752247479674965,0.3344884989227235,1
0.9753141778078656,0.3187012009698584,1
0.9751541311793182,0.3080478033597148,1
0.9754231550981318,0.30600783173566753,1
0.9763131015651123,0.31890827759666346,1
0.976399130953695,0.323469387249494,1
0.976106104867111,0.32756664742162345,1
0.9757993379123455,0.32821757962636466,1
0.9754811812470701,0.3282793147055946,1
0.9752044857567403,0.3277430848885427,1
0.9749875235137815,0.32808223646694035,1
0.9747893826375287,0.3285345854571541,1
0.9745943170843554,0.329686064183592,1
0.9744643872560745,0.33166541330299965,1
0.9743404765161326,0.33609568959625546,1
0.9743548277495317,0.34940577486216523,1
0.9742797678847936,0.3539247209284725,1
0.9742883593569118,0.3546300413420465,1
0.9742552347507334,0.3555894820787315,1
0.9743435932203359,0.3679438324375007,1
0.9743251334852199,0.3679142861128414,1
0.9746030912518242,0.3859855948816438,1
0.9747450835882241,0.3956797336190959,1
0.9747905740644862,0.4047305731919349,1
0.9748828615853568,0.4124216333625326,1
0.9749778691931026,0.4193749178178212,1
0.9752079705637435,0.43038619934810135,1
0.9753394693947564,0.4365152599350544,1
0.9754081229114338,0.43674895775753103,1
0.9752906305505189,0.44137085464520565,1
0.9751483865460173,0.44644592874230415,1
0.975147188087227,0.4575191103471541,1
0.975193808934038,0.47065195564205503,1
0.975230053515229,0.47236087199785676,1
0.9751622968579432,0.469950370165148,1
0.9746912909942922,0.459352815032015,1
0.975028093120277,0.46087971004629547,1
0.9756364944911993,0.46902282396762507,1
0.9760113490762092,0.4721457650995652,1
0.976498000736651,0.47635286416616734,1
0.976522363854478,0.4742131662137211,1
0.97663602048999,0.4713555091339362,1
0.976548710512264,0.4629857265655274,1
0.9762093288673028,0.4539197622607845,1
0.9734264874363385,0.45468487914121997,1
0.9715186867498845,0.4610815351552793,1
0.9711316729548529,0.46469876862811205,1
0.9709477037512688,0.4694242245215342,1
0.9709768389490974,0.4709516644558889,1
0.9711739178316829,0.47164655196200744,1
0.9718724078468649,0.46019145861537053,1
0.9717740684192966,0.4474534608718197,1
0.9713143303391543,0.43487865960553235,1
0.9710848643376779,0.44405469079531396,1
0.9708728252409968,0.44675299522021217,1
0.9700275676574746,0.45054469167280353,1
0.9690275166743705,0.4559128261161001,1
0.9680773140224863,0.46331607969184574,1
0.967527733537885,0.46987278597145193,1
0.9673466754535578,0.47292178220529507,1
0.9672709611236459,0.4752227150615237,1
0.9671649046015812,0.4769455369598417,1
0.9670556339363421,0.480338156911962,1
0.9669950005234449,0.48166482282451556,1
0.9669497664923892,0.48391280154696303,1
0.966801671722711,0.4773546375601623,1
0.9663215262258984,0.44777349867282,1
0.9661665023592452,0.42097327155199976,1
0.9654269226734309,0.3807138038327707,1
0.9649076456652665,0.34073947940339966,1
0.9645688594806084,0.30615206912006926,1
0.9644493093137022,0.29004531565308783,1
0.9643775240051409,0.2793704990351973,1
0.9642413577284119,0.2695465198508114,1
0.9640918993760523,0.26029456046092797,1
0.9640554786740895,0.256334129810629,1
0.9640321662414947,0.2569519173429312,1
0.9640429755001103,0.25195078033693574,1
0.9640373972213585,0.251238783185329,1
0.9639471730793441,0.24642761482132303,1
0.9639615458737554,0.2415200206349425,1
0.9644065282153377,0.2502956846599709,1
0.9654082457441407,0.2687734151513502,1
0.9675441710059152,0.3000050506268013,1
0.9697933347153718,0.3356582527748892,1
0.9715779179686979,0.37063436292269425,1
0.973684934346509,0.4138828748735611,1
0.976101174962251,0.4638913097584103,1
0.97883034652044,0.5073093365277108,0
0.9802841008215922,0.5089543041719511,0
0.9814844231823942,0.4848513676086412,0
0.9826077359110351,0.4573325152206622,0
0.9860192587476158,0.44995842737891706,0
0.9886920258949783,0.43744033913021063,0
0.9894065289320836,0.39229268519142696,0
0.9902386415591513,0.3412400956429589,0
0.9908123458333434,0.2843892642599735,0
0.9912190967730399,0.2212522946366785,0
0.9911436122691941,0.18286815957143174,0
0.9909438526917653,0.16233492800332813,0
0.9907562166005321,0.16640135434591594,0
0.9906745941450665,0.18644547049296617,0
0.990689480679087,0.18886245728771836,0
0.9906066669013363,0.19569771498642274,0
0.9905420679221271,0.1976636038353675,0
0.9905812424221891,0.1983149379225675,0
0.9905598932217086,0.19943376684727498,0
0.9905058236847794,0.19949804317174724,0
0.9905725902812301,0.20127820557264262,0
0.9907225739344967,0.2073261318143419,0
0.990730356771284,0.20299136299445147,0
0.9906751436276635,0.19903500493024306,0
0.9906530085691418,0.19806667910859518,0
0.9906173670798737,0.20559470075855737,0
0.9905695888004533,0.23788298800895472,0
0.9905606473878945,0.25911756412041387,0
0.9906989273039679,0.3128917241949065,0
0.990777449699699,0.35367763380222905,0
0.9909175894180028,0.37607186973007645,0
0.9909376085183945,0.3780331900029508,0
0.9909215608127381,0.38243272827908265,0
0.9909376982525231,0.3888886617494177,0
0.9908520025875898,0.3968562624378031,0
0.990819625588943,0.3972720202504855,0
0.9906399990928754,0.393776092104258,0
0.9905290730335985,0.3858297313785313,0
0.9902516596973207,0.36678886726797294,0
0.990210576565742,0.36882230678996303,0
0.9903484872322801,0.38114718300479616,0
0.9905963051741635,0.39498088561914957,0
0.9909892776610931,0.41889947382108694,0
0.9914158753877266,0.439606773486531,0
0.9916694339830308,0.45341423544708775,0
0.9916861196827431,0.45199609818780484,0
0.9916465718251395,0.44656624318864074,0
0.9915960718098422,0.44321705337905226,0
0.9915944872682385,0.43818660684494753,0
0.9914696996545895,0.4372563985369297,0
0.9915179108880607,0.46454717813879887,0
0.9916203410152435,0.497290200751159,0
0.9909664213665446,0.5314044603695646,0
0.9902283213596779,0.5697172396014679,0
0.9905485201913764,0.6059641033998813,0
0.9908144217553967,0.6418695732641624,0
0.9911461946385526,0.6634064409854575,0
0.9914595694170232,0.67926222523646,0
0.9917204382778925,0.69127233191254,0
0.9921592195736898,0.7080474048308169,0
0.9927026338218345,0.7228356987561494,0
0.9931144970577015,0.7325856178212559,0
0.9929985700321047,0.7326309698806992,0
0.9934444812013761,0.7378968577491823,0
0.9934023378110988,0.7371739539216026,0
0.9933580141859253,0.7357046844998398,0
0.9931434141987991,0.7305471522234921,0
0.9928381943496907,0.7288924223710486,0
0.9928146664644852,0.7287452323175923,0
0.9928042935200252,0.7284135989582717,0
0.9927555507118415,0.7229678919763639,0
0.9927626349831418,0.7220973262875837,0
0.9927802237003116,0.7220719628313225,0
0.9927740966232681,0.7217992932043737,0
0.9927051843065257,0.7194172528185707,0
0.9923201537119053,0.7167219262083256,0
0.9922828825531531,0.7143176804202835,0
0.992293061901981,0.7109276434034953,0
0.992333926543839,0.7159419134130125,0
0.9924212675535227,0.727085168712448,0
0.992373848889893,0.7218662545442964,0
0.9923711371795686,0.719365334781691,0
0.9923637085984816,0.7153754294305706,0
0.992405401991487,0.7147371087957013,0
0.9925235274329796,0.7206007288328988,0
0.9928023929757847,0.7369173573272243,0
0.9930869892800909,0.753681222780769,0
0.9932339435849162,0.762320910507876,0
0.9930483298211352,0.7515113628729795,0
0.9924768303883823,0.7229833008722089,0
0.9917466964531956,0.6867790106367756,0
0.9906764318152292,0.6400281527621478,0
0.9885999540228347,0.5670320808975815,0
0.9866570395356544,0.5024766744067685,0
0.9843269696833821,0.4341082037543812,0
0.9820222492277693,0.3741758707606913,0
0.9797969046444714,0.32847141825547505,0
0.9782152625633527,0.32122291568660416,0
0.9771121108330277,0.3328939312213339,1
0.9759976124632882,0.35080593100190655,1
0.9727799361707248,0.35656276085129207,1
0.9698900131356989,0.35785861180425665,1
0.9688016169922871,0.3824150805933602,1
0.9676593090380496,0.40133357537465486,1
0.9665011931715881,0.42804635334095487,1
0.9653098228929975,0.45064858548284276,1
0.963806781300643,0.46051254953534493,1
0.962626452176676,0.4571894401612126,1
0.9625198856011619,0.45291231700689366,1
0.9629243376857926,0.4451704253385873,1
0.9632948134078603,0.4394370280250054,1
0.9631708535684284,0.4397370628400966,1
0.9636660328038049,0.43682770846484686,1
0.9636683086355101,0.4352302357792315,1
0.9641434414727061,0.4325535981354803,1
0.9643835554633449,0.4284190888712597,1
0.9639126149005721,0.4292716232925518,1
0.9638494151966729,0.42880561582744425,1
0.9636648704529406,0.43249471829607267,1
0.9635481971344275,0.436078791811012,1
0.9633329000741272,0.44093594275859976,1
0.9631872407391933,0.43995387957315274,1
0.9630082620676443,0.4228792917965667,1
0.9632437706951434,0.3961253188959477,1
0.9632873882876959,0.393662008443794,1
0.9633079780560336,0.3934098065847478,1
0.963352620312349,0.39774471337567385,1
0.9633589639042602,0.39845109417415264,1
0.9635401333334814,0.41088134879589067,1
0.9637054330895953,0.41856155268413886,1
0.96377471363136,0.4209310619705769,1
0.9637245335760498,0.41940994554998234,1
0.9636464050023064,0.4183089461590368,1
0.9637109336841018,0.41835946244775574,1
0.9637412174956194,0.41821323146653855,1
0.9636315017478785,0.4116469725090135,1
0.9633688565720309,0.4040857510715291,1
0.9632283652046174,0.40122080239238583,1
0.9621912815106989,0.3863556683064203,1
0.9617931939479396,0.38058567072245253,1
0.962549446316096,0.3891517243018963,1
0.9637453921326797,0.405952756657575,1
0.9654179164623455,0.4294333856317614,1
0.9672987908370174,0.4588374699219418,1
0.9690735745346262,0.4819118690233613,1
0.9704430326507103,0.4800949877317749,1
0.9713004756683596,0.4446248698494706,1
0.9720193502112626,0.39562598331986804,1
0.975452476137175,0.3269043447866581,1
0.9785686959617999,0.25242494373312474,0
0.9789434546704205,0.18061577798390402,0
0.9796636674390509,0.11881076134225084,0
0.98013836685663,0.06478491531702392,0
0.9781179867523305,0.026088266241334385,0
0.9735069686239378,0.013669817739283715,1
0.9807732898463399,0.02476551819610651,0
0.9841612649398896,0.04326409586286809,0
0.9847472070548171,0.05739936420745882,0
0.9849190175275848,0.06552975054212812,0
0.9848562655238126,0.07546133405545082,0
0.9846573676042178,0.08805235960342456,0
0.9845877143088095,0.09432339507909551,0
0.9843592887910741,0.10622972754314552,0
0.9841799304331887,0.11787921299809133,0
0.9840902770794133,0.12591169393442508,0
0.9839810687265416,0.14107907977343143,0
0.983799699352153,0.15698049424073832,0
0.9837904102137741,0.15583836409116772,0
0.9837615233844959,0.1506251836578118,0
0.9837674360689925,0.15137030770201987,0
0.983774610759777,0.15315622399165255,0
0.9837486537685436,0.14283113183695764,0
0.9836893724715268,0.1539439560138937,0
0.9835867430770855,0.1649994315707896,0
0.9835045575520196,0.16632633865153235,0
0.9834352651698992,0.15445321910358886,0
0.9834434941634407,0.14068491077379167,0
0.983445847052766,0.136058878540912,0
0.9834192315041584,0.13481321227168275,0
0.9833942677865336,0.13498835924613786,0
0.9831733301332397,0.131333458751832,0
0.9829934659842928,0.12564229815741676,0
0.9827522743795565,0.11572951315570208,0
0.9824720376627214,0.10813376118106642,0
0.9822790790466809,0.103886804006676,0
0.9796853454250596,0.06498868454370842,0
0.9705267202350645,0.02158097865153788,1
0.9301707996734875,-0.020412615847707455,1
0.9197797426934449,-0.05662104035616773,1
0.9133954913123732,-0.09257996955429175,1
0.9077631624970914,-0.1250640486431562,1
0.9012064285347561,-0.15934548040477825,1
0.8957314939196068,-0.18640259395420453,1
0.8918748266809423,-0.18072261560096295,1
0.8898128081898387,-0.1417644053901216,1
0.8876650262081041,-0.08791061373634777,1
0.8876040357512704,-0.02882055827977747,1
0.9166529295523049,0.032824103489461805,1
0.9133352729891302,0.09853294313822941,1
0.9082228074858798,0.14269548255790243,1
0.9032641203591618,0.19371388884358523,1
0.8979727937695645,0.23017062487925932,1
0.8920956283366501,0.25178700474487686,1
0.8859028993826239,0.2632539477420984,1
0.8801664958587865,0.2581819873264185,1
0.8787613674752466,0.2433418134556184,1
0.8786533988077576,0.23835173275731805,1
0.8788235806989461,0.23112756409779905,1
0.8792602132327922,0.22523019306345635,1
0.8797655563917138,0.2177286738072992,1
0.8802147862037277,0.21147098698056607,1
0.8806707081383324,0.2037422140671484,1
0.8810508496219295,0.19368371153506903,1
0.8815855617733803,0.18495245606046742,1
0.8819304797259113,0.17690561868701787,1
0.8817932262915663,0.1771695160607873,1
0.8814963582563393,0.1791289649112682,1
0.8812519324154989,0.1708775067147173,1
0.8809855436732157,0.1602448210064567,1
0.8809190180075099,0.16603842747373457,1
0.8807844030165926,0.15387358872834636,1
0.8806548796726008,0.1459549944730458,1
0.8804511737376001,0.1416973744136354,1
0.880154523776105,0.1384983019577613,1
0.8798812647705405,0.13739870549581104,1
0.8794835718373195,0.13555357960434153,1
0.8791039205979433,0.13179296527407933,1
0.878789426712535,0.12934451926522375,1
0.878364496828526,0.12600295196990707,1
0.8779093290309608,0.12003323914550888,1
0.877550689889762,0.11579584873839327,1
0.8775374465903425,0.11572088333313371,1
0.8778990463147596,0.11861703320489289,1
0.8808816704760974,0.13526290690147702,1
0.887450747783609,0.16324625272353033,1
0.893871506042246,0.19244501125015714,1
0.9001028755124987,0.22180235443088311,1
0.9056647722980499,0.24783683595585357,1
0.9116878970137561,0.2782383285898977,1
0.9152847563054258,0.2957734516126052,1
0.9207789239584507,0.3297633519335157,1
0.9257796650089134,0.34530709707985996,1
0.9302678810976247,0.3450314655294124,1
0.9346046365602528,0.33563547689807427,1
0.9388629292915676,0.32102615444711974,1
0.9430712038519893,0.30237617917368986,1
0.9474776263656642,0.2802082193937009,1
0.9523606331070957,0.2795145921173959,1
0.9571548210176132,0.26570380232784674,1
0.9622402424490475,0.26354728370119196,1
0.9674158083526023,0.26787323235635646,1
0.972650879771915,0.28333687070960223,1
0.9773181234351023,0.3219489677966607,1
0.9777333262273931,0.33034227872818345,0
0.9776750939988341,0.3358103585139939,0
0.9772927901387384,0.3426258882013294,1
0.9772505728900236,0.3455810037598041,1
0.9771290088952731,0.3494335356509784,1
0.977108454383929,0.35211684792441433,1
0.9769739434236919,0.3547653144732627,1
0.9768109444239882,0.3579939926184007,1
0.976693753139976,0.3612422208416184,1
0.9765541216326429,0.36544586674718454,1
0.976545717362017,0.3683166261292133,1
0.9770512344245099,0.36233289401930513,1
0.9773868589251593,0.36860156913516023,1
0.9775904738575695,0.3800703335285547,0
0.9776819615793354,0.3870162294983198,0
0.9775663166529013,0.38146900375313963,0
0.9776787583859534,0.3862969956197868,0
0.977690043542458,0.39162450194447446,0
0.9776642401015617,0.39700982982820154,0
0.9776960545144469,0.4014453723378556,0
0.9777502239792959,0.40292907229678715,0
0.9777210911192245,0.40272204489105373,0
0.9777202631239805,0.40257490609721275,0
0.9777848340682469,0.40319447781880524,0
0.9778786705779491,0.40480675902893054,0
0.9779309280974822,0.4047437383848143,0
0.977901978748136,0.40474205501936206,0
0.9777775827148842,0.3996288302741127,0
0.9770968272357539,0.3843793807731692,1
0.9750450397804689,0.35192947791766205,1
0.9693788908867198,0.28583242014626437,1
0.9648423838214609,0.23831102314393868,1
0.9597173690718513,0.1961061077938309,1
0.9542633721800435,0.15451552058417656,1
0.9509867386995268,0.1350644819282397,1
0.946120468838412,0.11035975823971479,1
0.9416234898659728,0.10895742233807287,1
0.9377690123799907,0.13112241319361148,1
0.9339596278834427,0.16203660666185332,1
0.9301555839439072,0.1973225901728192,1
0.9262618642671698,0.234784446635884,1
0.9220207237560696,0.27354550912681325,1
0.9175368077255254,0.30240387502564725,1
0.9125153683507321,0.32826154664569707,1
0.9068674283295908,0.33617566957408607,1
0.9008189179423383,0.33288424110144493,1
0.899060638170846,0.3287877076626951,1
0.8990883181064883,0.3304113088999204,1
0.899363213993567,0.3343378550927257,1
0.8993723803332216,0.33147413889439975,1
0.8993513617387718,0.33097865996308606,1
0.8992233467468908,0.3304710412435829,1
0.8990029853069073,0.33081417183885903,1
0.8988371288364108,0.3300908899657021,1
0.8987316963087506,0.33095751360178066,1
0.8986250239684404,0.3317806340403862,1
0.8985619561040693,0.3310182633811379,1
0.8987531475206308,0.3262237306535432,1
0.8989094727617366,0.3195963337412861,1
0.8989992216103098,0.3227886872694307,1
0.8990007783724154,0.3270660001922558,1
0.8991054756926421,0.333184902888944,1
0.8992997346627716,0.3351874726679138,1
0.8994241745062435,0.3545891860625097,1
0.8995276400160582,0.36322284524539494,1
0.8996787070078145,0.36856463495022956,1
0.8998303509684427,0.3768994629012113,1
0.8998645961822631,0.3779726489584901,1
0.8999633715003058,0.3848664408036287,1
0.9000340333472869,0.3903706237797029,1
0.9002061392879872,0.39097527797047293,1
0.9002337972865475,0.3910837876382908,1
0.9002634492590511,0.3914109722816938,1
0.9006220144026545,0.3978565034029751,1
0.9007976107549049,0.39997615824652233,1
0.9007975719445818,0.39996692726902844,1
0.89956424909553,0.39263594551044867,1
0.8959325024249245,0.3754660249334883,1
0.8957943258280124,0.3703698835964135,1
0.8946118629715218,0.3625213996275738,1
0.8945298179725272,0.3585548799105737,1
0.8944432542096111,0.35438189452932417,1
0.8943740998345153,0.3510563658413759,1
0.8943746089147377,0.35108246186236236,1
0.8945206705604941,0.356705321429237,1
0.8947457608224142,0.3630860693501372,1
0.8950095490140384,0.369234766559929,1
0.8953561465593153,0.37592074794461583,1
0.8957430657852304,0.3827116417377195,1
0.8961586425089096,0.390616824482901,1
0.89676764000225,0.4033669973452931,1
0.8973086052329198,0.41714369672700263,1
0.8979259484279434,0.434746753418201,1
0.8984247805903205,0.4513277158676424,1
0.8941498308490188,0.4509418772565696,1
0.8873534850841518,0.42991520949407175,1
0.8826866208266142,0.4041769718364196,1
0.8820700979983662,0.3971281240310991,1
0.8821146573462022,0.389370895598251,1
0.8825640820566024,0.38574468755527064,1
0.8831873650489199,0.38139208261456814,1
0.8838679105967485,0.37771728426420553,1
0.884603972808186,0.37439660606571407,1
0.8853079143394988,0.37082179917146874,1
0.8861154775877951,0.3680039017359215,1
0.8862958895690929,0.36788126543740346,1
0.8863536993768453,0.36933337948684924,1
0.8863501903095776,0.3679627754477183,1
0.886348044495702,0.36068237599938713,1
0.8862895879536328,0.3549777936697277,1
0.8858316733554419,0.3533518261235585,1
0.8850241474947482,0.3152691321500204,1
0.8844640047463125,0.2919285978127371,1
0.8839128725028649,0.2710290211337555,1
0.883482372286727,0.25480931831378806,1
0.8831640779672776,0.24183249947457322,1
0.882837721044901,0.22862706607703565,1
0.882642900924834,0.22087171268793498,1
0.8825337323032796,0.21698359952312346,1
0.8825042175380633,0.21712049823970817,1
0.8824802140594394,0.2159511741686225,1
0.8824648039932269,0.210911191716562,1
0.8822941695233911,0.20812592439087377,1
0.8820831497978819,0.2063675187347018,1
0.8841137244125239,0.21856905667222407,1
0.8890977540922652,0.23868188622549436,1
0.8922483840989672,0.25384663633269106,1
0.892363050368848,0.25904768580586274,1
0.8925281772184324,0.26452284999029463,1
0.8926943262393774,0.2700663220405438,1
0.8928353772164975,0.27480367103952585,1
0.892934221120648,0.27804963130158133,1
0.8928259228788499,0.27472149420180986,1
0.8925607132791096,0.26723315546500187,1
0.8921820908549847,0.2568160544522654,1
0.891636323653825,0.24187967688834872,1
0.891049151268011,0.22556727459951892,1
0.8905141477277352,0.21013317847086938,1
0.8899540353437426,0.19336276646835593,1
0.8896320877874386,0.1831770441154624,1
0.8894052185658752,0.1757209049467442,1
0.8892799266039892,0.17148362377240306,1
0.8905526854240067,0.17214079917662045,1
0.8963529003244454,0.188082299781184,1
0.9003477143445877,0.21274736206816572,1
0.9004434061365288,0.21425104060045724,1
0.9004482407735788,0.21668693355013882,1
0.9003610868309441,0.21721564478944796,1
0.8999345083771275,0.22051981043059854,1
0.8993150217679531,0.22402567065577236,1
0.8992019411013243,0.22361470687527363,1
0.899064580459241,0.22361196309497883,1
0.8990420598541304,0.2238418402325198,1
0.8989312983572415,0.22306440925811608,1
0.898867490905955,0.21843837383130058,1
0.8987114616225486,0.21170391812569697,1
0.8989165956237442,0.214478700289353,1
0.8989747828006602,0.2224783663003811,1
0.8992169403636402,0.22503813061229325,1
0.8995907705984283,0.2430137375775829,1
0.8998640139312439,0.25639762086533113,1
0.9001976162942957,0.27181351155089206,1
0.9004504096993969,0.28442155611544284,1
0.90068461225867,0.2997807038793857,1
0.9008665855603921,0.30931024500808674,1
0.9010298642588275,0.31578644885790996,1
0.9011891769997433,0.3216582171727185,1
0.901224804261347,0.32381864302331026,1
0.9012278572350245,0.32437233179711145,1
0.9012415323457414,0.32613092426522694,1
0.9013764997577741,0.32973341768863274,1
0.9016566838667717,0.3328296919534997,1
0.901401827501143,0.3305718864692824,1
0.8993080054380899,0.31973169423324205,1
0.8994977154551453,0.3194676974955699,1
0.9001244672359492,0.32074186063401805,1
0.9000508692595401,0.3193560388152307,1
0.8999427436386036,0.3168190091838688,1
0.8998926309292203,0.31458190515726947,1
0.8997828686819761,0.3098717197781984,1
0.8996951619146412,0.3064211586136046,1
0.8995772812145755,0.3023042539651631,1
0.8994855796564692,0.29924047884771876,1
0.8994174704250743,0.29700016998358253,1
0.8993408413027733,0.2945174197906887,1
0.8992354006631427,0.2910707727469825,1
0.8990812814860518,0.2858943056425148,1
0.8999846725984484,0.2757631782401827,1
0.9046768527080244,0.2571347691916905,1
0.9090858823931395,0.24574390953777725,1
0.9127803803936803,0.24456648743127893,1
0.9133643636237088,0.24700680022294483,1
0.9136017229644204,0.2508367325393511,1
0.9137658491008938,0.25670854984089136,1
0.9137666216595199,0.25724133245851705,1
0.913834959562648,0.2566715966784515,1
0.9141435009586396,0.25527567449555755,1
0.9147008326932449,0.2529929659100561,1
0.9147794891835088,0.2536390895072849,1
0.9149604120964241,0.2503606561398261,1
0.9151064342283901,0.24315234376111683,1
0.9152904971922851,0.23427346385630088,1
0.9151712962070748,0.22794852131106064,1
0.9149202568669447,0.22671107768834906,1
0.9147983996337241,0.23154933344664344,1
0.9149364714780623,0.2416769750779257,1
0.9146764255570226,0.25773371282473595,1
0.9151655350049126,0.2943000130419841,1
0.9155106768067329,0.32382763677694354,1
0.9158714326077049,0.35803519534104467,1
0.91626103170611,0.3882854449497221,1
0.9165976631214032,0.41464338633845926,1
0.9168614145052478,0.4362831327135465,1
0.9170500425072734,0.44597200682300764,1
0.9170263543038771,0.44954183520018676,1
0.9168057469560509,0.44430045337726054,1
0.9167829108393075,0.44224113502506157,1
0.916884823396833,0.43637577908216446,1
0.9170179166929469,0.4321478864888942,1
0.9169659625446791,0.4299824654143812,1
0.916353965507676,0.42313640315957785,1
0.9191615600525831,0.4407434971618583,1
0.9217451642258461,0.45559293046621513,1
0.9265036781371944,0.4821926792186295,1
0.9331634165331335,0.5282491122399287,1
0.9391839485132002,0.5719627039801659,1
0.9450929788630873,0.6195420947714575,1
0.9502899051873244,0.6562849051629848,1
0.9532211986242138,0.6667052911685887,1
0.9558269499611681,0.6675322416291342,1
0.9571742675102484,0.6699653380971774,1
0.9574582814267734,0.6789642655559587,1
0.9578613071911787,0.6895624832094366,1
0.9604956864296055,0.6851456818801491,1
0.9644823320241991,0.6681284917680242,1
0.9675776423944398,0.6603555129259431,1
0.9678337446889734,0.6494186639185304,1
0.9682657523152404,0.6521052950897208,1
0.9688156244263839,0.6573294907098198,1
0.9689764803253563,0.663791510628943,1
0.9687252674025763,0.6667478411236194,1
0.9686316915414199,0.6661732933110123,1
0.9672210548910505,0.6621127340785462,1
0.9667005066633362,0.660976643724385,1
0.9665277948309581,0.6602172042217176,1
0.9667142770041168,0.6601037169297845,1
0.9669528610874163,0.6604856529937447,1
0.9661631595896077,0.658158100227519,1
0.9655875745509449,0.6595279818718357,1
0.9653910609559544,0.6636580548687435,1
0.965261012357183,0.6693975972591881,1
0.9652390032903777,0.6741314366480006,1
0.9648688079481094,0.6574975973534671,1
0.9645500725602432,0.623415352952148,1
0.9647267941393914,0.5975324288704228,1
0.9638792972527825,0.5321341623268978,1
0.9630525800187477,0.47332213274342766,1
0.9625926236468112,0.43745543989675495,1
0.9622141883587034,0.40601052982616126,1
0.9618885251943028,0.3856135192704426,1
0.9615912460217351,0.3641572176700084,1
0.9615335997349201,0.3620302174158301,1
0.9614285652312913,0.36215727700667005,1
0.9611754058336613,0.35749235215945163,1
0.9610724362613776,0.35448196323433345,1
0.9610146851489332,0.352244546444414,1
0.9610981598625488,0.3560028556905538,1
0.9612728901940581,0.36354645288602505,1
0.962177429471371,0.37746248389583853,1
0.9626515506718569,0.38532927016799506,1
0.9639165693580218,0.4087362835220342,1
0.9655221027297451,0.4342273227546224,1
0.9655708725649217,0.4351522304152297,1
0.9663127896874997,0.44779948331650377,1
0.96682112527636,0.45782095224138697,1
0.9675457757523804,0.46610727330416746,1
0.9698826472464465,0.48490139245474395,1
0.9720333336771525,0.4916228891478044,1
0.9752779038973501,0.4975962345531934,1
0.9783725614750789,0.5418096266835579,0
0.9801165034625421,0.5937810405711501,0
0.9798201492253757,0.6276344865370205,0
0.9800905871848093,0.6388433476209269,0
0.9804887300483622,0.6455633724801372,0
0.9803199471037252,0.6521808751808396,0
0.9806967657523207,0.6599789354821276,0
0.980988048079412,0.6650224158326389,0
0.9810263742950279,0.6670563524016176,0
0.9803525879512412,0.6454388222128774,0
0.9803695714093709,0.6438570531560512,0
0.9809130883205531,0.6445228019580218,0
0.9811408306699951,0.6439360478909614,0
0.98123723095582,0.6431469390886801,0
0.9810624325597368,0.6423252130606316,0
0.981023617736905,0.642114035126884,0
0.9812907309430816,0.6421051466401015,0
0.9814815135414146,0.6408901522505053,0
0.9814837364951616,0.6390188519261348,0
0.9815003554403209,0.6377062340717954,0
0.9815790301849107,0.6369237469266437,0
0.9817855031023323,0.6420997434500608,0
0.9818497014922893,0.650249207389492,0
0.9818970838477308,0.6490017207317456,0
0.982398077196428,0.6764085891450818,0
0.983001979447024,0.7067988806825036,0
0.9831963126690839,0.7272053103426502,0
0.9834799938551663,0.7501235061345858,0
0.9836697686230929,0.7660339528722614,0
0.9840284896484517,0.7816242627394493,0
0.9839205753044666,0.7771160665715044,0
0.984091380757901,0.7781276395727105,0
0.9844633652096733,0.7880387422821951,0
0.9844048672552299,0.7857264686654212,0
0.9843311919347768,0.7826978881517521,0
0.9832034961347079,0.7515484813613112,0
0.9802480433163003,0.6874616094550199,0
0.9733889462683836,0.5811008244756614,1
0.9668684527981299,0.5006915775363563,1
0.960056323017636,0.4250029574485096,1
0.9532106729267924,0.3605783085747726,1
0.946439930540443,0.306058123328875,1
0.9396424314393375,0.25605555006987263,1
0.9330043074445675,0.21323064348094395,1
0.9268469844771023,0.18389949623150847,1
0.9212616577675091,0.17015459482995712,1
0.9165110922251107,0.17927681332697687,1
0.9120453401189111,0.19842500222220913,1
0.909048530998537,0.191094771450025,1
0.9076175194275056,0.16729819808561677,1
0.9059514152222321,0.1478255743407643,1
0.9019852366999763,0.16633370294711547,1
0.897440644520019,0.18985157437747427,1
0.8924360234396611,0.2073327916502196,1
0.8868763880354611,0.21904113491545338,1
0.8804648245822071,0.21901781210837723,1
0.8729593135150904,0.19090437594556334,1
0.8692195115611006,0.17211540754844973,1
0.8657618104328828,0.14884166556415213,1
0.8656098177193493,0.13671930008956218,1
0.8660254183732001,0.1332085799298003,1
0.8663920461659806,0.1339253748009774,1
0.8668692908391742,0.13512818228504248,1
0.8673122824393771,0.13451168950846268,1
0.8678211822399955,0.13366033161061094,1
0.8680431207110924,0.1333611492255006,1
0.8681038368313263,0.13138704210073857,1
0.8679779000619632,0.12463401965403766,1
0.8675053093849678,0.11475807215887711,1
0.8674878971114552,0.11334876956597899,1
0.867514771830848,0.11812904045440577,1
0.8674361026357423,0.13529894196711723,1
0.8675542629076409,0.14025800236825306,1
0.8677382434037065,0.14707175113666332,1
0.8676114083017541,0.16141312662265422,1
0.8675224859121726,0.1759085019658103,1
0.8674296640671035,0.18820046195885912,1
0.8675137622915363,0.20714261238650938,1
0.8680418902838358,0.2238183304980923,1
0.868572072284042,0.2326360808357704,1
0.868681896736903,0.23632976557507077,1
0.8685219862174847,0.24105323944736612,1
0.8683845455900129,0.24601959183909103,1
0.8691664058631681,0.25794582396364407,1
0.8721551439233741,0.27920544962296984,1
0.8797544792761014,0.31378407142654474,1
0.8872479026481471,0.3550552979672483,1
0.8944815280728571,0.3973927448482889,1
0.9017902073127763,0.43911937881920776,1
0.9090010837052283,0.48443213045702976,1
0.9160753128209617,0.5343494756728516,1
0.9231389601724419,0.5867578131171318,1
0.9298666764713543,0.626306454729378,1
0.9358436876125236,0.6432944779746665,1
0.9407221266928127,0.6184515757895053,1
0.9451316140553452,0.5763376070800978,1
0.9491813219525965,0.5429939444113058,1
0.9530395265584582,0.5020546913866872,1
0.9562538213479859,0.4068947785888691,1
0.9594952836899652,0.312265298330565,1
0.9628766169429661,0.22909813443019142,1
0.9668737602743288,0.17365622974980585,1
0.9713661263909427,0.14998403629922843,1
0.9766457091669775,0.16942503679641263,1
0.9827309827614977,0.270913548780503,0
0.9857667584193661,0.38853393822365107,0
0.9880643788515094,0.4918330326249742,0
0.9878569854765538,0.521339712118144,0
0.9872137190058483,0.5280446798062266,0
0.9862899822153707,0.5268937253841209,0
0.9854348786530989,0.5271537674378927,0
0.9847286818437442,0.5313601654960347,0
0.9842572972054544,0.5404183184045389,0
0.9839388143893435,0.5520091654048255,0
0.9840554062865128,0.5684454585590736,0
0.9845849498192182,0.5952238127304387,0
0.9855146219087909,0.6224373340845389,0
0.985917250906284,0.6267185906406544,0
0.9861294993838958,0.6100953264438876,0
0.9866628484978068,0.6036611264584097,0
0.9865419773468671,0.5770090789461902,0
0.9865400593297711,0.5483036933836433,0
0.9869530657462342,0.5144790554705891,0
0.9874534025793804,0.4846786623633652,0
0.9880277243588815,0.4681445934563725,0
0.9887390062843537,0.46305397986420754,0
0.9893603373760004,0.47007821136805106,0
0.9900351516119479,0.4906713079109265,0
0.9903781049686233,0.5074004842922709,0
0.9904976249397051,0.5103848658036738,0
0.9905387100721482,0.5122543328542516,0
0.9906004159852186,0.5136660237318715,0
0.9907262148448952,0.5190795877172234,0
0.9913582594432668,0.5433761894596534,0
0.9903262558662946,0.500934976649451,0
0.9885723033393006,0.43729274539094715,0
0.987180101543716,0.3913676105270734,0
0.9868298607376749,0.37729243732129775,0
0.9865211639022801,0.362446276497102,0
0.9856962672696894,0.33516470515770674,0
0.9851517601782535,0.32427059976201084,0
0.984628071647204,0.318507857301783,0
0.9844260650561872,0.32805306783810967,0
0.9841480642942426,0.3480450637065207,0
0.983604871951649,0.3675785148117725,0
0.9831400665250625,0.3892237652650952,0
0.9831357654726305,0.41857480372202954,0
0.983227252159504,0.4327983030130293,0
0.9833081639828591,0.44149985217006515,0
0.9833789806989703,0.44420507890106414,0
0.9833776389723333,0.44428340968245794,0
0.9831798895104774,0.44086929355552257,0
0.9826838663323041,0.44642879408401714,0
0.9818411682794996,0.44749688649236524,0
0.9815736936971888,0.4485135093405089,0
0.9805630765546107,0.45045786065297383,0
0.9783846305627734,0.4491264947111606,0
0.9762533739851895,0.4482700133197445,1
0.9753778060448155,0.45166646863534887,1
0.974819493800233,0.4559299333538326,1
0.9746369583741175,0.4592445490259475,1
0.9745764038337621,0.46112207557420526,1
0.9744497174682349,0.4676827842046104,1
0.9743432084967938,0.4746112805480267,1
0.9741933085967649,0.4792194302428417,1
0.9740590055957477,0.4767859912711904,1
0.9735753657962305,0.4511842466745235,1
0.9733247914692074,0.40762876712345997,1
0.9732597693171855,0.39854693755458165,1
0.9731490793530857,0.38688754342109005,1
0.9730629236533551,0.37963450670688004,1
0.9730098452881701,0.37574168336761055,1
0.9730551370867052,0.37172568912753,1
0.9731053880890583,0.3683513604169997,1
0.9730482543631401,0.36725462362694494,1
0.9732092115570243,0.3672050037032202,1
0.9734033053188814,0.3725993158800978,1
0.973749456124274,0.3802713110109699,1
0.9740749807029216,0.38750735382292045,1
0.9741309969571584,0.3888398276997168,1
0.9742195594923501,0.390760154380501,1
0.9744367220744197,0.3953661516976896,1
0.975468967681626,0.41339129925717444,1
0.9770756093116618,0.4425592853397722,1
0.9786214826644766,0.4721369283339443,0
0.9791949052996627,0.4869340186119753,0
0.979787462424241,0.5000906154119459,0
0.9808270588925685,0.5249211811774425,0
0.9820205085720117,0.548872687714264,0
0.9832988188461218,0.5654952938230453,0
0.9839603608319807,0.5557686526776983,0
0.9846316869535301,0.5347385051705575,0
0.985791690785942,0.5088808949786034,0
0.986456376852411,0.4770601082284189,0
0.9865268296331752,0.45558559402788684,0
0.9864856041167329,0.44585556337635096,0
0.9864751819860174,0.4378357569471073,0
0.9864958615432304,0.4357016777875179,0
0.9865185404882437,0.4328915051335677,0
0.9865080801370218,0.432369188973818,0
0.9865339049849999,0.43087154408939404,0
0.9867041736129669,0.42341848645841423,0
0.9867526014946778,0.4207174602909464,0
0.987069687486393,0.4127349668496209,0
0.9881285441140332,0.40597486987031756,0
0.9894088995992021,0.4045416999355214,0
0.9899119355855523,0.39792738217626233,0
0.990304215535431,0.3895634779111263,0
0.9902492222074033,0.3849055400799908,0
0.9901750898132815,0.38149118378856073,0
0.9900402900971792,0.3759097876626293,0
0.9899404279181804,0.3715311895938822,0
0.9897671239548389,0.36591312851375574,0
0.9897478336496044,0.36677755869658324,0
0.9900590221557595,0.3928734660613866,0
0.9904931519622148,0.4324481870496541,0
0.9905353722791403,0.44399511908937594,0
0.9905476234747337,0.46548241701350107,0
0.9901511618257414,0.47540257964814386,0
0.99001740106369,0.48112894328875566,0
0.9898371443252073,0.47763717821497126,0
0.9897211186241384,0.4801904773432576,0
0.9896054141616526,0.47454900363531344,0
0.9895142482813495,0.47007434002016435,0
0.9893038551492288,0.4579584385032208,0
0.9890230023328057,0.44492949397732934,0
0.9887894655311007,0.4328660280023896,0
0.9888356850915839,0.4347067192329152,0
0.9888498542335873,0.4388832837137663,0
0.9890067694557654,0.443457286726329,0
0.9891523101769373,0.4497594537540447,0
0.9892550171413133,0.45500509242368375,0
0.9894180499092557,0.46383430372775064,0
0.9895406008619365,0.4734208976476717,0
0.9897928279135672,0.4883425221236179,0
0.9901030159797826,0.5048360002925182,0
0.9901591744879672,0.5080683022667186,0
0.9902097969665584,0.5079378781685752,0
0.9901212855184824,0.4963317576448602,0
0.9899727940215943,0.4749057384852048,0
0.9899905839176568,0.4472393808423956,0
0.9902539550168357,0.40059889682592603,0
0.9897962372843219,0.3214565810064763,0
0.9886673195571465,0.1980825848915741,0
0.9875940762881041,0.10897105652223839,0
0.979009782904862,0.017898455216222044,0
0.9364601399753205,-0.035592857310042574,1
0.9316402264555718,-0.08252911019688984,1
0.9307778420589241,-0.0836489595018144,1
0.931896282462263,-0.049669409690233514,1
0.9323467968790752,-0.04491173025992453,1
0.9339990442970963,-0.041310611803953366,1
0.9348064345426403,-0.035628411232482365,1
0.9365721921343508,-0.03249832791344933,1
0.9367579639117747,-0.0316552802159981,1
0.9382660833018701,-0.027902125348326208,1
0.9386640750631416,-0.02500267799141956,1
0.9395526310538799,-0.022763511158456918,1
0.9439895191803269,-0.015546255600966364,1
0.9473058674800336,-0.011272269677168982,1
0.9522245782954759,-0.005827235494937004,1
0.9535213925356258,-0.004635994082337083,1
0.9421925070337485,-0.017418645022719684,1
0.936400723475767,-0.03235806451003303,1
0.9514128754509834,-0.006437006392494643,1
0.9777435100869609,0.01963318567113973,0
0.9843836374050203,0.05273062316732643,0
0.9852051059038804,0.09406059806581851,0
0.9857677806149371,0.13484064915487096,0
0.9861659680724304,0.16469698814457168,0
0.9864705581430843,0.18396981944189045,0
0.9867334084630104,0.19657217978644542,0
0.9869557891092438,0.20701522571626851,0
0.9872386605924162,0.21708597461950935,0
0.9873128884638578,0.21999791072627628,0
0.9874524578065709,0.22125289176520874,0
0.9876261719083033,0.22765306464692553,0
0.9876526222599927,0.22842076487195023,0
0.9879781126386349,0.23930853442591904,0
0.9884008663846936,0.2514360306317505,0
0.9886674720030755,0.2618754912729347,0
0.9889726692547305,0.282576969506352,0
0.9891615573922254,0.2974349338328787,0
0.9893655948211479,0.3134826550566472,0
0.9895621831593784,0.32952763704887106,0
0.9897113536452238,0.33466707366863024,0
0.9896522199563695,0.3177852189126302,0
0.9894859533321663,0.29514638651725006,0
0.9894592670336311,0.28133299043211357,0
0.9894915509852398,0.2640911650188524,0
0.9893148571490599,0.247223785034871,0
0.9892058611308004,0.24295019192075815,0
0.9893473255267029,0.24922653715579615,0
0.9895141850403228,0.25985532820754786,0
0.9895990107861519,0.267982019854486,0
0.9903638673859285,0.2996319591293741,0
0.9910000217014969,0.3083175418206837,0
0.991240538344988,0.29624933938871123,0
0.9911589292576674,0.2977921122867538,0
0.9912081679158624,0.29821055842130456,0
0.9911581915843561,0.2950554505727111,0
0.9911054703703088,0.29201515814829665,0
0.9911006166761018,0.290993176380376,0
0.9910924118035362,0.28930801062749767,0
0.9909949878996083,0.2718028102198364,0
0.9907093792569033,0.25058736614622773,0
0.9907614981768768,0.24167803934791476,0
0.9905159446653196,0.21711198155212358,0
0.9903831154027438,0.20295160386088484,0
0.9903661663532184,0.19763843604736434,0
0.9906878199506699,0.2256983531170694,0
0.9910096609528467,0.26725613739438175,0
0.9908598014067023,0.2556694056470465,0
0.990635827640513,0.23922281284851543,0
0.9900892893722437,0.22697063830591865,0
0.98975375219386,0.21585046444563882,0
0.9895793818831419,0.19817689454567475,0
0.9894546181176018,0.18903333550853765,0
0.9893874025941212,0.18830586235668273,0
0.9894675148589072,0.1869946262124365,0
0.9895488070135972,0.19143812499251103,0
0.9896010620137005,0.1948097712725077,0
0.9898612540200888,0.2060787879679291,0
0.9898890795425667,0.20840788478303754,0
0.9897385789578179,0.19940923156480478,0
0.9896895192758217,0.19879518065241028,0
0.9885470084864655,0.15777083186234736,0
0.9874765906216076,0.12086811712003324,0
0.9865669868331581,0.08772166752171148,0
0.9827027945710767,0.02998186199079653,0
0.9329326702914305,-0.03975758131686588,1
0.9272005066933998,-0.10693640280989716,1
0.9213724088661653,-0.16309850368043588,1
0.9155966031277969,-0.17911373133491826,1
0.9185340553120172,-0.05324772784628729,1
0.9661382753918327,0.11905109348750798,1
0.9637131181717952,0.26409981167803515,1
0.9610513774270597,0.3722098432973467,1
0.9585582017607616,0.4677577507082924,1
0.9562043345960412,0.5590101526725293,1
0.9532660985649235,0.6195783082734407,1
0.9504828579660527,0.6714654874185351,1
0.9484554702453396,0.7048586306664029,1
0.9444517155541563,0.706630036688119,1
0.9441578880321724,0.7003113975669094,1
0.9436898911478554,0.6863089781495806,1
0.9440537894695271,0.6816438363978164,1
0.94452066551425,0.6800928304271283,1
0.944815480063258,0.68027135450821,1
0.9450755375065235,0.681331756528433,1
0.9453478095546226,0.6827413373895053,1
0.945603273470746,0.6835200492178247,1
0.9455310748776093,0.6845637935783667,1
0.9455763829484862,0.6847948602800356,1
0.9460393242974494,0.6816531437851566,1
0.9461078515732966,0.6793156803146783,1
0.9463485799166034,0.680564463922147,1
0.9465337579851388,0.682910629179655,1
0.946763578304492,0.6914411307290594,1
0.9466405142788454,0.6874327140151282,1
0.9463140098562184,0.6706258021567757,1
0.9461025149844633,0.6642043554522646,1
0.9456613201561879,0.6644538602577774,1
0.9449654226865084,0.6724567064819724,1
0.9448157704198258,0.6775926760719737,1
0.9449265583508489,0.6849532929067328,1
0.9451108384742447,0.6910452041463578,1
0.9454531946618707,0.6984039667345485,1
0.9456584161458654,0.6992327939724274,1
0.9456978117877797,0.6972853325266457,1
0.9457476572880887,0.6950115204569428,1
0.9443603022265716,0.6793926311475599,1
0.9407877662211418,0.6476317330958011,1
0.9342759573562209,0.5986907079433856,1
0.9272963362103335,0.55369541715205,1
0.9202891756903273,0.512350531689667,1
0.913067883070044,0.4723154558131097,1
0.9059266862986637,0.4362445479761293,1
0.8995702959200291,0.40645443322713065,1
0.893542870862013,0.3799215571945181,1
0.890347527629129,0.3688194817891885,1
0.8891397252036319,0.36893023709396844,1
0.8889239296271303,0.3662884828802605,1
0.8883870922392191,0.3559623312824458,1
0.8875814827594755,0.34213718482105704,1
0.8869409861436134,0.3303130516617676,1
0.8862129080387958,0.31703313933979854,1
0.8854141444084161,0.30294012175138363,1
0.8846087041822999,0.2850422449544591,1
0.8833231603934819,0.26883933477594013,1
0.8829972153833866,0.25988575224923766,1
0.8875679165694246,0.25751174211403965,1
0.8858912963224084,0.24839557875404356,1
0.8859656213556885,0.2486525436039756,1
0.8854914094514206,0.24243424228156457,1
0.8855420935908829,0.23970330813921614,1
0.8858938443758364,0.23664358749902262,1
0.8861123629501129,0.23371372081536526,1
0.8862903786372993,0.2308493213666033,1
0.8865160557080399,0.2282650387831406,1
0.8869710342902559,0.2232288122588085,1
0.8870206932435235,0.21930671728369933,1
0.8869328799997066,0.21727293119326144,1
0.8868594684741583,0.21494472085062014,1
0.8867756882011296,0.21164505538913905,1
0.8867076858770282,0.2099051289474595,1
0.8868598833192153,0.21352942794347204,1
0.88714120997916,0.2259971010275799,1
0.8875715054109594,0.24296651605690314,1
0.8878875627714781,0.24986255499401758,1
0.8883650836836956,0.2421026446003584,1
0.8889097891386915,0.22281836695334956,1
0.8888834372384834,0.2255023168273325,1
0.8888241132755963,0.2232545106802405,1
0.8888063518746281,0.2232920430711747,1
0.8887851334444277,0.22364627634299522,1
0.8888143160285411,0.22339491028432767,1
0.8888748035862932,0.22421011228484655,1
0.8888981648682226,0.22509425822248752,1
0.8903501050191277,0.2383984085770624,1
0.8941016683872485,0.2633007023157029,1
0.9009263253504369,0.3013883088257057,1
0.9083090481977483,0.3439858976851796,1
0.915551518105594,0.3882324699113221,1
0.9227379820764521,0.43458783932180395,1
0.9297874850326391,0.4844706117280846,1
0.9368163108164989,0.5394304934230807,1
0.9437665341950217,0.5988303414140022,1
0.9504212499579069,0.6554065806308684,1
0.9564407275319443,0.6932452349715255,1
0.9607740482749286,0.6599383374635521,1
0.9645075869817215,0.5970572780983397,1
0.9683825143919763,0.5596306894527509,1
0.9720070313824576,0.5094930561951324,1
0.9752037904159631,0.42400499163023986,1
0.978353068494707,0.3395736716719749,0
0.9821937191914675,0.2889619751160566,0
0.986643463622547,0.2749772223607791,0
0.9896021225154095,0.29966676784619484,0
0.9901376555545229,0.31684235037732766,0
0.9925342282231093,0.4393411940070065,0
0.9932334671760854,0.4980369868348828,0
0.9937658533817825,0.5462144343704051,0
0.993553967164837,0.552261532058499,0
0.9933066531234633,0.5508578358672639,0
0.9931385404593399,0.5499481260389666,0
0.9931013087434907,0.5493716382668749,0
0.9929986584960825,0.5497004533386064,0
0.9929305080912765,0.5519952690966703,0
0.9928726876645784,0.5585991244704118,0
0.9930189970370273,0.5723705464661307,0
0.9931703939679049,0.5842239436328819,0
0.9933539262950442,0.5936583328059911,0
0.9933969937303204,0.5957685437326037,0
0.9933950642255542,0.5941411964152885,0
0.9935853708223464,0.5980210022648427,0
0.9934519557377632,0.5892676960640589,0
0.9933305557560473,0.576445577647233,0
0.9932231283179243,0.5593413188801842,0
0.9931836547472089,0.5407428334484123,0
0.9934662882799281,0.5345681174879653,0
0.9935257132548043,0.5301205454865439,0
0.9936205748160069,0.5305022390071208,0
0.9938104734807893,0.5374128462709481,0
0.9938798055398003,0.541671093251976,0
0.9939926115937249,0.5453912366489762,0
0.9940504264127313,0.5474557142794583,0
0.994119830708625,0.5519197416473396,0
0.9941458619279111,0.5552719128303941,0
0.9941350116382293,0.5563464889523912,0
0.9934461984525524,0.519347147437383,0
0.993034750937895,0.4992881166650279,0
0.9925837722373394,0.47664987905815964,0
0.9916349052792823,0.4346952517361116,0
0.9904433017059016,0.388572773359197,0
0.9887530066513128,0.32865644250544396,0
0.9871201378279805,0.2805147883926227,0
0.985692647066806,0.24940764385176672,0
0.9852344486531122,0.281046787440273,0
0.985288458654058,0.3360696298876192,0
0.9853219764752061,0.37168482429932354,0
0.9853142573297431,0.40756496824566374,0
0.9854974940555166,0.461040348076593,0
0.9856551478056026,0.5079087513386061,0
0.9857865185593063,0.5301488316978235,0
0.9858362371830138,0.5387040581574701,0
0.9856461990508774,0.5447356220259606,0
0.9857053082085582,0.5447581873604389,0
0.9857819828431542,0.5387601000980499,0
0.9859594091147947,0.5371129744752349,0
0.9861763200844477,0.5345924819122366,0
0.986355380272959,0.5333897452185793,0
0.9864099051132786,0.5316940869302822,0
0.9864242256811786,0.5297859319651528,0
0.9864583178413312,0.5281507383988762,0
0.9864270164834894,0.526682427850095,0
0.9865258629095539,0.5246995098716409,0
0.986698428086198,0.521591924133177,0
0.9866523504328835,0.520086774681826,0
0.9865666482106343,0.5145925349458818,0
0.9865277267588859,0.5098861957650266,0
0.9865171840966681,0.5090088423480448,0
0.9863960492166466,0.5026157910545527,0
0.9861430000977289,0.4860822297035123,0
0.9856275560170595,0.4628948386394824,0
0.9852063648342184,0.4423267106512688,0
0.9848502515856419,0.4256897031674811,0
0.9844935794708471,0.4143554063667883,0
0.9842871218704521,0.40599442818418807,0
0.984152882252243,0.40231615749292615,0
0.9840694730226622,0.4005831899131574,0
0.9840737588997185,0.4008122347785629,0
0.984043457850859,0.40138618295368594,0
0.9840156958237825,0.40210676553988806,0
0.9840824029346662,0.4032552368115325,0
0.9840849099947644,0.40334463314687546,0
0.9841292907625028,0.4034071058791603,0
0.9839219541903259,0.3948949518782708,0
0.982271761152383,0.361701188561194,0
0.9799743670333567,0.3189515236845693,0
0.9775314943759199,0.2789043645845188,0
0.9746254125066423,0.23933921834093183,1
0.9712457580898188,0.20040921569704237,1
0.9684753758340893,0.17212625635604192,1
0.9658087670358307,0.14863215036504296,1
0.9617777769068716,0.12168608688028952,1
0.9573311489491014,0.11984245075081068,1
0.9532884553367446,0.12908594722612252,1
0.9494248030295761,0.1349992283246032,1
0.9456023369419333,0.1426794800866108,1
0.9416841587006968,0.1577847788854251,1
0.9386429492166226,0.16990208401242202,1
0.9374496015397331,0.1796802638941907,1
0.9359688760170942,0.19059316061242934,1
0.934377204055209,0.19238003394525313,1
0.9340994137503899,0.19206979658970016,1
0.9340709362505428,0.19099623537939034,1
0.9340796793607458,0.1912516784245938,1
0.9339823668925422,0.19372937664851608,1
0.9338265470741529,0.1963262733291521,1
0.9337945466070496,0.19813540571578048,1
0.9337745036268006,0.19931268413893735,1
0.93382307979094,0.20059592076068358,1
0.9337606495683229,0.20153194660237017,1
0.9335685708209407,0.20305723534789955,1
0.9333588046052914,0.20588248778778334,1
0.933155293367054,0.20879693778046116,1
0.9331486522406428,0.2139371008191066,1
0.9328925188634185,0.2148168669677974,1
0.9328768273590422,0.2153622496337721,1
0.9330381837646866,0.2194858504421269,1
0.9334980456194453,0.23033577446818404,1
0.9342982815789587,0.2568412179131816,1
0.9350782646744993,0.28751371811373977,1
0.9359264376474032,0.32181384496752147,1
0.9366973007950962,0.3569191006361659,1
0.9373100081467576,0.38623459432365503,1
0.9376479425205118,0.40538086224639885,1
0.9377971484268817,0.41436681835122563,1
0.9378353570503046,0.41610720527270406,1
0.9378657013609479,0.41607194411468745,1
0.9378942969450221,0.4159986120215034,1
0.9379379064045636,0.41569049369063754,1
0.9379261326720147,0.4155156083117697,1
0.9378947583227628,0.41497638526814484,1
0.9375260374252153,0.41113621930920297,1
0.9360688823623055,0.4019722876294585,1
0.9325379338117599,0.38309703779664483,1
0.9312819438368928,0.3769975960361288,1
0.9336080058433657,0.39300158348137765,1
0.9371243180833506,0.4185498073165867,1
0.9404770633379864,0.4446085663782598,1
0.94375451065806,0.46800931591465095,1
0.94833239013081,0.4945972477147904,1
0.9521957098698612,0.4803100922967394,1
0.9548382881703397,0.44500298657466836,1
0.9556608679162164,0.3961953438179301,1
0.9564152521246848,0.33727732451315695,1
0.9590681295207335,0.26913722453375966,1
0.9615291230070178,0.20044013751781734,1
0.9618493479540138,0.1629765389749801,1
0.9626833243333228,0.12946940474389734,1
0.963828863521329,0.10433885845091748,1
0.9641169865905055,0.10360466043688564,1
0.9641735895490844,0.11217691341125864,1
0.9641219236918765,0.11216085783213169,1
0.9642041228161669,0.10766849301668265,1
0.9642674664634834,0.1042004839306388,1
0.9642851183043922,0.10136589940703866,1
0.964319304825456,0.09904376912407412,1
0.9643060959765435,0.0977407689939041,1
0.9644312140433305,0.09395682713560556,1
0.9646001414887831,0.08797454477654305,1
0.964906902384505,0.0841576385166941,1
0.9651100273495617,0.07797944957276794,1
0.9651713099128144,0.07529302992578513,1
0.9653968840572708,0.08096518532775393,1
0.9655798762864242,0.08550418838068592,1
0.9657595064236562,0.09529536746513706,1
0.9659340043700878,0.10474596326018974,1
0.9660945735575408,0.1174363522743927,1
0.9663260232961699,0.136009060415932,1
0.9665531006001182,0.16079056111376014,1
0.9668030834099719,0.18585501275812846,1
0.9670888979273053,0.2064186805850906,1
0.9672704420997948,0.21836904405517535,1
0.9672738513663456,0.21916244183063047,1
0.9672617671986037,0.21413816944968614,1
0.9671354718422476,0.21228342763798413,1
0.9671304692523012,0.21188090248486405,1
0.9671187314871575,0.21098304454041766,1
0.9670765004178061,0.20876053080598825,1
0.966945725369966,0.20373588715408356,1
0.9667824221675746,0.2003603482641191,1
0.9694190098578215,0.23035467190565817,1
0.9745189281287798,0.28535680103868405,1
0.9775612609799738,0.3273809614384184,0
0.9780048959461243,0.3340744098811758,0
0.9780624284954481,0.3317048710930559,0
0.9782110465502266,0.33237163403879383,0
0.9784471764388696,0.347984523496162,0
0.9785385855013184,0.3611151820177473,0
0.9788717749005345,0.3761483238362511,0
0.9799042158615114,0.37552989130349435,0
0.9814814257791267,0.40336493367532456,0
0.9833910727059656,0.4350352228287899,0
0.9839649926819809,0.4517212876672105,0
0.9840735878230686,0.45802635769097005,0
0.9846684103014406,0.46858237431982996,0
0.9850083575196222,0.462444205365611,0
0.9852032452538312,0.4647065456912339,0
0.9851585322578004,0.461579162750617,0
0.9852196874002714,0.44915673528469513,0
0.9852707524679913,0.4484224901524386,0
0.9853164559906944,0.4493128307494806,0
0.9853687105595793,0.4500663759232957,0
0.9853442781956686,0.4484448031351756,0
0.9853004014648641,0.4465286379092474,0
0.9853044378192269,0.4446030870583901,0
0.9853608678481265,0.4423659672129287,0
0.9853730957043432,0.4420768599785054,0
0.9855523810888789,0.4420065385341054,0
0.9855403487354624,0.44389958094985116,0
0.9855997660331521,0.4356845681052146,0
0.9854828458184326,0.4280857142592525,0
0.9854570469539623,0.4256623066526824,0
0.9853037366367035,0.4098665057674101,0
0.9854347242336849,0.4240761630093597,0
0.9849973869845863,0.38122769929718475,0
0.9843660268715084,0.32952333703555037,0
0.9838984711973189,0.29773916742901285,0
0.9834491268290964,0.2749704301733367,0
0.983213068723513,0.26315044186841224,0
0.9830471625962198,0.2553259528488496,0
0.9829170035495325,0.2511808074028038,0
0.9829057533042576,0.2500199372735865,0
0.9828243848102838,0.24852303077167706,0
0.9827262490452258,0.24596343266483844,0
0.9826902309481389,0.24380387689558566,0
0.982743543290707,0.24347991696080917,0
0.9828868294283293,0.246926407205508,0
0.9829216111567757,0.25017681338337305,0
0.9828324275967014,0.25062737244946365,0
0.9817025783600459,0.22916128156820448,0
0.9808154983237916,0.21230218060202913,0
0.9800914802248308,0.19871672601056323,0
0.979908562497391,0.1949074280543665,0
0.9796240005773624,0.1905029927774887,0
0.9794591543091056,0.18535401983322183,0
0.9789601155754104,0.1774901831659574,0
0.9791676553888808,0.19286207040904965,0
0.9793972284034913,0.22213281771036833,0
0.9807115902157151,0.262593973879034,0
0.9819531665558947,0.3086015568915989,0
0.9826003867529138,0.34998426195477167,0
0.9827473820753403,0.37886824980676775,0
0.982801465682739,0.4029235800287508,0
0.982513780312241,0.4174722654156225,0
0.9820138345616365,0.42104900626489167,0
0.9816314488339803,0.41665537965263333,0
0.9816057505545974,0.4143401844703641,0
0.9816184766806773,0.4026350767784875,0
0.9817367672877378,0.3910702548507691,0
0.9820088533975843,0.3876015666977462,0
0.9823504579662101,0.3853801064215598,0
0.9827047019877709,0.384174443038836,0
0.9827611841272837,0.3833613348875874,0
0.9826826119971167,0.38405273432410764,0
0.9824378876481532,0.3837161239013205,0
0.9824020282864802,0.38217777552852755,0
0.9825825491383164,0.37510082976365217,0
0.9825763014837586,0.37400782270579164,0
0.9828075383636659,0.37113531915432924,0
0.9828334842298112,0.36947607282212697,0
0.9829066668478026,0.3718009239458702,0
0.9828463653231465,0.3628799740573575,0
0.9829979721188937,0.36980522932101606,0
0.9833468778276127,0.38433724130280583,0
0.9835717088929725,0.3935092999055869,0
0.983781436347048,0.4039760818452125,0
0.9836938376468203,0.40132227530410125,0
0.9837103762110657,0.4021249474594403,0
0.9837575865783175,0.4024588761054757,0
0.9837125900543016,0.40008004717372897,0
0.9837338932140303,0.3997372782268615,0
0.9837015860025983,0.3999873013148403,0
0.9836890489679415,0.3990742653340672,0
0.9836777663251962,0.39836029021335756,0
0.9836970395576629,0.3975274649835612,0
0.983493539436256,0.3927769620582245,0
0.9821860426044451,0.36541216846741886,0
0.9821710873538707,0.36702460272099624,0
0.9817121131480515,0.36148602799094304,0
0.9789410818527964,0.32204586047175493,0
0.972822583481408,0.24802054269897153,1
0.9666307780531416,0.1870277455811214,1
0.960407986628051,0.13387317805360655,1
0.9547107074243144,0.09218532662039959,1
0.9495974891178836,0.07656447793022518,1
0.9450738746415079,0.08027872252855724,1
0.9408437772609541,0.09256917339880044,1
0.9369482091093947,0.11769715050363724,1
0.9332352794094538,0.14976448630120334,1
0.9295826577670778,0.19044813228447788,1
0.9254824708243741,0.2180039766139758,1
0.9210959039251253,0.23797751197831918,1
0.9164896975491859,0.24751104365589008,1
0.9105801714627783,0.23517336358922872,1
0.903988343673992,0.19797292976355213,1
0.8972629424880825,0.1618517125025594,1
0.8961869729267727,0.15133442784596488,1
0.8956504892418291,0.13768209227773698,1
0.8956679334291381,0.1304838286514204,1
0.8958509036951157,0.12380691631001718,1
0.8962751799837652,0.11464497319441842,1
0.8967146610385881,0.1044130411891028,1
0.8972561777348769,0.0968531986469489,1
0.8975579541695758,0.09056234217960425,1
0.897580488075035,0.08842126703653753,1
0.897551924490007,0.08698559505232341,1
0.8976871805168558,0.09221194190516344,1
0.897944448379232,0.10012351879864284,1
0.898209769357806,0.10761199243735317,1
0.8984909519295482,0.11594749997067731,1
0.8987935389333621,0.12623540833648317,1
0.8990655405618583,0.13549508512806427,1
0.8995717913555641,0.1517743274605311,1
0.8998077276610097,0.1588385881142051,1
0.9003395004374327,0.1769823424914409,1
0.9008184890551316,0.1919983540416784,1
0.9012028652929889,0.20544875593145215,1
0.9016477498461816,0.2205404914841511,1
0.9018725029243577,0.22637159015609154,1
0.9018820193293634,0.2284336899364973,1
0.9019435184773303,0.2317258112556908,1
0.901977419516167,0.23371830488595932,1
0.9020252484393447,0.23616319791885104,1
0.902531720054684,0.24219560959987127,1
0.9041689978301083,0.25469719271092955,1
0.9054893817339891,0.26447943674034996,1
0.9069401303987781,0.27295831591641423,1
0.9107675314655761,0.29213368214657626,1
0.9167444355841852,0.3173152165709124,1
0.9217838657587127,0.33936962851157465,1
0.9268579991882715,0.3639610039214333,1
0.9332036218482263,0.39975424667062015,1
0.9386571635041197,0.4027100035486043,1
0.9434138184071625,0.3839988879786363,1
0.9443080343128443,0.3753417060151505,1
0.9438332131558345,0.36084714940400014,1
0.9455013052818262,0.3325109812854472,1
0.9486895848304521,0.2802678096370172,1
0.9516101404909425,0.241706286325068,1
0.9557289387613895,0.19139005108858254,1
0.960277440007286,0.15510939278808683,1
0.965823606067512,0.16784741959162672,1
0.9715553746871747,0.2371634550086315,1
0.9773187454869561,0.3262343027673503,1
0.9778023066457723,0.3514641478983606,0
0.9776693040446632,0.3723797354543867,0
0.9770665140099766,0.38201067450793186,1
0.9764266243563049,0.3898527174086063,1
0.9758756553059618,0.39797871826352715,1
0.9753142159816168,0.40733205522939964,1
0.9749283060695809,0.4145345581135118,1
0.9746288838915554,0.42233119918222345,1
0.974499397654238,0.4302580599858158,1
0.9745302343237399,0.4345917366630778,1
0.9743048857259333,0.436168896861487,1
0.974282871496587,0.4372612786521845,1
0.9742062464974912,0.4331086937501162,1
0.9741128887415678,0.4189911711677926,1
0.9739301852644286,0.4051586201598562,1
0.9738317171284063,0.39783751317674054,1
0.9736726158182086,0.38423283141168707,1
0.973645283557484,0.3787352616637413,1
0.9735853553228966,0.3777427219452395,1
0.9734754386207493,0.3710700437237002,1
0.973345420984154,0.3642195397463501,1
0.9732677571379804,0.360935765561453,1
0.9732848078860692,0.3634117095510953,1
0.9732081234656819,0.3652015572245142,1
0.9732219224611796,0.366667358171868,1
0.9731778503971138,0.36687832330818015,1
0.9732283029713003,0.3669554923958346,1
0.973386335376722,0.3699849196999355,1
0.9730871103272267,0.36495467390815584,1
0.9709448706523944,0.33301108357487336,1
0.9690999166641983,0.3082938611721843,1
0.9682297783579261,0.2948186689648909,1
0.9681012192523453,0.29289456060274494,1
0.9662825582822259,0.2742774136617289,1
0.9647735789988561,0.27129232102592044,1
0.962000428981422,0.2564625064265133,1
0.9598410462057964,0.2828795299621235,1
0.9574633931825125,0.3294110306741742,1
0.9575271092855002,0.3723906082453499,1
0.9586946397029811,0.4141272810318122,1
0.9589914683040884,0.44671515250757654,1
0.957970614569544,0.47280980566828,1
0.9574905536418152,0.4932394502070838,1
0.9572275228853591,0.4972278762839413,1
0.9566891746668046,0.5012203536053536,1
0.956765004456307,0.5010812250548092,1
0.9568409181320383,0.503832274736461,1
0.9566501006721124,0.5078953482591144,1
0.956521639004758,0.5117812189776427,1
0.9563813861250092,0.5128669239147521,1
0.9564432317859812,0.5123612900835657,1
0.9563837057847542,0.5122800063409285,1
0.9564278187565302,0.5123266485285202,1
0.9563940251798226,0.5126010046933395,1
0.9563282552076864,0.5132553347074942,1
0.956340387542415,0.5136147257975789,1
0.9563484869532832,0.513834055558083,1
0.9563520831423712,0.513899245136226,1
0.9564096735928627,0.515954772848771,1
0.9564229165218912,0.5157175113181562,1
0.9563274547849829,0.5111073523112697,1
0.9562369114634937,0.5079253888248434,1
0.9561067435204651,0.5005114162297101,1
0.9556323248554996,0.4761824813737603,1
0.9551589561972873,0.456256846448575,1
0.954980011427708,0.44999933037882645,1
0.9548689819561857,0.44543689385360713,1
0.9548178908915039,0.443565751629558,1
0.9548363552698003,0.4442571138811682,1
0.9548464186629859,0.44459158800868337,1
0.9548091007017506,0.4418194403686384,1
0.9547341762999665,0.43906859866295384,1
0.954675560223727,0.43679450861332597,1
0.9546288674957629,0.43567662919990474,1
0.9545740898634969,0.4351252974786823,1
0.9540080518108713,0.4272213955069289,1
0.9484422023700412,0.38491132240073617,1
0.9447606907360893,0.3626102442617629,1
0.9431813602757013,0.3523418715726488,1
0.9411066399767603,0.3381360421297169,1
0.9408650501647897,0.33636629911320237,1
0.9415016110162235,0.34085975555314524,1
0.944137664962172,0.3551122809995309,1
0.9473737960365077,0.374007994611873,1
0.949866324265699,0.3681845127148692,1
0.9523429591898789,0.3501269377654926,1
0.9555769146272537,0.31711094693255054,1
0.9585807297232323,0.27231896443014464,1
0.9605783698292074,0.21914536390276412,1
0.9619974297426412,0.16951083479077597,1
0.9635079816043064,0.12741294799871697,1
0.9636508575452235,0.11465821554794967,1
0.9634122921044226,0.10542757379190647,1
0.9632353527764052,0.10380142656845871,1
0.9632805381467282,0.10207007411893021,1
0.9632324557506353,0.09981107130266084,1
0.9632359638746816,0.09955729604486109,1
0.9631486293107006,0.09922706345525421,1
0.9630093143850699,0.10062963507091278,1
0.962902710477569,0.1004036024842956,1
0.9629001440058298,0.10021528314139659,1
0.9628861600933496,0.0982562448680034,1
0.9630539500336803,0.09481973387536807,1
0.9631775912399028,0.09046880938463084,1
0.9632395406589302,0.08520404942171286,1
0.9632154736184344,0.08272617416761784,1
0.963262446064678,0.07849246691140375,1
0.9632810480430352,0.07922473150852229,1
0.9635188152718155,0.08744727534164141,1
0.9635400900725011,0.08679989968634162,1
0.9638726618355298,0.08733004948498868,1
0.9645458725352418,0.10936070123960374,1
0.965286668916771,0.1371266486475105,1
0.9656293821724684,0.15219716972355946,1
0.966033167547949,0.17172265015610552,1
0.9662512761566696,0.18350721230860734,1
0.9664206517849045,0.18985077054971722,1
0.9664399988475834,0.1909464233623901,1
0.9663587233825138,0.18965345579566417,1
0.966407452539604,0.18912666284175764,1
0.9663918799348579,0.1882039019883424,1
0.9662091491777354,0.1811921962556004,1
0.9660139245719987,0.17654679792099126,1
0.9662183531706785,0.17907803570879838,1
0.9714829038849182,0.2350053690513966,1
0.9767870961848064,0.29852083519472067,1
0.9805424215803313,0.365404307564106,0
0.9837628274113801,0.4351680631378182,0
0.9853409419429102,0.4786805350714705,0
0.9887162330978501,0.5737714033034089,0
0.989736824066192,0.6019145869284325,0
0.9900711202262676,0.6125078643045453,0
0.9901340113247326,0.5981281395554574,0
0.990094156484115,0.5545622318292877,0
0.9902544235978559,0.5214632791659689,0
0.9903372599893449,0.48185841582645184,0
0.989936901903776,0.43280545512932167,0
0.9893670519330244,0.3742716031203099,0
0.9890833444611652,0.3230392562500158,0
0.9882778046417848,0.24586889031708736,0
0.9881879420677545,0.19979978297959713,0
0.9880145140428725,0.19779348198481245,0
0.9880675530971139,0.2208308794474256,0
0.9878613319852039,0.23073672718368346,0
0.9878757637386992,0.2344391533429971,0
0.987739428011223,0.23932638739048248,0
0.9876700273445731,0.24273613921236611,0
0.9875817162243078,0.24476632341511662,0
0.9874784300549477,0.24563050425969152,0
0.987414407620682,0.24735960494702922,0
0.9873550336249011,0.2509525219461628,0
0.9872681293427983,0.25681548541887184,0
0.9872674425325443,0.26645327427367593,0
0.9873778145015284,0.2790349659994642,0
0.9875154022429138,0.28951245442092416,0
0.9876502830822016,0.30154369299417927,0
0.9876579283278719,0.30083000158077094,0
0.9879037255973867,0.32579947629283657,0
0.988009692348563,0.32436351347487474,0
0.9878650322889116,0.32356202190935507,0
0.9878644894424116,0.3214370248405016,0
0.9877894578425075,0.31719395161008807,0
0.9877655860937897,0.31244103303315957,0
0.9876436519939581,0.3071234799816872,0
0.9876090110804507,0.30594833205563443,0
0.9876867049116852,0.30794985406931885,0
0.9878758231914185,0.3134447495643173,0
0.9879747561072859,0.32032810118704447,0
0.9881086299040438,0.32893954701258094,0
0.9888100476995649,0.35410711546867796,0
0.9892428995232688,0.3741928795461729,0
0.9900859247691209,0.4093861245388883,0
0.9908938001918366,0.4414907128533101,0
0.9918055781972366,0.4778016346849421,0
0.991944891506697,0.48225953309434194,0
0.9922055131575783,0.4932592942715482,0
0.992713628369023,0.520959131897434,0
0.9932465849826939,0.5505527729338773,0
0.9936560877161709,0.5706297158447734,0
0.9940150040034355,0.5892512451310449,0
0.9940957113289037,0.5917306762059649,0
0.9941060885756103,0.592561126968524,0
0.9939581871845845,0.6115793017384558,0
0.9939183576496213,0.6364911156811909,0
0.993873134074019,0.6328393496526235,0
0.9937921762326434,0.6271982236229232,0
0.9937447627119049,0.6243386552416792,0
0.994071996152357,0.6451225630443089,0
0.9942760079419952,0.6558422755872271,0
0.9943794973029412,0.6608097273630353,0
0.9944449957399418,0.6603890026892948,0
0.9945054507402957,0.6614329991111026,0
0.99449147133242,0.6610966980345906,0
0.9945034819490568,0.6616780384801464,0
0.9945454755971244,0.6618612679569947,0
0.9945648339869961,0.6627463678958236,0
0.9945425200335658,0.6628318224060654,0
0.9945260316069364,0.6618479788434336,0
0.9945441489981419,0.6617936333033854,0
0.9945499244621641,0.6621409228573326,0
0.9945493680100982,0.66060187437443,0
0.994316279908851,0.6463599882028018,0
0.9942148141525107,0.6400663631024383,0
0.9940613667422974,0.6314113800767922,0
0.994048285247733,0.6328703799124837,0
0.993996878099964,0.6329841234812582,0
0.9939833748098599,0.6312102530433854,0
0.9938947933126825,0.6272000291228661,0
0.9938651820388065,0.6268559911601704,0
0.9938682361812352,0.6287144687569394,0
0.9938989725603055,0.6322658227864796,0
0.9939764797211905,0.6376805870615662,0
0.9940046611582232,0.6397638142940569,0
0.9939120685616596,0.6368172056845062,0
0.9938289450398681,0.6311050798750703,0
0.9937213471554416,0.6241106046334178,0
0.9935300455414791,0.614011570594379,0
0.9932136088982688,0.5970661830403852,0
0.9920590041613452,0.54574989242093,0
0.9887375450245968,0.43642059403379985,0
0.9828298866194614,0.3044796686410992,0
0.9801713789977159,0.254465162871324,0
0.9780676707472522,0.21779835090835303,0
0.974354088560413,0.16350093705937307,1
0.972027748374213,0.12093372898043456,1
0.9674554278656966,0.06258010691901851,1
0.9589332035612161,0.024407054821055162,1
0.9191436535068658,-0.014581873760911107,1
0.937664153863534,0.008290557530890143,1
0.9482391508700783,0.061160028752836416,1
0.9450594907303542,0.0999718458829642,1
0.9420157485572003,0.1428983817307606,1
0.9397582534715487,0.21159593398584556,1
0.9394727497122626,0.2514117727193938,1
0.9389694260756118,0.2827858784356602,1
0.9365441136537318,0.3096273471972656,1
0.9354760541445535,0.32165133008662783,1
0.9351867375288498,0.3178359386689393,1
0.9347449677054618,0.30288735059024785,1
0.9343541289039202,0.28582824032735443,1
0.9344561102037499,0.2731407318086623,1
0.9349087052719061,0.2648517148143776,1
0.9354682237090262,0.2590479639555893,1
0.9357457322047105,0.25670430521243576,1
0.9359543490350176,0.25479393066901357,1
0.936320063101754,0.2522378990869496,1
0.936818303741852,0.2472319424554247,1
0.9373851884207229,0.23820575144591663,1
0.9375410245439131,0.23100696550005195,1
0.9375162746888646,0.22865971209354066,1
0.9378406131379783,0.23227420742857213,1
0.9379349430746118,0.23330976866628791,1
0.9383611919235822,0.24431339759424048,1
0.9386433453654315,0.2518846132678777,1
0.9395136012207703,0.28075351320554215,1
0.9405464207352944,0.31595431918750233,1
0.9416842361163569,0.3577960362287477,1
0.9425871587333698,0.39576014906584245,1
0.943452091458011,0.4358172351821932,1
0.9440242927796842,0.4579156229159916,1
0.94437494020845,0.4711479079776552,1
0.9444700597605807,0.47253297971514047,1
0.9445143564983399,0.47046694927140315,1
0.9445577737646951,0.46856805413685376,1
0.9445939022918907,0.4670796823742313,1
0.9443617298277214,0.4623229755869653,1
0.9444518976743255,0.46295777497132284,1
0.9453698917931465,0.46973056405998304,1
0.9459839732056229,0.4737934535283825,1
0.9411516433959903,0.44256083368521615,1
0.9357279782966186,0.4099329787715249,1
0.9319374836749861,0.39051410778671386,1
0.9265093039464947,0.3624058540573194,1
0.9234876670787779,0.3490725057245473,1
0.9214198473199771,0.3393850282097051,1
0.9210506406178752,0.3380201318620707,1
0.9201343749572706,0.3240197634479558,1
0.9193538624485253,0.3046945270736047,1
0.9186058802011969,0.28349921862133315,1
0.9178738597969569,0.2630020395466967,1
0.9163141748434934,0.25757046455922067,1
0.91293117516984,0.3062329116489217,1
0.9090887129480626,0.3420167039789515,1
0.9076386383427751,0.3450588151062076,1
0.9062402573975148,0.35168244206081567,1
0.906113211567972,0.35107776609443525,1
0.9054584317464318,0.3457168231078911,1
0.9054735747227627,0.3458414709484911,1
0.9055160278160282,0.3469961141051662,1
0.9054786225627733,0.3465735373602505,1
0.9055680809173269,0.34524250638633414,1
0.9055369702880941,0.3444773836237171,1
0.9058876927805246,0.34179938197140425,1
0.9061740991745233,0.34001382863683616,1
0.906359623214428,0.3386076046501161,1
0.9063490390038431,0.33899987097758894,1
0.9063255260076977,0.33892632899173425,1
0.9062926867591004,0.34028229729450027,1
0.9061814880951986,0.33661340580115917,1
0.9061207356709193,0.3366286691348454,1
0.9058374528060457,0.32522829269021725,1
0.9055167309898915,0.3037610034305839,1
0.9047917607291542,0.2701218074296144,1
0.9040155799406437,0.23803227855557932,1
0.9032459576495008,0.20406534226907222,1
0.9026631906273687,0.17798577021289572,1
0.9022946365752597,0.15857300512323383,1
0.9021880525579431,0.15785371978520918,1
0.9021677548494513,0.15838550766009207,1
0.9022200794202406,0.16159754723211953,1
0.9021794459737353,0.16154108606812656,1
0.9021839204889321,0.16167416298477713,1
0.902229657592805,0.1619123696856369,1
0.9023983020692543,0.16432224097543507,1
0.902501222693217,0.165386288435045,1
0.9036903526081528,0.17310206565040323,1
0.908451202981454,0.196939925068074,1
0.9155133035861883,0.23223875520763823,1
0.9226475477853384,0.27242822460169946,1
0.9296834769311253,0.314699739544252,1
0.9366210642274755,0.35949399442268243,1
0.9433878784921719,0.4072607845359432,1
0.9500070362356199,0.45605061445300177,1
0.9564574733501632,0.5057357825723693,1
0.9617206194641514,0.5156183941851308,1
0.9661441587517561,0.49182397390561106,1
0.9703256324124816,0.46280525719024757,1
0.9739822499157705,0.4140179016054315,1
0.9772042810146155,0.3419717580926096,1
0.9801715238149851,0.2531600320575165,0
0.9837710655887084,0.19008509585464486,0
0.9868660727334033,0.1497489301117579,0
0.9888996380539963,0.1405824761197779,0
0.9893173299956151,0.15678450375296574,0
0.9903413682407515,0.23867863517927235,0
0.9906321686552901,0.29029757977256754,0
0.99054322095867,0.3118197529581612,0
0.9902540677440651,0.32399150313812203,0
0.9900408008136174,0.3331777685108138,0
0.9900436460850681,0.33666814215271346,0
0.9898057209752944,0.3416253210905074,0
0.9897315268083908,0.3454510740444124,0
0.9897292262509935,0.34525631569808934,0
0.9898131985953633,0.345276509054794,0
0.9897700132785745,0.34542198011148484,0
0.9896176213466926,0.3383796964471295,0
0.9896519764308322,0.3409909008447808,0
0.9896729382769001,0.3421402515016109,0
0.9896735051159402,0.3426667600330174,0
0.9897138274628969,0.33729570284540505,0
0.989480696313126,0.32528034954800494,0
0.9892904470095614,0.3138193003197451,0
0.9890705756583491,0.3028315232092194,0
0.9888457938997592,0.2950567303981787,0
0.9887951524860634,0.291073014631257,0
0.9886911721428981,0.27919212728597165,0
0.9887435178178468,0.27425010459402727,0
0.9888431278204782,0.27796203763799654,0
0.9888807715858385,0.28254706090622506,0
0.9889200940067251,0.2872487856030316,0
0.9890577877320483,0.2915548301236411,0
0.9893302722673648,0.3031561177214241,0
0.9899504273673783,0.32989151878854717,0
0.9907228063697273,0.36635856756389956,0
0.9915719663503604,0.4044108007874297,0
0.9919487533948064,0.4263576581304178,0
0.9920111496204413,0.43237453512642654,0
0.9921413345728449,0.44262069930221576,0
0.9924509597141751,0.4594163812087789,0
0.9928414766824152,0.48345528906988744,0
0.9929968396294533,0.490204002471998,0
0.9930351765077821,0.4902736978348486,0
0.9930705465583922,0.4906776271852867,0
0.9930983517444587,0.5004990677492057,0
0.9930060269247012,0.5119665733248273,0
0.9930343260253871,0.5254758321988245,0
0.9931982047459074,0.5496812234644737,0
0.9932724587017043,0.5561793429108834,0
0.9933033495161954,0.5594581805524259,0
0.9932707145482087,0.555108334630569,0
0.9932255140891271,0.5499644722660801,0
0.9929081708498495,0.5405205363884562,0
0.9929336683509424,0.5390164474716839,0
0.9928901382942881,0.5379727923732479,0
0.9928728027339888,0.536772504253255,0
0.992826822872477,0.535428504310767,0
0.9928493457639891,0.5331753196049457,0
0.9928478144577055,0.5298257249237033,0
0.992810041302763,0.5263900462596356,0
0.9927160643929012,0.5238897643451781,0
0.9925496065726892,0.5306766416351542,0
0.9925185740351794,0.5392823517149374,0
0.9925240134232283,0.5396080593902864,0
0.9924430121157475,0.5356079303163584,0
0.9924128666416587,0.5356503869246196,0
0.9923665721714663,0.5331988297505454,0
0.9923463891835069,0.5340125330076357,0
0.9923045254516594,0.5306826888227508,0
0.9923881135373999,0.5392020022914147,0
0.9925162949492039,0.5518623664823339,0
0.9927426988527526,0.5749100610053182,0
0.9929386468804493,0.5952381218787222,0
0.9929983857875075,0.6102805262387017,0
0.9930274695756895,0.6203511509728166,0
0.9929321954564971,0.62403607813369,0
0.9926884708206603,0.6158640277263506,0
0.992489897918843,0.6066491482446247,0
0.9923621399355724,0.6019145722117241,0
0.9921708312523436,0.5931436970805193,0
0.9918903218558823,0.5800906697724225,0
0.9910619032952798,0.5465093697592022,0
0.9866561569592881,0.4224368122892604,0
0.9825207519597097,0.33277066766612357,0
0.9769854278192701,0.24638749652747646,1
0.9751894094017804,0.216414670863142,1
0.974794608886255,0.2062733557039448,1
0.9744289635231158,0.19274631904445175,1
0.9734007497765378,0.17014211925137082,1
0.9705233305403405,0.12913652565962785,1
0.969607330463117,0.11608242349467598,1
0.9693425151135208,0.1174055288237393,1
0.9692998786944005,0.12095582755415406,1
0.9677777524647568,0.14763000109368474,1
0.9664878317404629,0.1829235200517895,1
0.966412987243735,0.17748812971968167,1
0.9663522988659761,0.17361720030238534,1
0.9663591320194447,0.17332565374102313,1
0.9664543871869332,0.17684138828632248,1
0.966519733118243,0.18109772530297627,1
0.966882709521639,0.1801003083160214,1
0.9670914894666267,0.1781211473722359,1
0.9672048444441248,0.18040625361127624,1
0.9673759355167428,0.18264867980180993,1
0.9673035748265417,0.18501779502839233,1
0.967223040299189,0.18793295286826434,1
0.9670799878711126,0.1916086576138669,1
0.9671682332968181,0.19431799956340126,1
0.9672139030284883,0.1966374375210379,1
0.967231277401863,0.19848305529284269,1
0.967195030258652,0.20041807042500884,1
0.967040306735172,0.21044024907549966,1
0.9672115004682946,0.21666008563375683,1
0.9670601517522136,0.2257566503348669,1
0.9671757299515957,0.22887807156786538,1
0.9672584042402987,0.2283000300336546,1
0.9674057476110288,0.23249480612474635,1
0.9675102329167895,0.23598055840944224,1
0.9677522026255176,0.23894310902391755,1
0.9678440885892733,0.23465210681693163,1
0.9679629181876834,0.229403552901282,1
0.9680782624019069,0.2218518477948431,1
0.968190363966233,0.21492004092522873,1
0.9682816967104018,0.20936276026835773,1
0.9684867532249373,0.21061867556718564,1
0.9686487918299013,0.21478310723748092,1
0.9687381441130789,0.2172667220449426,1
0.9688907993886345,0.2211105120126662,1
0.9691530956301107,0.22650094647609342,1
0.9697205530322508,0.2359190488373075,1
0.973430017539131,0.28135856796836,1
0.9771180450274115,0.3303344467045515,1
0.9819465538693395,0.4015598116172005,0
0.9833450948653122,0.43105343363677145,0
0.9832503161174331,0.43097776034752866,0
0.9831350560677101,0.428683574643856,0
0.9832573389553256,0.43304295532144454,0
0.9806081739309307,0.3911529283741535,0
0.975664814741267,0.3251473104710716,1
0.9733449975869528,0.3212346462774141,1
0.9718295842081337,0.34949350039378446,1
0.971910939124003,0.3508569951107194,1
0.970946249747165,0.37000604148754324,1
0.9698742088185197,0.4293579115085672,1
0.9700247304543823,0.4512262000193636,1
0.9701002066816734,0.46200625030668263,1
0.9701808816462048,0.4669961356230777,1
0.9701161665790278,0.4691648050668056,1
0.9700920053805441,0.46856645405855346,1
0.9701042411164731,0.4679130922953563,1
0.9702416305999693,0.4652601285805217,1
0.9704845300357086,0.45885100186427163,1
0.9706069698407811,0.45857217791280147,1
0.9708326170616155,0.45871023355014556,1
0.9708857770220531,0.4593215413420949,1
0.9709566689337177,0.4595989036292774,1
0.9711707465284177,0.4594096033618123,1
0.9714605170952488,0.4576475211316133,1
0.9717594002261946,0.4525509198442414,1
0.9720161309323374,0.449825220582504,1
0.9720034312076896,0.44864901675082,1
0.972155927620833,0.44565734946826735,1
0.9721644114632739,0.4459775501824146,1
0.9721670910821243,0.44591582828285514,1
0.9720961941236532,0.43966204439080586,1
0.9718401087489911,0.4273288621569386,1
0.9715913861511124,0.4118325194715812,1
0.9712545068175324,0.39451678947187097,1
0.970923211773369,0.38245267882864525,1
0.9707445752471742,0.3740472244908417,1
0.9706060889022223,0.3677659380671599,1
0.9705244956693247,0.364181298036015,1
0.9705595762089333,0.3637790057998233,1
0.9705158747730576,0.3638322483833507,1
0.9704721673105356,0.36393751411787656,1
0.9704814229217535,0.36427374447340766,1
0.9705404668139027,0.3659788251661941,1
0.9706563157676815,0.3677226436821329,1
0.9704413486477124,0.3638813089986182,1
0.9683216602970616,0.33883191550066644,1
0.964981154326432,0.3075614842552119,1
0.9599518758753082,0.2658223689043225,1
0.9565583911873785,0.23808494719479273,1
0.9566309812545811,0.23863639008740528,1
0.9566980806014034,0.2398057690495877,1
0.9615057321403613,0.2801738685133404,1
0.9669478818858228,0.32727274868271516,1
0.9691957796439173,0.3309844282293569,1
0.9707934931468318,0.30646399879573005,1
0.9722669790444671,0.26373486986849376,1
0.9743862381462904,0.18491344855515052,1
0.9751790452972315,0.09733056995917572,1
0.975037902087752,0.06855745567157323,1
0.9749161290661474,0.056918518374383595,1
0.9750516778416072,0.0549466218333623,1
0.9749461483384527,0.05346887400812949,1
0.9749532007466046,0.054089828953223965,1
0.974484316325258,0.04309545079364165,1
0.9732636085411777,0.032910738563466324,1
0.97297973139441,0.030612593186659758,1
0.9720181259649585,0.027219835967209054,1
0.9644140897295677,0.012868857044707806,1
0.959459292073503,0.00785930344205025,1
0.9481518953765918,-0.0019459021409741,1
0.9354437513461934,-0.014322761440098747,1
0.9333169185651351,-0.01844271200371636,1
0.9329047747122676,-0.01820719528810842,1
0.9313917770858005,-0.023683203084250547,1
0.9319499725609812,-0.023666599861344534,1
0.9303590778605138,-0.028585208247998286,1
0.930157639132116,-0.029285414317680353,1
0.9300039521384968,-0.029807391730675734,1
0.9303382883580507,-0.030743669807078364,1
0.9301044881828437,-0.029499099990172892,1
0.9357184259141955,-0.016567861213310633,1
0.9453272791343217,-0.006445634413271862,1
0.9570030910816285,0.0037727401116394318,1
0.9655180898851523,0.01183907024612828,1
0.9715533387554629,0.020543948876764587,1
0.9736713915006925,0.02573608004563883,1
0.9734490479107731,0.024536986583532695,1
0.972419227754028,0.021685301979600037,1
0.9699740099888432,0.017045306389838834,1
0.9665150559246947,0.012436689760194552,1
0.9581856406915916,0.003980909553439166,1
0.947973848469461,-0.005084189289059026,1
0.9383863224515873,-0.015805980285467848,1
0.956492544041704,0.001992820592393336,1
0.9788860012359708,0.032207296227233284,0
0.9853038628635528,0.08415803619939927,0
0.9881681757508141,0.13603805061293242,0
0.9850599838797889,0.07059690344260755,0
0.9677025486616051,0.00992096285970017,1
0.9308827143081946,-0.036518266659459314,1
0.9237507196817556,-0.0680932473707824,1
0.922394283935704,-0.036003645782054276,1
0.9609218923496423,0.05920121498744803,1
0.9582737661266734,0.1599907198907154,1
0.9555706219845668,0.2547902949372067,1
0.952715881873027,0.3375710372703658,1
0.9501872199782677,0.4038399928684073,1
0.9484152177336067,0.43530118607999696,1
0.9477701486265753,0.4429671314361231,1
0.9452767344229511,0.4500302139702588,1
0.9448364922649053,0.44484072009793585,1
0.9427267146413124,0.4232209723806603,1
0.9423772456718897,0.4158921793573576,1
0.9421134042295654,0.4092524411655035,1
0.9426102069757464,0.40249613876357593,1
0.9426794402127248,0.3994238307556924,1
0.943037996209893,0.3982975101093757,1
0.9424638521761275,0.3995961346949834,1
0.9419917295563396,0.4017570503823488,1
0.9420206650718765,0.4015177761982659,1
0.9419849432321639,0.4006648766895235,1
0.9419113832973769,0.40170024945565425,1
0.9418906320701552,0.4012327150871345,1
0.9419182370956176,0.400609992521939,1
0.9419514513047551,0.399190870128379,1
0.942115305579564,0.4015652696657792,1
0.9424222655495073,0.4095331658869315,1
0.9428917478603607,0.42300682249412974,1
0.9431734888713916,0.4341997277063785,1
0.9434146879378468,0.44427858729007824,1
0.9436689393504117,0.4552732548585774,1
0.9437772848692859,0.46051977415078454,1
0.9440343601330375,0.4691607183798964,1
0.9441529235065047,0.47513572291577966,1
0.9442483688277798,0.47766137862460634,1
0.944236464802434,0.476901092736943,1
0.9442899482189699,0.4767631762365255,1
0.9443038074397829,0.47701287384178104,1
0.944241802071731,0.4760037842035605,1
0.9442232501830019,0.47563749110482906,1
0.9446927249759498,0.4797899862462792,1
0.9435981565847239,0.47017914527038374,1
0.941634301803755,0.4544341213063385,1
0.9380236161517148,0.4284310905992562,1
0.9329113304923378,0.3962382759004814,1
0.9323586507813604,0.3921770846021513,1
0.9340326570881377,0.39982168680627456,1
0.9371196443712091,0.4141328187676312,1
0.9400950810795647,0.42645864069675854,1
0.9425582544931398,0.4247264447108413,1
0.9444549271674024,0.4078169780323993,1
0.9460656381061785,0.3824660633102886,1
0.9475725369921797,0.3522185072735039,1
0.9497887743689304,0.3054252451692772,1
0.9516323060469044,0.24613947641580294,1
0.952244363635349,0.21243750468304526,1
0.9524207951349914,0.20162848607878606,1
0.954091080409594,0.17732940657716983,1
0.9540316637155375,0.17641970515831684,1
0.9555868728520885,0.1943294282713212,1
0.9556960439252324,0.19930516211302515,1
0.9558206799066051,0.20375318301543768,1
0.9558199694468353,0.20538270951556512,1
0.955377155883592,0.2123272966538319,1
0.9551274137082599,0.21392781581932796,1
0.9555442250469329,0.21235533336269494,1
0.9559282655635714,0.20941001208080112,1
0.9560385486625786,0.20643604526105974,1
0.9560716358971273,0.2027617024080915,1
0.9562865520289302,0.19572031337594825,1
0.956284408565983,0.19122100279255705,1
0.9563051666800318,0.18541376669858212,1
0.956269602680851,0.18235619328741628,1
0.9564393851351423,0.18842984060061843,1
0.9566190730287962,0.20315315716254112,1
0.9565951877708323,0.20354386630197793,1
0.9565356857905944,0.19917949906513957,1
0.9565796802842947,0.20035464626541125,1
0.9566421188784857,0.2029144127941687,1
0.956658149779883,0.20451406582104859,1
0.9566792251318597,0.20279391767083482,1
0.9566752385968015,0.2019364942416745,1
0.956605381870672,0.19962008987792304,1
0.9565172396242296,0.19650566878108214,1
0.9565214005167306,0.19356600006731095,1
0.956467692850712,0.19266038816897868,1
0.9564905987335071,0.1960236734445489,1
0.9564198417024647,0.1954096523723423,1
0.9563182957677514,0.19347400631377254,1
0.9573319661613391,0.20648766831505772,1
0.9592241735031912,0.229156538334822,1
0.9628031194806436,0.26817291379736047,1
0.9680279132739336,0.3258683892682337,1
0.9712860499100171,0.3814085303570229,1
0.9744634253165096,0.44222514001991864,1
0.9777690600027797,0.5099706854696701,0
0.9810925790642443,0.5802594991980676,0
0.9834517791561677,0.60150239372875,0
0.9844614856344907,0.5524053154808084,0
0.9855569383565075,0.4896880262073081,0
0.9862785685971129,0.3937753201599914,0
0.9850900946346957,0.24570616926988498,0
0.983909587394811,0.10630707034236919,0
0.9635883744143623,0.0044012711978005,1
0.9333166189150643,-0.047665937770290406,1
0.9329006878731878,-0.0663120330895532,1
0.9360559778761586,-0.03632146271117861,1
0.9603392547693631,0.0005425076796708035,1
0.9818990771933686,0.026951795390800885,0
0.9851715751277522,0.051667077585444164,0
0.9857122256378184,0.07172875771897677,0
0.9857781278241663,0.07229309707841733,0
0.985810422356993,0.06722150734299698,0
0.9858889667063118,0.062208093566937656,0
0.9860183577031966,0.06404695515524057,0
0.9859758547619633,0.062001880244976326,0
0.9862062098116292,0.06704590662883153,0
0.9864443073917657,0.07326545756148943,0
0.9866357112829263,0.0818539958652931,0
0.9867205806369792,0.08750839374530218,0
0.987101725173972,0.10043331500293477,0
0.9873700089343094,0.10576272006115427,0
0.9875806238738771,0.1051624308056847,0
0.9876199254397714,0.12762176535300057,0
0.9876663366847573,0.1462183990502,0
0.9876444061284115,0.1518496429750134,0
0.987624298014504,0.15766430480209592,0
0.9876650286169086,0.16151270454638234,0
0.9876370991736012,0.15780406418225204,0
0.9876886918870995,0.15412427752379154,0
0.9877729688131823,0.15467417827033605,0
0.9879114124399913,0.1617703275614045,0
0.988099458134696,0.16913774857243116,0
0.9881869957248852,0.16906096470705345,0
0.9881983266248153,0.16777381629087978,0
0.9886017551623809,0.1809586773359537,0
0.9890517177083051,0.19520927380189268,0
0.9893995850810159,0.20849344397575623,0
0.9895351863036927,0.21358595019024856,0
0.9893683013020866,0.2080913329810315,0
0.9893293878240406,0.2061856309518251,0
0.9889364859859102,0.1825651824063543,0
0.988548486013593,0.15225469431646604,0
0.9882577465932624,0.12320078091208679,0
0.9880205433503043,0.10013360134063612,0
0.9880667617499732,0.10433429490373623,0
0.9886552114586498,0.14313734329332597,0
0.989068888329294,0.20141811772648344,0
0.9896052274053606,0.26938210497187065,0
0.9905571364949838,0.3412411313826363,0
0.9915702595360241,0.40776448890840394,0
0.9923537024861013,0.46077941103752745,0
0.9929527088995014,0.5001853628185485,0
0.9934442640547417,0.5258848999470233,0
0.9936881172099372,0.5287911708554647,0
0.9937922644721475,0.5269267949794114,0
0.993707901672139,0.525956213418088,0
0.9936742363672723,0.5249280815515072,0
0.9931500488833536,0.5096905963934505,0
0.9925756008424516,0.494606356715154,0
0.9920736999242963,0.48153600968482785,0
0.9915922580745433,0.47052898158465256,0
0.991170903005388,0.46186209434452463,0
0.9907780836970619,0.46211359158180376,0
0.9903578845893558,0.46399486095375114,0
0.990326053478966,0.4618358182976197,0
0.9902437900687173,0.4556063400267208,0
0.9902029989736936,0.4552292419330821,0
0.9902234876318287,0.4563584485893544,0
0.9902428616844031,0.4578018827964502,0
0.990321384177374,0.46166502678867677,0
0.990165181257417,0.44709624750144744,0
0.9899509050394989,0.43022594280459076,0
0.9897921529331521,0.41619753130607895,0
0.989589601676164,0.40343767354841525,0
0.9895553182184964,0.40079875748799404,0
0.9895282735000062,0.39868562929453866,0
0.9896591112997541,0.40095729218776216,0
0.9897782126104342,0.4047327206712486,0
0.9898592575002834,0.4068873039146225,0
0.9898258088802532,0.4088982304007636,0
0.989860555613409,0.4106747245576209,0
0.9899272448637204,0.41558912578715107,0
0.989975586090763,0.4181487372429209,0
0.9899292029677915,0.41626063757079734,0
0.9896565514248501,0.40816505381577917,0
0.9894740735369485,0.4009241125229589,0
0.9893917614949972,0.3998219680834143,0
0.9893266760806092,0.3966423577497291,0
0.9892892714177692,0.394630949021816,0
0.98917903668051,0.39294779746562714,0
0.9890212320484761,0.38898356732711475,0
0.9889115450690866,0.38333129793413256,0
0.9885944945479523,0.3719765804508213,0
0.9884774847115447,0.3697164270715724,0
0.9881821586261037,0.35588799054434966,0
0.9874349575360656,0.34268258737773827,0
0.9876522510524589,0.35941810905541965,0
0.9879330170656454,0.3756168583000035,0
0.9881664207763288,0.39258435568682115,0
0.9882976075679688,0.4025365557457933,0
0.9882554660704729,0.40407252281844297,0
0.9882068866846819,0.4018632077548812,0
0.9882140371949181,0.3996624514157721,0
0.9881423665455423,0.40001811687386407,0
0.9882675548534479,0.39559184698923133,0
0.9885807252383332,0.3942433216671352,0
0.9889679632702996,0.3947913027612409,0
0.9889751317548451,0.3979949213132788,0
0.9891158180921449,0.40215991073398843,0
0.989190783607422,0.4046380804313373,0
0.9895582278617978,0.4054196873538882,0
0.9901594457777247,0.4045084068026282,0
0.9901202141319648,0.4133823589777966,0
0.9902183525401882,0.4211666649589999,0
0.9902975640653586,0.431538938633019,0
0.9903706698762806,0.4368193491778905,0
0.990391155569038,0.43697071500784573,0
0.9903774713089476,0.4231553616008698,0
0.9906565578086594,0.43865737047508696,0
0.9910415801243276,0.46989801890989147,0
0.9915320522957298,0.515769045826424,0
0.9919294585232374,0.5596598510602774,0
0.9920402874378199,0.5770777109453465,0
0.9921383119936146,0.5959392042041007,0
0.9921194796126447,0.6014031088337182,0
0.9920963066865194,0.6006429594441772,0
0.9920627772982462,0.5961276067273554,0
0.9918908504635048,0.5852712615165795,0
0.9916360379388085,0.5704543073379115,0
0.9913254031897052,0.553425759796032,0
0.9910516430246145,0.5399551133418625,0
0.9909897611607021,0.5330892540793336,0
0.9908983732006311,0.527552398812718,0
0.990822154213741,0.5219810652770832,0
0.9908181719090393,0.5188311071645169,0
0.990828684202036,0.5191455665360359,0
0.9907898409510988,0.5157537920191161,0
0.9905858024345644,0.50665003603706,0
0.990546318979971,0.5037233257757774,0
0.99026794888938,0.4924408952121948,0
0.9902188477192133,0.49703360185207685,0
0.9902714590102835,0.5033647627004512,0
0.9903132494541256,0.5175536351279987,0
0.9906189589004645,0.5329311956551483,0
0.9905896185839549,0.5293517549453182,0
0.9905583518957752,0.5237296615806485,0
0.9905359645624422,0.5337684657551638,0
0.990544981877491,0.5393652702900285,0
0.9905232065309099,0.5426826958464201,0
0.9904221383654177,0.5393643848226969,0
0.9903941754988547,0.5349471432282203,0
0.9905779382427125,0.5306612613998616,0
0.9904753660666004,0.5290329581711506,0
0.9904614219261368,0.5268615406362682,0
0.9905618777062923,0.525352026058911,0
0.9909978488802205,0.5291719292095023,0
0.9914710776245319,0.5336280115688123,0
0.9922150226715184,0.5446240825090224,0
0.9922663696198345,0.544132697964008,0
0.9921489444290092,0.5441744584156101,0
0.9923437198164056,0.5433178198563503,0
0.992341002266514,0.5401254111112519,0
0.9923863062798787,0.5379581987020515,0
0.9923698466573081,0.5338183437003718,0
0.9923698714024075,0.5326828161122911,0
0.992397282989619,0.5374106405751503,0
0.9922050831433432,0.5240571531690805,0
0.9919785540180368,0.5011828796045552,0
0.9918604972059302,0.4889103605457327,0
0.991790234889753,0.481536791435354,0
0.9917502405642034,0.4763254071396031,0
0.9916585479224322,0.466697336882981,0
0.9916356124491565,0.4630231206075047,0
0.9916795364741136,0.46697285439364544,0
0.9917902066385287,0.4788243872044147,0
0.9920468100358546,0.4969355619926372,0
0.9923308736676766,0.5145316256915191,0
0.99256225784353,0.5250627192570281,0
0.9925608841250252,0.5249454830716871,0
0.9925288862017606,0.5230094123529818,0
0.9923834264335427,0.5168480621602687,0
0.992245350995224,0.5092565709166402,0
0.9921382083727448,0.5014792032293257,0
0.9919434904582131,0.4887061542360714,0
0.9919165028050745,0.48674509962035445,0
0.9918876839599946,0.4859371745496791,0
0.9920447233491305,0.4925474534693284,0
0.9923620630438481,0.5106265270384572,0
0.9925165975690675,0.515373475968144,0
0.9924877308475399,0.5031846155733427,0
0.992515084806125,0.48307045238318175,0
0.9926933254661349,0.44574670008525674,0
0.992567712158847,0.4345471114603556,0
0.9923846419649579,0.41940573285104626,0
0.9921443608833401,0.3918528007815812,0
0.9920178411387991,0.3713459087792806,0
0.9919777351493988,0.36698416811096013,0
0.9921310119124653,0.37533046332751036,0
0.9922380532600714,0.39357839965699076,0
0.9918180843072694,0.39761879251401383,0
0.9912674289664806,0.3952914663159532,0
0.9908606264611861,0.394221990552228,0
0.9905069745068193,0.39517909446696114,0
0.9902612749904167,0.39718109423841347,0
0.9898141095933498,0.39841347668596666,0
0.9895322677825508,0.40111411239327066,0
0.9892434502049234,0.40666631628906064,0
0.9892337339489631,0.40846012363033346,0
0.9892045101967213,0.4145439641819024,0
0.9892233680943394,0.41834082865531236,0
0.989182332705606,0.4183048229140382,0
0.9892054432695414,0.41923408325160266,0
0.989202919848652,0.41847428173743756,0
0.9892617821662824,0.4177428722812745,0
0.9891283008420095,0.41367066426215315,0
0.9890401540969338,0.40840831573283437,0
0.9888561863292327,0.3927062247267251,0
0.9887195382408809,0.37497428429564406,0
0.9886773033821857,0.3660755453173358,0
0.988660245986754,0.3653919000827499,0
0.9886648672911355,0.36602401849676375,0
0.9886504338543651,0.3652564218839414,0
0.988576413839401,0.3608448159254108,0
0.9884912975574021,0.35586959063894763,0
0.9883719026249593,0.35251022884398703,0
0.988471327894985,0.35638847011842417,0
0.9884925405132182,0.3556511340532723,0
0.9885196869286696,0.35672849263067585,0
0.9886320220117353,0.3592265112520267,0
0.9887943975181248,0.3634202992357272,0
0.9891313569626685,0.3777716238097454,0
0.9894751215502963,0.3897744144079026,0
0.9897108668042209,0.39644833461514856,0
0.9900060013119016,0.4103823942699837,0
0.9901037195184955,0.41197290919028917,0
0.9901555513056298,0.41786101560367156,0
0.990197243081193,0.4211069343344136,0
0.9902028546029555,0.42164558618728126,0
0.990211767855852,0.42237439140832445,0
0.990273327028821,0.41809817655400106,0
0.9902609163035165,0.41510604350886365,0
0.9904394732987787,0.43170294486115407,0
0.990373562725136,0.45090932591306243,0
0.9903805052498788,0.4625253875537129,0
0.9903477823946611,0.46441187592032984,0
0.9900721191708255,0.4550756600108392,0
0.989719029091468,0.43053185735879473,0
0.9898276650668774,0.4108280996347628,0
0.9901563439652665,0.3928779581092837,0
0.9905594338348773,0.3775006607807385,0
0.9910053810887616,0.3697463143464235,0
0.9914214965435948,0.36572476502353374,0
0.9914485473843768,0.3649288264329814,0
0.9919240443886422,0.36692041483647847,0
0.9917726809981775,0.36356682925839273,0
0.9919368180568736,0.3606945569593661,0
0.9920205075741649,0.35609957123595165,0
0.9919892905582505,0.35103207806845677,0
0.991912140119112,0.3442512327659423,0
0.9918515923279236,0.33823955810025536,0
0.9918431852226768,0.33770904768974497,0
0.9913613442246857,0.31992964794068934,0
0.9914496063568284,0.3335644998526451,0
0.9918030941328242,0.3599919659448897,0
0.9921963507929914,0.39843241520630257,0
0.992586146532527,0.4422655823857249,0
0.992990735684246,0.4790197231481136,0
0.9931969661511724,0.5057833994315003,0
0.9932642525118611,0.5168656376032671,0
0.9931060871172233,0.5087304539165637,0
0.9927290267110278,0.4835684790576821,0
0.9924781736098762,0.4602858945851088,0
0.9922450316009958,0.44233045233226526,0
0.9920432099651939,0.4269954284742838,0
0.9920705032121568,0.4263483990311112,0
0.9919266400751081,0.42059300959379864,0
0.9905400415801314,0.36510050741530703,0
0.9893524454510136,0.32232765460534635,0
0.987911093664183,0.2716821093617082,0
0.982681587334654,0.16561834377543125,0
0.9769403986562012,0.08480846679898325,1
0.9643259020699124,0.019240811092358374,1
0.9195162820029221,-0.03320715382824973,1
0.9117111849517151,-0.06339136207211706,1
0.9077037343105332,-0.056589515994051466,1
0.9285495536943297,0.0018835220802257508,1
0.9443992514291522,0.07375601505046488,1
0.9407842088873946,0.15519591516087428,1
0.9372991925651264,0.24092083758402408,1
0.9339027016651472,0.32979871667998745,1
0.9295512283550175,0.3761366167020553,1
0.9260328937779674,0.4112141594867338,1
0.9233331335729549,0.42406380178052216,1
0.9166777307663537,0.39298494951957597,1
0.9124085371365951,0.3651985770179432,1
0.9121770141375454,0.3619737018642453,1
0.912108165159218,0.3600077190172508,1
0.9121613227770039,0.3602885453645791,1
0.912259147952093,0.36061386171004545,1
0.9122147601559414,0.3624773449290021,1
0.913237252376427,0.36338856534573805,1
0.9131755548220122,0.365035817150344,1
0.9145683548671676,0.36559142653661586,1
0.914745696946456,0.36662844542831347,1
0.9149086663057073,0.3670908422737928,1
0.9150067247143471,0.3668590399176935,1
0.9150441506847417,0.3660722202599415,1
0.9150863205074568,0.3662622068427868,1
0.9151344985415955,0.3675289373633639,1
0.9153457815345818,0.36294672152415414,1
0.9152996724459548,0.36341933962450024,1
0.9154537272737293,0.37053748215039223,1
0.9158067231816512,0.38453148852624064,1
0.9164213110809449,0.4181030439069738,1
0.9168667911401194,0.4398817230269752,1
0.9173138831922043,0.4648547781435585,1
0.9175314878980121,0.47725899242219705,1
0.9175649612832408,0.4777465104340229,1
0.9175917290404256,0.47877475248226176,1
0.9176083262838393,0.4808955310820856,1
0.9176087187568966,0.4812299656304702,1
0.9173865551789717,0.47893821103586837,1
0.9173830575369633,0.4788642833333044,1
0.9174252645513821,0.47971364932269445,1
0.9182168856984134,0.48502582881215217,1
0.9187435525168852,0.4884246363195261,1
0.9197948356544408,0.4959025229719894,1
0.924608603141309,0.5219370239426577,1
0.930552511420872,0.5583273386706746,1
0.9372147461746176,0.6033999136615059,1
0.9438061539434379,0.6530148004964239,1
0.9500674340857727,0.6965449865300612,1
0.9556287747040864,0.714202427363643,1
0.9600348858966175,0.6826832656049268,1
0.9638313108275222,0.6415451333460384,1
0.9671894182544644,0.572328595358417,1
0.969800717407299,0.4387267102942514,1
0.9720152252367978,0.27455034795318434,1
0.9751802176975544,0.15285192598664182,1
0.9773954968705724,0.05559100099320754,1
0.9730137985199357,0.018628460904236734,1
0.9856371068316461,0.1004103539134003,0
0.9896939250110375,0.2311339847145658,0
0.9888997412416305,0.2641150226521803,0
0.9881354277170225,0.28914173104125324,0
0.9872777313908607,0.30555837999728613,0
0.9864809949085562,0.31623750065705325,0
0.9855542167401449,0.31941523999494287,0
0.9849376111783672,0.31974335102129137,0
0.9843970551449688,0.32020966626018893,0
0.9838472357228001,0.3238823291367732,0
0.9838053703842258,0.32684590165804017,0
0.9837788554469851,0.3299969284321434,0
0.9837937505468553,0.3334112670827709,0
0.9838434275649182,0.3406868283048571,0
0.9839814321524167,0.345332412417869,0
0.9841098840822176,0.3466073028188558,0
0.9842429931097182,0.34642780735336204,0
0.98429586559029,0.3464554073971666,0
0.9843115778704368,0.35054286571840554,0
0.9842726336465262,0.3537002173381705,0
0.9841507997413743,0.3481364136280277,0
0.9840550066111213,0.3377076552160975,0
0.9840805779583914,0.3308889187207445,0
0.9841983525396567,0.32905362067527794,0
0.9844155572312144,0.3317711432053464,0
0.9847362159476972,0.3396054553234734,0
0.9848198652862948,0.34091203234117196,0
0.9851524894534978,0.34889396331272504,0
0.9854578862366633,0.3570145746589588,0
0.9852485537918694,0.35025208591668183,0
0.9848660804410495,0.3410572593572283,0
0.9851097151399062,0.34558529787372433,0
0.9860558529464558,0.37078973676829813,0
0.9863494355934208,0.3782904405410227,0
0.9872670973239588,0.4107874841187606,0
0.987741132926228,0.4303891271594313,0
0.9881283293480694,0.4496206374194168,0
0.9885201307008817,0.467429720353884,0
0.9889759067665072,0.48171195998777705,0
0.9892721583769564,0.48559534871017335,0
0.9892920702308414,0.4741200446870763,0
0.9896925527533793,0.45544961127247435,0
0.9898836301484857,0.4356042572251455,0
0.9898149152862563,0.42825318959453657,0
0.989613599995035,0.41650661337313766,0
0.989392740609539,0.3971669460620533,0
0.988348422905059,0.34226540048067905,0
0.9883145770802667,0.3398257407839695,0
0.987992823248466,0.34138277110422816,0
0.9878048443043905,0.34995552191996626,0
0.9877787940630012,0.34812073236913565,0
0.9877935296251632,0.3459403966779375,0
0.9878674957588263,0.3421402861816737,0
0.9878452958298372,0.33811152049179266,0
0.9878542268299301,0.3313762795241526,0
0.987840361779223,0.32543592924366893,0
0.9880353331821259,0.3106232460091217,0
0.9882572209666525,0.2950563148024791,0
0.9881691833692366,0.2848752131688269,0
0.9880034457525424,0.2764332307512094,0
0.9878775183266129,0.2715311838643545,0
0.987700466250987,0.26218368205473974,0
0.9870980142458448,0.24503287331729257,0
0.9862857573108168,0.22768037641534944,0
0.9842609715707309,0.2641353502887695,0
0.9842459564575912,0.26905627930825243,0
0.984247913395891,0.2673937655916815,0
0.9842811236991379,0.26629119984120264,0
0.9843352343021103,0.2715664149139433,0
0.9843987033872797,0.28492547892927067,0
0.9844291896928962,0.2946804145717475,0
0.9842954885380484,0.2998405749783844,0
0.9841610867988819,0.29749924837918335,0
0.984111213925596,0.2977019562669676,0
0.9841035998558688,0.297580110076685,0
0.9840001197306142,0.29429887884680445,0
0.9840373580972059,0.2970261984846888,0
0.984493548336032,0.30648696417921206,0
0.9849118940126842,0.3179103028179573,0
0.9853845873038356,0.33085958770142776,0
0.9853809814019168,0.3306526880091872,0
0.9854567670601457,0.3314904448960836,0
0.9854928950833937,0.33468752767825133,0
0.985517285821369,0.3409358387650135,0
0.9855052996283485,0.33968655977854145,0
0.9853840259186484,0.3356210875746753,0
0.9853985763499358,0.33433896078699454,0
0.9853973543367807,0.334678803058478,0
0.9853672678384275,0.3350532692803005,0
0.985369708671465,0.33381525859875244,0
0.985389498681317,0.3256856052017608,0
0.9854194361232316,0.327022349727515,0
0.9853864422657588,0.3273036577285957,0
0.9854137511132184,0.3288893056255296,0
0.986367982923118,0.3615148076459294,0
0.9863401630692437,0.3626547292247215,0
0.9867249456697809,0.3652527609077442,0
0.9870974594422903,0.3644567081041492,0
0.9871236126408787,0.3669974348372854,0
0.9874444283567296,0.35863599761973974,0
0.9877620772399922,0.3493929613903667,0
0.9881883912539542,0.3453115597830415,0
0.9886484496725818,0.34614932654708735,0
0.9886174730667233,0.3514152988209095,0
0.988573931321058,0.355700829509594,0
0.988117770630756,0.3628786610575189,0
0.9881811411985031,0.3694598028153852,0
0.9883028609879213,0.3766664549298475,0
0.9884131321460121,0.3814009321496223,0
0.9885588925994127,0.3842498221932266,0
0.9891538378687611,0.40669459407905106,0
0.9900183661586188,0.43373178203906254,0
0.9923483646387499,0.4496412091187793,0
0.9922755348986685,0.4343767133876789,0
0.9922077094667751,0.4249012515536938,0
0.9920625001717618,0.41391249444282724,0
0.9919862039171994,0.4056013104714087,0
0.9919066440541935,0.3915430740044652,0
0.9918449575366384,0.3716176974984328,0
0.9918131180600411,0.35899468710282334,0
0.9919391440340124,0.36654157062260734,0
0.991957710954537,0.36769831283675936,0
0.9920305562339451,0.36987772901914456,0
0.9922387993967376,0.3776920626629925,0
0.9924173281921606,0.3905294273813448,0
0.9926467637356076,0.40449823867173945,0
0.9926720958251827,0.40532752328623034,0
0.9924631984374677,0.39579162780075466,0
0.9920907797537685,0.37949611423207297,0
0.991751950871051,0.36309762108810767,0
0.9912748644683798,0.3309343801182831,0
0.9911271937796192,0.3053543972576326,0
0.9908994407526663,0.2863092475817924,0
0.9907599321686738,0.2768216576330089,0
0.9906044636655706,0.26966376941000936,0
0.990638987519293,0.26680207766235403,0
0.9907520324956464,0.2794018301136435,0
0.9907774304825481,0.29085055578325764,0
0.990852200400645,0.3027509232789931,0
0.9910025086757522,0.31712559362826503,0
0.9912847907355364,0.34736898340194944,0
0.9916143612766941,0.3752943074459939,0
0.9920374374693662,0.4057630614660207,0
0.9920486237230056,0.41171813532403273,0
0.9922872234254291,0.41684760815780186,0
0.9922410931821364,0.41237566062716186,0
0.9921390097792018,0.40506605031334225,0
0.9915256627291695,0.4068044263861655,0
0.9909718613267083,0.41232232574483163,0
0.9904324987791047,0.41386625426002577,0
0.9899299246329898,0.4148958110946659,0
0.989784423939619,0.41199227007729156,0
0.9894976515017714,0.41684694782911036,0
0.9895441802567706,0.41817024604296027,0
0.9892955701335482,0.4262526286615556,0
0.9892787388884964,0.4314462903178188,0
0.9892448096650521,0.43373352825246403,0
0.9893041369650797,0.4409370318138122,0
0.9893010381856965,0.43804831123978943,0
0.9893228393126587,0.43374514716207735,0
0.98936098921777,0.4247569007602562,0
0.9893644925495042,0.42512655584077746,0
0.9893388121762948,0.41990663158979563,0
0.9892587787341117,0.4143855920891693,0
0.9891877350204504,0.41052370351297723,0
0.9891074443692551,0.40566344658593134,0
0.9890674444850027,0.40766079625826573,0
0.9890508552877176,0.4067243063207862,0
0.9889713672494385,0.4029230801091489,0
0.9889461737068885,0.40045910568830984,0
0.9888740680188074,0.39737389949756846,0
0.9888415994410982,0.39423985907313774,0
0.9886772940201773,0.38660412332797667,0
0.9884667502567255,0.3759430228702872,0
0.988414081210362,0.3710283173572696,0
0.9883694099895658,0.3648523508922787,0
0.9875558831355313,0.33388639965872424,0
0.9870230376926812,0.31124265258124034,0
0.9868016752671408,0.30150076204993465,0
0.9867767039149621,0.2966181170969964,0
0.9865615069932647,0.2884726442168273,0
0.986393696541922,0.27904931425481355,0
0.9862704869106562,0.27919697226311274,0
0.9861908771762171,0.278291600919561,0
0.9861856438372283,0.2787647833820813,0
0.9861622541082576,0.2798721321814238,0
0.986218557172294,0.2807268867515164,0
0.9861867816262451,0.27628911367896103,0
0.9861049197145524,0.2731515532908741,0
0.9861667478160083,0.2890072544491401,0
0.9863077643958412,0.3014358250612717,0
0.9863090904322438,0.3015830348296526,0
